CO_UNIDADE,CO_CNES,NO_FANTASIA,NO_MUNICIPIO,CO_TIPO_EQUIPAMENTO,DS_TIPO_EQUIPAMENTO,CO_EQUIPAMENTO,DS_EQUIPAMENTO,QT_EXISTENTE,QT_USO,QT_SUS,QT_OCIOSO_ESTIMADO
3300107354746,7354746,HOSPITAL MUNICIPAL DA JAPUIBA HMJ,ANGRA DOS REIS,1,DIAGNOSTICO POR IMAGEM,07,RAIO X ODONTOLOGICO,1,1,1,0
3300107354746,7354746,HOSPITAL MUNICIPAL DA JAPUIBA HMJ,ANGRA DOS REIS,1,DIAGNOSTICO POR IMAGEM,11,Tomógrafo Computadorizado,1,1,1,0
3300107354746,7354746,HOSPITAL MUNICIPAL DA JAPUIBA HMJ,ANGRA DOS REIS,1,DIAGNOSTICO POR IMAGEM,15,Ultrassom Convencional,1,1,1,0
3300107354746,7354746,HOSPITAL MUNICIPAL DA JAPUIBA HMJ,ANGRA DOS REIS,1,DIAGNOSTICO POR IMAGEM,14,Ultrassom Ecografo,1,1,1,0
3300107354746,7354746,HOSPITAL MUNICIPAL DA JAPUIBA HMJ,ANGRA DOS REIS,2,Equipamentos de Infra-Estrutura,21,Controle Ambiental/Ar-condicionado Central,1,1,1,0
3300107354746,7354746,HOSPITAL MUNICIPAL DA JAPUIBA HMJ,ANGRA DOS REIS,2,Equipamentos de Infra-Estrutura,22,Grupo Gerador,1,1,1,0
3300107354746,7354746,HOSPITAL MUNICIPAL DA JAPUIBA HMJ,ANGRA DOS REIS,2,Equipamentos de Infra-Estrutura,23,Usina de Oxigenio,1,1,1,0
3300107354746,7354746,HOSPITAL MUNICIPAL DA JAPUIBA HMJ,ANGRA DOS REIS,7,Equipamentos de Odontologia,80,Equipo Odontologico,1,1,1,0
3300107354746,7354746,HOSPITAL MUNICIPAL DA JAPUIBA HMJ,ANGRA DOS REIS,5,Equipamentos para Manutencao da Vida,52,Bomba de Infusao,20,20,20,0
3300107354746,7354746,HOSPITAL MUNICIPAL DA JAPUIBA HMJ,ANGRA DOS REIS,5,Equipamentos para Manutencao da Vida,56,Desfibrilador,3,3,3,0
3300107354746,7354746,HOSPITAL MUNICIPAL DA JAPUIBA HMJ,ANGRA DOS REIS,5,Equipamentos para Manutencao da Vida,60,Monitor de ECG,3,3,3,0
3300107354746,7354746,HOSPITAL MUNICIPAL DA JAPUIBA HMJ,ANGRA DOS REIS,5,Equipamentos para Manutencao da Vida,62,Monitor de Pressao Nao-Invasivo,7,7,7,0
3300107354746,7354746,HOSPITAL MUNICIPAL DA JAPUIBA HMJ,ANGRA DOS REIS,5,Equipamentos para Manutencao da Vida,64,Respirador/Ventilador,6,6,6,0
3300107354746,7354746,HOSPITAL MUNICIPAL DA JAPUIBA HMJ,ANGRA DOS REIS,4,Equipamentos por Metodos Graficos,41,Eletrocardiografo,3,3,1,0
3300107354746,7354746,HOSPITAL MUNICIPAL DA JAPUIBA HMJ,ANGRA DOS REIS,4,Equipamentos por Metodos Graficos,42,Eletroencefalografo,1,1,1,0
3300107354746,7354746,HOSPITAL MUNICIPAL DA JAPUIBA HMJ,ANGRA DOS REIS,3,Equipamentos por Metodos Opticos,33,Endoscopio Digestivo,1,1,1,0
3300107354746,7354746,HOSPITAL MUNICIPAL DA JAPUIBA HMJ,ANGRA DOS REIS,3,Equipamentos por Metodos Opticos,31,Endoscopio das Vias Respiratorias,1,1,1,0
3300107354746,7354746,HOSPITAL MUNICIPAL DA JAPUIBA HMJ,ANGRA DOS REIS,3,Equipamentos por Metodos Opticos,32,Endoscopio das Vias Urinarias,1,1,1,0
3300107354746,7354746,HOSPITAL MUNICIPAL DA JAPUIBA HMJ,ANGRA DOS REIS,3,Equipamentos por Metodos Opticos,36,Microscopio Cirurgico,1,1,1,0
3300152267454,2267454,HOSPITAL MUNICIPAL AUGUSTINHO GESUALD BLANC,APERIBE,1,DIAGNOSTICO POR IMAGEM,05,Raio X de 100 a 500 mA,1,1,0,0
3300152267454,2267454,HOSPITAL MUNICIPAL AUGUSTINHO GESUALD BLANC,APERIBE,1,DIAGNOSTICO POR IMAGEM,11,Tomógrafo Computadorizado,1,1,0,0
3300152267454,2267454,HOSPITAL MUNICIPAL AUGUSTINHO GESUALD BLANC,APERIBE,1,DIAGNOSTICO POR IMAGEM,14,Ultrassom Ecografo,1,1,0,0
3300152267454,2267454,HOSPITAL MUNICIPAL AUGUSTINHO GESUALD BLANC,APERIBE,2,Equipamentos de Infra-Estrutura,22,Grupo Gerador,1,1,0,0
3300152267454,2267454,HOSPITAL MUNICIPAL AUGUSTINHO GESUALD BLANC,APERIBE,2,Equipamentos de Infra-Estrutura,23,Usina de Oxigenio,1,0,0,1
3300152267454,2267454,HOSPITAL MUNICIPAL AUGUSTINHO GESUALD BLANC,APERIBE,5,Equipamentos para Manutencao da Vida,53,Berço Aquecido,2,2,0,0
3300152267454,2267454,HOSPITAL MUNICIPAL AUGUSTINHO GESUALD BLANC,APERIBE,5,Equipamentos para Manutencao da Vida,52,Bomba de Infusao,2,2,0,0
3300152267454,2267454,HOSPITAL MUNICIPAL AUGUSTINHO GESUALD BLANC,APERIBE,5,Equipamentos para Manutencao da Vida,56,Desfibrilador,2,2,0,0
3300152267454,2267454,HOSPITAL MUNICIPAL AUGUSTINHO GESUALD BLANC,APERIBE,5,Equipamentos para Manutencao da Vida,57,Equipamento de Fototerapia,4,4,0,0
3300152267454,2267454,HOSPITAL MUNICIPAL AUGUSTINHO GESUALD BLANC,APERIBE,5,Equipamentos para Manutencao da Vida,58,Incubadora,2,2,0,0
3300152267454,2267454,HOSPITAL MUNICIPAL AUGUSTINHO GESUALD BLANC,APERIBE,5,Equipamentos para Manutencao da Vida,60,Monitor de ECG,4,4,0,0
3300152267454,2267454,HOSPITAL MUNICIPAL AUGUSTINHO GESUALD BLANC,APERIBE,5,Equipamentos para Manutencao da Vida,62,Monitor de Pressao Nao-Invasivo,4,4,0,0
3300152267454,2267454,HOSPITAL MUNICIPAL AUGUSTINHO GESUALD BLANC,APERIBE,5,Equipamentos para Manutencao da Vida,63,Reanimador Pulmonar/AMBU,6,6,0,0
3300152267454,2267454,HOSPITAL MUNICIPAL AUGUSTINHO GESUALD BLANC,APERIBE,5,Equipamentos para Manutencao da Vida,64,Respirador/Ventilador,2,2,0,0
3300152267454,2267454,HOSPITAL MUNICIPAL AUGUSTINHO GESUALD BLANC,APERIBE,4,Equipamentos por Metodos Graficos,41,Eletrocardiografo,1,1,0,0
3300152267454,2267454,HOSPITAL MUNICIPAL AUGUSTINHO GESUALD BLANC,APERIBE,3,Equipamentos por Metodos Opticos,33,Endoscopio Digestivo,1,1,0,0
3300152267454,2267454,HOSPITAL MUNICIPAL AUGUSTINHO GESUALD BLANC,APERIBE,3,Equipamentos por Metodos Opticos,35,Laparoscopio/Vídeo,1,1,0,0
3300200221015,0221015,HOSPITAL MUNICIPAL DR JAQUELINE PRATES CNPJ 31 135 0460001 4,ARARUAMA,1,DIAGNOSTICO POR IMAGEM,04,Raio X ate 100 mA,1,1,1,0
3300200221015,0221015,HOSPITAL MUNICIPAL DR JAQUELINE PRATES CNPJ 31 135 0460001 4,ARARUAMA,1,DIAGNOSTICO POR IMAGEM,15,Ultrassom Convencional,1,1,1,0
3300200221015,0221015,HOSPITAL MUNICIPAL DR JAQUELINE PRATES CNPJ 31 135 0460001 4,ARARUAMA,2,Equipamentos de Infra-Estrutura,19,AR CONDICIONADO,20,20,20,0
3300200221015,0221015,HOSPITAL MUNICIPAL DR JAQUELINE PRATES CNPJ 31 135 0460001 4,ARARUAMA,5,Equipamentos para Manutencao da Vida,53,Berço Aquecido,6,6,6,0
3300200221015,0221015,HOSPITAL MUNICIPAL DR JAQUELINE PRATES CNPJ 31 135 0460001 4,ARARUAMA,5,Equipamentos para Manutencao da Vida,52,Bomba de Infusao,5,5,5,0
3300200221015,0221015,HOSPITAL MUNICIPAL DR JAQUELINE PRATES CNPJ 31 135 0460001 4,ARARUAMA,5,Equipamentos para Manutencao da Vida,56,Desfibrilador,3,3,3,0
3300200221015,0221015,HOSPITAL MUNICIPAL DR JAQUELINE PRATES CNPJ 31 135 0460001 4,ARARUAMA,5,Equipamentos para Manutencao da Vida,58,Incubadora,3,3,3,0
3300200221015,0221015,HOSPITAL MUNICIPAL DR JAQUELINE PRATES CNPJ 31 135 0460001 4,ARARUAMA,5,Equipamentos para Manutencao da Vida,60,Monitor de ECG,6,6,6,0
3300200221015,0221015,HOSPITAL MUNICIPAL DR JAQUELINE PRATES CNPJ 31 135 0460001 4,ARARUAMA,5,Equipamentos para Manutencao da Vida,63,Reanimador Pulmonar/AMBU,6,6,6,0
3300200221015,0221015,HOSPITAL MUNICIPAL DR JAQUELINE PRATES CNPJ 31 135 0460001 4,ARARUAMA,5,Equipamentos para Manutencao da Vida,64,Respirador/Ventilador,4,4,4,0
3300200221015,0221015,HOSPITAL MUNICIPAL DR JAQUELINE PRATES CNPJ 31 135 0460001 4,ARARUAMA,4,Equipamentos por Metodos Graficos,41,Eletrocardiografo,2,2,2,0
3300200221015,0221015,HOSPITAL MUNICIPAL DR JAQUELINE PRATES CNPJ 31 135 0460001 4,ARARUAMA,3,Equipamentos por Metodos Opticos,33,Endoscopio Digestivo,1,1,1,0
3300200221015,0221015,HOSPITAL MUNICIPAL DR JAQUELINE PRATES CNPJ 31 135 0460001 4,ARARUAMA,3,Equipamentos por Metodos Opticos,51,HISTEROSCOPIO,1,1,1,0
3300200221015,0221015,HOSPITAL MUNICIPAL DR JAQUELINE PRATES CNPJ 31 135 0460001 4,ARARUAMA,3,Equipamentos por Metodos Opticos,46,OFTALMOSCOPIO,2,2,2,0
3300202285150,2285150,HOSPITAL MUNICIPAL PREFEITO ARMANDO DA SILVA CARVALHO,ARARUAMA,1,DIAGNOSTICO POR IMAGEM,04,Raio X ate 100 mA,1,1,1,0
3300202285150,2285150,HOSPITAL MUNICIPAL PREFEITO ARMANDO DA SILVA CARVALHO,ARARUAMA,1,DIAGNOSTICO POR IMAGEM,05,Raio X de 100 a 500 mA,1,1,1,0
3300202285150,2285150,HOSPITAL MUNICIPAL PREFEITO ARMANDO DA SILVA CARVALHO,ARARUAMA,5,Equipamentos para Manutencao da Vida,52,Bomba de Infusao,9,9,9,0
3300202285150,2285150,HOSPITAL MUNICIPAL PREFEITO ARMANDO DA SILVA CARVALHO,ARARUAMA,5,Equipamentos para Manutencao da Vida,56,Desfibrilador,1,1,1,0
3300202285150,2285150,HOSPITAL MUNICIPAL PREFEITO ARMANDO DA SILVA CARVALHO,ARARUAMA,5,Equipamentos para Manutencao da Vida,62,Monitor de Pressao Nao-Invasivo,5,5,5,0
3300202285150,2285150,HOSPITAL MUNICIPAL PREFEITO ARMANDO DA SILVA CARVALHO,ARARUAMA,5,Equipamentos para Manutencao da Vida,63,Reanimador Pulmonar/AMBU,4,4,4,0
3300202285150,2285150,HOSPITAL MUNICIPAL PREFEITO ARMANDO DA SILVA CARVALHO,ARARUAMA,5,Equipamentos para Manutencao da Vida,64,Respirador/Ventilador,2,2,2,0
3300202285150,2285150,HOSPITAL MUNICIPAL PREFEITO ARMANDO DA SILVA CARVALHO,ARARUAMA,4,Equipamentos por Metodos Graficos,41,Eletrocardiografo,1,1,1,0
3300222285975,2285975,HOSPITAL MUNICIPAL NOSSA SENHORA DAS DORES,AREAL,1,DIAGNOSTICO POR IMAGEM,07,RAIO X ODONTOLOGICO,1,1,1,0
3300222285975,2285975,HOSPITAL MUNICIPAL NOSSA SENHORA DAS DORES,AREAL,1,DIAGNOSTICO POR IMAGEM,05,Raio X de 100 a 500 mA,1,1,1,0
3300222285975,2285975,HOSPITAL MUNICIPAL NOSSA SENHORA DAS DORES,AREAL,2,Equipamentos de Infra-Estrutura,22,Grupo Gerador,1,1,1,0
3300222285975,2285975,HOSPITAL MUNICIPAL NOSSA SENHORA DAS DORES,AREAL,2,Equipamentos de Infra-Estrutura,23,Usina de Oxigenio,1,1,1,0
3300222285975,2285975,HOSPITAL MUNICIPAL NOSSA SENHORA DAS DORES,AREAL,5,Equipamentos para Manutencao da Vida,52,Bomba de Infusao,16,16,16,0
3300222285975,2285975,HOSPITAL MUNICIPAL NOSSA SENHORA DAS DORES,AREAL,5,Equipamentos para Manutencao da Vida,56,Desfibrilador,4,4,4,0
3300222285975,2285975,HOSPITAL MUNICIPAL NOSSA SENHORA DAS DORES,AREAL,5,Equipamentos para Manutencao da Vida,58,Incubadora,1,1,1,0
3300222285975,2285975,HOSPITAL MUNICIPAL NOSSA SENHORA DAS DORES,AREAL,5,Equipamentos para Manutencao da Vida,60,Monitor de ECG,5,5,5,0
3300222285975,2285975,HOSPITAL MUNICIPAL NOSSA SENHORA DAS DORES,AREAL,5,Equipamentos para Manutencao da Vida,63,Reanimador Pulmonar/AMBU,7,7,7,0
3300222285975,2285975,HOSPITAL MUNICIPAL NOSSA SENHORA DAS DORES,AREAL,5,Equipamentos para Manutencao da Vida,64,Respirador/Ventilador,10,10,10,0
3300222285975,2285975,HOSPITAL MUNICIPAL NOSSA SENHORA DAS DORES,AREAL,4,Equipamentos por Metodos Graficos,41,Eletrocardiografo,2,2,2,0
3300222285975,2285975,HOSPITAL MUNICIPAL NOSSA SENHORA DAS DORES,AREAL,6,Outros Equipamentos,71,Aparelho de Diatermia por Ultrassom/Ondas Curtas,2,2,2,0
3300222285975,2285975,HOSPITAL MUNICIPAL NOSSA SENHORA DAS DORES,AREAL,6,Outros Equipamentos,72,Aparelho de Eletroestimulacao,1,1,1,0
3300222285975,2285975,HOSPITAL MUNICIPAL NOSSA SENHORA DAS DORES,AREAL,6,Outros Equipamentos,74,Equipamentos de Aferese,10,10,10,0
3300236200702,6200702,HOSPITAL MUNICIPAL DR RODOLPHO PERISSE,ARMACAO DOS BUZIOS,1,DIAGNOSTICO POR IMAGEM,14,Ultrassom Ecografo,1,1,0,0
3300236200702,6200702,HOSPITAL MUNICIPAL DR RODOLPHO PERISSE,ARMACAO DOS BUZIOS,8,EQUIPAMENTOS DE AUDIOLOGIA,87,EMISSOES OTOACUSTICAS EVOCADAS TRANSIENTES,1,1,0,0
3300236200702,6200702,HOSPITAL MUNICIPAL DR RODOLPHO PERISSE,ARMACAO DOS BUZIOS,2,Equipamentos de Infra-Estrutura,21,Controle Ambiental/Ar-condicionado Central,1,1,0,0
3300236200702,6200702,HOSPITAL MUNICIPAL DR RODOLPHO PERISSE,ARMACAO DOS BUZIOS,2,Equipamentos de Infra-Estrutura,22,Grupo Gerador,1,1,0,0
3300236200702,6200702,HOSPITAL MUNICIPAL DR RODOLPHO PERISSE,ARMACAO DOS BUZIOS,2,Equipamentos de Infra-Estrutura,23,Usina de Oxigenio,1,1,0,0
3300236200702,6200702,HOSPITAL MUNICIPAL DR RODOLPHO PERISSE,ARMACAO DOS BUZIOS,5,Equipamentos para Manutencao da Vida,53,Berço Aquecido,2,2,0,0
3300236200702,6200702,HOSPITAL MUNICIPAL DR RODOLPHO PERISSE,ARMACAO DOS BUZIOS,5,Equipamentos para Manutencao da Vida,52,Bomba de Infusao,6,6,0,0
3300236200702,6200702,HOSPITAL MUNICIPAL DR RODOLPHO PERISSE,ARMACAO DOS BUZIOS,5,Equipamentos para Manutencao da Vida,56,Desfibrilador,3,3,0,0
3300236200702,6200702,HOSPITAL MUNICIPAL DR RODOLPHO PERISSE,ARMACAO DOS BUZIOS,5,Equipamentos para Manutencao da Vida,57,Equipamento de Fototerapia,1,1,0,0
3300236200702,6200702,HOSPITAL MUNICIPAL DR RODOLPHO PERISSE,ARMACAO DOS BUZIOS,5,Equipamentos para Manutencao da Vida,58,Incubadora,2,2,0,0
3300236200702,6200702,HOSPITAL MUNICIPAL DR RODOLPHO PERISSE,ARMACAO DOS BUZIOS,5,Equipamentos para Manutencao da Vida,60,Monitor de ECG,6,6,0,0
3300236200702,6200702,HOSPITAL MUNICIPAL DR RODOLPHO PERISSE,ARMACAO DOS BUZIOS,5,Equipamentos para Manutencao da Vida,62,Monitor de Pressao Nao-Invasivo,1,1,0,0
3300236200702,6200702,HOSPITAL MUNICIPAL DR RODOLPHO PERISSE,ARMACAO DOS BUZIOS,5,Equipamentos para Manutencao da Vida,63,Reanimador Pulmonar/AMBU,9,9,0,0
3300236200702,6200702,HOSPITAL MUNICIPAL DR RODOLPHO PERISSE,ARMACAO DOS BUZIOS,4,Equipamentos por Metodos Graficos,41,Eletrocardiografo,1,1,0,0
3300236200702,6200702,HOSPITAL MUNICIPAL DR RODOLPHO PERISSE,ARMACAO DOS BUZIOS,3,Equipamentos por Metodos Opticos,33,Endoscopio Digestivo,1,1,0,0
3300236200702,6200702,HOSPITAL MUNICIPAL DR RODOLPHO PERISSE,ARMACAO DOS BUZIOS,3,Equipamentos por Metodos Opticos,31,Endoscopio das Vias Respiratorias,1,1,0,0
3300236200702,6200702,HOSPITAL MUNICIPAL DR RODOLPHO PERISSE,ARMACAO DOS BUZIOS,3,Equipamentos por Metodos Opticos,32,Endoscopio das Vias Urinarias,1,1,0,0
3300405916313,5916313,HOSPITAL MUNICIPAL DO OLHO,BARRA MANSA,1,DIAGNOSTICO POR IMAGEM,14,Ultrassom Ecografo,1,1,0,0
3300405916313,5916313,HOSPITAL MUNICIPAL DO OLHO,BARRA MANSA,2,Equipamentos de Infra-Estrutura,19,AR CONDICIONADO,3,3,0,0
3300405916313,5916313,HOSPITAL MUNICIPAL DO OLHO,BARRA MANSA,2,Equipamentos de Infra-Estrutura,29,GRUPO GERADOR (8 A 100 KVA),1,1,0,0
3300405916313,5916313,HOSPITAL MUNICIPAL DO OLHO,BARRA MANSA,2,Equipamentos de Infra-Estrutura,22,Grupo Gerador,1,1,0,0
3300405916313,5916313,HOSPITAL MUNICIPAL DO OLHO,BARRA MANSA,2,Equipamentos de Infra-Estrutura,66,REFRIGERADOR,1,1,0,0
3300405916313,5916313,HOSPITAL MUNICIPAL DO OLHO,BARRA MANSA,2,Equipamentos de Infra-Estrutura,23,Usina de Oxigenio,1,1,0,0
3300405916313,5916313,HOSPITAL MUNICIPAL DO OLHO,BARRA MANSA,5,Equipamentos para Manutencao da Vida,60,Monitor de ECG,4,4,0,0
3300405916313,5916313,HOSPITAL MUNICIPAL DO OLHO,BARRA MANSA,5,Equipamentos para Manutencao da Vida,61,Monitor de Pressao Invasivo,4,4,0,0
3300405916313,5916313,HOSPITAL MUNICIPAL DO OLHO,BARRA MANSA,5,Equipamentos para Manutencao da Vida,63,Reanimador Pulmonar/AMBU,2,2,0,0
3300405916313,5916313,HOSPITAL MUNICIPAL DO OLHO,BARRA MANSA,5,Equipamentos para Manutencao da Vida,64,Respirador/Ventilador,1,1,0,0
3300405916313,5916313,HOSPITAL MUNICIPAL DO OLHO,BARRA MANSA,3,Equipamentos por Metodos Opticos,49,BIOMICROSCOPIO (LAMPADA DE FENDA),3,3,0,0
3300405916313,5916313,HOSPITAL MUNICIPAL DO OLHO,BARRA MANSA,3,Equipamentos por Metodos Opticos,37,CADEIRA OFTALMOLOGICA,3,3,0,0
3300405916313,5916313,HOSPITAL MUNICIPAL DO OLHO,BARRA MANSA,3,Equipamentos por Metodos Opticos,50,CAMPIMETRO,1,1,0,0
3300405916313,5916313,HOSPITAL MUNICIPAL DO OLHO,BARRA MANSA,3,Equipamentos por Metodos Opticos,47,CERATOMETRO,1,1,0,0
3300405916313,5916313,HOSPITAL MUNICIPAL DO OLHO,BARRA MANSA,3,Equipamentos por Metodos Opticos,38,COLUNA OFTALMOLOGICA,3,3,0,0
3300405916313,5916313,HOSPITAL MUNICIPAL DO OLHO,BARRA MANSA,3,Equipamentos por Metodos Opticos,34,Equipamentos para Optometria,3,3,0,0
3300405916313,5916313,HOSPITAL MUNICIPAL DO OLHO,BARRA MANSA,3,Equipamentos por Metodos Opticos,40,LENSOMETRO,1,1,0,0
3300405916313,5916313,HOSPITAL MUNICIPAL DO OLHO,BARRA MANSA,3,Equipamentos por Metodos Opticos,46,OFTALMOSCOPIO,1,1,0,0
3300405916313,5916313,HOSPITAL MUNICIPAL DO OLHO,BARRA MANSA,3,Equipamentos por Metodos Opticos,44,PROJETOR OU TABELA DE OPTOTIPOS,3,3,0,0
3300405916313,5916313,HOSPITAL MUNICIPAL DO OLHO,BARRA MANSA,3,Equipamentos por Metodos Opticos,39,REFRATOR,3,3,0,0
3300405916313,5916313,HOSPITAL MUNICIPAL DO OLHO,BARRA MANSA,3,Equipamentos por Metodos Opticos,45,RETINOSCOPIO,1,1,0,0
3300405916313,5916313,HOSPITAL MUNICIPAL DO OLHO,BARRA MANSA,3,Equipamentos por Metodos Opticos,48,TONOMETRO DE APLANACAO,3,3,0,0
3300452969734,2969734,HOSPITAL INFANTIL MILENE ISABELY CHRISTOVAM,BELFORD ROXO,1,DIAGNOSTICO POR IMAGEM,20,RAIO X ANALOGICO,1,1,1,0
3300452969734,2969734,HOSPITAL INFANTIL MILENE ISABELY CHRISTOVAM,BELFORD ROXO,1,DIAGNOSTICO POR IMAGEM,21,RAIO X DIGITAL,1,1,1,0
3300452969734,2969734,HOSPITAL INFANTIL MILENE ISABELY CHRISTOVAM,BELFORD ROXO,1,DIAGNOSTICO POR IMAGEM,13,Ultrassom Doppler Colorido,1,1,1,0
3300452969734,2969734,HOSPITAL INFANTIL MILENE ISABELY CHRISTOVAM,BELFORD ROXO,2,Equipamentos de Infra-Estrutura,21,Controle Ambiental/Ar-condicionado Central,1,1,1,0
3300452969734,2969734,HOSPITAL INFANTIL MILENE ISABELY CHRISTOVAM,BELFORD ROXO,2,Equipamentos de Infra-Estrutura,22,Grupo Gerador,1,1,1,0
3300452969734,2969734,HOSPITAL INFANTIL MILENE ISABELY CHRISTOVAM,BELFORD ROXO,2,Equipamentos de Infra-Estrutura,23,Usina de Oxigenio,1,1,1,0
3300452969734,2969734,HOSPITAL INFANTIL MILENE ISABELY CHRISTOVAM,BELFORD ROXO,5,Equipamentos para Manutencao da Vida,53,Berço Aquecido,2,2,2,0
3300452969734,2969734,HOSPITAL INFANTIL MILENE ISABELY CHRISTOVAM,BELFORD ROXO,5,Equipamentos para Manutencao da Vida,52,Bomba de Infusao,30,30,30,0
3300452969734,2969734,HOSPITAL INFANTIL MILENE ISABELY CHRISTOVAM,BELFORD ROXO,5,Equipamentos para Manutencao da Vida,56,Desfibrilador,3,3,3,0
3300452969734,2969734,HOSPITAL INFANTIL MILENE ISABELY CHRISTOVAM,BELFORD ROXO,5,Equipamentos para Manutencao da Vida,57,Equipamento de Fototerapia,1,1,1,0
3300452969734,2969734,HOSPITAL INFANTIL MILENE ISABELY CHRISTOVAM,BELFORD ROXO,5,Equipamentos para Manutencao da Vida,58,Incubadora,1,1,1,0
3300452969734,2969734,HOSPITAL INFANTIL MILENE ISABELY CHRISTOVAM,BELFORD ROXO,5,Equipamentos para Manutencao da Vida,60,Monitor de ECG,12,12,12,0
3300452969734,2969734,HOSPITAL INFANTIL MILENE ISABELY CHRISTOVAM,BELFORD ROXO,5,Equipamentos para Manutencao da Vida,61,Monitor de Pressao Invasivo,12,12,12,0
3300452969734,2969734,HOSPITAL INFANTIL MILENE ISABELY CHRISTOVAM,BELFORD ROXO,5,Equipamentos para Manutencao da Vida,62,Monitor de Pressao Nao-Invasivo,12,12,12,0
3300452969734,2969734,HOSPITAL INFANTIL MILENE ISABELY CHRISTOVAM,BELFORD ROXO,5,Equipamentos para Manutencao da Vida,63,Reanimador Pulmonar/AMBU,40,40,40,0
3300452969734,2969734,HOSPITAL INFANTIL MILENE ISABELY CHRISTOVAM,BELFORD ROXO,5,Equipamentos para Manutencao da Vida,64,Respirador/Ventilador,12,12,12,0
3300452969734,2969734,HOSPITAL INFANTIL MILENE ISABELY CHRISTOVAM,BELFORD ROXO,4,Equipamentos por Metodos Graficos,41,Eletrocardiografo,2,2,2,0
3300452289571,2289571,HOSPITAL MUNICIPAL DE BELFORD ROXO,BELFORD ROXO,1,DIAGNOSTICO POR IMAGEM,20,RAIO X ANALOGICO,2,2,2,0
3300452289571,2289571,HOSPITAL MUNICIPAL DE BELFORD ROXO,BELFORD ROXO,1,DIAGNOSTICO POR IMAGEM,21,RAIO X DIGITAL,1,1,1,0
3300452289571,2289571,HOSPITAL MUNICIPAL DE BELFORD ROXO,BELFORD ROXO,1,DIAGNOSTICO POR IMAGEM,25,RAIO X PANORAMICO,2,2,2,0
3300452289571,2289571,HOSPITAL MUNICIPAL DE BELFORD ROXO,BELFORD ROXO,1,DIAGNOSTICO POR IMAGEM,10,Raio X para Hemodinamica,2,2,2,0
3300452289571,2289571,HOSPITAL MUNICIPAL DE BELFORD ROXO,BELFORD ROXO,1,DIAGNOSTICO POR IMAGEM,30,TOMOGRAFO COMPUTADORIZADO 128 CANAIS,1,1,1,0
3300452289571,2289571,HOSPITAL MUNICIPAL DE BELFORD ROXO,BELFORD ROXO,1,DIAGNOSTICO POR IMAGEM,15,Ultrassom Convencional,1,1,1,0
3300452289571,2289571,HOSPITAL MUNICIPAL DE BELFORD ROXO,BELFORD ROXO,2,Equipamentos de Infra-Estrutura,21,Controle Ambiental/Ar-condicionado Central,54,54,54,0
3300452289571,2289571,HOSPITAL MUNICIPAL DE BELFORD ROXO,BELFORD ROXO,2,Equipamentos de Infra-Estrutura,22,Grupo Gerador,2,2,2,0
3300452289571,2289571,HOSPITAL MUNICIPAL DE BELFORD ROXO,BELFORD ROXO,2,Equipamentos de Infra-Estrutura,23,Usina de Oxigenio,1,1,1,0
3300452289571,2289571,HOSPITAL MUNICIPAL DE BELFORD ROXO,BELFORD ROXO,7,Equipamentos de Odontologia,83,Caneta de Alta Rotacao,1,1,1,0
3300452289571,2289571,HOSPITAL MUNICIPAL DE BELFORD ROXO,BELFORD ROXO,7,Equipamentos de Odontologia,81,Compressor Odontologico,1,1,1,0
3300452289571,2289571,HOSPITAL MUNICIPAL DE BELFORD ROXO,BELFORD ROXO,7,Equipamentos de Odontologia,80,Equipo Odontologico,1,1,1,0
3300452289571,2289571,HOSPITAL MUNICIPAL DE BELFORD ROXO,BELFORD ROXO,7,Equipamentos de Odontologia,82,Fotopolimerizador,1,1,1,0
3300452289571,2289571,HOSPITAL MUNICIPAL DE BELFORD ROXO,BELFORD ROXO,5,Equipamentos para Manutencao da Vida,52,Bomba de Infusao,14,14,14,0
3300452289571,2289571,HOSPITAL MUNICIPAL DE BELFORD ROXO,BELFORD ROXO,5,Equipamentos para Manutencao da Vida,56,Desfibrilador,2,2,2,0
3300452289571,2289571,HOSPITAL MUNICIPAL DE BELFORD ROXO,BELFORD ROXO,5,Equipamentos para Manutencao da Vida,60,Monitor de ECG,30,30,30,0
3300452289571,2289571,HOSPITAL MUNICIPAL DE BELFORD ROXO,BELFORD ROXO,5,Equipamentos para Manutencao da Vida,62,Monitor de Pressao Nao-Invasivo,20,20,20,0
3300452289571,2289571,HOSPITAL MUNICIPAL DE BELFORD ROXO,BELFORD ROXO,5,Equipamentos para Manutencao da Vida,63,Reanimador Pulmonar/AMBU,2,2,2,0
3300452289571,2289571,HOSPITAL MUNICIPAL DE BELFORD ROXO,BELFORD ROXO,5,Equipamentos para Manutencao da Vida,64,Respirador/Ventilador,26,26,26,0
3300452289571,2289571,HOSPITAL MUNICIPAL DE BELFORD ROXO,BELFORD ROXO,4,Equipamentos por Metodos Graficos,41,Eletrocardiografo,3,3,3,0
3300452289571,2289571,HOSPITAL MUNICIPAL DE BELFORD ROXO,BELFORD ROXO,3,Equipamentos por Metodos Opticos,33,Endoscopio Digestivo,1,1,1,0
3300455886740,5886740,MATERNIDADE MUNICIPAL DE BELFORD ROXO,BELFORD ROXO,1,DIAGNOSTICO POR IMAGEM,21,RAIO X DIGITAL,1,1,1,0
3300455886740,5886740,MATERNIDADE MUNICIPAL DE BELFORD ROXO,BELFORD ROXO,1,DIAGNOSTICO POR IMAGEM,15,Ultrassom Convencional,1,1,1,0
3300455886740,5886740,MATERNIDADE MUNICIPAL DE BELFORD ROXO,BELFORD ROXO,2,Equipamentos de Infra-Estrutura,21,Controle Ambiental/Ar-condicionado Central,1,1,1,0
3300455886740,5886740,MATERNIDADE MUNICIPAL DE BELFORD ROXO,BELFORD ROXO,2,Equipamentos de Infra-Estrutura,22,Grupo Gerador,2,2,2,0
3300455886740,5886740,MATERNIDADE MUNICIPAL DE BELFORD ROXO,BELFORD ROXO,2,Equipamentos de Infra-Estrutura,23,Usina de Oxigenio,1,1,1,0
3300455886740,5886740,MATERNIDADE MUNICIPAL DE BELFORD ROXO,BELFORD ROXO,4,Equipamentos por Metodos Graficos,41,Eletrocardiografo,4,4,4,0
3300456035809,6035809,UPA 24H BOM PASTOR BELFORD ROXO,BELFORD ROXO,1,DIAGNOSTICO POR IMAGEM,21,RAIO X DIGITAL,1,1,1,0
3300456035809,6035809,UPA 24H BOM PASTOR BELFORD ROXO,BELFORD ROXO,2,Equipamentos de Infra-Estrutura,21,Controle Ambiental/Ar-condicionado Central,4,4,4,0
3300456035809,6035809,UPA 24H BOM PASTOR BELFORD ROXO,BELFORD ROXO,2,Equipamentos de Infra-Estrutura,22,Grupo Gerador,1,1,1,0
3300456035809,6035809,UPA 24H BOM PASTOR BELFORD ROXO,BELFORD ROXO,2,Equipamentos de Infra-Estrutura,23,Usina de Oxigenio,1,1,1,0
3300456035809,6035809,UPA 24H BOM PASTOR BELFORD ROXO,BELFORD ROXO,5,Equipamentos para Manutencao da Vida,52,Bomba de Infusao,21,21,21,0
3300456035809,6035809,UPA 24H BOM PASTOR BELFORD ROXO,BELFORD ROXO,5,Equipamentos para Manutencao da Vida,56,Desfibrilador,1,1,1,0
3300456035809,6035809,UPA 24H BOM PASTOR BELFORD ROXO,BELFORD ROXO,5,Equipamentos para Manutencao da Vida,60,Monitor de ECG,7,7,7,0
3300456035809,6035809,UPA 24H BOM PASTOR BELFORD ROXO,BELFORD ROXO,5,Equipamentos para Manutencao da Vida,62,Monitor de Pressao Nao-Invasivo,7,7,7,0
3300456035809,6035809,UPA 24H BOM PASTOR BELFORD ROXO,BELFORD ROXO,5,Equipamentos para Manutencao da Vida,63,Reanimador Pulmonar/AMBU,10,10,10,0
3300456035809,6035809,UPA 24H BOM PASTOR BELFORD ROXO,BELFORD ROXO,5,Equipamentos para Manutencao da Vida,64,Respirador/Ventilador,10,10,10,0
3300456035809,6035809,UPA 24H BOM PASTOR BELFORD ROXO,BELFORD ROXO,4,Equipamentos por Metodos Graficos,41,Eletrocardiografo,8,8,8,0
3300705903394,5903394,HOSPITAL MUNICIPAL DA MULHER EM CABO FRIO,CABO FRIO,1,DIAGNOSTICO POR IMAGEM,04,Raio X ate 100 mA,1,1,0,0
3300705903394,5903394,HOSPITAL MUNICIPAL DA MULHER EM CABO FRIO,CABO FRIO,1,DIAGNOSTICO POR IMAGEM,15,Ultrassom Convencional,1,1,0,0
3300705903394,5903394,HOSPITAL MUNICIPAL DA MULHER EM CABO FRIO,CABO FRIO,1,DIAGNOSTICO POR IMAGEM,13,Ultrassom Doppler Colorido,1,1,0,0
3300705903394,5903394,HOSPITAL MUNICIPAL DA MULHER EM CABO FRIO,CABO FRIO,1,DIAGNOSTICO POR IMAGEM,14,Ultrassom Ecografo,1,1,0,0
3300705903394,5903394,HOSPITAL MUNICIPAL DA MULHER EM CABO FRIO,CABO FRIO,2,Equipamentos de Infra-Estrutura,22,Grupo Gerador,1,1,0,0
3300705903394,5903394,HOSPITAL MUNICIPAL DA MULHER EM CABO FRIO,CABO FRIO,5,Equipamentos para Manutencao da Vida,53,Berço Aquecido,6,6,0,0
3300705903394,5903394,HOSPITAL MUNICIPAL DA MULHER EM CABO FRIO,CABO FRIO,5,Equipamentos para Manutencao da Vida,54,Bilirrubinometro,1,1,0,0
3300705903394,5903394,HOSPITAL MUNICIPAL DA MULHER EM CABO FRIO,CABO FRIO,5,Equipamentos para Manutencao da Vida,52,Bomba de Infusao,8,8,0,0
3300705903394,5903394,HOSPITAL MUNICIPAL DA MULHER EM CABO FRIO,CABO FRIO,5,Equipamentos para Manutencao da Vida,56,Desfibrilador,2,2,0,0
3300705903394,5903394,HOSPITAL MUNICIPAL DA MULHER EM CABO FRIO,CABO FRIO,5,Equipamentos para Manutencao da Vida,57,Equipamento de Fototerapia,6,6,0,0
3300705903394,5903394,HOSPITAL MUNICIPAL DA MULHER EM CABO FRIO,CABO FRIO,5,Equipamentos para Manutencao da Vida,58,Incubadora,3,3,0,0
3300705903394,5903394,HOSPITAL MUNICIPAL DA MULHER EM CABO FRIO,CABO FRIO,5,Equipamentos para Manutencao da Vida,60,Monitor de ECG,3,3,0,0
3300705903394,5903394,HOSPITAL MUNICIPAL DA MULHER EM CABO FRIO,CABO FRIO,5,Equipamentos para Manutencao da Vida,62,Monitor de Pressao Nao-Invasivo,6,6,0,0
3300705903394,5903394,HOSPITAL MUNICIPAL DA MULHER EM CABO FRIO,CABO FRIO,5,Equipamentos para Manutencao da Vida,63,Reanimador Pulmonar/AMBU,12,12,0,0
3300705903394,5903394,HOSPITAL MUNICIPAL DA MULHER EM CABO FRIO,CABO FRIO,5,Equipamentos para Manutencao da Vida,64,Respirador/Ventilador,3,3,0,0
3300705903394,5903394,HOSPITAL MUNICIPAL DA MULHER EM CABO FRIO,CABO FRIO,4,Equipamentos por Metodos Graficos,41,Eletrocardiografo,1,1,0,0
3300705903394,5903394,HOSPITAL MUNICIPAL DA MULHER EM CABO FRIO,CABO FRIO,3,Equipamentos por Metodos Opticos,32,Endoscopio das Vias Urinarias,1,1,0,0
3300705903394,5903394,HOSPITAL MUNICIPAL DA MULHER EM CABO FRIO,CABO FRIO,3,Equipamentos por Metodos Opticos,51,HISTEROSCOPIO,1,1,0,0
3300702278138,2278138,HOSPITAL MUNICIPAL OTIME CARDOSO DOS SANTOS,CABO FRIO,1,DIAGNOSTICO POR IMAGEM,04,Raio X ate 100 mA,1,1,0,0
3300702278138,2278138,HOSPITAL MUNICIPAL OTIME CARDOSO DOS SANTOS,CABO FRIO,1,DIAGNOSTICO POR IMAGEM,15,Ultrassom Convencional,1,1,0,0
3300702278138,2278138,HOSPITAL MUNICIPAL OTIME CARDOSO DOS SANTOS,CABO FRIO,1,DIAGNOSTICO POR IMAGEM,13,Ultrassom Doppler Colorido,2,2,0,0
3300702278138,2278138,HOSPITAL MUNICIPAL OTIME CARDOSO DOS SANTOS,CABO FRIO,7,Equipamentos de Odontologia,80,Equipo Odontologico,1,1,0,0
3300702278138,2278138,HOSPITAL MUNICIPAL OTIME CARDOSO DOS SANTOS,CABO FRIO,5,Equipamentos para Manutencao da Vida,64,Respirador/Ventilador,1,1,0,0
3300702278138,2278138,HOSPITAL MUNICIPAL OTIME CARDOSO DOS SANTOS,CABO FRIO,4,Equipamentos por Metodos Graficos,41,Eletrocardiografo,4,4,0,0
3300702278138,2278138,HOSPITAL MUNICIPAL OTIME CARDOSO DOS SANTOS,CABO FRIO,4,Equipamentos por Metodos Graficos,42,Eletroencefalografo,1,1,0,0
3300702278138,2278138,HOSPITAL MUNICIPAL OTIME CARDOSO DOS SANTOS,CABO FRIO,3,Equipamentos por Metodos Opticos,33,Endoscopio Digestivo,1,1,0,0
3300802696924,2696924,HOSPITAL MUNICIPAL DR CELSO MARTINS,CACHOEIRAS DE MACACU,1,DIAGNOSTICO POR IMAGEM,05,Raio X de 100 a 500 mA,2,1,1,1
3300802696924,2696924,HOSPITAL MUNICIPAL DR CELSO MARTINS,CACHOEIRAS DE MACACU,1,DIAGNOSTICO POR IMAGEM,11,Tomógrafo Computadorizado,1,1,1,0
3300802696924,2696924,HOSPITAL MUNICIPAL DR CELSO MARTINS,CACHOEIRAS DE MACACU,1,DIAGNOSTICO POR IMAGEM,13,Ultrassom Doppler Colorido,1,1,1,0
3300802696924,2696924,HOSPITAL MUNICIPAL DR CELSO MARTINS,CACHOEIRAS DE MACACU,1,DIAGNOSTICO POR IMAGEM,14,Ultrassom Ecografo,1,1,1,0
3300802696924,2696924,HOSPITAL MUNICIPAL DR CELSO MARTINS,CACHOEIRAS DE MACACU,2,Equipamentos de Infra-Estrutura,22,Grupo Gerador,1,1,1,0
3300802696924,2696924,HOSPITAL MUNICIPAL DR CELSO MARTINS,CACHOEIRAS DE MACACU,5,Equipamentos para Manutencao da Vida,53,Berço Aquecido,4,4,4,0
3300802696924,2696924,HOSPITAL MUNICIPAL DR CELSO MARTINS,CACHOEIRAS DE MACACU,5,Equipamentos para Manutencao da Vida,56,Desfibrilador,1,1,1,0
3300802696924,2696924,HOSPITAL MUNICIPAL DR CELSO MARTINS,CACHOEIRAS DE MACACU,5,Equipamentos para Manutencao da Vida,57,Equipamento de Fototerapia,1,1,1,0
3300802696924,2696924,HOSPITAL MUNICIPAL DR CELSO MARTINS,CACHOEIRAS DE MACACU,5,Equipamentos para Manutencao da Vida,58,Incubadora,1,1,1,0
3300802696924,2696924,HOSPITAL MUNICIPAL DR CELSO MARTINS,CACHOEIRAS DE MACACU,5,Equipamentos para Manutencao da Vida,61,Monitor de Pressao Invasivo,6,6,6,0
3300802696924,2696924,HOSPITAL MUNICIPAL DR CELSO MARTINS,CACHOEIRAS DE MACACU,5,Equipamentos para Manutencao da Vida,63,Reanimador Pulmonar/AMBU,6,6,6,0
3300802696924,2696924,HOSPITAL MUNICIPAL DR CELSO MARTINS,CACHOEIRAS DE MACACU,5,Equipamentos para Manutencao da Vida,64,Respirador/Ventilador,7,6,6,1
3300802696924,2696924,HOSPITAL MUNICIPAL DR CELSO MARTINS,CACHOEIRAS DE MACACU,4,Equipamentos por Metodos Graficos,41,Eletrocardiografo,4,3,3,1
3300802696924,2696924,HOSPITAL MUNICIPAL DR CELSO MARTINS,CACHOEIRAS DE MACACU,3,Equipamentos por Metodos Opticos,33,Endoscopio Digestivo,1,1,1,0
3300802696924,2696924,HOSPITAL MUNICIPAL DR CELSO MARTINS,CACHOEIRAS DE MACACU,3,Equipamentos por Metodos Opticos,35,Laparoscopio/Vídeo,1,0,0,1
3300902283794,2283794,HOSPITAL MUNICIPAL MOACYR GOMES DE AZEVEDO,CAMBUCI,1,DIAGNOSTICO POR IMAGEM,04,Raio X ate 100 mA,2,2,2,0
3300902283794,2283794,HOSPITAL MUNICIPAL MOACYR GOMES DE AZEVEDO,CAMBUCI,1,DIAGNOSTICO POR IMAGEM,05,Raio X de 100 a 500 mA,1,1,1,0
3300902283794,2283794,HOSPITAL MUNICIPAL MOACYR GOMES DE AZEVEDO,CAMBUCI,1,DIAGNOSTICO POR IMAGEM,10,Raio X para Hemodinamica,1,1,1,0
3300902283794,2283794,HOSPITAL MUNICIPAL MOACYR GOMES DE AZEVEDO,CAMBUCI,1,DIAGNOSTICO POR IMAGEM,11,Tomógrafo Computadorizado,1,1,1,0
3300902283794,2283794,HOSPITAL MUNICIPAL MOACYR GOMES DE AZEVEDO,CAMBUCI,1,DIAGNOSTICO POR IMAGEM,14,Ultrassom Ecografo,2,2,2,0
3300902283794,2283794,HOSPITAL MUNICIPAL MOACYR GOMES DE AZEVEDO,CAMBUCI,10,DIALISE,02,APARELHO DE HEMODIALISE - HOSPITALAR,1,1,1,0
3300902283794,2283794,HOSPITAL MUNICIPAL MOACYR GOMES DE AZEVEDO,CAMBUCI,2,Equipamentos de Infra-Estrutura,22,Grupo Gerador,1,1,1,0
3300902283794,2283794,HOSPITAL MUNICIPAL MOACYR GOMES DE AZEVEDO,CAMBUCI,2,Equipamentos de Infra-Estrutura,23,Usina de Oxigenio,1,1,1,0
3300902283794,2283794,HOSPITAL MUNICIPAL MOACYR GOMES DE AZEVEDO,CAMBUCI,5,Equipamentos para Manutencao da Vida,53,Berço Aquecido,2,2,2,0
3300902283794,2283794,HOSPITAL MUNICIPAL MOACYR GOMES DE AZEVEDO,CAMBUCI,5,Equipamentos para Manutencao da Vida,58,Incubadora,2,2,2,0
3300902283794,2283794,HOSPITAL MUNICIPAL MOACYR GOMES DE AZEVEDO,CAMBUCI,5,Equipamentos para Manutencao da Vida,62,Monitor de Pressao Nao-Invasivo,14,14,14,0
3300902283794,2283794,HOSPITAL MUNICIPAL MOACYR GOMES DE AZEVEDO,CAMBUCI,5,Equipamentos para Manutencao da Vida,64,Respirador/Ventilador,14,14,14,0
3300902283794,2283794,HOSPITAL MUNICIPAL MOACYR GOMES DE AZEVEDO,CAMBUCI,4,Equipamentos por Metodos Graficos,41,Eletrocardiografo,4,4,4,0
3300902283794,2283794,HOSPITAL MUNICIPAL MOACYR GOMES DE AZEVEDO,CAMBUCI,3,Equipamentos por Metodos Opticos,33,Endoscopio Digestivo,1,1,1,0
3300902283794,2283794,HOSPITAL MUNICIPAL MOACYR GOMES DE AZEVEDO,CAMBUCI,3,Equipamentos por Metodos Opticos,31,Endoscopio das Vias Respiratorias,1,1,1,0
3300902283794,2283794,HOSPITAL MUNICIPAL MOACYR GOMES DE AZEVEDO,CAMBUCI,3,Equipamentos por Metodos Opticos,34,Equipamentos para Optometria,1,1,1,0
3300902283794,2283794,HOSPITAL MUNICIPAL MOACYR GOMES DE AZEVEDO,CAMBUCI,3,Equipamentos por Metodos Opticos,35,Laparoscopio/Vídeo,1,1,1,0
3300902283794,2283794,HOSPITAL MUNICIPAL MOACYR GOMES DE AZEVEDO,CAMBUCI,3,Equipamentos por Metodos Opticos,36,Microscopio Cirurgico,1,1,1,0
3301302280396,2280396,HOSPITAL MUNICIPAL ANGELA MARIA SIMOES MENEZES,CASIMIRO DE ABREU,1,DIAGNOSTICO POR IMAGEM,04,Raio X ate 100 mA,1,1,1,0
3301302280396,2280396,HOSPITAL MUNICIPAL ANGELA MARIA SIMOES MENEZES,CASIMIRO DE ABREU,1,DIAGNOSTICO POR IMAGEM,05,Raio X de 100 a 500 mA,1,1,1,0
3301302280396,2280396,HOSPITAL MUNICIPAL ANGELA MARIA SIMOES MENEZES,CASIMIRO DE ABREU,1,DIAGNOSTICO POR IMAGEM,06,Raio X mais de 500mA,1,1,1,0
3301302280396,2280396,HOSPITAL MUNICIPAL ANGELA MARIA SIMOES MENEZES,CASIMIRO DE ABREU,1,DIAGNOSTICO POR IMAGEM,11,Tomógrafo Computadorizado,1,1,1,0
3301302280396,2280396,HOSPITAL MUNICIPAL ANGELA MARIA SIMOES MENEZES,CASIMIRO DE ABREU,1,DIAGNOSTICO POR IMAGEM,13,Ultrassom Doppler Colorido,1,1,1,0
3301302280396,2280396,HOSPITAL MUNICIPAL ANGELA MARIA SIMOES MENEZES,CASIMIRO DE ABREU,10,DIALISE,02,APARELHO DE HEMODIALISE - HOSPITALAR,1,1,1,0
3301302280396,2280396,HOSPITAL MUNICIPAL ANGELA MARIA SIMOES MENEZES,CASIMIRO DE ABREU,2,Equipamentos de Infra-Estrutura,21,Controle Ambiental/Ar-condicionado Central,104,104,104,0
3301302280396,2280396,HOSPITAL MUNICIPAL ANGELA MARIA SIMOES MENEZES,CASIMIRO DE ABREU,2,Equipamentos de Infra-Estrutura,22,Grupo Gerador,1,1,1,0
3301302280396,2280396,HOSPITAL MUNICIPAL ANGELA MARIA SIMOES MENEZES,CASIMIRO DE ABREU,2,Equipamentos de Infra-Estrutura,23,Usina de Oxigenio,1,1,1,0
3301302280396,2280396,HOSPITAL MUNICIPAL ANGELA MARIA SIMOES MENEZES,CASIMIRO DE ABREU,5,Equipamentos para Manutencao da Vida,53,Berço Aquecido,2,2,2,0
3301302280396,2280396,HOSPITAL MUNICIPAL ANGELA MARIA SIMOES MENEZES,CASIMIRO DE ABREU,5,Equipamentos para Manutencao da Vida,52,Bomba de Infusao,47,47,47,0
3301302280396,2280396,HOSPITAL MUNICIPAL ANGELA MARIA SIMOES MENEZES,CASIMIRO DE ABREU,5,Equipamentos para Manutencao da Vida,56,Desfibrilador,7,7,7,0
3301302280396,2280396,HOSPITAL MUNICIPAL ANGELA MARIA SIMOES MENEZES,CASIMIRO DE ABREU,5,Equipamentos para Manutencao da Vida,57,Equipamento de Fototerapia,3,3,3,0
3301302280396,2280396,HOSPITAL MUNICIPAL ANGELA MARIA SIMOES MENEZES,CASIMIRO DE ABREU,5,Equipamentos para Manutencao da Vida,58,Incubadora,3,3,3,0
3301302280396,2280396,HOSPITAL MUNICIPAL ANGELA MARIA SIMOES MENEZES,CASIMIRO DE ABREU,5,Equipamentos para Manutencao da Vida,60,Monitor de ECG,29,29,29,0
3301302280396,2280396,HOSPITAL MUNICIPAL ANGELA MARIA SIMOES MENEZES,CASIMIRO DE ABREU,5,Equipamentos para Manutencao da Vida,63,Reanimador Pulmonar/AMBU,10,10,10,0
3301302280396,2280396,HOSPITAL MUNICIPAL ANGELA MARIA SIMOES MENEZES,CASIMIRO DE ABREU,5,Equipamentos para Manutencao da Vida,64,Respirador/Ventilador,13,13,13,0
3301302280396,2280396,HOSPITAL MUNICIPAL ANGELA MARIA SIMOES MENEZES,CASIMIRO DE ABREU,4,Equipamentos por Metodos Graficos,41,Eletrocardiografo,4,4,4,0
3301302280396,2280396,HOSPITAL MUNICIPAL ANGELA MARIA SIMOES MENEZES,CASIMIRO DE ABREU,3,Equipamentos por Metodos Opticos,33,Endoscopio Digestivo,1,1,1,0
3301302280396,2280396,HOSPITAL MUNICIPAL ANGELA MARIA SIMOES MENEZES,CASIMIRO DE ABREU,3,Equipamentos por Metodos Opticos,46,OFTALMOSCOPIO,1,1,1,0
3301402290073,2290073,HOSPITAL MUNICIPAL ANA MOREIRA,CONCEICAO DE MACABU,1,DIAGNOSTICO POR IMAGEM,04,Raio X ate 100 mA,1,1,1,0
3301402290073,2290073,HOSPITAL MUNICIPAL ANA MOREIRA,CONCEICAO DE MACABU,1,DIAGNOSTICO POR IMAGEM,05,Raio X de 100 a 500 mA,1,1,1,0
3301402290073,2290073,HOSPITAL MUNICIPAL ANA MOREIRA,CONCEICAO DE MACABU,1,DIAGNOSTICO POR IMAGEM,14,Ultrassom Ecografo,1,1,1,0
3301402290073,2290073,HOSPITAL MUNICIPAL ANA MOREIRA,CONCEICAO DE MACABU,2,Equipamentos de Infra-Estrutura,22,Grupo Gerador,1,1,1,0
3301402290073,2290073,HOSPITAL MUNICIPAL ANA MOREIRA,CONCEICAO DE MACABU,5,Equipamentos para Manutencao da Vida,53,Berço Aquecido,2,1,1,1
3301402290073,2290073,HOSPITAL MUNICIPAL ANA MOREIRA,CONCEICAO DE MACABU,5,Equipamentos para Manutencao da Vida,52,Bomba de Infusao,22,22,22,0
3301402290073,2290073,HOSPITAL MUNICIPAL ANA MOREIRA,CONCEICAO DE MACABU,5,Equipamentos para Manutencao da Vida,56,Desfibrilador,2,2,2,0
3301402290073,2290073,HOSPITAL MUNICIPAL ANA MOREIRA,CONCEICAO DE MACABU,5,Equipamentos para Manutencao da Vida,57,Equipamento de Fototerapia,2,0,0,2
3301402290073,2290073,HOSPITAL MUNICIPAL ANA MOREIRA,CONCEICAO DE MACABU,5,Equipamentos para Manutencao da Vida,58,Incubadora,2,1,1,1
3301402290073,2290073,HOSPITAL MUNICIPAL ANA MOREIRA,CONCEICAO DE MACABU,5,Equipamentos para Manutencao da Vida,60,Monitor de ECG,2,2,2,0
3301402290073,2290073,HOSPITAL MUNICIPAL ANA MOREIRA,CONCEICAO DE MACABU,5,Equipamentos para Manutencao da Vida,62,Monitor de Pressao Nao-Invasivo,15,15,15,0
3301402290073,2290073,HOSPITAL MUNICIPAL ANA MOREIRA,CONCEICAO DE MACABU,5,Equipamentos para Manutencao da Vida,63,Reanimador Pulmonar/AMBU,8,8,8,0
3301402290073,2290073,HOSPITAL MUNICIPAL ANA MOREIRA,CONCEICAO DE MACABU,5,Equipamentos para Manutencao da Vida,64,Respirador/Ventilador,15,15,15,0
3301402290073,2290073,HOSPITAL MUNICIPAL ANA MOREIRA,CONCEICAO DE MACABU,4,Equipamentos por Metodos Graficos,41,Eletrocardiografo,2,2,2,0
3301402290073,2290073,HOSPITAL MUNICIPAL ANA MOREIRA,CONCEICAO DE MACABU,3,Equipamentos por Metodos Opticos,33,Endoscopio Digestivo,1,1,1,0
3301509491619,9491619,HOSPITAL DE CORDEIRO,CORDEIRO,2,Equipamentos de Infra-Estrutura,22,Grupo Gerador,1,1,1,0
3301509491619,9491619,HOSPITAL DE CORDEIRO,CORDEIRO,2,Equipamentos de Infra-Estrutura,23,Usina de Oxigenio,1,1,1,0
3301509491619,9491619,HOSPITAL DE CORDEIRO,CORDEIRO,5,Equipamentos para Manutencao da Vida,53,Berço Aquecido,2,2,2,0
3301509491619,9491619,HOSPITAL DE CORDEIRO,CORDEIRO,5,Equipamentos para Manutencao da Vida,52,Bomba de Infusao,5,4,4,1
3301509491619,9491619,HOSPITAL DE CORDEIRO,CORDEIRO,5,Equipamentos para Manutencao da Vida,56,Desfibrilador,2,2,2,0
3301509491619,9491619,HOSPITAL DE CORDEIRO,CORDEIRO,5,Equipamentos para Manutencao da Vida,58,Incubadora,2,2,2,0
3301509491619,9491619,HOSPITAL DE CORDEIRO,CORDEIRO,5,Equipamentos para Manutencao da Vida,60,Monitor de ECG,8,4,4,4
3301509491619,9491619,HOSPITAL DE CORDEIRO,CORDEIRO,5,Equipamentos para Manutencao da Vida,62,Monitor de Pressao Nao-Invasivo,8,4,4,4
3301509491619,9491619,HOSPITAL DE CORDEIRO,CORDEIRO,5,Equipamentos para Manutencao da Vida,63,Reanimador Pulmonar/AMBU,8,8,8,0
3301509491619,9491619,HOSPITAL DE CORDEIRO,CORDEIRO,5,Equipamentos para Manutencao da Vida,64,Respirador/Ventilador,3,3,3,0
3301509491619,9491619,HOSPITAL DE CORDEIRO,CORDEIRO,4,Equipamentos por Metodos Graficos,41,Eletrocardiografo,1,1,1,0
3301602267810,2267810,HOSPITAL MUNICIPAL DR ANTONIO CARLOS DA SILVA MONNERAT,DUAS BARRAS,1,DIAGNOSTICO POR IMAGEM,05,Raio X de 100 a 500 mA,1,1,0,0
3301602267810,2267810,HOSPITAL MUNICIPAL DR ANTONIO CARLOS DA SILVA MONNERAT,DUAS BARRAS,1,DIAGNOSTICO POR IMAGEM,14,Ultrassom Ecografo,1,1,0,0
3301602267810,2267810,HOSPITAL MUNICIPAL DR ANTONIO CARLOS DA SILVA MONNERAT,DUAS BARRAS,5,Equipamentos para Manutencao da Vida,53,Berço Aquecido,1,1,0,0
3301602267810,2267810,HOSPITAL MUNICIPAL DR ANTONIO CARLOS DA SILVA MONNERAT,DUAS BARRAS,5,Equipamentos para Manutencao da Vida,56,Desfibrilador,1,1,0,0
3301602267810,2267810,HOSPITAL MUNICIPAL DR ANTONIO CARLOS DA SILVA MONNERAT,DUAS BARRAS,5,Equipamentos para Manutencao da Vida,57,Equipamento de Fototerapia,1,1,0,0
3301602267810,2267810,HOSPITAL MUNICIPAL DR ANTONIO CARLOS DA SILVA MONNERAT,DUAS BARRAS,5,Equipamentos para Manutencao da Vida,58,Incubadora,2,1,0,1
3301602267810,2267810,HOSPITAL MUNICIPAL DR ANTONIO CARLOS DA SILVA MONNERAT,DUAS BARRAS,5,Equipamentos para Manutencao da Vida,63,Reanimador Pulmonar/AMBU,2,2,0,0
3301602267810,2267810,HOSPITAL MUNICIPAL DR ANTONIO CARLOS DA SILVA MONNERAT,DUAS BARRAS,5,Equipamentos para Manutencao da Vida,64,Respirador/Ventilador,1,1,0,0
3301602267810,2267810,HOSPITAL MUNICIPAL DR ANTONIO CARLOS DA SILVA MONNERAT,DUAS BARRAS,4,Equipamentos por Metodos Graficos,41,Eletrocardiografo,1,1,0,0
3301602267810,2267810,HOSPITAL MUNICIPAL DR ANTONIO CARLOS DA SILVA MONNERAT,DUAS BARRAS,4,Equipamentos por Metodos Graficos,42,Eletroencefalografo,1,1,0,0
3301602267810,2267810,HOSPITAL MUNICIPAL DR ANTONIO CARLOS DA SILVA MONNERAT,DUAS BARRAS,3,Equipamentos por Metodos Opticos,33,Endoscopio Digestivo,1,1,0,0
3301709193723,9193723,HMODC,DUQUE DE CAXIAS,2,Equipamentos de Infra-Estrutura,21,Controle Ambiental/Ar-condicionado Central,5,5,5,0
3301709193723,9193723,HMODC,DUQUE DE CAXIAS,2,Equipamentos de Infra-Estrutura,22,Grupo Gerador,1,1,1,0
3301709193723,9193723,HMODC,DUQUE DE CAXIAS,2,Equipamentos de Infra-Estrutura,23,Usina de Oxigenio,2,2,2,0
3301709193723,9193723,HMODC,DUQUE DE CAXIAS,5,Equipamentos para Manutencao da Vida,52,Bomba de Infusao,1,1,1,0
3301709193723,9193723,HMODC,DUQUE DE CAXIAS,5,Equipamentos para Manutencao da Vida,56,Desfibrilador,1,1,1,0
3301709193723,9193723,HMODC,DUQUE DE CAXIAS,5,Equipamentos para Manutencao da Vida,60,Monitor de ECG,7,5,5,2
3301709193723,9193723,HMODC,DUQUE DE CAXIAS,5,Equipamentos para Manutencao da Vida,62,Monitor de Pressao Nao-Invasivo,10,10,10,0
3301709193723,9193723,HMODC,DUQUE DE CAXIAS,5,Equipamentos para Manutencao da Vida,63,Reanimador Pulmonar/AMBU,6,6,6,0
3301709193723,9193723,HMODC,DUQUE DE CAXIAS,5,Equipamentos para Manutencao da Vida,64,Respirador/Ventilador,4,4,4,0
3301709193723,9193723,HMODC,DUQUE DE CAXIAS,4,Equipamentos por Metodos Graficos,41,Eletrocardiografo,2,2,2,0
3301709193723,9193723,HMODC,DUQUE DE CAXIAS,4,Equipamentos por Metodos Graficos,42,Eletroencefalografo,2,1,1,1
3301709193723,9193723,HMODC,DUQUE DE CAXIAS,3,Equipamentos por Metodos Opticos,49,BIOMICROSCOPIO (LAMPADA DE FENDA),10,10,10,0
3301709193723,9193723,HMODC,DUQUE DE CAXIAS,3,Equipamentos por Metodos Opticos,37,CADEIRA OFTALMOLOGICA,10,10,10,0
3301709193723,9193723,HMODC,DUQUE DE CAXIAS,3,Equipamentos por Metodos Opticos,50,CAMPIMETRO,2,1,1,1
3301709193723,9193723,HMODC,DUQUE DE CAXIAS,3,Equipamentos por Metodos Opticos,47,CERATOMETRO,1,1,1,0
3301709193723,9193723,HMODC,DUQUE DE CAXIAS,3,Equipamentos por Metodos Opticos,38,COLUNA OFTALMOLOGICA,10,10,10,0
3301709193723,9193723,HMODC,DUQUE DE CAXIAS,3,Equipamentos por Metodos Opticos,34,Equipamentos para Optometria,7,7,7,0
3301709193723,9193723,HMODC,DUQUE DE CAXIAS,3,Equipamentos por Metodos Opticos,40,LENSOMETRO,5,2,2,3
3301709193723,9193723,HMODC,DUQUE DE CAXIAS,3,Equipamentos por Metodos Opticos,36,Microscopio Cirurgico,5,3,3,2
3301709193723,9193723,HMODC,DUQUE DE CAXIAS,3,Equipamentos por Metodos Opticos,46,OFTALMOSCOPIO,3,2,2,1
3301709193723,9193723,HMODC,DUQUE DE CAXIAS,3,Equipamentos por Metodos Opticos,44,PROJETOR OU TABELA DE OPTOTIPOS,7,5,5,2
3301709193723,9193723,HMODC,DUQUE DE CAXIAS,3,Equipamentos por Metodos Opticos,39,REFRATOR,7,2,2,5
3301709193723,9193723,HMODC,DUQUE DE CAXIAS,3,Equipamentos por Metodos Opticos,45,RETINOSCOPIO,1,1,1,0
3301709193723,9193723,HMODC,DUQUE DE CAXIAS,3,Equipamentos por Metodos Opticos,48,TONOMETRO DE APLANACAO,7,3,3,4
3301702277751,2277751,HOSPITAL INFANTIL ISMELIA SILVEIRA,DUQUE DE CAXIAS,1,DIAGNOSTICO POR IMAGEM,05,Raio X de 100 a 500 mA,1,1,1,0
3301702277751,2277751,HOSPITAL INFANTIL ISMELIA SILVEIRA,DUQUE DE CAXIAS,1,DIAGNOSTICO POR IMAGEM,14,Ultrassom Ecografo,1,1,1,0
3301702277751,2277751,HOSPITAL INFANTIL ISMELIA SILVEIRA,DUQUE DE CAXIAS,2,Equipamentos de Infra-Estrutura,22,Grupo Gerador,1,1,1,0
3301702277751,2277751,HOSPITAL INFANTIL ISMELIA SILVEIRA,DUQUE DE CAXIAS,2,Equipamentos de Infra-Estrutura,23,Usina de Oxigenio,1,1,1,0
3301702277751,2277751,HOSPITAL INFANTIL ISMELIA SILVEIRA,DUQUE DE CAXIAS,5,Equipamentos para Manutencao da Vida,52,Bomba de Infusao,24,24,24,0
3301702277751,2277751,HOSPITAL INFANTIL ISMELIA SILVEIRA,DUQUE DE CAXIAS,5,Equipamentos para Manutencao da Vida,56,Desfibrilador,3,3,3,0
3301702277751,2277751,HOSPITAL INFANTIL ISMELIA SILVEIRA,DUQUE DE CAXIAS,5,Equipamentos para Manutencao da Vida,60,Monitor de ECG,9,9,9,0
3301702277751,2277751,HOSPITAL INFANTIL ISMELIA SILVEIRA,DUQUE DE CAXIAS,5,Equipamentos para Manutencao da Vida,63,Reanimador Pulmonar/AMBU,5,5,5,0
3301702277751,2277751,HOSPITAL INFANTIL ISMELIA SILVEIRA,DUQUE DE CAXIAS,5,Equipamentos para Manutencao da Vida,64,Respirador/Ventilador,8,8,8,0
3301702277751,2277751,HOSPITAL INFANTIL ISMELIA SILVEIRA,DUQUE DE CAXIAS,4,Equipamentos por Metodos Graficos,41,Eletrocardiografo,1,1,1,0
3301702290227,2290227,HOSPITAL MUNICIPAL ADAO PEREIRA NUNES,DUQUE DE CAXIAS,1,DIAGNOSTICO POR IMAGEM,05,Raio X de 100 a 500 mA,5,4,4,1
3301702290227,2290227,HOSPITAL MUNICIPAL ADAO PEREIRA NUNES,DUQUE DE CAXIAS,1,DIAGNOSTICO POR IMAGEM,12,Ressonancia Magnetica,1,1,1,0
3301702290227,2290227,HOSPITAL MUNICIPAL ADAO PEREIRA NUNES,DUQUE DE CAXIAS,1,DIAGNOSTICO POR IMAGEM,11,Tomógrafo Computadorizado,1,1,1,0
3301702290227,2290227,HOSPITAL MUNICIPAL ADAO PEREIRA NUNES,DUQUE DE CAXIAS,1,DIAGNOSTICO POR IMAGEM,15,Ultrassom Convencional,10,7,7,3
3301702290227,2290227,HOSPITAL MUNICIPAL ADAO PEREIRA NUNES,DUQUE DE CAXIAS,1,DIAGNOSTICO POR IMAGEM,13,Ultrassom Doppler Colorido,3,3,3,0
3301702290227,2290227,HOSPITAL MUNICIPAL ADAO PEREIRA NUNES,DUQUE DE CAXIAS,1,DIAGNOSTICO POR IMAGEM,14,Ultrassom Ecografo,1,1,1,0
3301702290227,2290227,HOSPITAL MUNICIPAL ADAO PEREIRA NUNES,DUQUE DE CAXIAS,8,EQUIPAMENTOS DE AUDIOLOGIA,87,EMISSOES OTOACUSTICAS EVOCADAS TRANSIENTES,3,2,2,1
3301702290227,2290227,HOSPITAL MUNICIPAL ADAO PEREIRA NUNES,DUQUE DE CAXIAS,2,Equipamentos de Infra-Estrutura,19,AR CONDICIONADO,237,237,237,0
3301702290227,2290227,HOSPITAL MUNICIPAL ADAO PEREIRA NUNES,DUQUE DE CAXIAS,2,Equipamentos de Infra-Estrutura,20,CAMARA FRIGORIFICA,2,2,2,0
3301702290227,2290227,HOSPITAL MUNICIPAL ADAO PEREIRA NUNES,DUQUE DE CAXIAS,2,Equipamentos de Infra-Estrutura,21,Controle Ambiental/Ar-condicionado Central,31,31,31,0
3301702290227,2290227,HOSPITAL MUNICIPAL ADAO PEREIRA NUNES,DUQUE DE CAXIAS,2,Equipamentos de Infra-Estrutura,30,GRUPO GERADOR (ACIMA DE 300 KVA),6,6,6,0
3301702290227,2290227,HOSPITAL MUNICIPAL ADAO PEREIRA NUNES,DUQUE DE CAXIAS,2,Equipamentos de Infra-Estrutura,22,Grupo Gerador,3,3,3,0
3301702290227,2290227,HOSPITAL MUNICIPAL ADAO PEREIRA NUNES,DUQUE DE CAXIAS,2,Equipamentos de Infra-Estrutura,66,REFRIGERADOR,66,66,66,0
3301702290227,2290227,HOSPITAL MUNICIPAL ADAO PEREIRA NUNES,DUQUE DE CAXIAS,7,Equipamentos de Odontologia,80,Equipo Odontologico,1,1,1,0
3301702290227,2290227,HOSPITAL MUNICIPAL ADAO PEREIRA NUNES,DUQUE DE CAXIAS,7,Equipamentos de Odontologia,82,Fotopolimerizador,1,1,1,0
3301702290227,2290227,HOSPITAL MUNICIPAL ADAO PEREIRA NUNES,DUQUE DE CAXIAS,5,Equipamentos para Manutencao da Vida,53,Berço Aquecido,24,24,24,0
3301702290227,2290227,HOSPITAL MUNICIPAL ADAO PEREIRA NUNES,DUQUE DE CAXIAS,5,Equipamentos para Manutencao da Vida,52,Bomba de Infusao,433,433,433,0
3301702290227,2290227,HOSPITAL MUNICIPAL ADAO PEREIRA NUNES,DUQUE DE CAXIAS,5,Equipamentos para Manutencao da Vida,56,Desfibrilador,29,25,25,4
3301702290227,2290227,HOSPITAL MUNICIPAL ADAO PEREIRA NUNES,DUQUE DE CAXIAS,5,Equipamentos para Manutencao da Vida,57,Equipamento de Fototerapia,31,31,31,0
3301702290227,2290227,HOSPITAL MUNICIPAL ADAO PEREIRA NUNES,DUQUE DE CAXIAS,5,Equipamentos para Manutencao da Vida,58,Incubadora,30,28,28,2
3301702290227,2290227,HOSPITAL MUNICIPAL ADAO PEREIRA NUNES,DUQUE DE CAXIAS,5,Equipamentos para Manutencao da Vida,65,MONITOR MULTIPARAMETRO,285,261,261,24
3301702290227,2290227,HOSPITAL MUNICIPAL ADAO PEREIRA NUNES,DUQUE DE CAXIAS,5,Equipamentos para Manutencao da Vida,59,Marcapasso Temporario,1,1,1,0
3301702290227,2290227,HOSPITAL MUNICIPAL ADAO PEREIRA NUNES,DUQUE DE CAXIAS,5,Equipamentos para Manutencao da Vida,60,Monitor de ECG,310,280,280,30
3301702290227,2290227,HOSPITAL MUNICIPAL ADAO PEREIRA NUNES,DUQUE DE CAXIAS,5,Equipamentos para Manutencao da Vida,61,Monitor de Pressao Invasivo,30,30,30,0
3301702290227,2290227,HOSPITAL MUNICIPAL ADAO PEREIRA NUNES,DUQUE DE CAXIAS,5,Equipamentos para Manutencao da Vida,62,Monitor de Pressao Nao-Invasivo,255,231,231,24
3301702290227,2290227,HOSPITAL MUNICIPAL ADAO PEREIRA NUNES,DUQUE DE CAXIAS,5,Equipamentos para Manutencao da Vida,63,Reanimador Pulmonar/AMBU,47,47,47,0
3301702290227,2290227,HOSPITAL MUNICIPAL ADAO PEREIRA NUNES,DUQUE DE CAXIAS,5,Equipamentos para Manutencao da Vida,64,Respirador/Ventilador,148,127,127,21
3301702290227,2290227,HOSPITAL MUNICIPAL ADAO PEREIRA NUNES,DUQUE DE CAXIAS,4,Equipamentos por Metodos Graficos,41,Eletrocardiografo,25,19,19,6
3301702290227,2290227,HOSPITAL MUNICIPAL ADAO PEREIRA NUNES,DUQUE DE CAXIAS,3,Equipamentos por Metodos Opticos,49,BIOMICROSCOPIO (LAMPADA DE FENDA),1,1,1,0
3301702290227,2290227,HOSPITAL MUNICIPAL ADAO PEREIRA NUNES,DUQUE DE CAXIAS,3,Equipamentos por Metodos Opticos,33,Endoscopio Digestivo,3,2,2,1
3301702290227,2290227,HOSPITAL MUNICIPAL ADAO PEREIRA NUNES,DUQUE DE CAXIAS,3,Equipamentos por Metodos Opticos,31,Endoscopio das Vias Respiratorias,1,1,1,0
3301702290227,2290227,HOSPITAL MUNICIPAL ADAO PEREIRA NUNES,DUQUE DE CAXIAS,3,Equipamentos por Metodos Opticos,35,Laparoscopio/Vídeo,1,1,1,0
3301702290227,2290227,HOSPITAL MUNICIPAL ADAO PEREIRA NUNES,DUQUE DE CAXIAS,3,Equipamentos por Metodos Opticos,36,Microscopio Cirurgico,1,1,1,0
3301702290227,2290227,HOSPITAL MUNICIPAL ADAO PEREIRA NUNES,DUQUE DE CAXIAS,3,Equipamentos por Metodos Opticos,46,OFTALMOSCOPIO,4,2,2,2
3301704832256,4832256,HOSPITAL MUNICIPAL DO CORACAO SAO JOSE,DUQUE DE CAXIAS,1,DIAGNOSTICO POR IMAGEM,05,Raio X de 100 a 500 mA,4,2,2,2
3301704832256,4832256,HOSPITAL MUNICIPAL DO CORACAO SAO JOSE,DUQUE DE CAXIAS,1,DIAGNOSTICO POR IMAGEM,06,Raio X mais de 500mA,2,1,1,1
3301704832256,4832256,HOSPITAL MUNICIPAL DO CORACAO SAO JOSE,DUQUE DE CAXIAS,1,DIAGNOSTICO POR IMAGEM,10,Raio X para Hemodinamica,2,2,2,0
3301704832256,4832256,HOSPITAL MUNICIPAL DO CORACAO SAO JOSE,DUQUE DE CAXIAS,1,DIAGNOSTICO POR IMAGEM,11,Tomógrafo Computadorizado,1,1,1,0
3301704832256,4832256,HOSPITAL MUNICIPAL DO CORACAO SAO JOSE,DUQUE DE CAXIAS,1,DIAGNOSTICO POR IMAGEM,15,Ultrassom Convencional,3,1,1,2
3301704832256,4832256,HOSPITAL MUNICIPAL DO CORACAO SAO JOSE,DUQUE DE CAXIAS,1,DIAGNOSTICO POR IMAGEM,13,Ultrassom Doppler Colorido,8,1,1,7
3301704832256,4832256,HOSPITAL MUNICIPAL DO CORACAO SAO JOSE,DUQUE DE CAXIAS,1,DIAGNOSTICO POR IMAGEM,14,Ultrassom Ecografo,3,1,1,2
3301704832256,4832256,HOSPITAL MUNICIPAL DO CORACAO SAO JOSE,DUQUE DE CAXIAS,2,Equipamentos de Infra-Estrutura,21,Controle Ambiental/Ar-condicionado Central,2,2,2,0
3301704832256,4832256,HOSPITAL MUNICIPAL DO CORACAO SAO JOSE,DUQUE DE CAXIAS,2,Equipamentos de Infra-Estrutura,22,Grupo Gerador,4,3,3,1
3301704832256,4832256,HOSPITAL MUNICIPAL DO CORACAO SAO JOSE,DUQUE DE CAXIAS,5,Equipamentos para Manutencao da Vida,51,Bomba/Balao Intra-Aortico,2,2,2,0
3301704832256,4832256,HOSPITAL MUNICIPAL DO CORACAO SAO JOSE,DUQUE DE CAXIAS,5,Equipamentos para Manutencao da Vida,55,Debitometro,3,1,1,2
3301704832256,4832256,HOSPITAL MUNICIPAL DO CORACAO SAO JOSE,DUQUE DE CAXIAS,5,Equipamentos para Manutencao da Vida,56,Desfibrilador,5,5,5,0
3301704832256,4832256,HOSPITAL MUNICIPAL DO CORACAO SAO JOSE,DUQUE DE CAXIAS,5,Equipamentos para Manutencao da Vida,59,Marcapasso Temporario,20,3,3,17
3301704832256,4832256,HOSPITAL MUNICIPAL DO CORACAO SAO JOSE,DUQUE DE CAXIAS,5,Equipamentos para Manutencao da Vida,60,Monitor de ECG,130,30,30,100
3301704832256,4832256,HOSPITAL MUNICIPAL DO CORACAO SAO JOSE,DUQUE DE CAXIAS,5,Equipamentos para Manutencao da Vida,61,Monitor de Pressao Invasivo,10,10,10,0
3301704832256,4832256,HOSPITAL MUNICIPAL DO CORACAO SAO JOSE,DUQUE DE CAXIAS,5,Equipamentos para Manutencao da Vida,62,Monitor de Pressao Nao-Invasivo,130,30,30,100
3301704832256,4832256,HOSPITAL MUNICIPAL DO CORACAO SAO JOSE,DUQUE DE CAXIAS,5,Equipamentos para Manutencao da Vida,63,Reanimador Pulmonar/AMBU,130,20,20,110
3301704832256,4832256,HOSPITAL MUNICIPAL DO CORACAO SAO JOSE,DUQUE DE CAXIAS,5,Equipamentos para Manutencao da Vida,64,Respirador/Ventilador,77,10,10,67
3301704832256,4832256,HOSPITAL MUNICIPAL DO CORACAO SAO JOSE,DUQUE DE CAXIAS,4,Equipamentos por Metodos Graficos,41,Eletrocardiografo,25,6,6,19
3301704832256,4832256,HOSPITAL MUNICIPAL DO CORACAO SAO JOSE,DUQUE DE CAXIAS,6,Outros Equipamentos,73,Bomba de Infusao de Hemoderivados,80,69,69,11
3301700978213,0978213,HOSPITAL MUNICIPAL INFANTIL PADRE GUILHERME,DUQUE DE CAXIAS,1,DIAGNOSTICO POR IMAGEM,04,Raio X ate 100 mA,1,1,1,0
3301700978213,0978213,HOSPITAL MUNICIPAL INFANTIL PADRE GUILHERME,DUQUE DE CAXIAS,1,DIAGNOSTICO POR IMAGEM,15,Ultrassom Convencional,1,1,1,0
3301700978213,0978213,HOSPITAL MUNICIPAL INFANTIL PADRE GUILHERME,DUQUE DE CAXIAS,2,Equipamentos de Infra-Estrutura,22,Grupo Gerador,1,1,1,0
3301700978213,0978213,HOSPITAL MUNICIPAL INFANTIL PADRE GUILHERME,DUQUE DE CAXIAS,2,Equipamentos de Infra-Estrutura,23,Usina de Oxigenio,1,1,1,0
3301700978213,0978213,HOSPITAL MUNICIPAL INFANTIL PADRE GUILHERME,DUQUE DE CAXIAS,5,Equipamentos para Manutencao da Vida,52,Bomba de Infusao,1,1,1,0
3301700978213,0978213,HOSPITAL MUNICIPAL INFANTIL PADRE GUILHERME,DUQUE DE CAXIAS,5,Equipamentos para Manutencao da Vida,56,Desfibrilador,1,1,1,0
3301700978213,0978213,HOSPITAL MUNICIPAL INFANTIL PADRE GUILHERME,DUQUE DE CAXIAS,5,Equipamentos para Manutencao da Vida,60,Monitor de ECG,4,4,1,0
3301700978213,0978213,HOSPITAL MUNICIPAL INFANTIL PADRE GUILHERME,DUQUE DE CAXIAS,5,Equipamentos para Manutencao da Vida,63,Reanimador Pulmonar/AMBU,1,1,1,0
3301700978213,0978213,HOSPITAL MUNICIPAL INFANTIL PADRE GUILHERME,DUQUE DE CAXIAS,5,Equipamentos para Manutencao da Vida,64,Respirador/Ventilador,1,1,1,0
3301700978213,0978213,HOSPITAL MUNICIPAL INFANTIL PADRE GUILHERME,DUQUE DE CAXIAS,4,Equipamentos por Metodos Graficos,41,Eletrocardiografo,1,1,1,0
3301706007317,6007317,HOSPITAL MUNICIPAL MOACYR RODRIGUES DO CARMO,DUQUE DE CAXIAS,1,DIAGNOSTICO POR IMAGEM,16,PROCESSADORA DE FILME EXCLUSIVA PARA MAMOGRAFIA,2,2,2,0
3301706007317,6007317,HOSPITAL MUNICIPAL MOACYR RODRIGUES DO CARMO,DUQUE DE CAXIAS,1,DIAGNOSTICO POR IMAGEM,07,RAIO X ODONTOLOGICO,1,0,0,1
3301706007317,6007317,HOSPITAL MUNICIPAL MOACYR RODRIGUES DO CARMO,DUQUE DE CAXIAS,1,DIAGNOSTICO POR IMAGEM,04,Raio X ate 100 mA,7,7,7,0
3301706007317,6007317,HOSPITAL MUNICIPAL MOACYR RODRIGUES DO CARMO,DUQUE DE CAXIAS,1,DIAGNOSTICO POR IMAGEM,06,Raio X mais de 500mA,2,1,1,1
3301706007317,6007317,HOSPITAL MUNICIPAL MOACYR RODRIGUES DO CARMO,DUQUE DE CAXIAS,1,DIAGNOSTICO POR IMAGEM,12,Ressonancia Magnetica,1,1,1,0
3301706007317,6007317,HOSPITAL MUNICIPAL MOACYR RODRIGUES DO CARMO,DUQUE DE CAXIAS,1,DIAGNOSTICO POR IMAGEM,11,Tomógrafo Computadorizado,2,2,2,0
3301706007317,6007317,HOSPITAL MUNICIPAL MOACYR RODRIGUES DO CARMO,DUQUE DE CAXIAS,1,DIAGNOSTICO POR IMAGEM,13,Ultrassom Doppler Colorido,2,2,2,0
3301706007317,6007317,HOSPITAL MUNICIPAL MOACYR RODRIGUES DO CARMO,DUQUE DE CAXIAS,1,DIAGNOSTICO POR IMAGEM,14,Ultrassom Ecografo,1,1,1,0
3301706007317,6007317,HOSPITAL MUNICIPAL MOACYR RODRIGUES DO CARMO,DUQUE DE CAXIAS,2,Equipamentos de Infra-Estrutura,21,Controle Ambiental/Ar-condicionado Central,2,2,2,0
3301706007317,6007317,HOSPITAL MUNICIPAL MOACYR RODRIGUES DO CARMO,DUQUE DE CAXIAS,2,Equipamentos de Infra-Estrutura,22,Grupo Gerador,2,2,2,0
3301706007317,6007317,HOSPITAL MUNICIPAL MOACYR RODRIGUES DO CARMO,DUQUE DE CAXIAS,7,Equipamentos de Odontologia,85,Amalgamador,1,0,0,1
3301706007317,6007317,HOSPITAL MUNICIPAL MOACYR RODRIGUES DO CARMO,DUQUE DE CAXIAS,7,Equipamentos de Odontologia,83,Caneta de Alta Rotacao,1,1,1,0
3301706007317,6007317,HOSPITAL MUNICIPAL MOACYR RODRIGUES DO CARMO,DUQUE DE CAXIAS,7,Equipamentos de Odontologia,84,Caneta de Baixa Rotacao,1,1,1,0
3301706007317,6007317,HOSPITAL MUNICIPAL MOACYR RODRIGUES DO CARMO,DUQUE DE CAXIAS,7,Equipamentos de Odontologia,81,Compressor Odontologico,1,1,1,0
3301706007317,6007317,HOSPITAL MUNICIPAL MOACYR RODRIGUES DO CARMO,DUQUE DE CAXIAS,7,Equipamentos de Odontologia,80,Equipo Odontologico,2,2,2,0
3301706007317,6007317,HOSPITAL MUNICIPAL MOACYR RODRIGUES DO CARMO,DUQUE DE CAXIAS,7,Equipamentos de Odontologia,82,Fotopolimerizador,1,1,1,0
3301706007317,6007317,HOSPITAL MUNICIPAL MOACYR RODRIGUES DO CARMO,DUQUE DE CAXIAS,4,Equipamentos por Metodos Graficos,41,Eletrocardiografo,6,6,6,0
3301706007317,6007317,HOSPITAL MUNICIPAL MOACYR RODRIGUES DO CARMO,DUQUE DE CAXIAS,4,Equipamentos por Metodos Graficos,42,Eletroencefalografo,1,0,0,1
3301706007317,6007317,HOSPITAL MUNICIPAL MOACYR RODRIGUES DO CARMO,DUQUE DE CAXIAS,3,Equipamentos por Metodos Opticos,33,Endoscopio Digestivo,2,2,2,0
3301706007317,6007317,HOSPITAL MUNICIPAL MOACYR RODRIGUES DO CARMO,DUQUE DE CAXIAS,3,Equipamentos por Metodos Opticos,31,Endoscopio das Vias Respiratorias,2,2,2,0
3301706007317,6007317,HOSPITAL MUNICIPAL MOACYR RODRIGUES DO CARMO,DUQUE DE CAXIAS,3,Equipamentos por Metodos Opticos,32,Endoscopio das Vias Urinarias,1,1,1,0
3301706007317,6007317,HOSPITAL MUNICIPAL MOACYR RODRIGUES DO CARMO,DUQUE DE CAXIAS,3,Equipamentos por Metodos Opticos,51,HISTEROSCOPIO,1,1,1,0
3301706007317,6007317,HOSPITAL MUNICIPAL MOACYR RODRIGUES DO CARMO,DUQUE DE CAXIAS,3,Equipamentos por Metodos Opticos,35,Laparoscopio/Vídeo,1,1,0,0
3301700155055,0155055,MATERNIDADE SANTA CRUZ DA SERRA,DUQUE DE CAXIAS,1,DIAGNOSTICO POR IMAGEM,04,Raio X ate 100 mA,1,1,0,0
3301700155055,0155055,MATERNIDADE SANTA CRUZ DA SERRA,DUQUE DE CAXIAS,1,DIAGNOSTICO POR IMAGEM,15,Ultrassom Convencional,2,1,0,1
3301700155055,0155055,MATERNIDADE SANTA CRUZ DA SERRA,DUQUE DE CAXIAS,2,Equipamentos de Infra-Estrutura,20,CAMARA FRIGORIFICA,1,1,0,0
3301700155055,0155055,MATERNIDADE SANTA CRUZ DA SERRA,DUQUE DE CAXIAS,2,Equipamentos de Infra-Estrutura,24,CAMARA PARA CONSERVACAO DE HEMODERIVADOS/IMUNO/TERMOLABEIS,1,1,0,0
3301700155055,0155055,MATERNIDADE SANTA CRUZ DA SERRA,DUQUE DE CAXIAS,2,Equipamentos de Infra-Estrutura,25,CAMARA PARA CONSERVACAO DE IMUNOBIOLOGICOS,1,1,0,0
3301700155055,0155055,MATERNIDADE SANTA CRUZ DA SERRA,DUQUE DE CAXIAS,2,Equipamentos de Infra-Estrutura,22,Grupo Gerador,1,1,0,0
3301700155055,0155055,MATERNIDADE SANTA CRUZ DA SERRA,DUQUE DE CAXIAS,2,Equipamentos de Infra-Estrutura,23,Usina de Oxigenio,1,1,0,0
3301700155055,0155055,MATERNIDADE SANTA CRUZ DA SERRA,DUQUE DE CAXIAS,5,Equipamentos para Manutencao da Vida,53,Berço Aquecido,21,16,0,5
3301700155055,0155055,MATERNIDADE SANTA CRUZ DA SERRA,DUQUE DE CAXIAS,5,Equipamentos para Manutencao da Vida,57,Equipamento de Fototerapia,11,7,0,4
3301700155055,0155055,MATERNIDADE SANTA CRUZ DA SERRA,DUQUE DE CAXIAS,5,Equipamentos para Manutencao da Vida,58,Incubadora,16,7,0,9
3301700155055,0155055,MATERNIDADE SANTA CRUZ DA SERRA,DUQUE DE CAXIAS,5,Equipamentos para Manutencao da Vida,60,Monitor de ECG,31,29,0,2
3301700155055,0155055,MATERNIDADE SANTA CRUZ DA SERRA,DUQUE DE CAXIAS,5,Equipamentos para Manutencao da Vida,63,Reanimador Pulmonar/AMBU,70,70,0,0
3301700155055,0155055,MATERNIDADE SANTA CRUZ DA SERRA,DUQUE DE CAXIAS,5,Equipamentos para Manutencao da Vida,64,Respirador/Ventilador,20,10,0,10
3301707588577,7588577,POLICLINICA HOSPITAL DUQUE DE CAXIAS,DUQUE DE CAXIAS,1,DIAGNOSTICO POR IMAGEM,17,MAMOGRAFO DIGITAL,1,1,0,0
3301707588577,7588577,POLICLINICA HOSPITAL DUQUE DE CAXIAS,DUQUE DE CAXIAS,1,DIAGNOSTICO POR IMAGEM,07,RAIO X ODONTOLOGICO,1,1,0,0
3301707588577,7588577,POLICLINICA HOSPITAL DUQUE DE CAXIAS,DUQUE DE CAXIAS,1,DIAGNOSTICO POR IMAGEM,15,Ultrassom Convencional,2,2,0,0
3301707588577,7588577,POLICLINICA HOSPITAL DUQUE DE CAXIAS,DUQUE DE CAXIAS,2,Equipamentos de Infra-Estrutura,21,Controle Ambiental/Ar-condicionado Central,1,1,0,0
3301707588577,7588577,POLICLINICA HOSPITAL DUQUE DE CAXIAS,DUQUE DE CAXIAS,7,Equipamentos de Odontologia,85,Amalgamador,1,1,0,0
3301707588577,7588577,POLICLINICA HOSPITAL DUQUE DE CAXIAS,DUQUE DE CAXIAS,7,Equipamentos de Odontologia,83,Caneta de Alta Rotacao,3,3,0,0
3301707588577,7588577,POLICLINICA HOSPITAL DUQUE DE CAXIAS,DUQUE DE CAXIAS,7,Equipamentos de Odontologia,84,Caneta de Baixa Rotacao,2,2,0,0
3301707588577,7588577,POLICLINICA HOSPITAL DUQUE DE CAXIAS,DUQUE DE CAXIAS,7,Equipamentos de Odontologia,81,Compressor Odontologico,7,3,0,4
3301707588577,7588577,POLICLINICA HOSPITAL DUQUE DE CAXIAS,DUQUE DE CAXIAS,7,Equipamentos de Odontologia,80,Equipo Odontologico,3,3,0,0
3301707588577,7588577,POLICLINICA HOSPITAL DUQUE DE CAXIAS,DUQUE DE CAXIAS,7,Equipamentos de Odontologia,82,Fotopolimerizador,2,2,0,0
3301707588577,7588577,POLICLINICA HOSPITAL DUQUE DE CAXIAS,DUQUE DE CAXIAS,5,Equipamentos para Manutencao da Vida,56,Desfibrilador,1,1,0,0
3301707588577,7588577,POLICLINICA HOSPITAL DUQUE DE CAXIAS,DUQUE DE CAXIAS,5,Equipamentos para Manutencao da Vida,63,Reanimador Pulmonar/AMBU,1,1,0,0
3301707588577,7588577,POLICLINICA HOSPITAL DUQUE DE CAXIAS,DUQUE DE CAXIAS,4,Equipamentos por Metodos Graficos,41,Eletrocardiografo,4,1,0,3
3301707588577,7588577,POLICLINICA HOSPITAL DUQUE DE CAXIAS,DUQUE DE CAXIAS,4,Equipamentos por Metodos Graficos,42,Eletroencefalografo,1,1,0,0
3301707588577,7588577,POLICLINICA HOSPITAL DUQUE DE CAXIAS,DUQUE DE CAXIAS,3,Equipamentos por Metodos Opticos,31,Endoscopio das Vias Respiratorias,1,1,0,0
3301856146376,6146376,HOSPITAL MUNICIPAL JOSE RABELLO DE MELLO,GUAPIMIRIM,1,DIAGNOSTICO POR IMAGEM,05,Raio X de 100 a 500 mA,1,1,1,0
3301856146376,6146376,HOSPITAL MUNICIPAL JOSE RABELLO DE MELLO,GUAPIMIRIM,1,DIAGNOSTICO POR IMAGEM,15,Ultrassom Convencional,1,0,0,1
3301856146376,6146376,HOSPITAL MUNICIPAL JOSE RABELLO DE MELLO,GUAPIMIRIM,2,Equipamentos de Infra-Estrutura,21,Controle Ambiental/Ar-condicionado Central,1,1,1,0
3301856146376,6146376,HOSPITAL MUNICIPAL JOSE RABELLO DE MELLO,GUAPIMIRIM,2,Equipamentos de Infra-Estrutura,22,Grupo Gerador,1,1,1,0
3301856146376,6146376,HOSPITAL MUNICIPAL JOSE RABELLO DE MELLO,GUAPIMIRIM,2,Equipamentos de Infra-Estrutura,66,REFRIGERADOR,1,1,1,0
3301856146376,6146376,HOSPITAL MUNICIPAL JOSE RABELLO DE MELLO,GUAPIMIRIM,2,Equipamentos de Infra-Estrutura,23,Usina de Oxigenio,1,1,1,0
3301856146376,6146376,HOSPITAL MUNICIPAL JOSE RABELLO DE MELLO,GUAPIMIRIM,5,Equipamentos para Manutencao da Vida,53,Berço Aquecido,2,2,2,0
3301856146376,6146376,HOSPITAL MUNICIPAL JOSE RABELLO DE MELLO,GUAPIMIRIM,5,Equipamentos para Manutencao da Vida,52,Bomba de Infusao,90,90,90,0
3301856146376,6146376,HOSPITAL MUNICIPAL JOSE RABELLO DE MELLO,GUAPIMIRIM,5,Equipamentos para Manutencao da Vida,56,Desfibrilador,4,4,4,0
3301856146376,6146376,HOSPITAL MUNICIPAL JOSE RABELLO DE MELLO,GUAPIMIRIM,5,Equipamentos para Manutencao da Vida,57,Equipamento de Fototerapia,1,1,1,0
3301856146376,6146376,HOSPITAL MUNICIPAL JOSE RABELLO DE MELLO,GUAPIMIRIM,5,Equipamentos para Manutencao da Vida,58,Incubadora,2,2,2,0
3301856146376,6146376,HOSPITAL MUNICIPAL JOSE RABELLO DE MELLO,GUAPIMIRIM,5,Equipamentos para Manutencao da Vida,65,MONITOR MULTIPARAMETRO,52,52,52,0
3301856146376,6146376,HOSPITAL MUNICIPAL JOSE RABELLO DE MELLO,GUAPIMIRIM,5,Equipamentos para Manutencao da Vida,62,Monitor de Pressao Nao-Invasivo,18,18,18,0
3301856146376,6146376,HOSPITAL MUNICIPAL JOSE RABELLO DE MELLO,GUAPIMIRIM,5,Equipamentos para Manutencao da Vida,63,Reanimador Pulmonar/AMBU,17,17,17,0
3301856146376,6146376,HOSPITAL MUNICIPAL JOSE RABELLO DE MELLO,GUAPIMIRIM,5,Equipamentos para Manutencao da Vida,64,Respirador/Ventilador,23,23,23,0
3301856146376,6146376,HOSPITAL MUNICIPAL JOSE RABELLO DE MELLO,GUAPIMIRIM,4,Equipamentos por Metodos Graficos,41,Eletrocardiografo,2,2,2,0
3301902268922,2268922,HOSPITAL MUNICIPAL DESEMBARGADOR LEAL JUNIOR HMDLJ,ITABORAI,1,DIAGNOSTICO POR IMAGEM,04,Raio X ate 100 mA,2,2,0,0
3301902268922,2268922,HOSPITAL MUNICIPAL DESEMBARGADOR LEAL JUNIOR HMDLJ,ITABORAI,1,DIAGNOSTICO POR IMAGEM,11,Tomógrafo Computadorizado,1,1,0,0
3301902268922,2268922,HOSPITAL MUNICIPAL DESEMBARGADOR LEAL JUNIOR HMDLJ,ITABORAI,1,DIAGNOSTICO POR IMAGEM,13,Ultrassom Doppler Colorido,1,1,0,0
3301902268922,2268922,HOSPITAL MUNICIPAL DESEMBARGADOR LEAL JUNIOR HMDLJ,ITABORAI,1,DIAGNOSTICO POR IMAGEM,14,Ultrassom Ecografo,1,1,0,0
3301902268922,2268922,HOSPITAL MUNICIPAL DESEMBARGADOR LEAL JUNIOR HMDLJ,ITABORAI,2,Equipamentos de Infra-Estrutura,22,Grupo Gerador,3,3,0,0
3301902268922,2268922,HOSPITAL MUNICIPAL DESEMBARGADOR LEAL JUNIOR HMDLJ,ITABORAI,5,Equipamentos para Manutencao da Vida,53,Berço Aquecido,3,3,0,0
3301902268922,2268922,HOSPITAL MUNICIPAL DESEMBARGADOR LEAL JUNIOR HMDLJ,ITABORAI,5,Equipamentos para Manutencao da Vida,52,Bomba de Infusao,126,126,0,0
3301902268922,2268922,HOSPITAL MUNICIPAL DESEMBARGADOR LEAL JUNIOR HMDLJ,ITABORAI,5,Equipamentos para Manutencao da Vida,56,Desfibrilador,10,10,0,0
3301902268922,2268922,HOSPITAL MUNICIPAL DESEMBARGADOR LEAL JUNIOR HMDLJ,ITABORAI,5,Equipamentos para Manutencao da Vida,57,Equipamento de Fototerapia,4,4,0,0
3301902268922,2268922,HOSPITAL MUNICIPAL DESEMBARGADOR LEAL JUNIOR HMDLJ,ITABORAI,5,Equipamentos para Manutencao da Vida,58,Incubadora,7,7,0,0
3301902268922,2268922,HOSPITAL MUNICIPAL DESEMBARGADOR LEAL JUNIOR HMDLJ,ITABORAI,5,Equipamentos para Manutencao da Vida,60,Monitor de ECG,67,67,0,0
3301902268922,2268922,HOSPITAL MUNICIPAL DESEMBARGADOR LEAL JUNIOR HMDLJ,ITABORAI,5,Equipamentos para Manutencao da Vida,61,Monitor de Pressao Invasivo,25,25,0,0
3301902268922,2268922,HOSPITAL MUNICIPAL DESEMBARGADOR LEAL JUNIOR HMDLJ,ITABORAI,5,Equipamentos para Manutencao da Vida,62,Monitor de Pressao Nao-Invasivo,67,67,0,0
3301902268922,2268922,HOSPITAL MUNICIPAL DESEMBARGADOR LEAL JUNIOR HMDLJ,ITABORAI,5,Equipamentos para Manutencao da Vida,63,Reanimador Pulmonar/AMBU,62,62,0,0
3301902268922,2268922,HOSPITAL MUNICIPAL DESEMBARGADOR LEAL JUNIOR HMDLJ,ITABORAI,5,Equipamentos para Manutencao da Vida,64,Respirador/Ventilador,35,35,0,0
3301902268922,2268922,HOSPITAL MUNICIPAL DESEMBARGADOR LEAL JUNIOR HMDLJ,ITABORAI,4,Equipamentos por Metodos Graficos,41,Eletrocardiografo,4,4,0,0
3301902268922,2268922,HOSPITAL MUNICIPAL DESEMBARGADOR LEAL JUNIOR HMDLJ,ITABORAI,3,Equipamentos por Metodos Opticos,33,Endoscopio Digestivo,2,2,0,0
3301902268922,2268922,HOSPITAL MUNICIPAL DESEMBARGADOR LEAL JUNIOR HMDLJ,ITABORAI,3,Equipamentos por Metodos Opticos,35,Laparoscopio/Vídeo,1,1,0,0
3301900131237,0131237,HOSPITAL MUNICIPAL SAO JUDAS TADEU,ITABORAI,1,DIAGNOSTICO POR IMAGEM,04,Raio X ate 100 mA,1,1,0,0
3301900131237,0131237,HOSPITAL MUNICIPAL SAO JUDAS TADEU,ITABORAI,1,DIAGNOSTICO POR IMAGEM,13,Ultrassom Doppler Colorido,1,1,0,0
3301900131237,0131237,HOSPITAL MUNICIPAL SAO JUDAS TADEU,ITABORAI,1,DIAGNOSTICO POR IMAGEM,14,Ultrassom Ecografo,1,1,0,0
3301900131237,0131237,HOSPITAL MUNICIPAL SAO JUDAS TADEU,ITABORAI,2,Equipamentos de Infra-Estrutura,22,Grupo Gerador,1,1,0,0
3301900131237,0131237,HOSPITAL MUNICIPAL SAO JUDAS TADEU,ITABORAI,5,Equipamentos para Manutencao da Vida,56,Desfibrilador,2,2,0,0
3301900131237,0131237,HOSPITAL MUNICIPAL SAO JUDAS TADEU,ITABORAI,5,Equipamentos para Manutencao da Vida,60,Monitor de ECG,30,30,0,0
3301900131237,0131237,HOSPITAL MUNICIPAL SAO JUDAS TADEU,ITABORAI,5,Equipamentos para Manutencao da Vida,62,Monitor de Pressao Nao-Invasivo,30,30,0,0
3301900131237,0131237,HOSPITAL MUNICIPAL SAO JUDAS TADEU,ITABORAI,5,Equipamentos para Manutencao da Vida,63,Reanimador Pulmonar/AMBU,10,10,0,0
3301900131237,0131237,HOSPITAL MUNICIPAL SAO JUDAS TADEU,ITABORAI,5,Equipamentos para Manutencao da Vida,64,Respirador/Ventilador,30,30,0,0
3301900131237,0131237,HOSPITAL MUNICIPAL SAO JUDAS TADEU,ITABORAI,4,Equipamentos por Metodos Graficos,41,Eletrocardiografo,3,3,0,0
3302002284634,2284634,HOSPITAL MUNICIPAL SAO FRANCISCO XAVIER,ITAGUAI,1,DIAGNOSTICO POR IMAGEM,05,Raio X de 100 a 500 mA,2,1,0,1
3302002284634,2284634,HOSPITAL MUNICIPAL SAO FRANCISCO XAVIER,ITAGUAI,1,DIAGNOSTICO POR IMAGEM,11,Tomógrafo Computadorizado,1,1,0,0
3302002284634,2284634,HOSPITAL MUNICIPAL SAO FRANCISCO XAVIER,ITAGUAI,1,DIAGNOSTICO POR IMAGEM,15,Ultrassom Convencional,1,1,0,0
3302002284634,2284634,HOSPITAL MUNICIPAL SAO FRANCISCO XAVIER,ITAGUAI,1,DIAGNOSTICO POR IMAGEM,14,Ultrassom Ecografo,1,1,0,0
3302002284634,2284634,HOSPITAL MUNICIPAL SAO FRANCISCO XAVIER,ITAGUAI,2,Equipamentos de Infra-Estrutura,22,Grupo Gerador,1,1,0,0
3302002284634,2284634,HOSPITAL MUNICIPAL SAO FRANCISCO XAVIER,ITAGUAI,2,Equipamentos de Infra-Estrutura,23,Usina de Oxigenio,1,1,0,0
3302002284634,2284634,HOSPITAL MUNICIPAL SAO FRANCISCO XAVIER,ITAGUAI,5,Equipamentos para Manutencao da Vida,53,Berço Aquecido,4,2,0,2
3302002284634,2284634,HOSPITAL MUNICIPAL SAO FRANCISCO XAVIER,ITAGUAI,5,Equipamentos para Manutencao da Vida,52,Bomba de Infusao,38,38,0,0
3302002284634,2284634,HOSPITAL MUNICIPAL SAO FRANCISCO XAVIER,ITAGUAI,5,Equipamentos para Manutencao da Vida,56,Desfibrilador,5,5,0,0
3302002284634,2284634,HOSPITAL MUNICIPAL SAO FRANCISCO XAVIER,ITAGUAI,5,Equipamentos para Manutencao da Vida,57,Equipamento de Fototerapia,2,2,0,0
3302002284634,2284634,HOSPITAL MUNICIPAL SAO FRANCISCO XAVIER,ITAGUAI,5,Equipamentos para Manutencao da Vida,58,Incubadora,2,2,0,0
3302002284634,2284634,HOSPITAL MUNICIPAL SAO FRANCISCO XAVIER,ITAGUAI,5,Equipamentos para Manutencao da Vida,60,Monitor de ECG,2,2,0,0
3302002284634,2284634,HOSPITAL MUNICIPAL SAO FRANCISCO XAVIER,ITAGUAI,5,Equipamentos para Manutencao da Vida,62,Monitor de Pressao Nao-Invasivo,1,1,0,0
3302002284634,2284634,HOSPITAL MUNICIPAL SAO FRANCISCO XAVIER,ITAGUAI,5,Equipamentos para Manutencao da Vida,64,Respirador/Ventilador,12,12,0,0
3302002284634,2284634,HOSPITAL MUNICIPAL SAO FRANCISCO XAVIER,ITAGUAI,4,Equipamentos por Metodos Graficos,41,Eletrocardiografo,2,1,0,1
3302002284634,2284634,HOSPITAL MUNICIPAL SAO FRANCISCO XAVIER,ITAGUAI,3,Equipamentos por Metodos Opticos,33,Endoscopio Digestivo,1,1,0,0
3302002284634,2284634,HOSPITAL MUNICIPAL SAO FRANCISCO XAVIER,ITAGUAI,3,Equipamentos por Metodos Opticos,51,HISTEROSCOPIO,1,1,0,0
3302002284634,2284634,HOSPITAL MUNICIPAL SAO FRANCISCO XAVIER,ITAGUAI,3,Equipamentos por Metodos Opticos,35,Laparoscopio/Vídeo,1,1,0,0
3302002284634,2284634,HOSPITAL MUNICIPAL SAO FRANCISCO XAVIER,ITAGUAI,6,Outros Equipamentos,71,Aparelho de Diatermia por Ultrassom/Ondas Curtas,1,1,0,0
3302002284634,2284634,HOSPITAL MUNICIPAL SAO FRANCISCO XAVIER,ITAGUAI,6,Outros Equipamentos,72,Aparelho de Eletroestimulacao,5,5,0,0
3302002284634,2284634,HOSPITAL MUNICIPAL SAO FRANCISCO XAVIER,ITAGUAI,6,Outros Equipamentos,73,Bomba de Infusao de Hemoderivados,9,9,0,0
3302103470350,3470350,HOSPITAL MUNICIPAL DE ITAOCARA,ITAOCARA,1,DIAGNOSTICO POR IMAGEM,05,Raio X de 100 a 500 mA,3,2,0,1
3302103470350,3470350,HOSPITAL MUNICIPAL DE ITAOCARA,ITAOCARA,1,DIAGNOSTICO POR IMAGEM,14,Ultrassom Ecografo,1,1,0,0
3302103470350,3470350,HOSPITAL MUNICIPAL DE ITAOCARA,ITAOCARA,2,Equipamentos de Infra-Estrutura,22,Grupo Gerador,1,1,0,0
3302103470350,3470350,HOSPITAL MUNICIPAL DE ITAOCARA,ITAOCARA,5,Equipamentos para Manutencao da Vida,53,Berço Aquecido,2,1,0,1
3302103470350,3470350,HOSPITAL MUNICIPAL DE ITAOCARA,ITAOCARA,5,Equipamentos para Manutencao da Vida,52,Bomba de Infusao,20,20,0,0
3302103470350,3470350,HOSPITAL MUNICIPAL DE ITAOCARA,ITAOCARA,5,Equipamentos para Manutencao da Vida,56,Desfibrilador,4,4,0,0
3302103470350,3470350,HOSPITAL MUNICIPAL DE ITAOCARA,ITAOCARA,5,Equipamentos para Manutencao da Vida,57,Equipamento de Fototerapia,4,4,0,0
3302103470350,3470350,HOSPITAL MUNICIPAL DE ITAOCARA,ITAOCARA,5,Equipamentos para Manutencao da Vida,58,Incubadora,1,1,0,0
3302103470350,3470350,HOSPITAL MUNICIPAL DE ITAOCARA,ITAOCARA,5,Equipamentos para Manutencao da Vida,60,Monitor de ECG,8,8,0,0
3302103470350,3470350,HOSPITAL MUNICIPAL DE ITAOCARA,ITAOCARA,5,Equipamentos para Manutencao da Vida,62,Monitor de Pressao Nao-Invasivo,5,5,0,0
3302103470350,3470350,HOSPITAL MUNICIPAL DE ITAOCARA,ITAOCARA,5,Equipamentos para Manutencao da Vida,63,Reanimador Pulmonar/AMBU,8,8,0,0
3302103470350,3470350,HOSPITAL MUNICIPAL DE ITAOCARA,ITAOCARA,5,Equipamentos para Manutencao da Vida,64,Respirador/Ventilador,16,16,0,0
3302103470350,3470350,HOSPITAL MUNICIPAL DE ITAOCARA,ITAOCARA,4,Equipamentos por Metodos Graficos,41,Eletrocardiografo,2,2,0,0
3302103470350,3470350,HOSPITAL MUNICIPAL DE ITAOCARA,ITAOCARA,3,Equipamentos por Metodos Opticos,32,Endoscopio das Vias Urinarias,1,1,0,0
3302103470350,3470350,HOSPITAL MUNICIPAL DE ITAOCARA,ITAOCARA,6,Outros Equipamentos,78,Forno de Bier,2,2,0,0
3302252288230,2288230,HOSP MUNICIPAL MATERNIDADE DR MANOEL MARTINS DE BARROS,ITATIAIA,1,DIAGNOSTICO POR IMAGEM,07,RAIO X ODONTOLOGICO,1,1,1,0
3302252288230,2288230,HOSP MUNICIPAL MATERNIDADE DR MANOEL MARTINS DE BARROS,ITATIAIA,1,DIAGNOSTICO POR IMAGEM,04,Raio X ate 100 mA,1,1,1,0
3302252288230,2288230,HOSP MUNICIPAL MATERNIDADE DR MANOEL MARTINS DE BARROS,ITATIAIA,1,DIAGNOSTICO POR IMAGEM,05,Raio X de 100 a 500 mA,1,1,1,0
3302252288230,2288230,HOSP MUNICIPAL MATERNIDADE DR MANOEL MARTINS DE BARROS,ITATIAIA,1,DIAGNOSTICO POR IMAGEM,11,Tomógrafo Computadorizado,1,1,1,0
3302252288230,2288230,HOSP MUNICIPAL MATERNIDADE DR MANOEL MARTINS DE BARROS,ITATIAIA,1,DIAGNOSTICO POR IMAGEM,15,Ultrassom Convencional,1,1,1,0
3302252288230,2288230,HOSP MUNICIPAL MATERNIDADE DR MANOEL MARTINS DE BARROS,ITATIAIA,1,DIAGNOSTICO POR IMAGEM,13,Ultrassom Doppler Colorido,1,1,1,0
3302252288230,2288230,HOSP MUNICIPAL MATERNIDADE DR MANOEL MARTINS DE BARROS,ITATIAIA,2,Equipamentos de Infra-Estrutura,22,Grupo Gerador,2,1,1,1
3302252288230,2288230,HOSP MUNICIPAL MATERNIDADE DR MANOEL MARTINS DE BARROS,ITATIAIA,7,Equipamentos de Odontologia,83,Caneta de Alta Rotacao,1,1,1,0
3302252288230,2288230,HOSP MUNICIPAL MATERNIDADE DR MANOEL MARTINS DE BARROS,ITATIAIA,7,Equipamentos de Odontologia,84,Caneta de Baixa Rotacao,1,1,1,0
3302252288230,2288230,HOSP MUNICIPAL MATERNIDADE DR MANOEL MARTINS DE BARROS,ITATIAIA,7,Equipamentos de Odontologia,81,Compressor Odontologico,1,1,1,0
3302252288230,2288230,HOSP MUNICIPAL MATERNIDADE DR MANOEL MARTINS DE BARROS,ITATIAIA,7,Equipamentos de Odontologia,80,Equipo Odontologico,1,1,1,0
3302252288230,2288230,HOSP MUNICIPAL MATERNIDADE DR MANOEL MARTINS DE BARROS,ITATIAIA,7,Equipamentos de Odontologia,82,Fotopolimerizador,1,1,1,0
3302252288230,2288230,HOSP MUNICIPAL MATERNIDADE DR MANOEL MARTINS DE BARROS,ITATIAIA,5,Equipamentos para Manutencao da Vida,53,Berço Aquecido,3,3,3,0
3302252288230,2288230,HOSP MUNICIPAL MATERNIDADE DR MANOEL MARTINS DE BARROS,ITATIAIA,5,Equipamentos para Manutencao da Vida,52,Bomba de Infusao,11,8,8,3
3302252288230,2288230,HOSP MUNICIPAL MATERNIDADE DR MANOEL MARTINS DE BARROS,ITATIAIA,5,Equipamentos para Manutencao da Vida,56,Desfibrilador,4,3,3,1
3302252288230,2288230,HOSP MUNICIPAL MATERNIDADE DR MANOEL MARTINS DE BARROS,ITATIAIA,5,Equipamentos para Manutencao da Vida,57,Equipamento de Fototerapia,1,1,1,0
3302252288230,2288230,HOSP MUNICIPAL MATERNIDADE DR MANOEL MARTINS DE BARROS,ITATIAIA,5,Equipamentos para Manutencao da Vida,58,Incubadora,3,2,2,1
3302252288230,2288230,HOSP MUNICIPAL MATERNIDADE DR MANOEL MARTINS DE BARROS,ITATIAIA,5,Equipamentos para Manutencao da Vida,60,Monitor de ECG,1,1,1,0
3302252288230,2288230,HOSP MUNICIPAL MATERNIDADE DR MANOEL MARTINS DE BARROS,ITATIAIA,5,Equipamentos para Manutencao da Vida,62,Monitor de Pressao Nao-Invasivo,6,5,5,1
3302252288230,2288230,HOSP MUNICIPAL MATERNIDADE DR MANOEL MARTINS DE BARROS,ITATIAIA,5,Equipamentos para Manutencao da Vida,63,Reanimador Pulmonar/AMBU,18,18,18,0
3302252288230,2288230,HOSP MUNICIPAL MATERNIDADE DR MANOEL MARTINS DE BARROS,ITATIAIA,5,Equipamentos para Manutencao da Vida,64,Respirador/Ventilador,10,6,6,4
3302252288230,2288230,HOSP MUNICIPAL MATERNIDADE DR MANOEL MARTINS DE BARROS,ITATIAIA,4,Equipamentos por Metodos Graficos,41,Eletrocardiografo,1,1,1,0
3302252288230,2288230,HOSP MUNICIPAL MATERNIDADE DR MANOEL MARTINS DE BARROS,ITATIAIA,4,Equipamentos por Metodos Graficos,42,Eletroencefalografo,1,1,1,0
3302252288230,2288230,HOSP MUNICIPAL MATERNIDADE DR MANOEL MARTINS DE BARROS,ITATIAIA,3,Equipamentos por Metodos Opticos,33,Endoscopio Digestivo,1,1,1,0
3302252288230,2288230,HOSP MUNICIPAL MATERNIDADE DR MANOEL MARTINS DE BARROS,ITATIAIA,3,Equipamentos por Metodos Opticos,36,Microscopio Cirurgico,1,1,1,0
3302272281554,2281554,HMJ HOSPITAL MUNICIPAL DE JAPERI,JAPERI,1,DIAGNOSTICO POR IMAGEM,05,Raio X de 100 a 500 mA,1,1,0,0
3302272281554,2281554,HMJ HOSPITAL MUNICIPAL DE JAPERI,JAPERI,1,DIAGNOSTICO POR IMAGEM,15,Ultrassom Convencional,1,1,0,0
3302272281554,2281554,HMJ HOSPITAL MUNICIPAL DE JAPERI,JAPERI,2,Equipamentos de Infra-Estrutura,22,Grupo Gerador,1,1,0,0
3302272281554,2281554,HMJ HOSPITAL MUNICIPAL DE JAPERI,JAPERI,5,Equipamentos para Manutencao da Vida,52,Bomba de Infusao,60,60,0,0
3302272281554,2281554,HMJ HOSPITAL MUNICIPAL DE JAPERI,JAPERI,5,Equipamentos para Manutencao da Vida,56,Desfibrilador,2,2,0,0
3302272281554,2281554,HMJ HOSPITAL MUNICIPAL DE JAPERI,JAPERI,5,Equipamentos para Manutencao da Vida,60,Monitor de ECG,40,20,0,20
3302272281554,2281554,HMJ HOSPITAL MUNICIPAL DE JAPERI,JAPERI,5,Equipamentos para Manutencao da Vida,62,Monitor de Pressao Nao-Invasivo,40,20,0,20
3302272281554,2281554,HMJ HOSPITAL MUNICIPAL DE JAPERI,JAPERI,5,Equipamentos para Manutencao da Vida,63,Reanimador Pulmonar/AMBU,10,6,0,4
3302272281554,2281554,HMJ HOSPITAL MUNICIPAL DE JAPERI,JAPERI,5,Equipamentos para Manutencao da Vida,64,Respirador/Ventilador,22,16,0,6
3302272281554,2281554,HMJ HOSPITAL MUNICIPAL DE JAPERI,JAPERI,4,Equipamentos por Metodos Graficos,41,Eletrocardiografo,3,1,0,2
3302272281554,2281554,HMJ HOSPITAL MUNICIPAL DE JAPERI,JAPERI,3,Equipamentos por Metodos Opticos,33,Endoscopio Digestivo,1,1,0,0
3302302290499,2290499,HOSPITAL MUNICIPAL DE LAJE DO MURIAE,LAJE DO MURIAE,1,DIAGNOSTICO POR IMAGEM,06,Raio X mais de 500mA,1,1,0,0
3302302290499,2290499,HOSPITAL MUNICIPAL DE LAJE DO MURIAE,LAJE DO MURIAE,1,DIAGNOSTICO POR IMAGEM,15,Ultrassom Convencional,1,1,0,0
3302302290499,2290499,HOSPITAL MUNICIPAL DE LAJE DO MURIAE,LAJE DO MURIAE,5,Equipamentos para Manutencao da Vida,53,Berço Aquecido,2,2,0,0
3302302290499,2290499,HOSPITAL MUNICIPAL DE LAJE DO MURIAE,LAJE DO MURIAE,5,Equipamentos para Manutencao da Vida,52,Bomba de Infusao,1,1,0,0
3302302290499,2290499,HOSPITAL MUNICIPAL DE LAJE DO MURIAE,LAJE DO MURIAE,5,Equipamentos para Manutencao da Vida,56,Desfibrilador,1,1,0,0
3302302290499,2290499,HOSPITAL MUNICIPAL DE LAJE DO MURIAE,LAJE DO MURIAE,5,Equipamentos para Manutencao da Vida,58,Incubadora,2,2,0,0
3302302290499,2290499,HOSPITAL MUNICIPAL DE LAJE DO MURIAE,LAJE DO MURIAE,5,Equipamentos para Manutencao da Vida,60,Monitor de ECG,2,2,0,0
3302302290499,2290499,HOSPITAL MUNICIPAL DE LAJE DO MURIAE,LAJE DO MURIAE,5,Equipamentos para Manutencao da Vida,63,Reanimador Pulmonar/AMBU,3,3,0,0
3302302290499,2290499,HOSPITAL MUNICIPAL DE LAJE DO MURIAE,LAJE DO MURIAE,5,Equipamentos para Manutencao da Vida,64,Respirador/Ventilador,7,7,0,0
3302302290499,2290499,HOSPITAL MUNICIPAL DE LAJE DO MURIAE,LAJE DO MURIAE,4,Equipamentos por Metodos Graficos,41,Eletrocardiografo,1,1,0,0
3302407655703,7655703,HOSPITAL PUBLICO MUNICIPAL DA SERRA HPMS,MACAE,1,DIAGNOSTICO POR IMAGEM,07,RAIO X ODONTOLOGICO,1,1,0,0
3302407655703,7655703,HOSPITAL PUBLICO MUNICIPAL DA SERRA HPMS,MACAE,1,DIAGNOSTICO POR IMAGEM,06,Raio X mais de 500mA,1,1,0,0
3302407655703,7655703,HOSPITAL PUBLICO MUNICIPAL DA SERRA HPMS,MACAE,1,DIAGNOSTICO POR IMAGEM,13,Ultrassom Doppler Colorido,1,1,1,0
3302407655703,7655703,HOSPITAL PUBLICO MUNICIPAL DA SERRA HPMS,MACAE,1,DIAGNOSTICO POR IMAGEM,14,Ultrassom Ecografo,1,1,1,0
3302407655703,7655703,HOSPITAL PUBLICO MUNICIPAL DA SERRA HPMS,MACAE,2,Equipamentos de Infra-Estrutura,22,Grupo Gerador,1,1,0,0
3302407655703,7655703,HOSPITAL PUBLICO MUNICIPAL DA SERRA HPMS,MACAE,7,Equipamentos de Odontologia,85,Amalgamador,1,1,0,0
3302407655703,7655703,HOSPITAL PUBLICO MUNICIPAL DA SERRA HPMS,MACAE,7,Equipamentos de Odontologia,83,Caneta de Alta Rotacao,1,1,0,0
3302407655703,7655703,HOSPITAL PUBLICO MUNICIPAL DA SERRA HPMS,MACAE,7,Equipamentos de Odontologia,84,Caneta de Baixa Rotacao,1,1,0,0
3302407655703,7655703,HOSPITAL PUBLICO MUNICIPAL DA SERRA HPMS,MACAE,7,Equipamentos de Odontologia,81,Compressor Odontologico,1,1,0,0
3302407655703,7655703,HOSPITAL PUBLICO MUNICIPAL DA SERRA HPMS,MACAE,7,Equipamentos de Odontologia,80,Equipo Odontologico,1,1,0,0
3302407655703,7655703,HOSPITAL PUBLICO MUNICIPAL DA SERRA HPMS,MACAE,7,Equipamentos de Odontologia,82,Fotopolimerizador,1,1,0,0
3302407655703,7655703,HOSPITAL PUBLICO MUNICIPAL DA SERRA HPMS,MACAE,5,Equipamentos para Manutencao da Vida,52,Bomba de Infusao,5,5,0,0
3302407655703,7655703,HOSPITAL PUBLICO MUNICIPAL DA SERRA HPMS,MACAE,5,Equipamentos para Manutencao da Vida,56,Desfibrilador,2,2,0,0
3302407655703,7655703,HOSPITAL PUBLICO MUNICIPAL DA SERRA HPMS,MACAE,5,Equipamentos para Manutencao da Vida,60,Monitor de ECG,3,3,0,0
3302407655703,7655703,HOSPITAL PUBLICO MUNICIPAL DA SERRA HPMS,MACAE,5,Equipamentos para Manutencao da Vida,61,Monitor de Pressao Invasivo,1,1,0,0
3302407655703,7655703,HOSPITAL PUBLICO MUNICIPAL DA SERRA HPMS,MACAE,5,Equipamentos para Manutencao da Vida,62,Monitor de Pressao Nao-Invasivo,4,4,0,0
3302407655703,7655703,HOSPITAL PUBLICO MUNICIPAL DA SERRA HPMS,MACAE,5,Equipamentos para Manutencao da Vida,63,Reanimador Pulmonar/AMBU,1,1,0,0
3302407655703,7655703,HOSPITAL PUBLICO MUNICIPAL DA SERRA HPMS,MACAE,5,Equipamentos para Manutencao da Vida,64,Respirador/Ventilador,3,3,0,0
3302407655703,7655703,HOSPITAL PUBLICO MUNICIPAL DA SERRA HPMS,MACAE,4,Equipamentos por Metodos Graficos,41,Eletrocardiografo,1,1,0,0
3302407655703,7655703,HOSPITAL PUBLICO MUNICIPAL DA SERRA HPMS,MACAE,3,Equipamentos por Metodos Opticos,33,Endoscopio Digestivo,1,1,0,0
3302407655703,7655703,HOSPITAL PUBLICO MUNICIPAL DA SERRA HPMS,MACAE,3,Equipamentos por Metodos Opticos,32,Endoscopio das Vias Urinarias,1,0,0,1
3302407655703,7655703,HOSPITAL PUBLICO MUNICIPAL DA SERRA HPMS,MACAE,3,Equipamentos por Metodos Opticos,51,HISTEROSCOPIO,1,1,0,0
3302407655703,7655703,HOSPITAL PUBLICO MUNICIPAL DA SERRA HPMS,MACAE,3,Equipamentos por Metodos Opticos,35,Laparoscopio/Vídeo,1,1,0,0
3302405412447,5412447,HOSPITAL PUBLICO MUNICIPAL DE MACAE HPM,MACAE,1,DIAGNOSTICO POR IMAGEM,08,Raio X com Fluoroscopia,1,1,0,0
3302405412447,5412447,HOSPITAL PUBLICO MUNICIPAL DE MACAE HPM,MACAE,1,DIAGNOSTICO POR IMAGEM,05,Raio X de 100 a 500 mA,3,3,0,0
3302405412447,5412447,HOSPITAL PUBLICO MUNICIPAL DE MACAE HPM,MACAE,1,DIAGNOSTICO POR IMAGEM,06,Raio X mais de 500mA,2,2,0,0
3302405412447,5412447,HOSPITAL PUBLICO MUNICIPAL DE MACAE HPM,MACAE,1,DIAGNOSTICO POR IMAGEM,11,Tomógrafo Computadorizado,1,1,0,0
3302405412447,5412447,HOSPITAL PUBLICO MUNICIPAL DE MACAE HPM,MACAE,1,DIAGNOSTICO POR IMAGEM,15,Ultrassom Convencional,2,2,0,0
3302405412447,5412447,HOSPITAL PUBLICO MUNICIPAL DE MACAE HPM,MACAE,1,DIAGNOSTICO POR IMAGEM,13,Ultrassom Doppler Colorido,2,2,0,0
3302405412447,5412447,HOSPITAL PUBLICO MUNICIPAL DE MACAE HPM,MACAE,1,DIAGNOSTICO POR IMAGEM,14,Ultrassom Ecografo,1,1,0,0
3302405412447,5412447,HOSPITAL PUBLICO MUNICIPAL DE MACAE HPM,MACAE,8,EQUIPAMENTOS DE AUDIOLOGIA,88,EMISSOES OTOACUSTICAS EVOCADAS POR PRODUTO DE DISTORCAO,2,2,0,0
3302405412447,5412447,HOSPITAL PUBLICO MUNICIPAL DE MACAE HPM,MACAE,8,EQUIPAMENTOS DE AUDIOLOGIA,87,EMISSOES OTOACUSTICAS EVOCADAS TRANSIENTES,2,2,0,0
3302405412447,5412447,HOSPITAL PUBLICO MUNICIPAL DE MACAE HPM,MACAE,8,EQUIPAMENTOS DE AUDIOLOGIA,89,POTENCIAL EVOCADO AUDITIVO DE TRONCO ENCEFALICO AUTOMATICO,1,1,0,0
3302405412447,5412447,HOSPITAL PUBLICO MUNICIPAL DE MACAE HPM,MACAE,2,Equipamentos de Infra-Estrutura,22,Grupo Gerador,4,4,0,0
3302405412447,5412447,HOSPITAL PUBLICO MUNICIPAL DE MACAE HPM,MACAE,7,Equipamentos de Odontologia,86,Aparelho de Profilaxia c/ Jato de Bicarbonato,1,1,0,0
3302405412447,5412447,HOSPITAL PUBLICO MUNICIPAL DE MACAE HPM,MACAE,7,Equipamentos de Odontologia,80,Equipo Odontologico,1,1,0,0
3302405412447,5412447,HOSPITAL PUBLICO MUNICIPAL DE MACAE HPM,MACAE,5,Equipamentos para Manutencao da Vida,53,Berço Aquecido,9,9,0,0
3302405412447,5412447,HOSPITAL PUBLICO MUNICIPAL DE MACAE HPM,MACAE,5,Equipamentos para Manutencao da Vida,54,Bilirrubinometro,1,1,0,0
3302405412447,5412447,HOSPITAL PUBLICO MUNICIPAL DE MACAE HPM,MACAE,5,Equipamentos para Manutencao da Vida,52,Bomba de Infusao,200,200,0,0
3302405412447,5412447,HOSPITAL PUBLICO MUNICIPAL DE MACAE HPM,MACAE,5,Equipamentos para Manutencao da Vida,56,Desfibrilador,14,14,0,0
3302405412447,5412447,HOSPITAL PUBLICO MUNICIPAL DE MACAE HPM,MACAE,5,Equipamentos para Manutencao da Vida,57,Equipamento de Fototerapia,8,8,0,0
3302405412447,5412447,HOSPITAL PUBLICO MUNICIPAL DE MACAE HPM,MACAE,5,Equipamentos para Manutencao da Vida,58,Incubadora,8,8,0,0
3302405412447,5412447,HOSPITAL PUBLICO MUNICIPAL DE MACAE HPM,MACAE,5,Equipamentos para Manutencao da Vida,59,Marcapasso Temporario,2,2,0,0
3302405412447,5412447,HOSPITAL PUBLICO MUNICIPAL DE MACAE HPM,MACAE,5,Equipamentos para Manutencao da Vida,60,Monitor de ECG,82,82,0,0
3302405412447,5412447,HOSPITAL PUBLICO MUNICIPAL DE MACAE HPM,MACAE,5,Equipamentos para Manutencao da Vida,61,Monitor de Pressao Invasivo,20,20,0,0
3302405412447,5412447,HOSPITAL PUBLICO MUNICIPAL DE MACAE HPM,MACAE,5,Equipamentos para Manutencao da Vida,62,Monitor de Pressao Nao-Invasivo,82,82,0,0
3302405412447,5412447,HOSPITAL PUBLICO MUNICIPAL DE MACAE HPM,MACAE,5,Equipamentos para Manutencao da Vida,63,Reanimador Pulmonar/AMBU,100,100,0,0
3302405412447,5412447,HOSPITAL PUBLICO MUNICIPAL DE MACAE HPM,MACAE,5,Equipamentos para Manutencao da Vida,64,Respirador/Ventilador,79,79,0,0
3302405412447,5412447,HOSPITAL PUBLICO MUNICIPAL DE MACAE HPM,MACAE,4,Equipamentos por Metodos Graficos,41,Eletrocardiografo,14,14,0,0
3302405412447,5412447,HOSPITAL PUBLICO MUNICIPAL DE MACAE HPM,MACAE,4,Equipamentos por Metodos Graficos,42,Eletroencefalografo,2,2,0,0
3302405412447,5412447,HOSPITAL PUBLICO MUNICIPAL DE MACAE HPM,MACAE,3,Equipamentos por Metodos Opticos,49,BIOMICROSCOPIO (LAMPADA DE FENDA),1,1,0,0
3302405412447,5412447,HOSPITAL PUBLICO MUNICIPAL DE MACAE HPM,MACAE,3,Equipamentos por Metodos Opticos,33,Endoscopio Digestivo,3,3,0,0
3302405412447,5412447,HOSPITAL PUBLICO MUNICIPAL DE MACAE HPM,MACAE,3,Equipamentos por Metodos Opticos,31,Endoscopio das Vias Respiratorias,2,2,0,0
3302405412447,5412447,HOSPITAL PUBLICO MUNICIPAL DE MACAE HPM,MACAE,3,Equipamentos por Metodos Opticos,32,Endoscopio das Vias Urinarias,3,3,0,0
3302405412447,5412447,HOSPITAL PUBLICO MUNICIPAL DE MACAE HPM,MACAE,3,Equipamentos por Metodos Opticos,35,Laparoscopio/Vídeo,2,1,0,1
3302405412447,5412447,HOSPITAL PUBLICO MUNICIPAL DE MACAE HPM,MACAE,3,Equipamentos por Metodos Opticos,36,Microscopio Cirurgico,1,1,0,0
3302405412447,5412447,HOSPITAL PUBLICO MUNICIPAL DE MACAE HPM,MACAE,3,Equipamentos por Metodos Opticos,46,OFTALMOSCOPIO,1,1,0,0
3302405412447,5412447,HOSPITAL PUBLICO MUNICIPAL DE MACAE HPM,MACAE,3,Equipamentos por Metodos Opticos,48,TONOMETRO DE APLANACAO,1,1,0,0
3302502278731,2278731,HOSPITAL DE MAUA DR MARIO PINHEIRO,MAGE,1,DIAGNOSTICO POR IMAGEM,04,Raio X ate 100 mA,1,1,1,0
3302502278731,2278731,HOSPITAL DE MAUA DR MARIO PINHEIRO,MAGE,1,DIAGNOSTICO POR IMAGEM,11,Tomógrafo Computadorizado,1,1,1,0
3302502278731,2278731,HOSPITAL DE MAUA DR MARIO PINHEIRO,MAGE,5,Equipamentos para Manutencao da Vida,60,Monitor de ECG,1,1,1,0
3302502278731,2278731,HOSPITAL DE MAUA DR MARIO PINHEIRO,MAGE,4,Equipamentos por Metodos Graficos,41,Eletrocardiografo,1,1,1,0
3302502278324,2278324,HOSPITAL MATERNO INFANTIL DE PIABETA VEREADOR HUGO BRAGA,MAGE,2,Equipamentos de Infra-Estrutura,21,Controle Ambiental/Ar-condicionado Central,1,1,1,0
3302502278324,2278324,HOSPITAL MATERNO INFANTIL DE PIABETA VEREADOR HUGO BRAGA,MAGE,2,Equipamentos de Infra-Estrutura,22,Grupo Gerador,1,1,1,0
3302502278324,2278324,HOSPITAL MATERNO INFANTIL DE PIABETA VEREADOR HUGO BRAGA,MAGE,2,Equipamentos de Infra-Estrutura,23,Usina de Oxigenio,1,1,1,0
3302502278324,2278324,HOSPITAL MATERNO INFANTIL DE PIABETA VEREADOR HUGO BRAGA,MAGE,5,Equipamentos para Manutencao da Vida,53,Berço Aquecido,2,2,2,0
3302502278324,2278324,HOSPITAL MATERNO INFANTIL DE PIABETA VEREADOR HUGO BRAGA,MAGE,5,Equipamentos para Manutencao da Vida,52,Bomba de Infusao,2,2,2,0
3302502278324,2278324,HOSPITAL MATERNO INFANTIL DE PIABETA VEREADOR HUGO BRAGA,MAGE,5,Equipamentos para Manutencao da Vida,56,Desfibrilador,1,1,1,0
3302502278324,2278324,HOSPITAL MATERNO INFANTIL DE PIABETA VEREADOR HUGO BRAGA,MAGE,5,Equipamentos para Manutencao da Vida,57,Equipamento de Fototerapia,4,1,1,3
3302502278324,2278324,HOSPITAL MATERNO INFANTIL DE PIABETA VEREADOR HUGO BRAGA,MAGE,5,Equipamentos para Manutencao da Vida,58,Incubadora,2,2,2,0
3302502278324,2278324,HOSPITAL MATERNO INFANTIL DE PIABETA VEREADOR HUGO BRAGA,MAGE,5,Equipamentos para Manutencao da Vida,60,Monitor de ECG,3,3,3,0
3302502278324,2278324,HOSPITAL MATERNO INFANTIL DE PIABETA VEREADOR HUGO BRAGA,MAGE,5,Equipamentos para Manutencao da Vida,63,Reanimador Pulmonar/AMBU,5,5,5,0
3302502278324,2278324,HOSPITAL MATERNO INFANTIL DE PIABETA VEREADOR HUGO BRAGA,MAGE,5,Equipamentos para Manutencao da Vida,64,Respirador/Ventilador,5,5,5,0
3302502278324,2278324,HOSPITAL MATERNO INFANTIL DE PIABETA VEREADOR HUGO BRAGA,MAGE,4,Equipamentos por Metodos Graficos,41,Eletrocardiografo,1,1,1,0
3302502278324,2278324,HOSPITAL MATERNO INFANTIL DE PIABETA VEREADOR HUGO BRAGA,MAGE,4,Equipamentos por Metodos Graficos,42,Eletroencefalografo,1,1,1,0
3302502278324,2278324,HOSPITAL MATERNO INFANTIL DE PIABETA VEREADOR HUGO BRAGA,MAGE,3,Equipamentos por Metodos Opticos,33,Endoscopio Digestivo,1,1,1,0
3302502278324,2278324,HOSPITAL MATERNO INFANTIL DE PIABETA VEREADOR HUGO BRAGA,MAGE,3,Equipamentos por Metodos Opticos,31,Endoscopio das Vias Respiratorias,1,1,1,0
3302502278324,2278324,HOSPITAL MATERNO INFANTIL DE PIABETA VEREADOR HUGO BRAGA,MAGE,3,Equipamentos por Metodos Opticos,35,Laparoscopio/Vídeo,1,1,1,0
3302502278677,2278677,HOSPITAL MUNICIPAL DE FRAGOSO GENARINO COZZOLINO,MAGE,1,DIAGNOSTICO POR IMAGEM,07,RAIO X ODONTOLOGICO,1,1,1,0
3302502278677,2278677,HOSPITAL MUNICIPAL DE FRAGOSO GENARINO COZZOLINO,MAGE,1,DIAGNOSTICO POR IMAGEM,04,Raio X ate 100 mA,1,1,1,0
3302502278677,2278677,HOSPITAL MUNICIPAL DE FRAGOSO GENARINO COZZOLINO,MAGE,1,DIAGNOSTICO POR IMAGEM,11,Tomógrafo Computadorizado,1,1,1,0
3302502278677,2278677,HOSPITAL MUNICIPAL DE FRAGOSO GENARINO COZZOLINO,MAGE,1,DIAGNOSTICO POR IMAGEM,15,Ultrassom Convencional,1,1,1,0
3302502278677,2278677,HOSPITAL MUNICIPAL DE FRAGOSO GENARINO COZZOLINO,MAGE,7,Equipamentos de Odontologia,80,Equipo Odontologico,1,1,1,0
3302502278677,2278677,HOSPITAL MUNICIPAL DE FRAGOSO GENARINO COZZOLINO,MAGE,5,Equipamentos para Manutencao da Vida,63,Reanimador Pulmonar/AMBU,2,2,2,0
3302502278677,2278677,HOSPITAL MUNICIPAL DE FRAGOSO GENARINO COZZOLINO,MAGE,4,Equipamentos por Metodos Graficos,41,Eletrocardiografo,1,1,1,0
3302502278332,2278332,HOSPITAL MUNICIPAL DE MAGE,MAGE,1,DIAGNOSTICO POR IMAGEM,04,Raio X ate 100 mA,1,1,1,0
3302502278332,2278332,HOSPITAL MUNICIPAL DE MAGE,MAGE,1,DIAGNOSTICO POR IMAGEM,05,Raio X de 100 a 500 mA,1,1,1,0
3302502278332,2278332,HOSPITAL MUNICIPAL DE MAGE,MAGE,1,DIAGNOSTICO POR IMAGEM,06,Raio X mais de 500mA,1,1,1,0
3302502278332,2278332,HOSPITAL MUNICIPAL DE MAGE,MAGE,1,DIAGNOSTICO POR IMAGEM,11,Tomógrafo Computadorizado,1,1,1,0
3302502278332,2278332,HOSPITAL MUNICIPAL DE MAGE,MAGE,1,DIAGNOSTICO POR IMAGEM,14,Ultrassom Ecografo,1,1,1,0
3302502278332,2278332,HOSPITAL MUNICIPAL DE MAGE,MAGE,2,Equipamentos de Infra-Estrutura,22,Grupo Gerador,1,1,1,0
3302502278332,2278332,HOSPITAL MUNICIPAL DE MAGE,MAGE,2,Equipamentos de Infra-Estrutura,23,Usina de Oxigenio,1,1,1,0
3302502278332,2278332,HOSPITAL MUNICIPAL DE MAGE,MAGE,7,Equipamentos de Odontologia,80,Equipo Odontologico,1,1,1,0
3302502278332,2278332,HOSPITAL MUNICIPAL DE MAGE,MAGE,5,Equipamentos para Manutencao da Vida,53,Berço Aquecido,2,2,2,0
3302502278332,2278332,HOSPITAL MUNICIPAL DE MAGE,MAGE,5,Equipamentos para Manutencao da Vida,52,Bomba de Infusao,23,23,23,0
3302502278332,2278332,HOSPITAL MUNICIPAL DE MAGE,MAGE,5,Equipamentos para Manutencao da Vida,56,Desfibrilador,9,9,9,0
3302502278332,2278332,HOSPITAL MUNICIPAL DE MAGE,MAGE,5,Equipamentos para Manutencao da Vida,57,Equipamento de Fototerapia,1,1,1,0
3302502278332,2278332,HOSPITAL MUNICIPAL DE MAGE,MAGE,5,Equipamentos para Manutencao da Vida,58,Incubadora,3,2,2,1
3302502278332,2278332,HOSPITAL MUNICIPAL DE MAGE,MAGE,5,Equipamentos para Manutencao da Vida,65,MONITOR MULTIPARAMETRO,9,9,9,0
3302502278332,2278332,HOSPITAL MUNICIPAL DE MAGE,MAGE,5,Equipamentos para Manutencao da Vida,60,Monitor de ECG,9,9,9,0
3302502278332,2278332,HOSPITAL MUNICIPAL DE MAGE,MAGE,5,Equipamentos para Manutencao da Vida,63,Reanimador Pulmonar/AMBU,4,4,4,0
3302502278332,2278332,HOSPITAL MUNICIPAL DE MAGE,MAGE,5,Equipamentos para Manutencao da Vida,64,Respirador/Ventilador,1,1,1,0
3302502278332,2278332,HOSPITAL MUNICIPAL DE MAGE,MAGE,4,Equipamentos por Metodos Graficos,41,Eletrocardiografo,1,1,1,0
3302502278332,2278332,HOSPITAL MUNICIPAL DE MAGE,MAGE,4,Equipamentos por Metodos Graficos,42,Eletroencefalografo,1,1,1,0
3302502278332,2278332,HOSPITAL MUNICIPAL DE MAGE,MAGE,3,Equipamentos por Metodos Opticos,33,Endoscopio Digestivo,2,2,2,0
3302500103616,0103616,UNIDADE 24 HORAS DE SANTO ALEIXO,MAGE,1,DIAGNOSTICO POR IMAGEM,04,Raio X ate 100 mA,1,1,1,0
3302500103616,0103616,UNIDADE 24 HORAS DE SANTO ALEIXO,MAGE,1,DIAGNOSTICO POR IMAGEM,15,Ultrassom Convencional,1,1,1,0
3302500103616,0103616,UNIDADE 24 HORAS DE SANTO ALEIXO,MAGE,5,Equipamentos para Manutencao da Vida,52,Bomba de Infusao,12,12,12,0
3302500103616,0103616,UNIDADE 24 HORAS DE SANTO ALEIXO,MAGE,5,Equipamentos para Manutencao da Vida,56,Desfibrilador,2,2,2,0
3302500103616,0103616,UNIDADE 24 HORAS DE SANTO ALEIXO,MAGE,5,Equipamentos para Manutencao da Vida,60,Monitor de ECG,6,6,6,0
3302500103616,0103616,UNIDADE 24 HORAS DE SANTO ALEIXO,MAGE,5,Equipamentos para Manutencao da Vida,63,Reanimador Pulmonar/AMBU,2,2,2,0
3302500103616,0103616,UNIDADE 24 HORAS DE SANTO ALEIXO,MAGE,5,Equipamentos para Manutencao da Vida,64,Respirador/Ventilador,4,4,4,0
3302500103616,0103616,UNIDADE 24 HORAS DE SANTO ALEIXO,MAGE,4,Equipamentos por Metodos Graficos,41,Eletrocardiografo,1,1,1,0
3302602288109,2288109,HOSPITAL MUNICIPAL VICTOR DE SOUZA BREVES,MANGARATIBA,1,DIAGNOSTICO POR IMAGEM,21,RAIO X DIGITAL,1,1,1,0
3302602288109,2288109,HOSPITAL MUNICIPAL VICTOR DE SOUZA BREVES,MANGARATIBA,1,DIAGNOSTICO POR IMAGEM,23,RAIO X MOVEL,1,1,1,0
3302602288109,2288109,HOSPITAL MUNICIPAL VICTOR DE SOUZA BREVES,MANGARATIBA,1,DIAGNOSTICO POR IMAGEM,15,Ultrassom Convencional,2,2,2,0
3302602288109,2288109,HOSPITAL MUNICIPAL VICTOR DE SOUZA BREVES,MANGARATIBA,1,DIAGNOSTICO POR IMAGEM,13,Ultrassom Doppler Colorido,1,1,1,0
3302602288109,2288109,HOSPITAL MUNICIPAL VICTOR DE SOUZA BREVES,MANGARATIBA,1,DIAGNOSTICO POR IMAGEM,14,Ultrassom Ecografo,1,1,1,0
3302602288109,2288109,HOSPITAL MUNICIPAL VICTOR DE SOUZA BREVES,MANGARATIBA,2,Equipamentos de Infra-Estrutura,19,AR CONDICIONADO,12,12,12,0
3302602288109,2288109,HOSPITAL MUNICIPAL VICTOR DE SOUZA BREVES,MANGARATIBA,2,Equipamentos de Infra-Estrutura,21,Controle Ambiental/Ar-condicionado Central,12,12,12,0
3302602288109,2288109,HOSPITAL MUNICIPAL VICTOR DE SOUZA BREVES,MANGARATIBA,2,Equipamentos de Infra-Estrutura,22,Grupo Gerador,1,1,1,0
3302602288109,2288109,HOSPITAL MUNICIPAL VICTOR DE SOUZA BREVES,MANGARATIBA,2,Equipamentos de Infra-Estrutura,23,Usina de Oxigenio,1,1,1,0
3302602288109,2288109,HOSPITAL MUNICIPAL VICTOR DE SOUZA BREVES,MANGARATIBA,7,Equipamentos de Odontologia,85,Amalgamador,1,1,1,0
3302602288109,2288109,HOSPITAL MUNICIPAL VICTOR DE SOUZA BREVES,MANGARATIBA,7,Equipamentos de Odontologia,86,Aparelho de Profilaxia c/ Jato de Bicarbonato,1,1,1,0
3302602288109,2288109,HOSPITAL MUNICIPAL VICTOR DE SOUZA BREVES,MANGARATIBA,7,Equipamentos de Odontologia,83,Caneta de Alta Rotacao,2,2,2,0
3302602288109,2288109,HOSPITAL MUNICIPAL VICTOR DE SOUZA BREVES,MANGARATIBA,7,Equipamentos de Odontologia,84,Caneta de Baixa Rotacao,1,1,1,0
3302602288109,2288109,HOSPITAL MUNICIPAL VICTOR DE SOUZA BREVES,MANGARATIBA,7,Equipamentos de Odontologia,81,Compressor Odontologico,1,1,1,0
3302602288109,2288109,HOSPITAL MUNICIPAL VICTOR DE SOUZA BREVES,MANGARATIBA,7,Equipamentos de Odontologia,80,Equipo Odontologico,1,1,1,0
3302602288109,2288109,HOSPITAL MUNICIPAL VICTOR DE SOUZA BREVES,MANGARATIBA,7,Equipamentos de Odontologia,82,Fotopolimerizador,1,1,1,0
3302602288109,2288109,HOSPITAL MUNICIPAL VICTOR DE SOUZA BREVES,MANGARATIBA,5,Equipamentos para Manutencao da Vida,53,Berço Aquecido,4,4,4,0
3302602288109,2288109,HOSPITAL MUNICIPAL VICTOR DE SOUZA BREVES,MANGARATIBA,5,Equipamentos para Manutencao da Vida,54,Bilirrubinometro,2,2,2,0
3302602288109,2288109,HOSPITAL MUNICIPAL VICTOR DE SOUZA BREVES,MANGARATIBA,5,Equipamentos para Manutencao da Vida,52,Bomba de Infusao,20,20,20,0
3302602288109,2288109,HOSPITAL MUNICIPAL VICTOR DE SOUZA BREVES,MANGARATIBA,5,Equipamentos para Manutencao da Vida,55,Debitometro,2,2,2,0
3302602288109,2288109,HOSPITAL MUNICIPAL VICTOR DE SOUZA BREVES,MANGARATIBA,5,Equipamentos para Manutencao da Vida,56,Desfibrilador,6,6,6,0
3302602288109,2288109,HOSPITAL MUNICIPAL VICTOR DE SOUZA BREVES,MANGARATIBA,5,Equipamentos para Manutencao da Vida,57,Equipamento de Fototerapia,4,4,4,0
3302602288109,2288109,HOSPITAL MUNICIPAL VICTOR DE SOUZA BREVES,MANGARATIBA,5,Equipamentos para Manutencao da Vida,58,Incubadora,3,3,3,0
3302602288109,2288109,HOSPITAL MUNICIPAL VICTOR DE SOUZA BREVES,MANGARATIBA,5,Equipamentos para Manutencao da Vida,60,Monitor de ECG,14,14,14,0
3302602288109,2288109,HOSPITAL MUNICIPAL VICTOR DE SOUZA BREVES,MANGARATIBA,5,Equipamentos para Manutencao da Vida,62,Monitor de Pressao Nao-Invasivo,14,14,14,0
3302602288109,2288109,HOSPITAL MUNICIPAL VICTOR DE SOUZA BREVES,MANGARATIBA,5,Equipamentos para Manutencao da Vida,63,Reanimador Pulmonar/AMBU,20,20,20,0
3302602288109,2288109,HOSPITAL MUNICIPAL VICTOR DE SOUZA BREVES,MANGARATIBA,5,Equipamentos para Manutencao da Vida,64,Respirador/Ventilador,11,11,11,0
3302602288109,2288109,HOSPITAL MUNICIPAL VICTOR DE SOUZA BREVES,MANGARATIBA,4,Equipamentos por Metodos Graficos,41,Eletrocardiografo,2,2,2,0
3302602288109,2288109,HOSPITAL MUNICIPAL VICTOR DE SOUZA BREVES,MANGARATIBA,3,Equipamentos por Metodos Opticos,49,BIOMICROSCOPIO (LAMPADA DE FENDA),1,1,1,0
3302602288109,2288109,HOSPITAL MUNICIPAL VICTOR DE SOUZA BREVES,MANGARATIBA,3,Equipamentos por Metodos Opticos,37,CADEIRA OFTALMOLOGICA,1,1,1,0
3302602288109,2288109,HOSPITAL MUNICIPAL VICTOR DE SOUZA BREVES,MANGARATIBA,3,Equipamentos por Metodos Opticos,50,CAMPIMETRO,1,1,1,0
3302602288109,2288109,HOSPITAL MUNICIPAL VICTOR DE SOUZA BREVES,MANGARATIBA,3,Equipamentos por Metodos Opticos,38,COLUNA OFTALMOLOGICA,1,1,1,0
3302602288109,2288109,HOSPITAL MUNICIPAL VICTOR DE SOUZA BREVES,MANGARATIBA,3,Equipamentos por Metodos Opticos,33,Endoscopio Digestivo,2,2,2,0
3302602288109,2288109,HOSPITAL MUNICIPAL VICTOR DE SOUZA BREVES,MANGARATIBA,3,Equipamentos por Metodos Opticos,34,Equipamentos para Optometria,1,1,1,0
3302602288109,2288109,HOSPITAL MUNICIPAL VICTOR DE SOUZA BREVES,MANGARATIBA,3,Equipamentos por Metodos Opticos,40,LENSOMETRO,1,1,1,0
3302602288109,2288109,HOSPITAL MUNICIPAL VICTOR DE SOUZA BREVES,MANGARATIBA,3,Equipamentos por Metodos Opticos,46,OFTALMOSCOPIO,1,1,1,0
3302602288109,2288109,HOSPITAL MUNICIPAL VICTOR DE SOUZA BREVES,MANGARATIBA,3,Equipamentos por Metodos Opticos,44,PROJETOR OU TABELA DE OPTOTIPOS,1,1,1,0
3302602288109,2288109,HOSPITAL MUNICIPAL VICTOR DE SOUZA BREVES,MANGARATIBA,3,Equipamentos por Metodos Opticos,39,REFRATOR,1,1,1,0
3302602288109,2288109,HOSPITAL MUNICIPAL VICTOR DE SOUZA BREVES,MANGARATIBA,3,Equipamentos por Metodos Opticos,48,TONOMETRO DE APLANACAO,1,1,1,0
3302602288109,2288109,HOSPITAL MUNICIPAL VICTOR DE SOUZA BREVES,MANGARATIBA,6,Outros Equipamentos,71,Aparelho de Diatermia por Ultrassom/Ondas Curtas,1,1,1,0
3302602288109,2288109,HOSPITAL MUNICIPAL VICTOR DE SOUZA BREVES,MANGARATIBA,6,Outros Equipamentos,72,Aparelho de Eletroestimulacao,1,1,1,0
3302602288109,2288109,HOSPITAL MUNICIPAL VICTOR DE SOUZA BREVES,MANGARATIBA,6,Outros Equipamentos,73,Bomba de Infusao de Hemoderivados,2,2,2,0
3302709895124,9895124,ERNESTO CHE GUEVARA SMSM,MARICA,1,DIAGNOSTICO POR IMAGEM,08,Raio X com Fluoroscopia,4,4,4,0
3302709895124,9895124,ERNESTO CHE GUEVARA SMSM,MARICA,1,DIAGNOSTICO POR IMAGEM,06,Raio X mais de 500mA,1,1,1,0
3302709895124,9895124,ERNESTO CHE GUEVARA SMSM,MARICA,1,DIAGNOSTICO POR IMAGEM,11,Tomógrafo Computadorizado,1,1,1,0
3302709895124,9895124,ERNESTO CHE GUEVARA SMSM,MARICA,1,DIAGNOSTICO POR IMAGEM,15,Ultrassom Convencional,7,7,7,0
3302709895124,9895124,ERNESTO CHE GUEVARA SMSM,MARICA,2,Equipamentos de Infra-Estrutura,22,Grupo Gerador,1,1,1,0
3302709895124,9895124,ERNESTO CHE GUEVARA SMSM,MARICA,2,Equipamentos de Infra-Estrutura,23,Usina de Oxigenio,1,1,1,0
3302709895124,9895124,ERNESTO CHE GUEVARA SMSM,MARICA,7,Equipamentos de Odontologia,83,Caneta de Alta Rotacao,7,7,7,0
3302709895124,9895124,ERNESTO CHE GUEVARA SMSM,MARICA,7,Equipamentos de Odontologia,84,Caneta de Baixa Rotacao,7,7,7,0
3302709895124,9895124,ERNESTO CHE GUEVARA SMSM,MARICA,7,Equipamentos de Odontologia,80,Equipo Odontologico,2,2,2,0
3302709895124,9895124,ERNESTO CHE GUEVARA SMSM,MARICA,7,Equipamentos de Odontologia,82,Fotopolimerizador,1,1,1,0
3302709895124,9895124,ERNESTO CHE GUEVARA SMSM,MARICA,5,Equipamentos para Manutencao da Vida,53,Berço Aquecido,2,2,2,0
3302709895124,9895124,ERNESTO CHE GUEVARA SMSM,MARICA,5,Equipamentos para Manutencao da Vida,52,Bomba de Infusao,444,400,400,44
3302709895124,9895124,ERNESTO CHE GUEVARA SMSM,MARICA,5,Equipamentos para Manutencao da Vida,56,Desfibrilador,22,20,20,2
3302709895124,9895124,ERNESTO CHE GUEVARA SMSM,MARICA,5,Equipamentos para Manutencao da Vida,58,Incubadora,1,1,1,0
3302709895124,9895124,ERNESTO CHE GUEVARA SMSM,MARICA,5,Equipamentos para Manutencao da Vida,59,Marcapasso Temporario,5,5,5,0
3302709895124,9895124,ERNESTO CHE GUEVARA SMSM,MARICA,5,Equipamentos para Manutencao da Vida,61,Monitor de Pressao Invasivo,67,35,35,32
3302709895124,9895124,ERNESTO CHE GUEVARA SMSM,MARICA,5,Equipamentos para Manutencao da Vida,62,Monitor de Pressao Nao-Invasivo,80,80,80,0
3302709895124,9895124,ERNESTO CHE GUEVARA SMSM,MARICA,5,Equipamentos para Manutencao da Vida,64,Respirador/Ventilador,88,88,88,0
3302709895124,9895124,ERNESTO CHE GUEVARA SMSM,MARICA,4,Equipamentos por Metodos Graficos,41,Eletrocardiografo,12,12,12,0
3302709895124,9895124,ERNESTO CHE GUEVARA SMSM,MARICA,3,Equipamentos por Metodos Opticos,33,Endoscopio Digestivo,2,2,2,0
3302709895124,9895124,ERNESTO CHE GUEVARA SMSM,MARICA,3,Equipamentos por Metodos Opticos,31,Endoscopio das Vias Respiratorias,1,1,1,0
3302709895124,9895124,ERNESTO CHE GUEVARA SMSM,MARICA,3,Equipamentos por Metodos Opticos,32,Endoscopio das Vias Urinarias,1,1,1,0
3302709895124,9895124,ERNESTO CHE GUEVARA SMSM,MARICA,3,Equipamentos por Metodos Opticos,35,Laparoscopio/Vídeo,4,4,4,0
3302702266733,2266733,HOSPITAL MUNICIPAL CONDE MODESTO LEAL,MARICA,1,DIAGNOSTICO POR IMAGEM,05,Raio X de 100 a 500 mA,2,2,0,0
3302702266733,2266733,HOSPITAL MUNICIPAL CONDE MODESTO LEAL,MARICA,1,DIAGNOSTICO POR IMAGEM,11,Tomógrafo Computadorizado,1,1,0,0
3302702266733,2266733,HOSPITAL MUNICIPAL CONDE MODESTO LEAL,MARICA,1,DIAGNOSTICO POR IMAGEM,14,Ultrassom Ecografo,1,1,0,0
3302702266733,2266733,HOSPITAL MUNICIPAL CONDE MODESTO LEAL,MARICA,2,Equipamentos de Infra-Estrutura,22,Grupo Gerador,1,1,0,0
3302702266733,2266733,HOSPITAL MUNICIPAL CONDE MODESTO LEAL,MARICA,5,Equipamentos para Manutencao da Vida,53,Berço Aquecido,1,1,0,0
3302702266733,2266733,HOSPITAL MUNICIPAL CONDE MODESTO LEAL,MARICA,5,Equipamentos para Manutencao da Vida,52,Bomba de Infusao,14,14,0,0
3302702266733,2266733,HOSPITAL MUNICIPAL CONDE MODESTO LEAL,MARICA,5,Equipamentos para Manutencao da Vida,56,Desfibrilador,6,5,0,1
3302702266733,2266733,HOSPITAL MUNICIPAL CONDE MODESTO LEAL,MARICA,5,Equipamentos para Manutencao da Vida,58,Incubadora,7,4,0,3
3302702266733,2266733,HOSPITAL MUNICIPAL CONDE MODESTO LEAL,MARICA,5,Equipamentos para Manutencao da Vida,60,Monitor de ECG,8,8,0,0
3302702266733,2266733,HOSPITAL MUNICIPAL CONDE MODESTO LEAL,MARICA,5,Equipamentos para Manutencao da Vida,62,Monitor de Pressao Nao-Invasivo,30,30,0,0
3302702266733,2266733,HOSPITAL MUNICIPAL CONDE MODESTO LEAL,MARICA,5,Equipamentos para Manutencao da Vida,64,Respirador/Ventilador,40,40,0,0
3302702266733,2266733,HOSPITAL MUNICIPAL CONDE MODESTO LEAL,MARICA,4,Equipamentos por Metodos Graficos,41,Eletrocardiografo,5,3,0,2
3302702266733,2266733,HOSPITAL MUNICIPAL CONDE MODESTO LEAL,MARICA,4,Equipamentos por Metodos Graficos,42,Eletroencefalografo,1,1,0,0
3302702266733,2266733,HOSPITAL MUNICIPAL CONDE MODESTO LEAL,MARICA,3,Equipamentos por Metodos Opticos,33,Endoscopio Digestivo,1,1,0,0
3302702266733,2266733,HOSPITAL MUNICIPAL CONDE MODESTO LEAL,MARICA,3,Equipamentos por Metodos Opticos,51,HISTEROSCOPIO,1,1,0,0
3302702266733,2266733,HOSPITAL MUNICIPAL CONDE MODESTO LEAL,MARICA,6,Outros Equipamentos,71,Aparelho de Diatermia por Ultrassom/Ondas Curtas,2,1,0,1
3302702266733,2266733,HOSPITAL MUNICIPAL CONDE MODESTO LEAL,MARICA,6,Outros Equipamentos,78,Forno de Bier,1,1,0,0
3302805057531,5057531,HOSPITAL MUNICIPAL SANTA MARIA,MENDES,1,DIAGNOSTICO POR IMAGEM,13,Ultrassom Doppler Colorido,1,1,0,0
3302805057531,5057531,HOSPITAL MUNICIPAL SANTA MARIA,MENDES,2,Equipamentos de Infra-Estrutura,19,AR CONDICIONADO,27,27,0,0
3302805057531,5057531,HOSPITAL MUNICIPAL SANTA MARIA,MENDES,7,Equipamentos de Odontologia,85,Amalgamador,1,1,0,0
3302805057531,5057531,HOSPITAL MUNICIPAL SANTA MARIA,MENDES,7,Equipamentos de Odontologia,86,Aparelho de Profilaxia c/ Jato de Bicarbonato,1,1,0,0
3302805057531,5057531,HOSPITAL MUNICIPAL SANTA MARIA,MENDES,7,Equipamentos de Odontologia,83,Caneta de Alta Rotacao,1,1,0,0
3302805057531,5057531,HOSPITAL MUNICIPAL SANTA MARIA,MENDES,7,Equipamentos de Odontologia,81,Compressor Odontologico,1,1,0,0
3302805057531,5057531,HOSPITAL MUNICIPAL SANTA MARIA,MENDES,7,Equipamentos de Odontologia,80,Equipo Odontologico,1,1,0,0
3302805057531,5057531,HOSPITAL MUNICIPAL SANTA MARIA,MENDES,7,Equipamentos de Odontologia,82,Fotopolimerizador,1,1,0,0
3302805057531,5057531,HOSPITAL MUNICIPAL SANTA MARIA,MENDES,5,Equipamentos para Manutencao da Vida,53,Berço Aquecido,1,1,0,0
3302805057531,5057531,HOSPITAL MUNICIPAL SANTA MARIA,MENDES,5,Equipamentos para Manutencao da Vida,52,Bomba de Infusao,3,3,0,0
3302805057531,5057531,HOSPITAL MUNICIPAL SANTA MARIA,MENDES,5,Equipamentos para Manutencao da Vida,56,Desfibrilador,2,2,0,0
3302805057531,5057531,HOSPITAL MUNICIPAL SANTA MARIA,MENDES,5,Equipamentos para Manutencao da Vida,57,Equipamento de Fototerapia,2,2,0,0
3302805057531,5057531,HOSPITAL MUNICIPAL SANTA MARIA,MENDES,5,Equipamentos para Manutencao da Vida,58,Incubadora,2,1,0,1
3302805057531,5057531,HOSPITAL MUNICIPAL SANTA MARIA,MENDES,5,Equipamentos para Manutencao da Vida,65,MONITOR MULTIPARAMETRO,12,4,0,8
3302805057531,5057531,HOSPITAL MUNICIPAL SANTA MARIA,MENDES,5,Equipamentos para Manutencao da Vida,64,Respirador/Ventilador,6,6,0,0
3302805057531,5057531,HOSPITAL MUNICIPAL SANTA MARIA,MENDES,4,Equipamentos por Metodos Graficos,41,Eletrocardiografo,7,1,0,6
3302805057531,5057531,HOSPITAL MUNICIPAL SANTA MARIA,MENDES,3,Equipamentos por Metodos Opticos,33,Endoscopio Digestivo,1,1,0,0
3302805057531,5057531,HOSPITAL MUNICIPAL SANTA MARIA,MENDES,3,Equipamentos por Metodos Opticos,31,Endoscopio das Vias Respiratorias,1,1,0,0
3302902283239,2283239,HOSPITAL MUNICIPAL LUIZ GONZAGA,MIGUEL PEREIRA,1,DIAGNOSTICO POR IMAGEM,24,ARCO CIRURGICO,1,1,1,0
3302902283239,2283239,HOSPITAL MUNICIPAL LUIZ GONZAGA,MIGUEL PEREIRA,1,DIAGNOSTICO POR IMAGEM,02,Mamografo com Comando Simples,1,1,1,0
3302902283239,2283239,HOSPITAL MUNICIPAL LUIZ GONZAGA,MIGUEL PEREIRA,1,DIAGNOSTICO POR IMAGEM,16,PROCESSADORA DE FILME EXCLUSIVA PARA MAMOGRAFIA,1,1,1,0
3302902283239,2283239,HOSPITAL MUNICIPAL LUIZ GONZAGA,MIGUEL PEREIRA,1,DIAGNOSTICO POR IMAGEM,05,Raio X de 100 a 500 mA,3,3,3,0
3302902283239,2283239,HOSPITAL MUNICIPAL LUIZ GONZAGA,MIGUEL PEREIRA,1,DIAGNOSTICO POR IMAGEM,15,Ultrassom Convencional,1,1,1,0
3302902283239,2283239,HOSPITAL MUNICIPAL LUIZ GONZAGA,MIGUEL PEREIRA,1,DIAGNOSTICO POR IMAGEM,13,Ultrassom Doppler Colorido,1,1,1,0
3302902283239,2283239,HOSPITAL MUNICIPAL LUIZ GONZAGA,MIGUEL PEREIRA,1,DIAGNOSTICO POR IMAGEM,14,Ultrassom Ecografo,1,1,1,0
3302902283239,2283239,HOSPITAL MUNICIPAL LUIZ GONZAGA,MIGUEL PEREIRA,10,DIALISE,02,APARELHO DE HEMODIALISE - HOSPITALAR,1,1,1,0
3302902283239,2283239,HOSPITAL MUNICIPAL LUIZ GONZAGA,MIGUEL PEREIRA,2,Equipamentos de Infra-Estrutura,21,Controle Ambiental/Ar-condicionado Central,19,19,19,0
3302902283239,2283239,HOSPITAL MUNICIPAL LUIZ GONZAGA,MIGUEL PEREIRA,2,Equipamentos de Infra-Estrutura,22,Grupo Gerador,1,1,1,0
3302902283239,2283239,HOSPITAL MUNICIPAL LUIZ GONZAGA,MIGUEL PEREIRA,2,Equipamentos de Infra-Estrutura,23,Usina de Oxigenio,1,1,1,0
3302902283239,2283239,HOSPITAL MUNICIPAL LUIZ GONZAGA,MIGUEL PEREIRA,7,Equipamentos de Odontologia,80,Equipo Odontologico,1,1,1,0
3302902283239,2283239,HOSPITAL MUNICIPAL LUIZ GONZAGA,MIGUEL PEREIRA,5,Equipamentos para Manutencao da Vida,53,Berço Aquecido,5,5,5,0
3302902283239,2283239,HOSPITAL MUNICIPAL LUIZ GONZAGA,MIGUEL PEREIRA,5,Equipamentos para Manutencao da Vida,52,Bomba de Infusao,40,40,40,0
3302902283239,2283239,HOSPITAL MUNICIPAL LUIZ GONZAGA,MIGUEL PEREIRA,5,Equipamentos para Manutencao da Vida,56,Desfibrilador,8,8,8,0
3302902283239,2283239,HOSPITAL MUNICIPAL LUIZ GONZAGA,MIGUEL PEREIRA,5,Equipamentos para Manutencao da Vida,57,Equipamento de Fototerapia,3,3,3,0
3302902283239,2283239,HOSPITAL MUNICIPAL LUIZ GONZAGA,MIGUEL PEREIRA,5,Equipamentos para Manutencao da Vida,58,Incubadora,5,5,5,0
3302902283239,2283239,HOSPITAL MUNICIPAL LUIZ GONZAGA,MIGUEL PEREIRA,5,Equipamentos para Manutencao da Vida,59,Marcapasso Temporario,1,1,1,0
3302902283239,2283239,HOSPITAL MUNICIPAL LUIZ GONZAGA,MIGUEL PEREIRA,5,Equipamentos para Manutencao da Vida,60,Monitor de ECG,21,21,21,0
3302902283239,2283239,HOSPITAL MUNICIPAL LUIZ GONZAGA,MIGUEL PEREIRA,5,Equipamentos para Manutencao da Vida,62,Monitor de Pressao Nao-Invasivo,21,21,21,0
3302902283239,2283239,HOSPITAL MUNICIPAL LUIZ GONZAGA,MIGUEL PEREIRA,5,Equipamentos para Manutencao da Vida,63,Reanimador Pulmonar/AMBU,21,21,21,0
3302902283239,2283239,HOSPITAL MUNICIPAL LUIZ GONZAGA,MIGUEL PEREIRA,5,Equipamentos para Manutencao da Vida,64,Respirador/Ventilador,14,14,14,0
3302902283239,2283239,HOSPITAL MUNICIPAL LUIZ GONZAGA,MIGUEL PEREIRA,4,Equipamentos por Metodos Graficos,41,Eletrocardiografo,3,3,3,0
3302902283239,2283239,HOSPITAL MUNICIPAL LUIZ GONZAGA,MIGUEL PEREIRA,4,Equipamentos por Metodos Graficos,42,Eletroencefalografo,1,1,1,0
3302902283239,2283239,HOSPITAL MUNICIPAL LUIZ GONZAGA,MIGUEL PEREIRA,3,Equipamentos por Metodos Opticos,33,Endoscopio Digestivo,1,1,1,0
3302902283239,2283239,HOSPITAL MUNICIPAL LUIZ GONZAGA,MIGUEL PEREIRA,3,Equipamentos por Metodos Opticos,35,Laparoscopio/Vídeo,1,1,1,0
3303202293862,2293862,HOSPITAL MUNICIPAL JUSCELINO KUBITSCHEK,NILOPOLIS,1,DIAGNOSTICO POR IMAGEM,06,Raio X mais de 500mA,1,1,0,0
3303202293862,2293862,HOSPITAL MUNICIPAL JUSCELINO KUBITSCHEK,NILOPOLIS,1,DIAGNOSTICO POR IMAGEM,15,Ultrassom Convencional,1,1,0,0
3303202293862,2293862,HOSPITAL MUNICIPAL JUSCELINO KUBITSCHEK,NILOPOLIS,2,Equipamentos de Infra-Estrutura,20,CAMARA FRIGORIFICA,3,3,0,0
3303202293862,2293862,HOSPITAL MUNICIPAL JUSCELINO KUBITSCHEK,NILOPOLIS,2,Equipamentos de Infra-Estrutura,30,GRUPO GERADOR (ACIMA DE 300 KVA),2,2,0,0
3303202293862,2293862,HOSPITAL MUNICIPAL JUSCELINO KUBITSCHEK,NILOPOLIS,2,Equipamentos de Infra-Estrutura,22,Grupo Gerador,1,1,0,0
3303202293862,2293862,HOSPITAL MUNICIPAL JUSCELINO KUBITSCHEK,NILOPOLIS,2,Equipamentos de Infra-Estrutura,66,REFRIGERADOR,2,2,0,0
3303202293862,2293862,HOSPITAL MUNICIPAL JUSCELINO KUBITSCHEK,NILOPOLIS,5,Equipamentos para Manutencao da Vida,53,Berço Aquecido,2,2,0,0
3303202293862,2293862,HOSPITAL MUNICIPAL JUSCELINO KUBITSCHEK,NILOPOLIS,5,Equipamentos para Manutencao da Vida,52,Bomba de Infusao,42,42,0,0
3303202293862,2293862,HOSPITAL MUNICIPAL JUSCELINO KUBITSCHEK,NILOPOLIS,5,Equipamentos para Manutencao da Vida,56,Desfibrilador,3,3,0,0
3303202293862,2293862,HOSPITAL MUNICIPAL JUSCELINO KUBITSCHEK,NILOPOLIS,5,Equipamentos para Manutencao da Vida,57,Equipamento de Fototerapia,5,5,0,0
3303202293862,2293862,HOSPITAL MUNICIPAL JUSCELINO KUBITSCHEK,NILOPOLIS,5,Equipamentos para Manutencao da Vida,58,Incubadora,9,9,0,0
3303202293862,2293862,HOSPITAL MUNICIPAL JUSCELINO KUBITSCHEK,NILOPOLIS,5,Equipamentos para Manutencao da Vida,65,MONITOR MULTIPARAMETRO,15,15,0,0
3303202293862,2293862,HOSPITAL MUNICIPAL JUSCELINO KUBITSCHEK,NILOPOLIS,5,Equipamentos para Manutencao da Vida,63,Reanimador Pulmonar/AMBU,74,74,0,0
3303202293862,2293862,HOSPITAL MUNICIPAL JUSCELINO KUBITSCHEK,NILOPOLIS,5,Equipamentos para Manutencao da Vida,64,Respirador/Ventilador,21,21,0,0
3303202293862,2293862,HOSPITAL MUNICIPAL JUSCELINO KUBITSCHEK,NILOPOLIS,4,Equipamentos por Metodos Graficos,41,Eletrocardiografo,2,2,0,0
3303300012513,0012513,HOSPITAL MUNICIPAL CARLOS TORTELLY,NITEROI,1,DIAGNOSTICO POR IMAGEM,05,Raio X de 100 a 500 mA,4,4,4,0
3303300012513,0012513,HOSPITAL MUNICIPAL CARLOS TORTELLY,NITEROI,1,DIAGNOSTICO POR IMAGEM,11,Tomógrafo Computadorizado,1,1,1,0
3303300012513,0012513,HOSPITAL MUNICIPAL CARLOS TORTELLY,NITEROI,1,DIAGNOSTICO POR IMAGEM,15,Ultrassom Convencional,2,2,2,0
3303300012513,0012513,HOSPITAL MUNICIPAL CARLOS TORTELLY,NITEROI,1,DIAGNOSTICO POR IMAGEM,13,Ultrassom Doppler Colorido,2,2,2,0
3303300012513,0012513,HOSPITAL MUNICIPAL CARLOS TORTELLY,NITEROI,7,Equipamentos de Odontologia,83,Caneta de Alta Rotacao,4,2,2,2
3303300012513,0012513,HOSPITAL MUNICIPAL CARLOS TORTELLY,NITEROI,7,Equipamentos de Odontologia,81,Compressor Odontologico,1,1,1,0
3303300012513,0012513,HOSPITAL MUNICIPAL CARLOS TORTELLY,NITEROI,7,Equipamentos de Odontologia,80,Equipo Odontologico,2,1,1,1
3303300012513,0012513,HOSPITAL MUNICIPAL CARLOS TORTELLY,NITEROI,5,Equipamentos para Manutencao da Vida,52,Bomba de Infusao,34,0,0,34
3303300012513,0012513,HOSPITAL MUNICIPAL CARLOS TORTELLY,NITEROI,5,Equipamentos para Manutencao da Vida,56,Desfibrilador,6,5,5,1
3303300012513,0012513,HOSPITAL MUNICIPAL CARLOS TORTELLY,NITEROI,5,Equipamentos para Manutencao da Vida,59,Marcapasso Temporario,3,2,2,1
3303300012513,0012513,HOSPITAL MUNICIPAL CARLOS TORTELLY,NITEROI,5,Equipamentos para Manutencao da Vida,60,Monitor de ECG,19,18,18,1
3303300012513,0012513,HOSPITAL MUNICIPAL CARLOS TORTELLY,NITEROI,5,Equipamentos para Manutencao da Vida,61,Monitor de Pressao Invasivo,31,29,29,2
3303300012513,0012513,HOSPITAL MUNICIPAL CARLOS TORTELLY,NITEROI,5,Equipamentos para Manutencao da Vida,64,Respirador/Ventilador,27,15,15,12
3303300012513,0012513,HOSPITAL MUNICIPAL CARLOS TORTELLY,NITEROI,4,Equipamentos por Metodos Graficos,41,Eletrocardiografo,8,5,5,3
3303300012513,0012513,HOSPITAL MUNICIPAL CARLOS TORTELLY,NITEROI,3,Equipamentos por Metodos Opticos,33,Endoscopio Digestivo,1,1,1,0
3303300105317,0105317,HOSPITAL MUNICIPAL OCEANICO DR GILSON CANTARINO HMOGC,NITEROI,1,DIAGNOSTICO POR IMAGEM,03,Mamografo com Estereotaxia,1,1,1,0
3303300105317,0105317,HOSPITAL MUNICIPAL OCEANICO DR GILSON CANTARINO HMOGC,NITEROI,1,DIAGNOSTICO POR IMAGEM,16,PROCESSADORA DE FILME EXCLUSIVA PARA MAMOGRAFIA,1,1,1,0
3303300105317,0105317,HOSPITAL MUNICIPAL OCEANICO DR GILSON CANTARINO HMOGC,NITEROI,1,DIAGNOSTICO POR IMAGEM,04,Raio X ate 100 mA,3,3,3,0
3303300105317,0105317,HOSPITAL MUNICIPAL OCEANICO DR GILSON CANTARINO HMOGC,NITEROI,1,DIAGNOSTICO POR IMAGEM,11,Tomógrafo Computadorizado,1,1,1,0
3303300105317,0105317,HOSPITAL MUNICIPAL OCEANICO DR GILSON CANTARINO HMOGC,NITEROI,1,DIAGNOSTICO POR IMAGEM,15,Ultrassom Convencional,2,2,2,0
3303300105317,0105317,HOSPITAL MUNICIPAL OCEANICO DR GILSON CANTARINO HMOGC,NITEROI,1,DIAGNOSTICO POR IMAGEM,13,Ultrassom Doppler Colorido,1,1,1,0
3303300105317,0105317,HOSPITAL MUNICIPAL OCEANICO DR GILSON CANTARINO HMOGC,NITEROI,1,DIAGNOSTICO POR IMAGEM,14,Ultrassom Ecografo,1,1,1,0
3303300105317,0105317,HOSPITAL MUNICIPAL OCEANICO DR GILSON CANTARINO HMOGC,NITEROI,2,Equipamentos de Infra-Estrutura,19,AR CONDICIONADO,45,45,45,0
3303300105317,0105317,HOSPITAL MUNICIPAL OCEANICO DR GILSON CANTARINO HMOGC,NITEROI,2,Equipamentos de Infra-Estrutura,21,Controle Ambiental/Ar-condicionado Central,2,2,2,0
3303300105317,0105317,HOSPITAL MUNICIPAL OCEANICO DR GILSON CANTARINO HMOGC,NITEROI,2,Equipamentos de Infra-Estrutura,30,GRUPO GERADOR (ACIMA DE 300 KVA),2,2,2,0
3303300105317,0105317,HOSPITAL MUNICIPAL OCEANICO DR GILSON CANTARINO HMOGC,NITEROI,2,Equipamentos de Infra-Estrutura,22,Grupo Gerador,2,2,2,0
3303300105317,0105317,HOSPITAL MUNICIPAL OCEANICO DR GILSON CANTARINO HMOGC,NITEROI,2,Equipamentos de Infra-Estrutura,66,REFRIGERADOR,8,8,8,0
3303300105317,0105317,HOSPITAL MUNICIPAL OCEANICO DR GILSON CANTARINO HMOGC,NITEROI,2,Equipamentos de Infra-Estrutura,23,Usina de Oxigenio,1,1,1,0
3303300105317,0105317,HOSPITAL MUNICIPAL OCEANICO DR GILSON CANTARINO HMOGC,NITEROI,7,Equipamentos de Odontologia,80,Equipo Odontologico,1,1,1,0
3303300105317,0105317,HOSPITAL MUNICIPAL OCEANICO DR GILSON CANTARINO HMOGC,NITEROI,5,Equipamentos para Manutencao da Vida,52,Bomba de Infusao,350,350,350,0
3303300105317,0105317,HOSPITAL MUNICIPAL OCEANICO DR GILSON CANTARINO HMOGC,NITEROI,5,Equipamentos para Manutencao da Vida,56,Desfibrilador,10,10,10,0
3303300105317,0105317,HOSPITAL MUNICIPAL OCEANICO DR GILSON CANTARINO HMOGC,NITEROI,5,Equipamentos para Manutencao da Vida,60,Monitor de ECG,106,106,106,0
3303300105317,0105317,HOSPITAL MUNICIPAL OCEANICO DR GILSON CANTARINO HMOGC,NITEROI,5,Equipamentos para Manutencao da Vida,61,Monitor de Pressao Invasivo,5,5,5,0
3303300105317,0105317,HOSPITAL MUNICIPAL OCEANICO DR GILSON CANTARINO HMOGC,NITEROI,5,Equipamentos para Manutencao da Vida,63,Reanimador Pulmonar/AMBU,50,50,50,0
3303300105317,0105317,HOSPITAL MUNICIPAL OCEANICO DR GILSON CANTARINO HMOGC,NITEROI,5,Equipamentos para Manutencao da Vida,64,Respirador/Ventilador,93,93,93,0
3303300105317,0105317,HOSPITAL MUNICIPAL OCEANICO DR GILSON CANTARINO HMOGC,NITEROI,4,Equipamentos por Metodos Graficos,41,Eletrocardiografo,1,1,1,0
3303300105317,0105317,HOSPITAL MUNICIPAL OCEANICO DR GILSON CANTARINO HMOGC,NITEROI,3,Equipamentos por Metodos Opticos,33,Endoscopio Digestivo,1,1,1,0
3303300105317,0105317,HOSPITAL MUNICIPAL OCEANICO DR GILSON CANTARINO HMOGC,NITEROI,3,Equipamentos por Metodos Opticos,32,Endoscopio das Vias Urinarias,1,1,1,0
3303300105317,0105317,HOSPITAL MUNICIPAL OCEANICO DR GILSON CANTARINO HMOGC,NITEROI,3,Equipamentos por Metodos Opticos,51,HISTEROSCOPIO,1,1,1,0
3303300105317,0105317,HOSPITAL MUNICIPAL OCEANICO DR GILSON CANTARINO HMOGC,NITEROI,3,Equipamentos por Metodos Opticos,35,Laparoscopio/Vídeo,2,2,2,0
3303402272784,2272784,HOSPITAL MUNICIPAL RAUL SERTA,NOVA FRIBURGO,1,DIAGNOSTICO POR IMAGEM,02,Mamografo com Comando Simples,1,1,0,0
3303402272784,2272784,HOSPITAL MUNICIPAL RAUL SERTA,NOVA FRIBURGO,1,DIAGNOSTICO POR IMAGEM,16,PROCESSADORA DE FILME EXCLUSIVA PARA MAMOGRAFIA,1,1,0,0
3303402272784,2272784,HOSPITAL MUNICIPAL RAUL SERTA,NOVA FRIBURGO,1,DIAGNOSTICO POR IMAGEM,05,Raio X de 100 a 500 mA,5,5,0,0
3303402272784,2272784,HOSPITAL MUNICIPAL RAUL SERTA,NOVA FRIBURGO,1,DIAGNOSTICO POR IMAGEM,14,Ultrassom Ecografo,1,1,0,0
3303402272784,2272784,HOSPITAL MUNICIPAL RAUL SERTA,NOVA FRIBURGO,7,Equipamentos de Odontologia,80,Equipo Odontologico,1,1,0,0
3303402272784,2272784,HOSPITAL MUNICIPAL RAUL SERTA,NOVA FRIBURGO,5,Equipamentos para Manutencao da Vida,52,Bomba de Infusao,85,85,0,0
3303402272784,2272784,HOSPITAL MUNICIPAL RAUL SERTA,NOVA FRIBURGO,5,Equipamentos para Manutencao da Vida,56,Desfibrilador,21,21,0,0
3303402272784,2272784,HOSPITAL MUNICIPAL RAUL SERTA,NOVA FRIBURGO,5,Equipamentos para Manutencao da Vida,65,MONITOR MULTIPARAMETRO,98,98,0,0
3303402272784,2272784,HOSPITAL MUNICIPAL RAUL SERTA,NOVA FRIBURGO,5,Equipamentos para Manutencao da Vida,59,Marcapasso Temporario,2,2,0,0
3303402272784,2272784,HOSPITAL MUNICIPAL RAUL SERTA,NOVA FRIBURGO,5,Equipamentos para Manutencao da Vida,60,Monitor de ECG,17,17,0,0
3303402272784,2272784,HOSPITAL MUNICIPAL RAUL SERTA,NOVA FRIBURGO,5,Equipamentos para Manutencao da Vida,61,Monitor de Pressao Invasivo,4,4,0,0
3303402272784,2272784,HOSPITAL MUNICIPAL RAUL SERTA,NOVA FRIBURGO,5,Equipamentos para Manutencao da Vida,62,Monitor de Pressao Nao-Invasivo,4,4,0,0
3303402272784,2272784,HOSPITAL MUNICIPAL RAUL SERTA,NOVA FRIBURGO,5,Equipamentos para Manutencao da Vida,63,Reanimador Pulmonar/AMBU,2,2,0,0
3303402272784,2272784,HOSPITAL MUNICIPAL RAUL SERTA,NOVA FRIBURGO,5,Equipamentos para Manutencao da Vida,64,Respirador/Ventilador,101,101,0,0
3303402272784,2272784,HOSPITAL MUNICIPAL RAUL SERTA,NOVA FRIBURGO,4,Equipamentos por Metodos Graficos,41,Eletrocardiografo,7,5,0,2
3303402272784,2272784,HOSPITAL MUNICIPAL RAUL SERTA,NOVA FRIBURGO,3,Equipamentos por Metodos Opticos,33,Endoscopio Digestivo,2,2,0,0
3303402272784,2272784,HOSPITAL MUNICIPAL RAUL SERTA,NOVA FRIBURGO,3,Equipamentos por Metodos Opticos,31,Endoscopio das Vias Respiratorias,1,1,0,0
3303402272784,2272784,HOSPITAL MUNICIPAL RAUL SERTA,NOVA FRIBURGO,3,Equipamentos por Metodos Opticos,32,Endoscopio das Vias Urinarias,1,1,0,0
3303502798662,2798662,HGNI HOSPITAL GERAL DE NOVA IGUACU,NOVA IGUACU,1,DIAGNOSTICO POR IMAGEM,05,Raio X de 100 a 500 mA,7,6,6,1
3303502798662,2798662,HGNI HOSPITAL GERAL DE NOVA IGUACU,NOVA IGUACU,1,DIAGNOSTICO POR IMAGEM,06,Raio X mais de 500mA,4,4,4,0
3303502798662,2798662,HGNI HOSPITAL GERAL DE NOVA IGUACU,NOVA IGUACU,1,DIAGNOSTICO POR IMAGEM,11,Tomógrafo Computadorizado,3,2,2,1
3303502798662,2798662,HGNI HOSPITAL GERAL DE NOVA IGUACU,NOVA IGUACU,1,DIAGNOSTICO POR IMAGEM,15,Ultrassom Convencional,7,6,6,1
3303502798662,2798662,HGNI HOSPITAL GERAL DE NOVA IGUACU,NOVA IGUACU,1,DIAGNOSTICO POR IMAGEM,14,Ultrassom Ecografo,1,1,1,0
3303502798662,2798662,HGNI HOSPITAL GERAL DE NOVA IGUACU,NOVA IGUACU,2,Equipamentos de Infra-Estrutura,21,Controle Ambiental/Ar-condicionado Central,3,3,3,0
3303502798662,2798662,HGNI HOSPITAL GERAL DE NOVA IGUACU,NOVA IGUACU,2,Equipamentos de Infra-Estrutura,22,Grupo Gerador,2,2,2,0
3303502798662,2798662,HGNI HOSPITAL GERAL DE NOVA IGUACU,NOVA IGUACU,2,Equipamentos de Infra-Estrutura,23,Usina de Oxigenio,1,1,1,0
3303502798662,2798662,HGNI HOSPITAL GERAL DE NOVA IGUACU,NOVA IGUACU,7,Equipamentos de Odontologia,80,Equipo Odontologico,3,3,3,0
3303502798662,2798662,HGNI HOSPITAL GERAL DE NOVA IGUACU,NOVA IGUACU,5,Equipamentos para Manutencao da Vida,53,Berço Aquecido,4,4,4,0
3303502798662,2798662,HGNI HOSPITAL GERAL DE NOVA IGUACU,NOVA IGUACU,5,Equipamentos para Manutencao da Vida,52,Bomba de Infusao,700,600,600,100
3303502798662,2798662,HGNI HOSPITAL GERAL DE NOVA IGUACU,NOVA IGUACU,5,Equipamentos para Manutencao da Vida,56,Desfibrilador,16,16,16,0
3303502798662,2798662,HGNI HOSPITAL GERAL DE NOVA IGUACU,NOVA IGUACU,5,Equipamentos para Manutencao da Vida,58,Incubadora,26,26,26,0
3303502798662,2798662,HGNI HOSPITAL GERAL DE NOVA IGUACU,NOVA IGUACU,5,Equipamentos para Manutencao da Vida,60,Monitor de ECG,97,89,89,8
3303502798662,2798662,HGNI HOSPITAL GERAL DE NOVA IGUACU,NOVA IGUACU,5,Equipamentos para Manutencao da Vida,63,Reanimador Pulmonar/AMBU,300,300,300,0
3303502798662,2798662,HGNI HOSPITAL GERAL DE NOVA IGUACU,NOVA IGUACU,5,Equipamentos para Manutencao da Vida,64,Respirador/Ventilador,110,107,107,3
3303502798662,2798662,HGNI HOSPITAL GERAL DE NOVA IGUACU,NOVA IGUACU,4,Equipamentos por Metodos Graficos,41,Eletrocardiografo,17,16,16,1
3303502798662,2798662,HGNI HOSPITAL GERAL DE NOVA IGUACU,NOVA IGUACU,3,Equipamentos por Metodos Opticos,33,Endoscopio Digestivo,6,5,5,1
3303502798662,2798662,HGNI HOSPITAL GERAL DE NOVA IGUACU,NOVA IGUACU,3,Equipamentos por Metodos Opticos,31,Endoscopio das Vias Respiratorias,1,1,1,0
3303502798662,2798662,HGNI HOSPITAL GERAL DE NOVA IGUACU,NOVA IGUACU,3,Equipamentos por Metodos Opticos,32,Endoscopio das Vias Urinarias,1,1,1,0
3303502798662,2798662,HGNI HOSPITAL GERAL DE NOVA IGUACU,NOVA IGUACU,3,Equipamentos por Metodos Opticos,35,Laparoscopio/Vídeo,4,4,4,0
3303502798662,2798662,HGNI HOSPITAL GERAL DE NOVA IGUACU,NOVA IGUACU,3,Equipamentos por Metodos Opticos,36,Microscopio Cirurgico,1,1,1,0
3303502798662,2798662,HGNI HOSPITAL GERAL DE NOVA IGUACU,NOVA IGUACU,3,Equipamentos por Metodos Opticos,46,OFTALMOSCOPIO,4,1,1,3
3303507591136,7591136,HOSPITAL IGUASSU MATERNIDADE MUNICIPAL MARIANA BULHOES,NOVA IGUACU,1,DIAGNOSTICO POR IMAGEM,15,Ultrassom Convencional,2,2,0,0
3303507591136,7591136,HOSPITAL IGUASSU MATERNIDADE MUNICIPAL MARIANA BULHOES,NOVA IGUACU,1,DIAGNOSTICO POR IMAGEM,13,Ultrassom Doppler Colorido,1,1,0,0
3303507591136,7591136,HOSPITAL IGUASSU MATERNIDADE MUNICIPAL MARIANA BULHOES,NOVA IGUACU,1,DIAGNOSTICO POR IMAGEM,14,Ultrassom Ecografo,1,1,0,0
3303507591136,7591136,HOSPITAL IGUASSU MATERNIDADE MUNICIPAL MARIANA BULHOES,NOVA IGUACU,2,Equipamentos de Infra-Estrutura,22,Grupo Gerador,1,1,0,0
3303507591136,7591136,HOSPITAL IGUASSU MATERNIDADE MUNICIPAL MARIANA BULHOES,NOVA IGUACU,2,Equipamentos de Infra-Estrutura,23,Usina de Oxigenio,1,1,0,0
3303507591136,7591136,HOSPITAL IGUASSU MATERNIDADE MUNICIPAL MARIANA BULHOES,NOVA IGUACU,5,Equipamentos para Manutencao da Vida,54,Bilirrubinometro,1,1,0,0
3303507591136,7591136,HOSPITAL IGUASSU MATERNIDADE MUNICIPAL MARIANA BULHOES,NOVA IGUACU,5,Equipamentos para Manutencao da Vida,52,Bomba de Infusao,60,60,0,0
3303507591136,7591136,HOSPITAL IGUASSU MATERNIDADE MUNICIPAL MARIANA BULHOES,NOVA IGUACU,5,Equipamentos para Manutencao da Vida,56,Desfibrilador,18,5,0,13
3303507591136,7591136,HOSPITAL IGUASSU MATERNIDADE MUNICIPAL MARIANA BULHOES,NOVA IGUACU,5,Equipamentos para Manutencao da Vida,57,Equipamento de Fototerapia,15,15,0,0
3303507591136,7591136,HOSPITAL IGUASSU MATERNIDADE MUNICIPAL MARIANA BULHOES,NOVA IGUACU,5,Equipamentos para Manutencao da Vida,58,Incubadora,30,25,0,5
3303507591136,7591136,HOSPITAL IGUASSU MATERNIDADE MUNICIPAL MARIANA BULHOES,NOVA IGUACU,5,Equipamentos para Manutencao da Vida,60,Monitor de ECG,25,20,0,5
3303507591136,7591136,HOSPITAL IGUASSU MATERNIDADE MUNICIPAL MARIANA BULHOES,NOVA IGUACU,5,Equipamentos para Manutencao da Vida,61,Monitor de Pressao Invasivo,25,20,0,5
3303507591136,7591136,HOSPITAL IGUASSU MATERNIDADE MUNICIPAL MARIANA BULHOES,NOVA IGUACU,5,Equipamentos para Manutencao da Vida,62,Monitor de Pressao Nao-Invasivo,25,20,0,5
3303507591136,7591136,HOSPITAL IGUASSU MATERNIDADE MUNICIPAL MARIANA BULHOES,NOVA IGUACU,5,Equipamentos para Manutencao da Vida,63,Reanimador Pulmonar/AMBU,20,20,0,0
3303507591136,7591136,HOSPITAL IGUASSU MATERNIDADE MUNICIPAL MARIANA BULHOES,NOVA IGUACU,5,Equipamentos para Manutencao da Vida,64,Respirador/Ventilador,10,10,0,0
3303507591136,7591136,HOSPITAL IGUASSU MATERNIDADE MUNICIPAL MARIANA BULHOES,NOVA IGUACU,4,Equipamentos por Metodos Graficos,41,Eletrocardiografo,1,1,0,0
3303602279355,2279355,HOSPITAL MUNICIPAL DR ADALBERTO DA GRACA,PARACAMBI,1,DIAGNOSTICO POR IMAGEM,04,Raio X ate 100 mA,1,1,1,0
3303602279355,2279355,HOSPITAL MUNICIPAL DR ADALBERTO DA GRACA,PARACAMBI,1,DIAGNOSTICO POR IMAGEM,06,Raio X mais de 500mA,1,1,1,0
3303602279355,2279355,HOSPITAL MUNICIPAL DR ADALBERTO DA GRACA,PARACAMBI,1,DIAGNOSTICO POR IMAGEM,14,Ultrassom Ecografo,1,1,1,0
3303602279355,2279355,HOSPITAL MUNICIPAL DR ADALBERTO DA GRACA,PARACAMBI,2,Equipamentos de Infra-Estrutura,22,Grupo Gerador,1,1,1,0
3303602279355,2279355,HOSPITAL MUNICIPAL DR ADALBERTO DA GRACA,PARACAMBI,5,Equipamentos para Manutencao da Vida,52,Bomba de Infusao,16,16,16,0
3303602279355,2279355,HOSPITAL MUNICIPAL DR ADALBERTO DA GRACA,PARACAMBI,5,Equipamentos para Manutencao da Vida,56,Desfibrilador,1,1,1,0
3303602279355,2279355,HOSPITAL MUNICIPAL DR ADALBERTO DA GRACA,PARACAMBI,5,Equipamentos para Manutencao da Vida,60,Monitor de ECG,10,10,10,0
3303602279355,2279355,HOSPITAL MUNICIPAL DR ADALBERTO DA GRACA,PARACAMBI,5,Equipamentos para Manutencao da Vida,62,Monitor de Pressao Nao-Invasivo,6,6,6,0
3303602279355,2279355,HOSPITAL MUNICIPAL DR ADALBERTO DA GRACA,PARACAMBI,5,Equipamentos para Manutencao da Vida,63,Reanimador Pulmonar/AMBU,1,1,1,0
3303602279355,2279355,HOSPITAL MUNICIPAL DR ADALBERTO DA GRACA,PARACAMBI,5,Equipamentos para Manutencao da Vida,64,Respirador/Ventilador,11,11,11,0
3303602279355,2279355,HOSPITAL MUNICIPAL DR ADALBERTO DA GRACA,PARACAMBI,4,Equipamentos por Metodos Graficos,41,Eletrocardiografo,2,2,2,0
3303602279355,2279355,HOSPITAL MUNICIPAL DR ADALBERTO DA GRACA,PARACAMBI,3,Equipamentos por Metodos Opticos,33,Endoscopio Digestivo,1,1,1,0
3303602279355,2279355,HOSPITAL MUNICIPAL DR ADALBERTO DA GRACA,PARACAMBI,6,Outros Equipamentos,71,Aparelho de Diatermia por Ultrassom/Ondas Curtas,6,6,6,0
3303602279355,2279355,HOSPITAL MUNICIPAL DR ADALBERTO DA GRACA,PARACAMBI,6,Outros Equipamentos,78,Forno de Bier,2,2,2,0
3303600219436,0219436,MATERNIDADE LAURINDO JOSE FERREIRA,PARACAMBI,2,Equipamentos de Infra-Estrutura,22,Grupo Gerador,1,1,1,0
3303600219436,0219436,MATERNIDADE LAURINDO JOSE FERREIRA,PARACAMBI,5,Equipamentos para Manutencao da Vida,53,Berço Aquecido,4,4,4,0
3303600219436,0219436,MATERNIDADE LAURINDO JOSE FERREIRA,PARACAMBI,5,Equipamentos para Manutencao da Vida,52,Bomba de Infusao,3,3,3,0
3303600219436,0219436,MATERNIDADE LAURINDO JOSE FERREIRA,PARACAMBI,5,Equipamentos para Manutencao da Vida,56,Desfibrilador,2,2,2,0
3303600219436,0219436,MATERNIDADE LAURINDO JOSE FERREIRA,PARACAMBI,5,Equipamentos para Manutencao da Vida,57,Equipamento de Fototerapia,3,3,3,0
3303600219436,0219436,MATERNIDADE LAURINDO JOSE FERREIRA,PARACAMBI,5,Equipamentos para Manutencao da Vida,58,Incubadora,2,2,2,0
3303600219436,0219436,MATERNIDADE LAURINDO JOSE FERREIRA,PARACAMBI,5,Equipamentos para Manutencao da Vida,60,Monitor de ECG,4,4,4,0
3303600219436,0219436,MATERNIDADE LAURINDO JOSE FERREIRA,PARACAMBI,5,Equipamentos para Manutencao da Vida,62,Monitor de Pressao Nao-Invasivo,4,4,4,0
3303600219436,0219436,MATERNIDADE LAURINDO JOSE FERREIRA,PARACAMBI,5,Equipamentos para Manutencao da Vida,63,Reanimador Pulmonar/AMBU,10,10,10,0
3303600219436,0219436,MATERNIDADE LAURINDO JOSE FERREIRA,PARACAMBI,5,Equipamentos para Manutencao da Vida,64,Respirador/Ventilador,3,3,3,0
3303802704587,2704587,HOSPITAL MUNICIPAL HUGO MIRANDA,PARATY,1,DIAGNOSTICO POR IMAGEM,05,Raio X de 100 a 500 mA,1,1,1,0
3303802704587,2704587,HOSPITAL MUNICIPAL HUGO MIRANDA,PARATY,1,DIAGNOSTICO POR IMAGEM,15,Ultrassom Convencional,1,1,1,0
3303802704587,2704587,HOSPITAL MUNICIPAL HUGO MIRANDA,PARATY,10,DIALISE,02,APARELHO DE HEMODIALISE - HOSPITALAR,1,1,1,0
3303802704587,2704587,HOSPITAL MUNICIPAL HUGO MIRANDA,PARATY,2,Equipamentos de Infra-Estrutura,19,AR CONDICIONADO,90,90,1,0
3303802704587,2704587,HOSPITAL MUNICIPAL HUGO MIRANDA,PARATY,2,Equipamentos de Infra-Estrutura,21,Controle Ambiental/Ar-condicionado Central,2,2,1,0
3303802704587,2704587,HOSPITAL MUNICIPAL HUGO MIRANDA,PARATY,2,Equipamentos de Infra-Estrutura,22,Grupo Gerador,2,2,1,0
3303802704587,2704587,HOSPITAL MUNICIPAL HUGO MIRANDA,PARATY,2,Equipamentos de Infra-Estrutura,23,Usina de Oxigenio,1,1,1,0
3303802704587,2704587,HOSPITAL MUNICIPAL HUGO MIRANDA,PARATY,5,Equipamentos para Manutencao da Vida,53,Berço Aquecido,4,4,1,0
3303802704587,2704587,HOSPITAL MUNICIPAL HUGO MIRANDA,PARATY,5,Equipamentos para Manutencao da Vida,52,Bomba de Infusao,12,12,1,0
3303802704587,2704587,HOSPITAL MUNICIPAL HUGO MIRANDA,PARATY,5,Equipamentos para Manutencao da Vida,56,Desfibrilador,7,7,1,0
3303802704587,2704587,HOSPITAL MUNICIPAL HUGO MIRANDA,PARATY,5,Equipamentos para Manutencao da Vida,57,Equipamento de Fototerapia,2,2,1,0
3303802704587,2704587,HOSPITAL MUNICIPAL HUGO MIRANDA,PARATY,5,Equipamentos para Manutencao da Vida,58,Incubadora,6,4,1,2
3303802704587,2704587,HOSPITAL MUNICIPAL HUGO MIRANDA,PARATY,5,Equipamentos para Manutencao da Vida,65,MONITOR MULTIPARAMETRO,36,36,1,0
3303802704587,2704587,HOSPITAL MUNICIPAL HUGO MIRANDA,PARATY,5,Equipamentos para Manutencao da Vida,63,Reanimador Pulmonar/AMBU,10,10,1,0
3303802704587,2704587,HOSPITAL MUNICIPAL HUGO MIRANDA,PARATY,5,Equipamentos para Manutencao da Vida,64,Respirador/Ventilador,30,10,1,20
3303802704587,2704587,HOSPITAL MUNICIPAL HUGO MIRANDA,PARATY,4,Equipamentos por Metodos Graficos,41,Eletrocardiografo,2,2,1,0
3303802704587,2704587,HOSPITAL MUNICIPAL HUGO MIRANDA,PARATY,3,Equipamentos por Metodos Opticos,33,Endoscopio Digestivo,1,1,1,0
3303802704587,2704587,HOSPITAL MUNICIPAL HUGO MIRANDA,PARATY,3,Equipamentos por Metodos Opticos,32,Endoscopio das Vias Urinarias,1,1,1,0
3303802704587,2704587,HOSPITAL MUNICIPAL HUGO MIRANDA,PARATY,3,Equipamentos por Metodos Opticos,51,HISTEROSCOPIO,1,1,1,0
3303802704587,2704587,HOSPITAL MUNICIPAL HUGO MIRANDA,PARATY,3,Equipamentos por Metodos Opticos,46,OFTALMOSCOPIO,1,1,1,0
3303902275562,2275562,HOSPITAL ALCIDES CARNEIRO,PETROPOLIS,1,DIAGNOSTICO POR IMAGEM,03,Mamografo com Estereotaxia,1,1,0,0
3303902275562,2275562,HOSPITAL ALCIDES CARNEIRO,PETROPOLIS,1,DIAGNOSTICO POR IMAGEM,16,PROCESSADORA DE FILME EXCLUSIVA PARA MAMOGRAFIA,1,1,0,0
3303902275562,2275562,HOSPITAL ALCIDES CARNEIRO,PETROPOLIS,1,DIAGNOSTICO POR IMAGEM,04,Raio X ate 100 mA,3,3,0,0
3303902275562,2275562,HOSPITAL ALCIDES CARNEIRO,PETROPOLIS,1,DIAGNOSTICO POR IMAGEM,05,Raio X de 100 a 500 mA,2,2,0,0
3303902275562,2275562,HOSPITAL ALCIDES CARNEIRO,PETROPOLIS,1,DIAGNOSTICO POR IMAGEM,12,Ressonancia Magnetica,1,1,0,0
3303902275562,2275562,HOSPITAL ALCIDES CARNEIRO,PETROPOLIS,1,DIAGNOSTICO POR IMAGEM,11,Tomógrafo Computadorizado,1,1,0,0
3303902275562,2275562,HOSPITAL ALCIDES CARNEIRO,PETROPOLIS,1,DIAGNOSTICO POR IMAGEM,15,Ultrassom Convencional,3,3,0,0
3303902275562,2275562,HOSPITAL ALCIDES CARNEIRO,PETROPOLIS,1,DIAGNOSTICO POR IMAGEM,13,Ultrassom Doppler Colorido,1,1,0,0
3303902275562,2275562,HOSPITAL ALCIDES CARNEIRO,PETROPOLIS,1,DIAGNOSTICO POR IMAGEM,14,Ultrassom Ecografo,1,1,0,0
3303902275562,2275562,HOSPITAL ALCIDES CARNEIRO,PETROPOLIS,10,DIALISE,02,APARELHO DE HEMODIALISE - HOSPITALAR,3,3,3,0
3303902275562,2275562,HOSPITAL ALCIDES CARNEIRO,PETROPOLIS,2,Equipamentos de Infra-Estrutura,21,Controle Ambiental/Ar-condicionado Central,4,4,0,0
3303902275562,2275562,HOSPITAL ALCIDES CARNEIRO,PETROPOLIS,2,Equipamentos de Infra-Estrutura,22,Grupo Gerador,1,1,0,0
3303902275562,2275562,HOSPITAL ALCIDES CARNEIRO,PETROPOLIS,2,Equipamentos de Infra-Estrutura,23,Usina de Oxigenio,1,1,0,0
3303902275562,2275562,HOSPITAL ALCIDES CARNEIRO,PETROPOLIS,5,Equipamentos para Manutencao da Vida,53,Berço Aquecido,6,6,0,0
3303902275562,2275562,HOSPITAL ALCIDES CARNEIRO,PETROPOLIS,5,Equipamentos para Manutencao da Vida,52,Bomba de Infusao,450,450,0,0
3303902275562,2275562,HOSPITAL ALCIDES CARNEIRO,PETROPOLIS,5,Equipamentos para Manutencao da Vida,56,Desfibrilador,10,10,0,0
3303902275562,2275562,HOSPITAL ALCIDES CARNEIRO,PETROPOLIS,5,Equipamentos para Manutencao da Vida,57,Equipamento de Fototerapia,10,10,0,0
3303902275562,2275562,HOSPITAL ALCIDES CARNEIRO,PETROPOLIS,5,Equipamentos para Manutencao da Vida,58,Incubadora,26,26,0,0
3303902275562,2275562,HOSPITAL ALCIDES CARNEIRO,PETROPOLIS,5,Equipamentos para Manutencao da Vida,60,Monitor de ECG,70,70,0,0
3303902275562,2275562,HOSPITAL ALCIDES CARNEIRO,PETROPOLIS,5,Equipamentos para Manutencao da Vida,61,Monitor de Pressao Invasivo,40,40,0,0
3303902275562,2275562,HOSPITAL ALCIDES CARNEIRO,PETROPOLIS,5,Equipamentos para Manutencao da Vida,62,Monitor de Pressao Nao-Invasivo,70,70,0,0
3303902275562,2275562,HOSPITAL ALCIDES CARNEIRO,PETROPOLIS,5,Equipamentos para Manutencao da Vida,63,Reanimador Pulmonar/AMBU,30,30,0,0
3303902275562,2275562,HOSPITAL ALCIDES CARNEIRO,PETROPOLIS,5,Equipamentos para Manutencao da Vida,64,Respirador/Ventilador,44,44,0,0
3303902275562,2275562,HOSPITAL ALCIDES CARNEIRO,PETROPOLIS,4,Equipamentos por Metodos Graficos,41,Eletrocardiografo,7,7,0,0
3303902275562,2275562,HOSPITAL ALCIDES CARNEIRO,PETROPOLIS,3,Equipamentos por Metodos Opticos,33,Endoscopio Digestivo,3,3,0,0
3303902275562,2275562,HOSPITAL ALCIDES CARNEIRO,PETROPOLIS,3,Equipamentos por Metodos Opticos,31,Endoscopio das Vias Respiratorias,2,2,0,0
3303902275562,2275562,HOSPITAL ALCIDES CARNEIRO,PETROPOLIS,3,Equipamentos por Metodos Opticos,32,Endoscopio das Vias Urinarias,1,1,0,0
3303902275562,2275562,HOSPITAL ALCIDES CARNEIRO,PETROPOLIS,3,Equipamentos por Metodos Opticos,51,HISTEROSCOPIO,1,1,0,0
3303902275562,2275562,HOSPITAL ALCIDES CARNEIRO,PETROPOLIS,3,Equipamentos por Metodos Opticos,35,Laparoscopio/Vídeo,3,3,0,0
3303902275562,2275562,HOSPITAL ALCIDES CARNEIRO,PETROPOLIS,3,Equipamentos por Metodos Opticos,36,Microscopio Cirurgico,1,1,0,0
3303902275589,2275589,HOSPITAL MUNICIPAL DR NELSON DE SA EARP,PETROPOLIS,1,DIAGNOSTICO POR IMAGEM,07,RAIO X ODONTOLOGICO,2,2,0,0
3303902275589,2275589,HOSPITAL MUNICIPAL DR NELSON DE SA EARP,PETROPOLIS,1,DIAGNOSTICO POR IMAGEM,04,Raio X ate 100 mA,2,2,0,0
3303902275589,2275589,HOSPITAL MUNICIPAL DR NELSON DE SA EARP,PETROPOLIS,1,DIAGNOSTICO POR IMAGEM,05,Raio X de 100 a 500 mA,1,1,0,0
3303902275589,2275589,HOSPITAL MUNICIPAL DR NELSON DE SA EARP,PETROPOLIS,1,DIAGNOSTICO POR IMAGEM,06,Raio X mais de 500mA,1,1,0,0
3303902275589,2275589,HOSPITAL MUNICIPAL DR NELSON DE SA EARP,PETROPOLIS,1,DIAGNOSTICO POR IMAGEM,11,Tomógrafo Computadorizado,1,1,0,0
3303902275589,2275589,HOSPITAL MUNICIPAL DR NELSON DE SA EARP,PETROPOLIS,1,DIAGNOSTICO POR IMAGEM,13,Ultrassom Doppler Colorido,1,0,0,1
3303902275589,2275589,HOSPITAL MUNICIPAL DR NELSON DE SA EARP,PETROPOLIS,10,DIALISE,02,APARELHO DE HEMODIALISE - HOSPITALAR,1,1,1,0
3303902275589,2275589,HOSPITAL MUNICIPAL DR NELSON DE SA EARP,PETROPOLIS,2,Equipamentos de Infra-Estrutura,22,Grupo Gerador,1,1,0,0
3303902275589,2275589,HOSPITAL MUNICIPAL DR NELSON DE SA EARP,PETROPOLIS,2,Equipamentos de Infra-Estrutura,23,Usina de Oxigenio,1,1,0,0
3303902275589,2275589,HOSPITAL MUNICIPAL DR NELSON DE SA EARP,PETROPOLIS,7,Equipamentos de Odontologia,85,Amalgamador,1,1,0,0
3303902275589,2275589,HOSPITAL MUNICIPAL DR NELSON DE SA EARP,PETROPOLIS,7,Equipamentos de Odontologia,86,Aparelho de Profilaxia c/ Jato de Bicarbonato,1,1,0,0
3303902275589,2275589,HOSPITAL MUNICIPAL DR NELSON DE SA EARP,PETROPOLIS,7,Equipamentos de Odontologia,83,Caneta de Alta Rotacao,2,2,0,0
3303902275589,2275589,HOSPITAL MUNICIPAL DR NELSON DE SA EARP,PETROPOLIS,7,Equipamentos de Odontologia,84,Caneta de Baixa Rotacao,2,2,0,0
3303902275589,2275589,HOSPITAL MUNICIPAL DR NELSON DE SA EARP,PETROPOLIS,7,Equipamentos de Odontologia,81,Compressor Odontologico,2,2,0,0
3303902275589,2275589,HOSPITAL MUNICIPAL DR NELSON DE SA EARP,PETROPOLIS,7,Equipamentos de Odontologia,80,Equipo Odontologico,2,2,0,0
3303902275589,2275589,HOSPITAL MUNICIPAL DR NELSON DE SA EARP,PETROPOLIS,7,Equipamentos de Odontologia,82,Fotopolimerizador,2,2,0,0
3303902275589,2275589,HOSPITAL MUNICIPAL DR NELSON DE SA EARP,PETROPOLIS,5,Equipamentos para Manutencao da Vida,52,Bomba de Infusao,44,38,0,6
3303902275589,2275589,HOSPITAL MUNICIPAL DR NELSON DE SA EARP,PETROPOLIS,5,Equipamentos para Manutencao da Vida,56,Desfibrilador,4,4,0,0
3303902275589,2275589,HOSPITAL MUNICIPAL DR NELSON DE SA EARP,PETROPOLIS,5,Equipamentos para Manutencao da Vida,59,Marcapasso Temporario,1,1,0,0
3303902275589,2275589,HOSPITAL MUNICIPAL DR NELSON DE SA EARP,PETROPOLIS,5,Equipamentos para Manutencao da Vida,60,Monitor de ECG,21,10,0,11
3303902275589,2275589,HOSPITAL MUNICIPAL DR NELSON DE SA EARP,PETROPOLIS,5,Equipamentos para Manutencao da Vida,62,Monitor de Pressao Nao-Invasivo,9,9,0,0
3303902275589,2275589,HOSPITAL MUNICIPAL DR NELSON DE SA EARP,PETROPOLIS,5,Equipamentos para Manutencao da Vida,63,Reanimador Pulmonar/AMBU,4,4,0,0
3303902275589,2275589,HOSPITAL MUNICIPAL DR NELSON DE SA EARP,PETROPOLIS,5,Equipamentos para Manutencao da Vida,64,Respirador/Ventilador,33,10,0,23
3303902275589,2275589,HOSPITAL MUNICIPAL DR NELSON DE SA EARP,PETROPOLIS,4,Equipamentos por Metodos Graficos,41,Eletrocardiografo,4,4,0,0
3303902275589,2275589,HOSPITAL MUNICIPAL DR NELSON DE SA EARP,PETROPOLIS,6,Outros Equipamentos,71,Aparelho de Diatermia por Ultrassom/Ondas Curtas,3,3,0,0
3303902275589,2275589,HOSPITAL MUNICIPAL DR NELSON DE SA EARP,PETROPOLIS,6,Outros Equipamentos,72,Aparelho de Eletroestimulacao,1,1,0,0
3303902275589,2275589,HOSPITAL MUNICIPAL DR NELSON DE SA EARP,PETROPOLIS,6,Outros Equipamentos,78,Forno de Bier,1,1,0,0
3303952271141,2271141,HOSPITAL MUNICIPAL DE PINHEIRAL AURELINO GONCALVES BARBOSA,PINHEIRAL,1,DIAGNOSTICO POR IMAGEM,17,MAMOGRAFO DIGITAL,1,1,1,0
3303952271141,2271141,HOSPITAL MUNICIPAL DE PINHEIRAL AURELINO GONCALVES BARBOSA,PINHEIRAL,1,DIAGNOSTICO POR IMAGEM,21,RAIO X DIGITAL,2,2,2,0
3303952271141,2271141,HOSPITAL MUNICIPAL DE PINHEIRAL AURELINO GONCALVES BARBOSA,PINHEIRAL,1,DIAGNOSTICO POR IMAGEM,15,Ultrassom Convencional,1,1,1,0
3303952271141,2271141,HOSPITAL MUNICIPAL DE PINHEIRAL AURELINO GONCALVES BARBOSA,PINHEIRAL,1,DIAGNOSTICO POR IMAGEM,13,Ultrassom Doppler Colorido,1,1,1,0
3303952271141,2271141,HOSPITAL MUNICIPAL DE PINHEIRAL AURELINO GONCALVES BARBOSA,PINHEIRAL,1,DIAGNOSTICO POR IMAGEM,14,Ultrassom Ecografo,1,1,1,0
3303952271141,2271141,HOSPITAL MUNICIPAL DE PINHEIRAL AURELINO GONCALVES BARBOSA,PINHEIRAL,9,EQUIPAMENTOS DE TELESSAUDE,04,DERMATOSCOPIO,3,3,3,0
3303952271141,2271141,HOSPITAL MUNICIPAL DE PINHEIRAL AURELINO GONCALVES BARBOSA,PINHEIRAL,9,EQUIPAMENTOS DE TELESSAUDE,05,DETECTOR FETAL PORTATIL,3,3,3,0
3303952271141,2271141,HOSPITAL MUNICIPAL DE PINHEIRAL AURELINO GONCALVES BARBOSA,PINHEIRAL,9,EQUIPAMENTOS DE TELESSAUDE,12,ELETROCARDIOGRAMA,1,1,0,0
3303952271141,2271141,HOSPITAL MUNICIPAL DE PINHEIRAL AURELINO GONCALVES BARBOSA,PINHEIRAL,2,Equipamentos de Infra-Estrutura,19,AR CONDICIONADO,10,10,10,0
3303952271141,2271141,HOSPITAL MUNICIPAL DE PINHEIRAL AURELINO GONCALVES BARBOSA,PINHEIRAL,2,Equipamentos de Infra-Estrutura,22,Grupo Gerador,1,1,1,0
3303952271141,2271141,HOSPITAL MUNICIPAL DE PINHEIRAL AURELINO GONCALVES BARBOSA,PINHEIRAL,7,Equipamentos de Odontologia,85,Amalgamador,3,3,3,0
3303952271141,2271141,HOSPITAL MUNICIPAL DE PINHEIRAL AURELINO GONCALVES BARBOSA,PINHEIRAL,7,Equipamentos de Odontologia,86,Aparelho de Profilaxia c/ Jato de Bicarbonato,3,3,3,0
3303952271141,2271141,HOSPITAL MUNICIPAL DE PINHEIRAL AURELINO GONCALVES BARBOSA,PINHEIRAL,7,Equipamentos de Odontologia,83,Caneta de Alta Rotacao,6,6,6,0
3303952271141,2271141,HOSPITAL MUNICIPAL DE PINHEIRAL AURELINO GONCALVES BARBOSA,PINHEIRAL,7,Equipamentos de Odontologia,84,Caneta de Baixa Rotacao,6,6,6,0
3303952271141,2271141,HOSPITAL MUNICIPAL DE PINHEIRAL AURELINO GONCALVES BARBOSA,PINHEIRAL,7,Equipamentos de Odontologia,81,Compressor Odontologico,3,3,3,0
3303952271141,2271141,HOSPITAL MUNICIPAL DE PINHEIRAL AURELINO GONCALVES BARBOSA,PINHEIRAL,7,Equipamentos de Odontologia,80,Equipo Odontologico,1,1,1,0
3303952271141,2271141,HOSPITAL MUNICIPAL DE PINHEIRAL AURELINO GONCALVES BARBOSA,PINHEIRAL,7,Equipamentos de Odontologia,82,Fotopolimerizador,5,5,5,0
3303952271141,2271141,HOSPITAL MUNICIPAL DE PINHEIRAL AURELINO GONCALVES BARBOSA,PINHEIRAL,5,Equipamentos para Manutencao da Vida,53,Berço Aquecido,2,2,2,0
3303952271141,2271141,HOSPITAL MUNICIPAL DE PINHEIRAL AURELINO GONCALVES BARBOSA,PINHEIRAL,5,Equipamentos para Manutencao da Vida,52,Bomba de Infusao,2,2,2,0
3303952271141,2271141,HOSPITAL MUNICIPAL DE PINHEIRAL AURELINO GONCALVES BARBOSA,PINHEIRAL,5,Equipamentos para Manutencao da Vida,56,Desfibrilador,2,2,2,0
3303952271141,2271141,HOSPITAL MUNICIPAL DE PINHEIRAL AURELINO GONCALVES BARBOSA,PINHEIRAL,5,Equipamentos para Manutencao da Vida,57,Equipamento de Fototerapia,2,2,2,0
3303952271141,2271141,HOSPITAL MUNICIPAL DE PINHEIRAL AURELINO GONCALVES BARBOSA,PINHEIRAL,5,Equipamentos para Manutencao da Vida,58,Incubadora,1,1,1,0
3303952271141,2271141,HOSPITAL MUNICIPAL DE PINHEIRAL AURELINO GONCALVES BARBOSA,PINHEIRAL,5,Equipamentos para Manutencao da Vida,60,Monitor de ECG,2,2,2,0
3303952271141,2271141,HOSPITAL MUNICIPAL DE PINHEIRAL AURELINO GONCALVES BARBOSA,PINHEIRAL,5,Equipamentos para Manutencao da Vida,61,Monitor de Pressao Invasivo,2,2,2,0
3303952271141,2271141,HOSPITAL MUNICIPAL DE PINHEIRAL AURELINO GONCALVES BARBOSA,PINHEIRAL,5,Equipamentos para Manutencao da Vida,63,Reanimador Pulmonar/AMBU,4,4,4,0
3303952271141,2271141,HOSPITAL MUNICIPAL DE PINHEIRAL AURELINO GONCALVES BARBOSA,PINHEIRAL,5,Equipamentos para Manutencao da Vida,64,Respirador/Ventilador,7,7,7,0
3303952271141,2271141,HOSPITAL MUNICIPAL DE PINHEIRAL AURELINO GONCALVES BARBOSA,PINHEIRAL,4,Equipamentos por Metodos Graficos,41,Eletrocardiografo,2,2,2,0
3303952271141,2271141,HOSPITAL MUNICIPAL DE PINHEIRAL AURELINO GONCALVES BARBOSA,PINHEIRAL,3,Equipamentos por Metodos Opticos,37,CADEIRA OFTALMOLOGICA,1,1,1,0
3303952271141,2271141,HOSPITAL MUNICIPAL DE PINHEIRAL AURELINO GONCALVES BARBOSA,PINHEIRAL,3,Equipamentos por Metodos Opticos,47,CERATOMETRO,1,1,1,0
3303952271141,2271141,HOSPITAL MUNICIPAL DE PINHEIRAL AURELINO GONCALVES BARBOSA,PINHEIRAL,3,Equipamentos por Metodos Opticos,51,HISTEROSCOPIO,1,1,1,0
3303952271141,2271141,HOSPITAL MUNICIPAL DE PINHEIRAL AURELINO GONCALVES BARBOSA,PINHEIRAL,3,Equipamentos por Metodos Opticos,40,LENSOMETRO,1,1,1,0
3303952271141,2271141,HOSPITAL MUNICIPAL DE PINHEIRAL AURELINO GONCALVES BARBOSA,PINHEIRAL,3,Equipamentos por Metodos Opticos,39,REFRATOR,1,1,1,0
3304102272210,2272210,UNIDADE DE ATENDIMENTO DR ANTONIO MONTEIRO,PORCIUNCULA,1,DIAGNOSTICO POR IMAGEM,05,Raio X de 100 a 500 mA,1,1,0,0
3304102272210,2272210,UNIDADE DE ATENDIMENTO DR ANTONIO MONTEIRO,PORCIUNCULA,1,DIAGNOSTICO POR IMAGEM,15,Ultrassom Convencional,2,1,0,1
3304102272210,2272210,UNIDADE DE ATENDIMENTO DR ANTONIO MONTEIRO,PORCIUNCULA,2,Equipamentos de Infra-Estrutura,22,Grupo Gerador,1,1,0,0
3304102272210,2272210,UNIDADE DE ATENDIMENTO DR ANTONIO MONTEIRO,PORCIUNCULA,5,Equipamentos para Manutencao da Vida,53,Berço Aquecido,3,3,0,0
3304102272210,2272210,UNIDADE DE ATENDIMENTO DR ANTONIO MONTEIRO,PORCIUNCULA,5,Equipamentos para Manutencao da Vida,52,Bomba de Infusao,2,2,0,0
3304102272210,2272210,UNIDADE DE ATENDIMENTO DR ANTONIO MONTEIRO,PORCIUNCULA,5,Equipamentos para Manutencao da Vida,56,Desfibrilador,4,4,0,0
3304102272210,2272210,UNIDADE DE ATENDIMENTO DR ANTONIO MONTEIRO,PORCIUNCULA,5,Equipamentos para Manutencao da Vida,60,Monitor de ECG,6,2,0,4
3304102272210,2272210,UNIDADE DE ATENDIMENTO DR ANTONIO MONTEIRO,PORCIUNCULA,5,Equipamentos para Manutencao da Vida,62,Monitor de Pressao Nao-Invasivo,4,4,0,0
3304102272210,2272210,UNIDADE DE ATENDIMENTO DR ANTONIO MONTEIRO,PORCIUNCULA,5,Equipamentos para Manutencao da Vida,63,Reanimador Pulmonar/AMBU,6,6,0,0
3304102272210,2272210,UNIDADE DE ATENDIMENTO DR ANTONIO MONTEIRO,PORCIUNCULA,5,Equipamentos para Manutencao da Vida,64,Respirador/Ventilador,2,2,0,0
3304102272210,2272210,UNIDADE DE ATENDIMENTO DR ANTONIO MONTEIRO,PORCIUNCULA,4,Equipamentos por Metodos Graficos,41,Eletrocardiografo,2,2,0,0
3304102272210,2272210,UNIDADE DE ATENDIMENTO DR ANTONIO MONTEIRO,PORCIUNCULA,3,Equipamentos por Metodos Opticos,33,Endoscopio Digestivo,1,1,0,0
3304102272210,2272210,UNIDADE DE ATENDIMENTO DR ANTONIO MONTEIRO,PORCIUNCULA,3,Equipamentos por Metodos Opticos,46,OFTALMOSCOPIO,2,2,0,0
3304115307864,5307864,HOSPITAL GERAL MUNICIPAL SAO FRANCISCO DE ASSIS,PORTO REAL,1,DIAGNOSTICO POR IMAGEM,21,RAIO X DIGITAL,1,1,1,0
3304115307864,5307864,HOSPITAL GERAL MUNICIPAL SAO FRANCISCO DE ASSIS,PORTO REAL,1,DIAGNOSTICO POR IMAGEM,07,RAIO X ODONTOLOGICO,1,1,1,0
3304115307864,5307864,HOSPITAL GERAL MUNICIPAL SAO FRANCISCO DE ASSIS,PORTO REAL,1,DIAGNOSTICO POR IMAGEM,34,RESSONANCIA MAGNETICA 3T,1,1,1,0
3304115307864,5307864,HOSPITAL GERAL MUNICIPAL SAO FRANCISCO DE ASSIS,PORTO REAL,1,DIAGNOSTICO POR IMAGEM,29,TOMOGRAFO COMPUTADORIZADO 64 CANAIS,1,1,1,0
3304115307864,5307864,HOSPITAL GERAL MUNICIPAL SAO FRANCISCO DE ASSIS,PORTO REAL,1,DIAGNOSTICO POR IMAGEM,13,Ultrassom Doppler Colorido,1,1,1,0
3304115307864,5307864,HOSPITAL GERAL MUNICIPAL SAO FRANCISCO DE ASSIS,PORTO REAL,1,DIAGNOSTICO POR IMAGEM,14,Ultrassom Ecografo,1,1,1,0
3304115307864,5307864,HOSPITAL GERAL MUNICIPAL SAO FRANCISCO DE ASSIS,PORTO REAL,2,Equipamentos de Infra-Estrutura,21,Controle Ambiental/Ar-condicionado Central,1,1,1,0
3304115307864,5307864,HOSPITAL GERAL MUNICIPAL SAO FRANCISCO DE ASSIS,PORTO REAL,2,Equipamentos de Infra-Estrutura,22,Grupo Gerador,1,1,1,0
3304115307864,5307864,HOSPITAL GERAL MUNICIPAL SAO FRANCISCO DE ASSIS,PORTO REAL,2,Equipamentos de Infra-Estrutura,23,Usina de Oxigenio,1,1,1,0
3304115307864,5307864,HOSPITAL GERAL MUNICIPAL SAO FRANCISCO DE ASSIS,PORTO REAL,7,Equipamentos de Odontologia,85,Amalgamador,1,1,1,0
3304115307864,5307864,HOSPITAL GERAL MUNICIPAL SAO FRANCISCO DE ASSIS,PORTO REAL,7,Equipamentos de Odontologia,86,Aparelho de Profilaxia c/ Jato de Bicarbonato,1,1,1,0
3304115307864,5307864,HOSPITAL GERAL MUNICIPAL SAO FRANCISCO DE ASSIS,PORTO REAL,7,Equipamentos de Odontologia,83,Caneta de Alta Rotacao,1,1,1,0
3304115307864,5307864,HOSPITAL GERAL MUNICIPAL SAO FRANCISCO DE ASSIS,PORTO REAL,7,Equipamentos de Odontologia,84,Caneta de Baixa Rotacao,1,1,1,0
3304115307864,5307864,HOSPITAL GERAL MUNICIPAL SAO FRANCISCO DE ASSIS,PORTO REAL,7,Equipamentos de Odontologia,81,Compressor Odontologico,1,1,1,0
3304115307864,5307864,HOSPITAL GERAL MUNICIPAL SAO FRANCISCO DE ASSIS,PORTO REAL,7,Equipamentos de Odontologia,80,Equipo Odontologico,1,1,1,0
3304115307864,5307864,HOSPITAL GERAL MUNICIPAL SAO FRANCISCO DE ASSIS,PORTO REAL,7,Equipamentos de Odontologia,82,Fotopolimerizador,1,1,1,0
3304115307864,5307864,HOSPITAL GERAL MUNICIPAL SAO FRANCISCO DE ASSIS,PORTO REAL,5,Equipamentos para Manutencao da Vida,53,Berço Aquecido,1,1,1,0
3304115307864,5307864,HOSPITAL GERAL MUNICIPAL SAO FRANCISCO DE ASSIS,PORTO REAL,5,Equipamentos para Manutencao da Vida,52,Bomba de Infusao,2,2,2,0
3304115307864,5307864,HOSPITAL GERAL MUNICIPAL SAO FRANCISCO DE ASSIS,PORTO REAL,5,Equipamentos para Manutencao da Vida,51,Bomba/Balao Intra-Aortico,2,2,2,0
3304115307864,5307864,HOSPITAL GERAL MUNICIPAL SAO FRANCISCO DE ASSIS,PORTO REAL,5,Equipamentos para Manutencao da Vida,56,Desfibrilador,3,3,3,0
3304115307864,5307864,HOSPITAL GERAL MUNICIPAL SAO FRANCISCO DE ASSIS,PORTO REAL,5,Equipamentos para Manutencao da Vida,57,Equipamento de Fototerapia,2,2,2,0
3304115307864,5307864,HOSPITAL GERAL MUNICIPAL SAO FRANCISCO DE ASSIS,PORTO REAL,5,Equipamentos para Manutencao da Vida,58,Incubadora,2,2,2,0
3304115307864,5307864,HOSPITAL GERAL MUNICIPAL SAO FRANCISCO DE ASSIS,PORTO REAL,5,Equipamentos para Manutencao da Vida,60,Monitor de ECG,3,3,3,0
3304115307864,5307864,HOSPITAL GERAL MUNICIPAL SAO FRANCISCO DE ASSIS,PORTO REAL,5,Equipamentos para Manutencao da Vida,62,Monitor de Pressao Nao-Invasivo,5,5,5,0
3304115307864,5307864,HOSPITAL GERAL MUNICIPAL SAO FRANCISCO DE ASSIS,PORTO REAL,5,Equipamentos para Manutencao da Vida,63,Reanimador Pulmonar/AMBU,6,6,6,0
3304115307864,5307864,HOSPITAL GERAL MUNICIPAL SAO FRANCISCO DE ASSIS,PORTO REAL,5,Equipamentos para Manutencao da Vida,64,Respirador/Ventilador,7,7,7,0
3304115307864,5307864,HOSPITAL GERAL MUNICIPAL SAO FRANCISCO DE ASSIS,PORTO REAL,4,Equipamentos por Metodos Graficos,41,Eletrocardiografo,3,3,1,0
3304115307864,5307864,HOSPITAL GERAL MUNICIPAL SAO FRANCISCO DE ASSIS,PORTO REAL,4,Equipamentos por Metodos Graficos,42,Eletroencefalografo,1,1,1,0
3304115307864,5307864,HOSPITAL GERAL MUNICIPAL SAO FRANCISCO DE ASSIS,PORTO REAL,3,Equipamentos por Metodos Opticos,33,Endoscopio Digestivo,1,1,1,0
3304115307864,5307864,HOSPITAL GERAL MUNICIPAL SAO FRANCISCO DE ASSIS,PORTO REAL,3,Equipamentos por Metodos Opticos,31,Endoscopio das Vias Respiratorias,1,1,1,0
3304115307864,5307864,HOSPITAL GERAL MUNICIPAL SAO FRANCISCO DE ASSIS,PORTO REAL,3,Equipamentos por Metodos Opticos,32,Endoscopio das Vias Urinarias,1,1,1,0
3304115307864,5307864,HOSPITAL GERAL MUNICIPAL SAO FRANCISCO DE ASSIS,PORTO REAL,3,Equipamentos por Metodos Opticos,35,Laparoscopio/Vídeo,1,1,1,0
3304115307864,5307864,HOSPITAL GERAL MUNICIPAL SAO FRANCISCO DE ASSIS,PORTO REAL,6,Outros Equipamentos,73,Bomba de Infusao de Hemoderivados,12,12,12,0
3304140182974,0182974,HOSPITAL E MATERNIDADE MUNICIPAL DE QUEIMADOS,QUEIMADOS,1,DIAGNOSTICO POR IMAGEM,15,Ultrassom Convencional,1,1,1,0
3304140182974,0182974,HOSPITAL E MATERNIDADE MUNICIPAL DE QUEIMADOS,QUEIMADOS,5,Equipamentos para Manutencao da Vida,54,Bilirrubinometro,1,1,1,0
3304140182974,0182974,HOSPITAL E MATERNIDADE MUNICIPAL DE QUEIMADOS,QUEIMADOS,5,Equipamentos para Manutencao da Vida,52,Bomba de Infusao,15,7,7,8
3304140182974,0182974,HOSPITAL E MATERNIDADE MUNICIPAL DE QUEIMADOS,QUEIMADOS,5,Equipamentos para Manutencao da Vida,56,Desfibrilador,4,4,4,0
3304140182974,0182974,HOSPITAL E MATERNIDADE MUNICIPAL DE QUEIMADOS,QUEIMADOS,5,Equipamentos para Manutencao da Vida,57,Equipamento de Fototerapia,4,1,1,3
3304140182974,0182974,HOSPITAL E MATERNIDADE MUNICIPAL DE QUEIMADOS,QUEIMADOS,5,Equipamentos para Manutencao da Vida,58,Incubadora,4,2,2,2
3304140182974,0182974,HOSPITAL E MATERNIDADE MUNICIPAL DE QUEIMADOS,QUEIMADOS,5,Equipamentos para Manutencao da Vida,60,Monitor de ECG,8,1,1,7
3304140182974,0182974,HOSPITAL E MATERNIDADE MUNICIPAL DE QUEIMADOS,QUEIMADOS,5,Equipamentos para Manutencao da Vida,62,Monitor de Pressao Nao-Invasivo,10,10,10,0
3304140182974,0182974,HOSPITAL E MATERNIDADE MUNICIPAL DE QUEIMADOS,QUEIMADOS,5,Equipamentos para Manutencao da Vida,63,Reanimador Pulmonar/AMBU,21,9,9,12
3304140182974,0182974,HOSPITAL E MATERNIDADE MUNICIPAL DE QUEIMADOS,QUEIMADOS,5,Equipamentos para Manutencao da Vida,64,Respirador/Ventilador,6,4,4,2
3304140182974,0182974,HOSPITAL E MATERNIDADE MUNICIPAL DE QUEIMADOS,QUEIMADOS,4,Equipamentos por Metodos Graficos,41,Eletrocardiografo,1,1,1,0
3304152267209,2267209,HOSPITAL MUNICIPAL MARIANA MARIA DE JESUS,QUISSAMA,1,DIAGNOSTICO POR IMAGEM,21,RAIO X DIGITAL,1,1,1,0
3304152267209,2267209,HOSPITAL MUNICIPAL MARIANA MARIA DE JESUS,QUISSAMA,1,DIAGNOSTICO POR IMAGEM,23,RAIO X MOVEL,2,2,2,0
3304152267209,2267209,HOSPITAL MUNICIPAL MARIANA MARIA DE JESUS,QUISSAMA,1,DIAGNOSTICO POR IMAGEM,13,Ultrassom Doppler Colorido,1,1,1,0
3304152267209,2267209,HOSPITAL MUNICIPAL MARIANA MARIA DE JESUS,QUISSAMA,8,EQUIPAMENTOS DE AUDIOLOGIA,87,EMISSOES OTOACUSTICAS EVOCADAS TRANSIENTES,1,1,1,0
3304152267209,2267209,HOSPITAL MUNICIPAL MARIANA MARIA DE JESUS,QUISSAMA,2,Equipamentos de Infra-Estrutura,21,Controle Ambiental/Ar-condicionado Central,40,40,40,0
3304152267209,2267209,HOSPITAL MUNICIPAL MARIANA MARIA DE JESUS,QUISSAMA,2,Equipamentos de Infra-Estrutura,22,Grupo Gerador,1,1,1,0
3304152267209,2267209,HOSPITAL MUNICIPAL MARIANA MARIA DE JESUS,QUISSAMA,2,Equipamentos de Infra-Estrutura,23,Usina de Oxigenio,1,1,1,0
3304152267209,2267209,HOSPITAL MUNICIPAL MARIANA MARIA DE JESUS,QUISSAMA,5,Equipamentos para Manutencao da Vida,53,Berço Aquecido,3,1,1,2
3304152267209,2267209,HOSPITAL MUNICIPAL MARIANA MARIA DE JESUS,QUISSAMA,5,Equipamentos para Manutencao da Vida,52,Bomba de Infusao,15,15,15,0
3304152267209,2267209,HOSPITAL MUNICIPAL MARIANA MARIA DE JESUS,QUISSAMA,5,Equipamentos para Manutencao da Vida,56,Desfibrilador,6,4,4,2
3304152267209,2267209,HOSPITAL MUNICIPAL MARIANA MARIA DE JESUS,QUISSAMA,5,Equipamentos para Manutencao da Vida,57,Equipamento de Fototerapia,2,1,1,1
3304152267209,2267209,HOSPITAL MUNICIPAL MARIANA MARIA DE JESUS,QUISSAMA,5,Equipamentos para Manutencao da Vida,58,Incubadora,2,1,1,1
3304152267209,2267209,HOSPITAL MUNICIPAL MARIANA MARIA DE JESUS,QUISSAMA,5,Equipamentos para Manutencao da Vida,60,Monitor de ECG,8,4,4,4
3304152267209,2267209,HOSPITAL MUNICIPAL MARIANA MARIA DE JESUS,QUISSAMA,5,Equipamentos para Manutencao da Vida,61,Monitor de Pressao Invasivo,2,2,2,0
3304152267209,2267209,HOSPITAL MUNICIPAL MARIANA MARIA DE JESUS,QUISSAMA,5,Equipamentos para Manutencao da Vida,62,Monitor de Pressao Nao-Invasivo,6,6,6,0
3304152267209,2267209,HOSPITAL MUNICIPAL MARIANA MARIA DE JESUS,QUISSAMA,5,Equipamentos para Manutencao da Vida,63,Reanimador Pulmonar/AMBU,16,10,10,6
3304152267209,2267209,HOSPITAL MUNICIPAL MARIANA MARIA DE JESUS,QUISSAMA,5,Equipamentos para Manutencao da Vida,64,Respirador/Ventilador,10,10,10,0
3304152267209,2267209,HOSPITAL MUNICIPAL MARIANA MARIA DE JESUS,QUISSAMA,4,Equipamentos por Metodos Graficos,41,Eletrocardiografo,3,2,2,1
3304152267209,2267209,HOSPITAL MUNICIPAL MARIANA MARIA DE JESUS,QUISSAMA,4,Equipamentos por Metodos Graficos,42,Eletroencefalografo,1,1,1,0
3304152267209,2267209,HOSPITAL MUNICIPAL MARIANA MARIA DE JESUS,QUISSAMA,3,Equipamentos por Metodos Opticos,33,Endoscopio Digestivo,1,1,1,0
3304152267209,2267209,HOSPITAL MUNICIPAL MARIANA MARIA DE JESUS,QUISSAMA,3,Equipamentos por Metodos Opticos,31,Endoscopio das Vias Respiratorias,1,1,1,0
3304152267209,2267209,HOSPITAL MUNICIPAL MARIANA MARIA DE JESUS,QUISSAMA,3,Equipamentos por Metodos Opticos,32,Endoscopio das Vias Urinarias,1,1,1,0
3304152267209,2267209,HOSPITAL MUNICIPAL MARIANA MARIA DE JESUS,QUISSAMA,3,Equipamentos por Metodos Opticos,51,HISTEROSCOPIO,1,1,1,0
3304152267209,2267209,HOSPITAL MUNICIPAL MARIANA MARIA DE JESUS,QUISSAMA,3,Equipamentos por Metodos Opticos,35,Laparoscopio/Vídeo,1,1,1,0
3304152267209,2267209,HOSPITAL MUNICIPAL MARIANA MARIA DE JESUS,QUISSAMA,3,Equipamentos por Metodos Opticos,36,Microscopio Cirurgico,1,1,1,0
3304152267209,2267209,HOSPITAL MUNICIPAL MARIANA MARIA DE JESUS,QUISSAMA,6,Outros Equipamentos,71,Aparelho de Diatermia por Ultrassom/Ondas Curtas,1,1,1,0
3304152267209,2267209,HOSPITAL MUNICIPAL MARIANA MARIA DE JESUS,QUISSAMA,6,Outros Equipamentos,72,Aparelho de Eletroestimulacao,1,1,1,0
3304152267209,2267209,HOSPITAL MUNICIPAL MARIANA MARIA DE JESUS,QUISSAMA,6,Outros Equipamentos,73,Bomba de Infusao de Hemoderivados,15,10,10,5
3304202288893,2288893,HOSPITAL MUNICIPAL HENRIQUE SERGIO GREGORI,RESENDE,1,DIAGNOSTICO POR IMAGEM,07,RAIO X ODONTOLOGICO,1,1,1,0
3304202288893,2288893,HOSPITAL MUNICIPAL HENRIQUE SERGIO GREGORI,RESENDE,1,DIAGNOSTICO POR IMAGEM,04,Raio X ate 100 mA,3,3,3,0
3304202288893,2288893,HOSPITAL MUNICIPAL HENRIQUE SERGIO GREGORI,RESENDE,1,DIAGNOSTICO POR IMAGEM,05,Raio X de 100 a 500 mA,1,1,1,0
3304202288893,2288893,HOSPITAL MUNICIPAL HENRIQUE SERGIO GREGORI,RESENDE,1,DIAGNOSTICO POR IMAGEM,11,Tomógrafo Computadorizado,1,1,1,0
3304202288893,2288893,HOSPITAL MUNICIPAL HENRIQUE SERGIO GREGORI,RESENDE,1,DIAGNOSTICO POR IMAGEM,15,Ultrassom Convencional,2,2,2,0
3304202288893,2288893,HOSPITAL MUNICIPAL HENRIQUE SERGIO GREGORI,RESENDE,2,Equipamentos de Infra-Estrutura,19,AR CONDICIONADO,110,110,110,0
3304202288893,2288893,HOSPITAL MUNICIPAL HENRIQUE SERGIO GREGORI,RESENDE,2,Equipamentos de Infra-Estrutura,21,Controle Ambiental/Ar-condicionado Central,5,5,5,0
3304202288893,2288893,HOSPITAL MUNICIPAL HENRIQUE SERGIO GREGORI,RESENDE,2,Equipamentos de Infra-Estrutura,22,Grupo Gerador,1,1,1,0
3304202288893,2288893,HOSPITAL MUNICIPAL HENRIQUE SERGIO GREGORI,RESENDE,2,Equipamentos de Infra-Estrutura,66,REFRIGERADOR,1,1,1,0
3304202288893,2288893,HOSPITAL MUNICIPAL HENRIQUE SERGIO GREGORI,RESENDE,2,Equipamentos de Infra-Estrutura,23,Usina de Oxigenio,1,1,1,0
3304202288893,2288893,HOSPITAL MUNICIPAL HENRIQUE SERGIO GREGORI,RESENDE,7,Equipamentos de Odontologia,85,Amalgamador,1,1,1,0
3304202288893,2288893,HOSPITAL MUNICIPAL HENRIQUE SERGIO GREGORI,RESENDE,7,Equipamentos de Odontologia,83,Caneta de Alta Rotacao,2,2,2,0
3304202288893,2288893,HOSPITAL MUNICIPAL HENRIQUE SERGIO GREGORI,RESENDE,7,Equipamentos de Odontologia,84,Caneta de Baixa Rotacao,1,1,1,0
3304202288893,2288893,HOSPITAL MUNICIPAL HENRIQUE SERGIO GREGORI,RESENDE,7,Equipamentos de Odontologia,81,Compressor Odontologico,1,1,1,0
3304202288893,2288893,HOSPITAL MUNICIPAL HENRIQUE SERGIO GREGORI,RESENDE,7,Equipamentos de Odontologia,80,Equipo Odontologico,1,1,1,0
3304202288893,2288893,HOSPITAL MUNICIPAL HENRIQUE SERGIO GREGORI,RESENDE,7,Equipamentos de Odontologia,82,Fotopolimerizador,1,1,1,0
3304202288893,2288893,HOSPITAL MUNICIPAL HENRIQUE SERGIO GREGORI,RESENDE,5,Equipamentos para Manutencao da Vida,53,Berço Aquecido,1,1,1,0
3304202288893,2288893,HOSPITAL MUNICIPAL HENRIQUE SERGIO GREGORI,RESENDE,5,Equipamentos para Manutencao da Vida,52,Bomba de Infusao,60,60,60,0
3304202288893,2288893,HOSPITAL MUNICIPAL HENRIQUE SERGIO GREGORI,RESENDE,5,Equipamentos para Manutencao da Vida,56,Desfibrilador,7,7,7,0
3304202288893,2288893,HOSPITAL MUNICIPAL HENRIQUE SERGIO GREGORI,RESENDE,5,Equipamentos para Manutencao da Vida,60,Monitor de ECG,30,30,30,0
3304202288893,2288893,HOSPITAL MUNICIPAL HENRIQUE SERGIO GREGORI,RESENDE,5,Equipamentos para Manutencao da Vida,61,Monitor de Pressao Invasivo,30,30,30,0
3304202288893,2288893,HOSPITAL MUNICIPAL HENRIQUE SERGIO GREGORI,RESENDE,5,Equipamentos para Manutencao da Vida,63,Reanimador Pulmonar/AMBU,20,20,20,0
3304202288893,2288893,HOSPITAL MUNICIPAL HENRIQUE SERGIO GREGORI,RESENDE,5,Equipamentos para Manutencao da Vida,64,Respirador/Ventilador,23,23,23,0
3304202288893,2288893,HOSPITAL MUNICIPAL HENRIQUE SERGIO GREGORI,RESENDE,4,Equipamentos por Metodos Graficos,41,Eletrocardiografo,7,7,7,0
3304202288893,2288893,HOSPITAL MUNICIPAL HENRIQUE SERGIO GREGORI,RESENDE,4,Equipamentos por Metodos Graficos,42,Eletroencefalografo,1,1,1,0
3304202288893,2288893,HOSPITAL MUNICIPAL HENRIQUE SERGIO GREGORI,RESENDE,3,Equipamentos por Metodos Opticos,33,Endoscopio Digestivo,1,1,1,0
3304202288893,2288893,HOSPITAL MUNICIPAL HENRIQUE SERGIO GREGORI,RESENDE,3,Equipamentos por Metodos Opticos,31,Endoscopio das Vias Respiratorias,1,1,1,0
3304202288893,2288893,HOSPITAL MUNICIPAL HENRIQUE SERGIO GREGORI,RESENDE,3,Equipamentos por Metodos Opticos,32,Endoscopio das Vias Urinarias,1,1,1,0
3304202288893,2288893,HOSPITAL MUNICIPAL HENRIQUE SERGIO GREGORI,RESENDE,3,Equipamentos por Metodos Opticos,51,HISTEROSCOPIO,1,1,1,0
3304202288893,2288893,HOSPITAL MUNICIPAL HENRIQUE SERGIO GREGORI,RESENDE,3,Equipamentos por Metodos Opticos,36,Microscopio Cirurgico,2,1,1,1
3304406232094,6232094,HOSPITAL MUNICIPAL NOSSA SENHORA DA PIEDADE,RIO CLARO,1,DIAGNOSTICO POR IMAGEM,17,MAMOGRAFO DIGITAL,1,1,1,0
3304406232094,6232094,HOSPITAL MUNICIPAL NOSSA SENHORA DA PIEDADE,RIO CLARO,1,DIAGNOSTICO POR IMAGEM,21,RAIO X DIGITAL,1,1,1,0
3304406232094,6232094,HOSPITAL MUNICIPAL NOSSA SENHORA DA PIEDADE,RIO CLARO,1,DIAGNOSTICO POR IMAGEM,32,RESSONANCIA MAGNETICA 0.5T,1,1,1,0
3304406232094,6232094,HOSPITAL MUNICIPAL NOSSA SENHORA DA PIEDADE,RIO CLARO,1,DIAGNOSTICO POR IMAGEM,09,Raio X para Densitometria Ossea,1,1,1,0
3304406232094,6232094,HOSPITAL MUNICIPAL NOSSA SENHORA DA PIEDADE,RIO CLARO,1,DIAGNOSTICO POR IMAGEM,26,TOMOGRAFO COMPUTADORIZADO 4 CANAIS,1,1,1,0
3304406232094,6232094,HOSPITAL MUNICIPAL NOSSA SENHORA DA PIEDADE,RIO CLARO,1,DIAGNOSTICO POR IMAGEM,15,Ultrassom Convencional,1,1,1,0
3304406232094,6232094,HOSPITAL MUNICIPAL NOSSA SENHORA DA PIEDADE,RIO CLARO,1,DIAGNOSTICO POR IMAGEM,13,Ultrassom Doppler Colorido,1,1,1,0
3304406232094,6232094,HOSPITAL MUNICIPAL NOSSA SENHORA DA PIEDADE,RIO CLARO,1,DIAGNOSTICO POR IMAGEM,14,Ultrassom Ecografo,1,1,1,0
3304406232094,6232094,HOSPITAL MUNICIPAL NOSSA SENHORA DA PIEDADE,RIO CLARO,2,Equipamentos de Infra-Estrutura,21,Controle Ambiental/Ar-condicionado Central,1,1,1,0
3304406232094,6232094,HOSPITAL MUNICIPAL NOSSA SENHORA DA PIEDADE,RIO CLARO,2,Equipamentos de Infra-Estrutura,23,Usina de Oxigenio,1,1,1,0
3304406232094,6232094,HOSPITAL MUNICIPAL NOSSA SENHORA DA PIEDADE,RIO CLARO,5,Equipamentos para Manutencao da Vida,53,Berço Aquecido,2,2,2,0
3304406232094,6232094,HOSPITAL MUNICIPAL NOSSA SENHORA DA PIEDADE,RIO CLARO,5,Equipamentos para Manutencao da Vida,54,Bilirrubinometro,1,1,1,0
3304406232094,6232094,HOSPITAL MUNICIPAL NOSSA SENHORA DA PIEDADE,RIO CLARO,5,Equipamentos para Manutencao da Vida,52,Bomba de Infusao,15,15,15,0
3304406232094,6232094,HOSPITAL MUNICIPAL NOSSA SENHORA DA PIEDADE,RIO CLARO,5,Equipamentos para Manutencao da Vida,56,Desfibrilador,3,3,3,0
3304406232094,6232094,HOSPITAL MUNICIPAL NOSSA SENHORA DA PIEDADE,RIO CLARO,5,Equipamentos para Manutencao da Vida,57,Equipamento de Fototerapia,1,1,1,0
3304406232094,6232094,HOSPITAL MUNICIPAL NOSSA SENHORA DA PIEDADE,RIO CLARO,5,Equipamentos para Manutencao da Vida,58,Incubadora,2,2,2,0
3304406232094,6232094,HOSPITAL MUNICIPAL NOSSA SENHORA DA PIEDADE,RIO CLARO,5,Equipamentos para Manutencao da Vida,59,Marcapasso Temporario,2,2,2,0
3304406232094,6232094,HOSPITAL MUNICIPAL NOSSA SENHORA DA PIEDADE,RIO CLARO,5,Equipamentos para Manutencao da Vida,60,Monitor de ECG,10,10,10,0
3304406232094,6232094,HOSPITAL MUNICIPAL NOSSA SENHORA DA PIEDADE,RIO CLARO,5,Equipamentos para Manutencao da Vida,62,Monitor de Pressao Nao-Invasivo,8,8,8,0
3304406232094,6232094,HOSPITAL MUNICIPAL NOSSA SENHORA DA PIEDADE,RIO CLARO,5,Equipamentos para Manutencao da Vida,63,Reanimador Pulmonar/AMBU,18,18,18,0
3304406232094,6232094,HOSPITAL MUNICIPAL NOSSA SENHORA DA PIEDADE,RIO CLARO,5,Equipamentos para Manutencao da Vida,64,Respirador/Ventilador,9,9,9,0
3304406232094,6232094,HOSPITAL MUNICIPAL NOSSA SENHORA DA PIEDADE,RIO CLARO,4,Equipamentos por Metodos Graficos,41,Eletrocardiografo,2,2,2,0
3304406232094,6232094,HOSPITAL MUNICIPAL NOSSA SENHORA DA PIEDADE,RIO CLARO,3,Equipamentos por Metodos Opticos,33,Endoscopio Digestivo,1,1,1,0
3304406232094,6232094,HOSPITAL MUNICIPAL NOSSA SENHORA DA PIEDADE,RIO CLARO,3,Equipamentos por Metodos Opticos,51,HISTEROSCOPIO,1,1,1,0
3304406232094,6232094,HOSPITAL MUNICIPAL NOSSA SENHORA DA PIEDADE,RIO CLARO,3,Equipamentos por Metodos Opticos,36,Microscopio Cirurgico,1,1,1,0
3304406232094,6232094,HOSPITAL MUNICIPAL NOSSA SENHORA DA PIEDADE,RIO CLARO,6,Outros Equipamentos,78,Forno de Bier,1,1,1,0
3304502268329,2268329,HOSPITAL GERAL DR LUIZ PINTO,RIO DAS FLORES,1,DIAGNOSTICO POR IMAGEM,06,Raio X mais de 500mA,1,1,0,0
3304502268329,2268329,HOSPITAL GERAL DR LUIZ PINTO,RIO DAS FLORES,1,DIAGNOSTICO POR IMAGEM,13,Ultrassom Doppler Colorido,1,1,0,0
3304502268329,2268329,HOSPITAL GERAL DR LUIZ PINTO,RIO DAS FLORES,2,Equipamentos de Infra-Estrutura,22,Grupo Gerador,1,1,0,0
3304502268329,2268329,HOSPITAL GERAL DR LUIZ PINTO,RIO DAS FLORES,2,Equipamentos de Infra-Estrutura,23,Usina de Oxigenio,1,1,0,0
3304502268329,2268329,HOSPITAL GERAL DR LUIZ PINTO,RIO DAS FLORES,5,Equipamentos para Manutencao da Vida,53,Berço Aquecido,4,4,0,0
3304502268329,2268329,HOSPITAL GERAL DR LUIZ PINTO,RIO DAS FLORES,5,Equipamentos para Manutencao da Vida,52,Bomba de Infusao,2,2,0,0
3304502268329,2268329,HOSPITAL GERAL DR LUIZ PINTO,RIO DAS FLORES,5,Equipamentos para Manutencao da Vida,56,Desfibrilador,2,2,0,0
3304502268329,2268329,HOSPITAL GERAL DR LUIZ PINTO,RIO DAS FLORES,5,Equipamentos para Manutencao da Vida,58,Incubadora,2,2,0,0
3304502268329,2268329,HOSPITAL GERAL DR LUIZ PINTO,RIO DAS FLORES,5,Equipamentos para Manutencao da Vida,60,Monitor de ECG,1,1,0,0
3304502268329,2268329,HOSPITAL GERAL DR LUIZ PINTO,RIO DAS FLORES,5,Equipamentos para Manutencao da Vida,61,Monitor de Pressao Invasivo,1,1,0,0
3304502268329,2268329,HOSPITAL GERAL DR LUIZ PINTO,RIO DAS FLORES,5,Equipamentos para Manutencao da Vida,63,Reanimador Pulmonar/AMBU,3,3,0,0
3304502268329,2268329,HOSPITAL GERAL DR LUIZ PINTO,RIO DAS FLORES,4,Equipamentos por Metodos Graficos,41,Eletrocardiografo,2,2,0,0
3304502268329,2268329,HOSPITAL GERAL DR LUIZ PINTO,RIO DAS FLORES,4,Equipamentos por Metodos Graficos,42,Eletroencefalografo,1,1,0,0
3304502268329,2268329,HOSPITAL GERAL DR LUIZ PINTO,RIO DAS FLORES,3,Equipamentos por Metodos Opticos,31,Endoscopio das Vias Respiratorias,1,1,0,0
3304502268329,2268329,HOSPITAL GERAL DR LUIZ PINTO,RIO DAS FLORES,6,Outros Equipamentos,78,Forno de Bier,1,1,0,0
3304526069134,6069134,HOSPITAL MUNICIPAL DRA NAELMA MONTEIRO DA SILVA,RIO DAS OSTRAS,1,DIAGNOSTICO POR IMAGEM,04,Raio X ate 100 mA,3,3,3,0
3304526069134,6069134,HOSPITAL MUNICIPAL DRA NAELMA MONTEIRO DA SILVA,RIO DAS OSTRAS,1,DIAGNOSTICO POR IMAGEM,05,Raio X de 100 a 500 mA,2,2,2,0
3304526069134,6069134,HOSPITAL MUNICIPAL DRA NAELMA MONTEIRO DA SILVA,RIO DAS OSTRAS,1,DIAGNOSTICO POR IMAGEM,11,Tomógrafo Computadorizado,1,1,1,0
3304526069134,6069134,HOSPITAL MUNICIPAL DRA NAELMA MONTEIRO DA SILVA,RIO DAS OSTRAS,1,DIAGNOSTICO POR IMAGEM,13,Ultrassom Doppler Colorido,2,1,1,1
3304526069134,6069134,HOSPITAL MUNICIPAL DRA NAELMA MONTEIRO DA SILVA,RIO DAS OSTRAS,1,DIAGNOSTICO POR IMAGEM,14,Ultrassom Ecografo,1,1,1,0
3304526069134,6069134,HOSPITAL MUNICIPAL DRA NAELMA MONTEIRO DA SILVA,RIO DAS OSTRAS,10,DIALISE,02,APARELHO DE HEMODIALISE - HOSPITALAR,4,4,4,0
3304526069134,6069134,HOSPITAL MUNICIPAL DRA NAELMA MONTEIRO DA SILVA,RIO DAS OSTRAS,2,Equipamentos de Infra-Estrutura,21,Controle Ambiental/Ar-condicionado Central,1,1,1,0
3304526069134,6069134,HOSPITAL MUNICIPAL DRA NAELMA MONTEIRO DA SILVA,RIO DAS OSTRAS,5,Equipamentos para Manutencao da Vida,53,Berço Aquecido,4,4,4,0
3304526069134,6069134,HOSPITAL MUNICIPAL DRA NAELMA MONTEIRO DA SILVA,RIO DAS OSTRAS,5,Equipamentos para Manutencao da Vida,54,Bilirrubinometro,1,1,1,0
3304526069134,6069134,HOSPITAL MUNICIPAL DRA NAELMA MONTEIRO DA SILVA,RIO DAS OSTRAS,5,Equipamentos para Manutencao da Vida,52,Bomba de Infusao,55,52,52,3
3304526069134,6069134,HOSPITAL MUNICIPAL DRA NAELMA MONTEIRO DA SILVA,RIO DAS OSTRAS,5,Equipamentos para Manutencao da Vida,56,Desfibrilador,7,6,6,1
3304526069134,6069134,HOSPITAL MUNICIPAL DRA NAELMA MONTEIRO DA SILVA,RIO DAS OSTRAS,5,Equipamentos para Manutencao da Vida,57,Equipamento de Fototerapia,2,2,2,0
3304526069134,6069134,HOSPITAL MUNICIPAL DRA NAELMA MONTEIRO DA SILVA,RIO DAS OSTRAS,5,Equipamentos para Manutencao da Vida,58,Incubadora,4,4,4,0
3304526069134,6069134,HOSPITAL MUNICIPAL DRA NAELMA MONTEIRO DA SILVA,RIO DAS OSTRAS,5,Equipamentos para Manutencao da Vida,65,MONITOR MULTIPARAMETRO,20,20,20,0
3304526069134,6069134,HOSPITAL MUNICIPAL DRA NAELMA MONTEIRO DA SILVA,RIO DAS OSTRAS,5,Equipamentos para Manutencao da Vida,60,Monitor de ECG,25,23,23,2
3304526069134,6069134,HOSPITAL MUNICIPAL DRA NAELMA MONTEIRO DA SILVA,RIO DAS OSTRAS,5,Equipamentos para Manutencao da Vida,63,Reanimador Pulmonar/AMBU,26,26,26,0
3304526069134,6069134,HOSPITAL MUNICIPAL DRA NAELMA MONTEIRO DA SILVA,RIO DAS OSTRAS,5,Equipamentos para Manutencao da Vida,64,Respirador/Ventilador,29,28,28,1
3304526069134,6069134,HOSPITAL MUNICIPAL DRA NAELMA MONTEIRO DA SILVA,RIO DAS OSTRAS,4,Equipamentos por Metodos Graficos,41,Eletrocardiografo,4,2,2,2
3304526069134,6069134,HOSPITAL MUNICIPAL DRA NAELMA MONTEIRO DA SILVA,RIO DAS OSTRAS,3,Equipamentos por Metodos Opticos,33,Endoscopio Digestivo,1,1,1,0
3304526069134,6069134,HOSPITAL MUNICIPAL DRA NAELMA MONTEIRO DA SILVA,RIO DAS OSTRAS,3,Equipamentos por Metodos Opticos,51,HISTEROSCOPIO,1,1,1,0
3304526069134,6069134,HOSPITAL MUNICIPAL DRA NAELMA MONTEIRO DA SILVA,RIO DAS OSTRAS,6,Outros Equipamentos,71,Aparelho de Diatermia por Ultrassom/Ondas Curtas,1,1,1,0
3304526069134,6069134,HOSPITAL MUNICIPAL DRA NAELMA MONTEIRO DA SILVA,RIO DAS OSTRAS,6,Outros Equipamentos,72,Aparelho de Eletroestimulacao,1,1,1,0
3304527612036,7612036,PRONTO SOCORRO MUNICIPAL RIO DAS OSTRAS,RIO DAS OSTRAS,1,DIAGNOSTICO POR IMAGEM,07,RAIO X ODONTOLOGICO,1,1,1,0
3304527612036,7612036,PRONTO SOCORRO MUNICIPAL RIO DAS OSTRAS,RIO DAS OSTRAS,1,DIAGNOSTICO POR IMAGEM,04,Raio X ate 100 mA,2,2,1,0
3304527612036,7612036,PRONTO SOCORRO MUNICIPAL RIO DAS OSTRAS,RIO DAS OSTRAS,1,DIAGNOSTICO POR IMAGEM,06,Raio X mais de 500mA,1,1,1,0
3304527612036,7612036,PRONTO SOCORRO MUNICIPAL RIO DAS OSTRAS,RIO DAS OSTRAS,2,Equipamentos de Infra-Estrutura,22,Grupo Gerador,1,1,1,0
3304527612036,7612036,PRONTO SOCORRO MUNICIPAL RIO DAS OSTRAS,RIO DAS OSTRAS,7,Equipamentos de Odontologia,83,Caneta de Alta Rotacao,1,1,1,0
3304527612036,7612036,PRONTO SOCORRO MUNICIPAL RIO DAS OSTRAS,RIO DAS OSTRAS,7,Equipamentos de Odontologia,81,Compressor Odontologico,1,1,1,0
3304527612036,7612036,PRONTO SOCORRO MUNICIPAL RIO DAS OSTRAS,RIO DAS OSTRAS,7,Equipamentos de Odontologia,80,Equipo Odontologico,1,1,1,0
3304527612036,7612036,PRONTO SOCORRO MUNICIPAL RIO DAS OSTRAS,RIO DAS OSTRAS,7,Equipamentos de Odontologia,82,Fotopolimerizador,1,1,1,0
3304527612036,7612036,PRONTO SOCORRO MUNICIPAL RIO DAS OSTRAS,RIO DAS OSTRAS,5,Equipamentos para Manutencao da Vida,52,Bomba de Infusao,12,8,8,4
3304527612036,7612036,PRONTO SOCORRO MUNICIPAL RIO DAS OSTRAS,RIO DAS OSTRAS,5,Equipamentos para Manutencao da Vida,56,Desfibrilador,6,6,6,0
3304527612036,7612036,PRONTO SOCORRO MUNICIPAL RIO DAS OSTRAS,RIO DAS OSTRAS,5,Equipamentos para Manutencao da Vida,59,Marcapasso Temporario,1,1,1,0
3304527612036,7612036,PRONTO SOCORRO MUNICIPAL RIO DAS OSTRAS,RIO DAS OSTRAS,5,Equipamentos para Manutencao da Vida,60,Monitor de ECG,6,6,6,0
3304527612036,7612036,PRONTO SOCORRO MUNICIPAL RIO DAS OSTRAS,RIO DAS OSTRAS,5,Equipamentos para Manutencao da Vida,62,Monitor de Pressao Nao-Invasivo,6,6,6,0
3304527612036,7612036,PRONTO SOCORRO MUNICIPAL RIO DAS OSTRAS,RIO DAS OSTRAS,5,Equipamentos para Manutencao da Vida,63,Reanimador Pulmonar/AMBU,10,8,8,2
3304527612036,7612036,PRONTO SOCORRO MUNICIPAL RIO DAS OSTRAS,RIO DAS OSTRAS,5,Equipamentos para Manutencao da Vida,64,Respirador/Ventilador,8,8,8,0
3304527612036,7612036,PRONTO SOCORRO MUNICIPAL RIO DAS OSTRAS,RIO DAS OSTRAS,4,Equipamentos por Metodos Graficos,41,Eletrocardiografo,3,2,2,1
3304527612036,7612036,PRONTO SOCORRO MUNICIPAL RIO DAS OSTRAS,RIO DAS OSTRAS,3,Equipamentos por Metodos Opticos,49,BIOMICROSCOPIO (LAMPADA DE FENDA),1,1,1,0
3304527612036,7612036,PRONTO SOCORRO MUNICIPAL RIO DAS OSTRAS,RIO DAS OSTRAS,3,Equipamentos por Metodos Opticos,46,OFTALMOSCOPIO,1,1,1,0
3304527612036,7612036,PRONTO SOCORRO MUNICIPAL RIO DAS OSTRAS,RIO DAS OSTRAS,3,Equipamentos por Metodos Opticos,39,REFRATOR,1,1,1,0
3304552298120,2298120,SMS HOSPITAL MUNICIPAL ALBERT SCHWEITZER AP 51,RIO DE JANEIRO,1,DIAGNOSTICO POR IMAGEM,05,Raio X de 100 a 500 mA,13,13,13,0
3304552298120,2298120,SMS HOSPITAL MUNICIPAL ALBERT SCHWEITZER AP 51,RIO DE JANEIRO,1,DIAGNOSTICO POR IMAGEM,06,Raio X mais de 500mA,1,1,1,0
3304552298120,2298120,SMS HOSPITAL MUNICIPAL ALBERT SCHWEITZER AP 51,RIO DE JANEIRO,1,DIAGNOSTICO POR IMAGEM,11,Tomógrafo Computadorizado,1,1,1,0
3304552298120,2298120,SMS HOSPITAL MUNICIPAL ALBERT SCHWEITZER AP 51,RIO DE JANEIRO,1,DIAGNOSTICO POR IMAGEM,13,Ultrassom Doppler Colorido,1,1,1,0
3304552298120,2298120,SMS HOSPITAL MUNICIPAL ALBERT SCHWEITZER AP 51,RIO DE JANEIRO,1,DIAGNOSTICO POR IMAGEM,14,Ultrassom Ecografo,6,6,6,0
3304552298120,2298120,SMS HOSPITAL MUNICIPAL ALBERT SCHWEITZER AP 51,RIO DE JANEIRO,2,Equipamentos de Infra-Estrutura,21,Controle Ambiental/Ar-condicionado Central,1,1,1,0
3304552298120,2298120,SMS HOSPITAL MUNICIPAL ALBERT SCHWEITZER AP 51,RIO DE JANEIRO,2,Equipamentos de Infra-Estrutura,22,Grupo Gerador,3,3,3,0
3304552298120,2298120,SMS HOSPITAL MUNICIPAL ALBERT SCHWEITZER AP 51,RIO DE JANEIRO,5,Equipamentos para Manutencao da Vida,53,Berço Aquecido,6,6,6,0
3304552298120,2298120,SMS HOSPITAL MUNICIPAL ALBERT SCHWEITZER AP 51,RIO DE JANEIRO,5,Equipamentos para Manutencao da Vida,52,Bomba de Infusao,150,150,150,0
3304552298120,2298120,SMS HOSPITAL MUNICIPAL ALBERT SCHWEITZER AP 51,RIO DE JANEIRO,5,Equipamentos para Manutencao da Vida,56,Desfibrilador,21,21,21,0
3304552298120,2298120,SMS HOSPITAL MUNICIPAL ALBERT SCHWEITZER AP 51,RIO DE JANEIRO,5,Equipamentos para Manutencao da Vida,58,Incubadora,25,23,23,2
3304552298120,2298120,SMS HOSPITAL MUNICIPAL ALBERT SCHWEITZER AP 51,RIO DE JANEIRO,5,Equipamentos para Manutencao da Vida,60,Monitor de ECG,154,146,146,8
3304552298120,2298120,SMS HOSPITAL MUNICIPAL ALBERT SCHWEITZER AP 51,RIO DE JANEIRO,5,Equipamentos para Manutencao da Vida,62,Monitor de Pressao Nao-Invasivo,33,33,33,0
3304552298120,2298120,SMS HOSPITAL MUNICIPAL ALBERT SCHWEITZER AP 51,RIO DE JANEIRO,5,Equipamentos para Manutencao da Vida,63,Reanimador Pulmonar/AMBU,50,50,50,0
3304552298120,2298120,SMS HOSPITAL MUNICIPAL ALBERT SCHWEITZER AP 51,RIO DE JANEIRO,5,Equipamentos para Manutencao da Vida,64,Respirador/Ventilador,127,127,127,0
3304552298120,2298120,SMS HOSPITAL MUNICIPAL ALBERT SCHWEITZER AP 51,RIO DE JANEIRO,4,Equipamentos por Metodos Graficos,41,Eletrocardiografo,8,8,8,0
3304552298120,2298120,SMS HOSPITAL MUNICIPAL ALBERT SCHWEITZER AP 51,RIO DE JANEIRO,4,Equipamentos por Metodos Graficos,42,Eletroencefalografo,1,1,1,0
3304552298120,2298120,SMS HOSPITAL MUNICIPAL ALBERT SCHWEITZER AP 51,RIO DE JANEIRO,3,Equipamentos por Metodos Opticos,33,Endoscopio Digestivo,1,1,1,0
3304552273187,2273187,SMS HOSPITAL MUNICIPAL ALVARO RAMOS AP 40,RIO DE JANEIRO,1,DIAGNOSTICO POR IMAGEM,15,Ultrassom Convencional,1,1,0,0
3304552273187,2273187,SMS HOSPITAL MUNICIPAL ALVARO RAMOS AP 40,RIO DE JANEIRO,2,Equipamentos de Infra-Estrutura,22,Grupo Gerador,1,1,0,0
3304552273187,2273187,SMS HOSPITAL MUNICIPAL ALVARO RAMOS AP 40,RIO DE JANEIRO,2,Equipamentos de Infra-Estrutura,23,Usina de Oxigenio,1,1,0,0
3304552273187,2273187,SMS HOSPITAL MUNICIPAL ALVARO RAMOS AP 40,RIO DE JANEIRO,5,Equipamentos para Manutencao da Vida,56,Desfibrilador,3,2,0,1
3304552273187,2273187,SMS HOSPITAL MUNICIPAL ALVARO RAMOS AP 40,RIO DE JANEIRO,5,Equipamentos para Manutencao da Vida,60,Monitor de ECG,1,1,0,0
3304552273187,2273187,SMS HOSPITAL MUNICIPAL ALVARO RAMOS AP 40,RIO DE JANEIRO,5,Equipamentos para Manutencao da Vida,63,Reanimador Pulmonar/AMBU,12,12,0,0
3304552273187,2273187,SMS HOSPITAL MUNICIPAL ALVARO RAMOS AP 40,RIO DE JANEIRO,4,Equipamentos por Metodos Graficos,41,Eletrocardiografo,3,2,0,1
3304552273187,2273187,SMS HOSPITAL MUNICIPAL ALVARO RAMOS AP 40,RIO DE JANEIRO,6,Outros Equipamentos,71,Aparelho de Diatermia por Ultrassom/Ondas Curtas,2,2,0,0
3304552273187,2273187,SMS HOSPITAL MUNICIPAL ALVARO RAMOS AP 40,RIO DE JANEIRO,6,Outros Equipamentos,72,Aparelho de Eletroestimulacao,2,2,0,0
3304552270242,2270242,SMS HOSPITAL MUNICIPAL BARATA RIBEIRO AP 10,RIO DE JANEIRO,1,DIAGNOSTICO POR IMAGEM,07,RAIO X ODONTOLOGICO,2,0,0,2
3304552270242,2270242,SMS HOSPITAL MUNICIPAL BARATA RIBEIRO AP 10,RIO DE JANEIRO,1,DIAGNOSTICO POR IMAGEM,04,Raio X ate 100 mA,3,3,0,0
3304552270242,2270242,SMS HOSPITAL MUNICIPAL BARATA RIBEIRO AP 10,RIO DE JANEIRO,1,DIAGNOSTICO POR IMAGEM,08,Raio X com Fluoroscopia,2,2,0,0
3304552270242,2270242,SMS HOSPITAL MUNICIPAL BARATA RIBEIRO AP 10,RIO DE JANEIRO,1,DIAGNOSTICO POR IMAGEM,05,Raio X de 100 a 500 mA,4,3,0,1
3304552270242,2270242,SMS HOSPITAL MUNICIPAL BARATA RIBEIRO AP 10,RIO DE JANEIRO,1,DIAGNOSTICO POR IMAGEM,15,Ultrassom Convencional,3,3,0,0
3304552270242,2270242,SMS HOSPITAL MUNICIPAL BARATA RIBEIRO AP 10,RIO DE JANEIRO,2,Equipamentos de Infra-Estrutura,21,Controle Ambiental/Ar-condicionado Central,99,93,0,6
3304552270242,2270242,SMS HOSPITAL MUNICIPAL BARATA RIBEIRO AP 10,RIO DE JANEIRO,2,Equipamentos de Infra-Estrutura,22,Grupo Gerador,2,1,0,1
3304552270242,2270242,SMS HOSPITAL MUNICIPAL BARATA RIBEIRO AP 10,RIO DE JANEIRO,7,Equipamentos de Odontologia,85,Amalgamador,4,3,0,1
3304552270242,2270242,SMS HOSPITAL MUNICIPAL BARATA RIBEIRO AP 10,RIO DE JANEIRO,7,Equipamentos de Odontologia,83,Caneta de Alta Rotacao,10,7,0,3
3304552270242,2270242,SMS HOSPITAL MUNICIPAL BARATA RIBEIRO AP 10,RIO DE JANEIRO,7,Equipamentos de Odontologia,84,Caneta de Baixa Rotacao,8,5,0,3
3304552270242,2270242,SMS HOSPITAL MUNICIPAL BARATA RIBEIRO AP 10,RIO DE JANEIRO,7,Equipamentos de Odontologia,81,Compressor Odontologico,3,3,0,0
3304552270242,2270242,SMS HOSPITAL MUNICIPAL BARATA RIBEIRO AP 10,RIO DE JANEIRO,7,Equipamentos de Odontologia,80,Equipo Odontologico,3,3,0,0
3304552270242,2270242,SMS HOSPITAL MUNICIPAL BARATA RIBEIRO AP 10,RIO DE JANEIRO,7,Equipamentos de Odontologia,82,Fotopolimerizador,7,6,0,1
3304552270242,2270242,SMS HOSPITAL MUNICIPAL BARATA RIBEIRO AP 10,RIO DE JANEIRO,5,Equipamentos para Manutencao da Vida,52,Bomba de Infusao,25,25,0,0
3304552270242,2270242,SMS HOSPITAL MUNICIPAL BARATA RIBEIRO AP 10,RIO DE JANEIRO,5,Equipamentos para Manutencao da Vida,56,Desfibrilador,4,4,0,0
3304552270242,2270242,SMS HOSPITAL MUNICIPAL BARATA RIBEIRO AP 10,RIO DE JANEIRO,5,Equipamentos para Manutencao da Vida,60,Monitor de ECG,13,10,0,3
3304552270242,2270242,SMS HOSPITAL MUNICIPAL BARATA RIBEIRO AP 10,RIO DE JANEIRO,5,Equipamentos para Manutencao da Vida,62,Monitor de Pressao Nao-Invasivo,11,11,0,0
3304552270242,2270242,SMS HOSPITAL MUNICIPAL BARATA RIBEIRO AP 10,RIO DE JANEIRO,5,Equipamentos para Manutencao da Vida,63,Reanimador Pulmonar/AMBU,14,14,0,0
3304552270242,2270242,SMS HOSPITAL MUNICIPAL BARATA RIBEIRO AP 10,RIO DE JANEIRO,5,Equipamentos para Manutencao da Vida,64,Respirador/Ventilador,1,0,0,1
3304552270242,2270242,SMS HOSPITAL MUNICIPAL BARATA RIBEIRO AP 10,RIO DE JANEIRO,4,Equipamentos por Metodos Graficos,41,Eletrocardiografo,9,5,0,4
3304552270242,2270242,SMS HOSPITAL MUNICIPAL BARATA RIBEIRO AP 10,RIO DE JANEIRO,6,Outros Equipamentos,71,Aparelho de Diatermia por Ultrassom/Ondas Curtas,2,1,0,1
3304552270242,2270242,SMS HOSPITAL MUNICIPAL BARATA RIBEIRO AP 10,RIO DE JANEIRO,6,Outros Equipamentos,72,Aparelho de Eletroestimulacao,3,1,0,2
3304552269481,2269481,SMS HOSPITAL MUNICIPAL DA PIEDADE AP 32,RIO DE JANEIRO,1,DIAGNOSTICO POR IMAGEM,04,Raio X ate 100 mA,3,2,2,1
3304552269481,2269481,SMS HOSPITAL MUNICIPAL DA PIEDADE AP 32,RIO DE JANEIRO,1,DIAGNOSTICO POR IMAGEM,06,Raio X mais de 500mA,2,2,2,0
3304552269481,2269481,SMS HOSPITAL MUNICIPAL DA PIEDADE AP 32,RIO DE JANEIRO,1,DIAGNOSTICO POR IMAGEM,11,Tomógrafo Computadorizado,1,1,1,0
3304552269481,2269481,SMS HOSPITAL MUNICIPAL DA PIEDADE AP 32,RIO DE JANEIRO,1,DIAGNOSTICO POR IMAGEM,15,Ultrassom Convencional,4,4,4,0
3304552269481,2269481,SMS HOSPITAL MUNICIPAL DA PIEDADE AP 32,RIO DE JANEIRO,2,Equipamentos de Infra-Estrutura,21,Controle Ambiental/Ar-condicionado Central,223,223,223,0
3304552269481,2269481,SMS HOSPITAL MUNICIPAL DA PIEDADE AP 32,RIO DE JANEIRO,2,Equipamentos de Infra-Estrutura,22,Grupo Gerador,2,2,2,0
3304552269481,2269481,SMS HOSPITAL MUNICIPAL DA PIEDADE AP 32,RIO DE JANEIRO,5,Equipamentos para Manutencao da Vida,52,Bomba de Infusao,66,66,66,0
3304552269481,2269481,SMS HOSPITAL MUNICIPAL DA PIEDADE AP 32,RIO DE JANEIRO,5,Equipamentos para Manutencao da Vida,56,Desfibrilador,10,10,10,0
3304552269481,2269481,SMS HOSPITAL MUNICIPAL DA PIEDADE AP 32,RIO DE JANEIRO,5,Equipamentos para Manutencao da Vida,60,Monitor de ECG,21,21,21,0
3304552269481,2269481,SMS HOSPITAL MUNICIPAL DA PIEDADE AP 32,RIO DE JANEIRO,5,Equipamentos para Manutencao da Vida,62,Monitor de Pressao Nao-Invasivo,53,50,50,3
3304552269481,2269481,SMS HOSPITAL MUNICIPAL DA PIEDADE AP 32,RIO DE JANEIRO,5,Equipamentos para Manutencao da Vida,63,Reanimador Pulmonar/AMBU,40,40,40,0
3304552269481,2269481,SMS HOSPITAL MUNICIPAL DA PIEDADE AP 32,RIO DE JANEIRO,5,Equipamentos para Manutencao da Vida,64,Respirador/Ventilador,17,17,17,0
3304552269481,2269481,SMS HOSPITAL MUNICIPAL DA PIEDADE AP 32,RIO DE JANEIRO,4,Equipamentos por Metodos Graficos,41,Eletrocardiografo,9,9,9,0
3304552269481,2269481,SMS HOSPITAL MUNICIPAL DA PIEDADE AP 32,RIO DE JANEIRO,3,Equipamentos por Metodos Opticos,49,BIOMICROSCOPIO (LAMPADA DE FENDA),10,0,0,10
3304552269481,2269481,SMS HOSPITAL MUNICIPAL DA PIEDADE AP 32,RIO DE JANEIRO,3,Equipamentos por Metodos Opticos,37,CADEIRA OFTALMOLOGICA,6,0,0,6
3304552269481,2269481,SMS HOSPITAL MUNICIPAL DA PIEDADE AP 32,RIO DE JANEIRO,3,Equipamentos por Metodos Opticos,50,CAMPIMETRO,2,0,0,2
3304552269481,2269481,SMS HOSPITAL MUNICIPAL DA PIEDADE AP 32,RIO DE JANEIRO,3,Equipamentos por Metodos Opticos,47,CERATOMETRO,5,0,0,5
3304552269481,2269481,SMS HOSPITAL MUNICIPAL DA PIEDADE AP 32,RIO DE JANEIRO,3,Equipamentos por Metodos Opticos,38,COLUNA OFTALMOLOGICA,4,0,0,4
3304552269481,2269481,SMS HOSPITAL MUNICIPAL DA PIEDADE AP 32,RIO DE JANEIRO,3,Equipamentos por Metodos Opticos,33,Endoscopio Digestivo,5,5,5,0
3304552269481,2269481,SMS HOSPITAL MUNICIPAL DA PIEDADE AP 32,RIO DE JANEIRO,3,Equipamentos por Metodos Opticos,32,Endoscopio das Vias Urinarias,2,2,2,0
3304552269481,2269481,SMS HOSPITAL MUNICIPAL DA PIEDADE AP 32,RIO DE JANEIRO,3,Equipamentos por Metodos Opticos,40,LENSOMETRO,1,0,0,1
3304552269481,2269481,SMS HOSPITAL MUNICIPAL DA PIEDADE AP 32,RIO DE JANEIRO,3,Equipamentos por Metodos Opticos,35,Laparoscopio/Vídeo,3,3,3,0
3304552269481,2269481,SMS HOSPITAL MUNICIPAL DA PIEDADE AP 32,RIO DE JANEIRO,3,Equipamentos por Metodos Opticos,36,Microscopio Cirurgico,4,0,0,4
3304552269481,2269481,SMS HOSPITAL MUNICIPAL DA PIEDADE AP 32,RIO DE JANEIRO,3,Equipamentos por Metodos Opticos,46,OFTALMOSCOPIO,1,0,0,1
3304552269481,2269481,SMS HOSPITAL MUNICIPAL DA PIEDADE AP 32,RIO DE JANEIRO,3,Equipamentos por Metodos Opticos,44,PROJETOR OU TABELA DE OPTOTIPOS,2,0,0,2
3304552269481,2269481,SMS HOSPITAL MUNICIPAL DA PIEDADE AP 32,RIO DE JANEIRO,3,Equipamentos por Metodos Opticos,39,REFRATOR,3,0,0,3
3304552269481,2269481,SMS HOSPITAL MUNICIPAL DA PIEDADE AP 32,RIO DE JANEIRO,3,Equipamentos por Metodos Opticos,45,RETINOSCOPIO,6,0,0,6
3304557166494,7166494,SMS HOSPITAL MUNICIPAL EVANDRO FREIRE AP 31,RIO DE JANEIRO,1,DIAGNOSTICO POR IMAGEM,05,Raio X de 100 a 500 mA,2,2,2,0
3304557166494,7166494,SMS HOSPITAL MUNICIPAL EVANDRO FREIRE AP 31,RIO DE JANEIRO,1,DIAGNOSTICO POR IMAGEM,06,Raio X mais de 500mA,2,2,2,0
3304557166494,7166494,SMS HOSPITAL MUNICIPAL EVANDRO FREIRE AP 31,RIO DE JANEIRO,1,DIAGNOSTICO POR IMAGEM,11,Tomógrafo Computadorizado,1,1,1,0
3304557166494,7166494,SMS HOSPITAL MUNICIPAL EVANDRO FREIRE AP 31,RIO DE JANEIRO,1,DIAGNOSTICO POR IMAGEM,13,Ultrassom Doppler Colorido,6,6,6,0
3304557166494,7166494,SMS HOSPITAL MUNICIPAL EVANDRO FREIRE AP 31,RIO DE JANEIRO,2,Equipamentos de Infra-Estrutura,22,Grupo Gerador,2,2,2,0
3304557166494,7166494,SMS HOSPITAL MUNICIPAL EVANDRO FREIRE AP 31,RIO DE JANEIRO,5,Equipamentos para Manutencao da Vida,52,Bomba de Infusao,101,98,98,3
3304557166494,7166494,SMS HOSPITAL MUNICIPAL EVANDRO FREIRE AP 31,RIO DE JANEIRO,5,Equipamentos para Manutencao da Vida,56,Desfibrilador,17,11,11,6
3304557166494,7166494,SMS HOSPITAL MUNICIPAL EVANDRO FREIRE AP 31,RIO DE JANEIRO,5,Equipamentos para Manutencao da Vida,59,Marcapasso Temporario,2,2,2,0
3304557166494,7166494,SMS HOSPITAL MUNICIPAL EVANDRO FREIRE AP 31,RIO DE JANEIRO,5,Equipamentos para Manutencao da Vida,60,Monitor de ECG,35,30,30,5
3304557166494,7166494,SMS HOSPITAL MUNICIPAL EVANDRO FREIRE AP 31,RIO DE JANEIRO,5,Equipamentos para Manutencao da Vida,61,Monitor de Pressao Invasivo,37,36,36,1
3304557166494,7166494,SMS HOSPITAL MUNICIPAL EVANDRO FREIRE AP 31,RIO DE JANEIRO,5,Equipamentos para Manutencao da Vida,62,Monitor de Pressao Nao-Invasivo,34,34,34,0
3304557166494,7166494,SMS HOSPITAL MUNICIPAL EVANDRO FREIRE AP 31,RIO DE JANEIRO,5,Equipamentos para Manutencao da Vida,63,Reanimador Pulmonar/AMBU,33,33,33,0
3304557166494,7166494,SMS HOSPITAL MUNICIPAL EVANDRO FREIRE AP 31,RIO DE JANEIRO,5,Equipamentos para Manutencao da Vida,64,Respirador/Ventilador,41,37,37,4
3304557166494,7166494,SMS HOSPITAL MUNICIPAL EVANDRO FREIRE AP 31,RIO DE JANEIRO,4,Equipamentos por Metodos Graficos,41,Eletrocardiografo,17,12,12,5
3304557166494,7166494,SMS HOSPITAL MUNICIPAL EVANDRO FREIRE AP 31,RIO DE JANEIRO,3,Equipamentos por Metodos Opticos,33,Endoscopio Digestivo,2,2,2,0
3304557166494,7166494,SMS HOSPITAL MUNICIPAL EVANDRO FREIRE AP 31,RIO DE JANEIRO,3,Equipamentos por Metodos Opticos,31,Endoscopio das Vias Respiratorias,1,1,1,0
3304557166494,7166494,SMS HOSPITAL MUNICIPAL EVANDRO FREIRE AP 31,RIO DE JANEIRO,3,Equipamentos por Metodos Opticos,35,Laparoscopio/Vídeo,1,1,1,0
3304557166494,7166494,SMS HOSPITAL MUNICIPAL EVANDRO FREIRE AP 31,RIO DE JANEIRO,6,Outros Equipamentos,72,Aparelho de Eletroestimulacao,4,4,4,0
3304552291266,2291266,SMS HOSPITAL MUNICIPAL FRANCISCO DA SILVA TELLES AP33,RIO DE JANEIRO,1,DIAGNOSTICO POR IMAGEM,07,RAIO X ODONTOLOGICO,3,2,0,1
3304552291266,2291266,SMS HOSPITAL MUNICIPAL FRANCISCO DA SILVA TELLES AP33,RIO DE JANEIRO,1,DIAGNOSTICO POR IMAGEM,05,Raio X de 100 a 500 mA,2,2,0,0
3304552291266,2291266,SMS HOSPITAL MUNICIPAL FRANCISCO DA SILVA TELLES AP33,RIO DE JANEIRO,1,DIAGNOSTICO POR IMAGEM,11,Tomógrafo Computadorizado,1,1,0,0
3304552291266,2291266,SMS HOSPITAL MUNICIPAL FRANCISCO DA SILVA TELLES AP33,RIO DE JANEIRO,1,DIAGNOSTICO POR IMAGEM,15,Ultrassom Convencional,7,7,0,0
3304552291266,2291266,SMS HOSPITAL MUNICIPAL FRANCISCO DA SILVA TELLES AP33,RIO DE JANEIRO,1,DIAGNOSTICO POR IMAGEM,14,Ultrassom Ecografo,1,1,0,0
3304552291266,2291266,SMS HOSPITAL MUNICIPAL FRANCISCO DA SILVA TELLES AP33,RIO DE JANEIRO,2,Equipamentos de Infra-Estrutura,24,CAMARA PARA CONSERVACAO DE HEMODERIVADOS/IMUNO/TERMOLABEIS,1,1,0,0
3304552291266,2291266,SMS HOSPITAL MUNICIPAL FRANCISCO DA SILVA TELLES AP33,RIO DE JANEIRO,2,Equipamentos de Infra-Estrutura,21,Controle Ambiental/Ar-condicionado Central,1,1,0,0
3304552291266,2291266,SMS HOSPITAL MUNICIPAL FRANCISCO DA SILVA TELLES AP33,RIO DE JANEIRO,2,Equipamentos de Infra-Estrutura,27,FREEZER CIENTIFICO,2,1,0,1
3304552291266,2291266,SMS HOSPITAL MUNICIPAL FRANCISCO DA SILVA TELLES AP33,RIO DE JANEIRO,2,Equipamentos de Infra-Estrutura,22,Grupo Gerador,1,1,0,0
3304552291266,2291266,SMS HOSPITAL MUNICIPAL FRANCISCO DA SILVA TELLES AP33,RIO DE JANEIRO,2,Equipamentos de Infra-Estrutura,23,Usina de Oxigenio,1,1,0,0
3304552291266,2291266,SMS HOSPITAL MUNICIPAL FRANCISCO DA SILVA TELLES AP33,RIO DE JANEIRO,7,Equipamentos de Odontologia,80,Equipo Odontologico,7,5,0,2
3304552291266,2291266,SMS HOSPITAL MUNICIPAL FRANCISCO DA SILVA TELLES AP33,RIO DE JANEIRO,5,Equipamentos para Manutencao da Vida,52,Bomba de Infusao,34,34,0,0
3304552291266,2291266,SMS HOSPITAL MUNICIPAL FRANCISCO DA SILVA TELLES AP33,RIO DE JANEIRO,5,Equipamentos para Manutencao da Vida,56,Desfibrilador,9,8,0,1
3304552291266,2291266,SMS HOSPITAL MUNICIPAL FRANCISCO DA SILVA TELLES AP33,RIO DE JANEIRO,5,Equipamentos para Manutencao da Vida,60,Monitor de ECG,37,37,0,0
3304552291266,2291266,SMS HOSPITAL MUNICIPAL FRANCISCO DA SILVA TELLES AP33,RIO DE JANEIRO,5,Equipamentos para Manutencao da Vida,63,Reanimador Pulmonar/AMBU,12,12,0,0
3304552291266,2291266,SMS HOSPITAL MUNICIPAL FRANCISCO DA SILVA TELLES AP33,RIO DE JANEIRO,5,Equipamentos para Manutencao da Vida,64,Respirador/Ventilador,13,13,0,0
3304552291266,2291266,SMS HOSPITAL MUNICIPAL FRANCISCO DA SILVA TELLES AP33,RIO DE JANEIRO,4,Equipamentos por Metodos Graficos,41,Eletrocardiografo,10,5,0,5
3304552291266,2291266,SMS HOSPITAL MUNICIPAL FRANCISCO DA SILVA TELLES AP33,RIO DE JANEIRO,3,Equipamentos por Metodos Opticos,33,Endoscopio Digestivo,2,2,0,0
3304552291266,2291266,SMS HOSPITAL MUNICIPAL FRANCISCO DA SILVA TELLES AP33,RIO DE JANEIRO,3,Equipamentos por Metodos Opticos,35,Laparoscopio/Vídeo,1,1,0,0
3304552269341,2269341,SMS HOSPITAL MUNICIPAL JESUS AP 22,RIO DE JANEIRO,1,DIAGNOSTICO POR IMAGEM,07,RAIO X ODONTOLOGICO,3,2,0,1
3304552269341,2269341,SMS HOSPITAL MUNICIPAL JESUS AP 22,RIO DE JANEIRO,1,DIAGNOSTICO POR IMAGEM,04,Raio X ate 100 mA,4,4,0,0
3304552269341,2269341,SMS HOSPITAL MUNICIPAL JESUS AP 22,RIO DE JANEIRO,1,DIAGNOSTICO POR IMAGEM,05,Raio X de 100 a 500 mA,4,4,0,0
3304552269341,2269341,SMS HOSPITAL MUNICIPAL JESUS AP 22,RIO DE JANEIRO,1,DIAGNOSTICO POR IMAGEM,11,Tomógrafo Computadorizado,1,1,0,0
3304552269341,2269341,SMS HOSPITAL MUNICIPAL JESUS AP 22,RIO DE JANEIRO,1,DIAGNOSTICO POR IMAGEM,13,Ultrassom Doppler Colorido,4,4,0,0
3304552269341,2269341,SMS HOSPITAL MUNICIPAL JESUS AP 22,RIO DE JANEIRO,1,DIAGNOSTICO POR IMAGEM,14,Ultrassom Ecografo,3,3,0,0
3304552269341,2269341,SMS HOSPITAL MUNICIPAL JESUS AP 22,RIO DE JANEIRO,2,Equipamentos de Infra-Estrutura,21,Controle Ambiental/Ar-condicionado Central,2,2,0,0
3304552269341,2269341,SMS HOSPITAL MUNICIPAL JESUS AP 22,RIO DE JANEIRO,2,Equipamentos de Infra-Estrutura,22,Grupo Gerador,3,3,0,0
3304552269341,2269341,SMS HOSPITAL MUNICIPAL JESUS AP 22,RIO DE JANEIRO,2,Equipamentos de Infra-Estrutura,23,Usina de Oxigenio,1,1,0,0
3304552269341,2269341,SMS HOSPITAL MUNICIPAL JESUS AP 22,RIO DE JANEIRO,7,Equipamentos de Odontologia,80,Equipo Odontologico,5,4,0,1
3304552269341,2269341,SMS HOSPITAL MUNICIPAL JESUS AP 22,RIO DE JANEIRO,5,Equipamentos para Manutencao da Vida,53,Berço Aquecido,3,3,0,0
3304552269341,2269341,SMS HOSPITAL MUNICIPAL JESUS AP 22,RIO DE JANEIRO,5,Equipamentos para Manutencao da Vida,52,Bomba de Infusao,57,57,0,0
3304552269341,2269341,SMS HOSPITAL MUNICIPAL JESUS AP 22,RIO DE JANEIRO,5,Equipamentos para Manutencao da Vida,56,Desfibrilador,7,7,0,0
3304552269341,2269341,SMS HOSPITAL MUNICIPAL JESUS AP 22,RIO DE JANEIRO,5,Equipamentos para Manutencao da Vida,57,Equipamento de Fototerapia,1,1,0,0
3304552269341,2269341,SMS HOSPITAL MUNICIPAL JESUS AP 22,RIO DE JANEIRO,5,Equipamentos para Manutencao da Vida,58,Incubadora,2,2,0,0
3304552269341,2269341,SMS HOSPITAL MUNICIPAL JESUS AP 22,RIO DE JANEIRO,5,Equipamentos para Manutencao da Vida,60,Monitor de ECG,36,36,0,0
3304552269341,2269341,SMS HOSPITAL MUNICIPAL JESUS AP 22,RIO DE JANEIRO,5,Equipamentos para Manutencao da Vida,61,Monitor de Pressao Invasivo,7,7,0,0
3304552269341,2269341,SMS HOSPITAL MUNICIPAL JESUS AP 22,RIO DE JANEIRO,5,Equipamentos para Manutencao da Vida,62,Monitor de Pressao Nao-Invasivo,36,36,0,0
3304552269341,2269341,SMS HOSPITAL MUNICIPAL JESUS AP 22,RIO DE JANEIRO,5,Equipamentos para Manutencao da Vida,63,Reanimador Pulmonar/AMBU,79,79,0,0
3304552269341,2269341,SMS HOSPITAL MUNICIPAL JESUS AP 22,RIO DE JANEIRO,5,Equipamentos para Manutencao da Vida,64,Respirador/Ventilador,15,12,0,3
3304552269341,2269341,SMS HOSPITAL MUNICIPAL JESUS AP 22,RIO DE JANEIRO,4,Equipamentos por Metodos Graficos,41,Eletrocardiografo,11,5,0,6
3304552269341,2269341,SMS HOSPITAL MUNICIPAL JESUS AP 22,RIO DE JANEIRO,4,Equipamentos por Metodos Graficos,42,Eletroencefalografo,1,1,0,0
3304552269341,2269341,SMS HOSPITAL MUNICIPAL JESUS AP 22,RIO DE JANEIRO,3,Equipamentos por Metodos Opticos,49,BIOMICROSCOPIO (LAMPADA DE FENDA),2,2,0,0
3304552269341,2269341,SMS HOSPITAL MUNICIPAL JESUS AP 22,RIO DE JANEIRO,3,Equipamentos por Metodos Opticos,37,CADEIRA OFTALMOLOGICA,2,2,0,0
3304552269341,2269341,SMS HOSPITAL MUNICIPAL JESUS AP 22,RIO DE JANEIRO,3,Equipamentos por Metodos Opticos,38,COLUNA OFTALMOLOGICA,2,2,0,0
3304552269341,2269341,SMS HOSPITAL MUNICIPAL JESUS AP 22,RIO DE JANEIRO,3,Equipamentos por Metodos Opticos,33,Endoscopio Digestivo,1,1,0,0
3304552269341,2269341,SMS HOSPITAL MUNICIPAL JESUS AP 22,RIO DE JANEIRO,3,Equipamentos por Metodos Opticos,31,Endoscopio das Vias Respiratorias,1,1,0,0
3304552269341,2269341,SMS HOSPITAL MUNICIPAL JESUS AP 22,RIO DE JANEIRO,3,Equipamentos por Metodos Opticos,32,Endoscopio das Vias Urinarias,1,1,0,0
3304552269341,2269341,SMS HOSPITAL MUNICIPAL JESUS AP 22,RIO DE JANEIRO,3,Equipamentos por Metodos Opticos,34,Equipamentos para Optometria,1,1,0,0
3304552269341,2269341,SMS HOSPITAL MUNICIPAL JESUS AP 22,RIO DE JANEIRO,3,Equipamentos por Metodos Opticos,35,Laparoscopio/Vídeo,3,3,0,0
3304552269341,2269341,SMS HOSPITAL MUNICIPAL JESUS AP 22,RIO DE JANEIRO,3,Equipamentos por Metodos Opticos,36,Microscopio Cirurgico,4,3,0,1
3304552269341,2269341,SMS HOSPITAL MUNICIPAL JESUS AP 22,RIO DE JANEIRO,3,Equipamentos por Metodos Opticos,46,OFTALMOSCOPIO,3,3,0,0
3304552269341,2269341,SMS HOSPITAL MUNICIPAL JESUS AP 22,RIO DE JANEIRO,3,Equipamentos por Metodos Opticos,39,REFRATOR,2,2,0,0
3304552269341,2269341,SMS HOSPITAL MUNICIPAL JESUS AP 22,RIO DE JANEIRO,3,Equipamentos por Metodos Opticos,45,RETINOSCOPIO,1,1,0,0
3304552269341,2269341,SMS HOSPITAL MUNICIPAL JESUS AP 22,RIO DE JANEIRO,3,Equipamentos por Metodos Opticos,48,TONOMETRO DE APLANACAO,2,2,0,0
3304552273381,2273381,SMS HOSPITAL MUNICIPAL JURANDYR MANFREDINI AP 40,RIO DE JANEIRO,5,Equipamentos para Manutencao da Vida,63,Reanimador Pulmonar/AMBU,2,1,0,1
3304552270609,2270609,SMS HOSPITAL MUNICIPAL LOURENCO JORGE AP 40,RIO DE JANEIRO,1,DIAGNOSTICO POR IMAGEM,04,Raio X ate 100 mA,4,3,3,1
3304552270609,2270609,SMS HOSPITAL MUNICIPAL LOURENCO JORGE AP 40,RIO DE JANEIRO,1,DIAGNOSTICO POR IMAGEM,08,Raio X com Fluoroscopia,2,0,0,2
3304552270609,2270609,SMS HOSPITAL MUNICIPAL LOURENCO JORGE AP 40,RIO DE JANEIRO,1,DIAGNOSTICO POR IMAGEM,05,Raio X de 100 a 500 mA,4,3,3,1
3304552270609,2270609,SMS HOSPITAL MUNICIPAL LOURENCO JORGE AP 40,RIO DE JANEIRO,1,DIAGNOSTICO POR IMAGEM,06,Raio X mais de 500mA,3,2,2,1
3304552270609,2270609,SMS HOSPITAL MUNICIPAL LOURENCO JORGE AP 40,RIO DE JANEIRO,1,DIAGNOSTICO POR IMAGEM,11,Tomógrafo Computadorizado,2,1,1,1
3304552270609,2270609,SMS HOSPITAL MUNICIPAL LOURENCO JORGE AP 40,RIO DE JANEIRO,1,DIAGNOSTICO POR IMAGEM,13,Ultrassom Doppler Colorido,13,12,12,1
3304552270609,2270609,SMS HOSPITAL MUNICIPAL LOURENCO JORGE AP 40,RIO DE JANEIRO,1,DIAGNOSTICO POR IMAGEM,14,Ultrassom Ecografo,4,4,4,0
3304552270609,2270609,SMS HOSPITAL MUNICIPAL LOURENCO JORGE AP 40,RIO DE JANEIRO,8,EQUIPAMENTOS DE AUDIOLOGIA,87,EMISSOES OTOACUSTICAS EVOCADAS TRANSIENTES,5,3,3,2
3304552270609,2270609,SMS HOSPITAL MUNICIPAL LOURENCO JORGE AP 40,RIO DE JANEIRO,2,Equipamentos de Infra-Estrutura,21,Controle Ambiental/Ar-condicionado Central,3,3,3,0
3304552270609,2270609,SMS HOSPITAL MUNICIPAL LOURENCO JORGE AP 40,RIO DE JANEIRO,2,Equipamentos de Infra-Estrutura,22,Grupo Gerador,4,4,4,0
3304552270609,2270609,SMS HOSPITAL MUNICIPAL LOURENCO JORGE AP 40,RIO DE JANEIRO,7,Equipamentos de Odontologia,80,Equipo Odontologico,3,3,3,0
3304552270609,2270609,SMS HOSPITAL MUNICIPAL LOURENCO JORGE AP 40,RIO DE JANEIRO,5,Equipamentos para Manutencao da Vida,53,Berço Aquecido,16,16,16,0
3304552270609,2270609,SMS HOSPITAL MUNICIPAL LOURENCO JORGE AP 40,RIO DE JANEIRO,5,Equipamentos para Manutencao da Vida,54,Bilirrubinometro,2,2,2,0
3304552270609,2270609,SMS HOSPITAL MUNICIPAL LOURENCO JORGE AP 40,RIO DE JANEIRO,5,Equipamentos para Manutencao da Vida,52,Bomba de Infusao,128,117,117,11
3304552270609,2270609,SMS HOSPITAL MUNICIPAL LOURENCO JORGE AP 40,RIO DE JANEIRO,5,Equipamentos para Manutencao da Vida,56,Desfibrilador,33,33,33,0
3304552270609,2270609,SMS HOSPITAL MUNICIPAL LOURENCO JORGE AP 40,RIO DE JANEIRO,5,Equipamentos para Manutencao da Vida,57,Equipamento de Fototerapia,30,30,30,0
3304552270609,2270609,SMS HOSPITAL MUNICIPAL LOURENCO JORGE AP 40,RIO DE JANEIRO,5,Equipamentos para Manutencao da Vida,58,Incubadora,33,33,33,0
3304552270609,2270609,SMS HOSPITAL MUNICIPAL LOURENCO JORGE AP 40,RIO DE JANEIRO,5,Equipamentos para Manutencao da Vida,59,Marcapasso Temporario,1,1,1,0
3304552270609,2270609,SMS HOSPITAL MUNICIPAL LOURENCO JORGE AP 40,RIO DE JANEIRO,5,Equipamentos para Manutencao da Vida,60,Monitor de ECG,161,156,156,5
3304552270609,2270609,SMS HOSPITAL MUNICIPAL LOURENCO JORGE AP 40,RIO DE JANEIRO,5,Equipamentos para Manutencao da Vida,61,Monitor de Pressao Invasivo,13,13,13,0
3304552270609,2270609,SMS HOSPITAL MUNICIPAL LOURENCO JORGE AP 40,RIO DE JANEIRO,5,Equipamentos para Manutencao da Vida,62,Monitor de Pressao Nao-Invasivo,161,156,156,5
3304552270609,2270609,SMS HOSPITAL MUNICIPAL LOURENCO JORGE AP 40,RIO DE JANEIRO,5,Equipamentos para Manutencao da Vida,63,Reanimador Pulmonar/AMBU,20,20,20,0
3304552270609,2270609,SMS HOSPITAL MUNICIPAL LOURENCO JORGE AP 40,RIO DE JANEIRO,5,Equipamentos para Manutencao da Vida,64,Respirador/Ventilador,54,48,48,6
3304552270609,2270609,SMS HOSPITAL MUNICIPAL LOURENCO JORGE AP 40,RIO DE JANEIRO,4,Equipamentos por Metodos Graficos,41,Eletrocardiografo,27,27,27,0
3304552270609,2270609,SMS HOSPITAL MUNICIPAL LOURENCO JORGE AP 40,RIO DE JANEIRO,4,Equipamentos por Metodos Graficos,42,Eletroencefalografo,13,13,13,0
3304552270609,2270609,SMS HOSPITAL MUNICIPAL LOURENCO JORGE AP 40,RIO DE JANEIRO,3,Equipamentos por Metodos Opticos,33,Endoscopio Digestivo,2,2,2,0
3304552270609,2270609,SMS HOSPITAL MUNICIPAL LOURENCO JORGE AP 40,RIO DE JANEIRO,3,Equipamentos por Metodos Opticos,35,Laparoscopio/Vídeo,2,1,1,1
3304552270609,2270609,SMS HOSPITAL MUNICIPAL LOURENCO JORGE AP 40,RIO DE JANEIRO,3,Equipamentos por Metodos Opticos,46,OFTALMOSCOPIO,1,1,1,0
3304552270269,2270269,SMS HOSPITAL MUNICIPAL MIGUEL COUTO AP 21,RIO DE JANEIRO,1,DIAGNOSTICO POR IMAGEM,04,Raio X ate 100 mA,6,5,0,1
3304552270269,2270269,SMS HOSPITAL MUNICIPAL MIGUEL COUTO AP 21,RIO DE JANEIRO,1,DIAGNOSTICO POR IMAGEM,05,Raio X de 100 a 500 mA,4,4,0,0
3304552270269,2270269,SMS HOSPITAL MUNICIPAL MIGUEL COUTO AP 21,RIO DE JANEIRO,1,DIAGNOSTICO POR IMAGEM,11,Tomógrafo Computadorizado,2,1,0,1
3304552270269,2270269,SMS HOSPITAL MUNICIPAL MIGUEL COUTO AP 21,RIO DE JANEIRO,1,DIAGNOSTICO POR IMAGEM,13,Ultrassom Doppler Colorido,22,20,0,2
3304552270269,2270269,SMS HOSPITAL MUNICIPAL MIGUEL COUTO AP 21,RIO DE JANEIRO,1,DIAGNOSTICO POR IMAGEM,14,Ultrassom Ecografo,2,1,0,1
3304552270269,2270269,SMS HOSPITAL MUNICIPAL MIGUEL COUTO AP 21,RIO DE JANEIRO,8,EQUIPAMENTOS DE AUDIOLOGIA,87,EMISSOES OTOACUSTICAS EVOCADAS TRANSIENTES,3,3,0,0
3304552270269,2270269,SMS HOSPITAL MUNICIPAL MIGUEL COUTO AP 21,RIO DE JANEIRO,2,Equipamentos de Infra-Estrutura,21,Controle Ambiental/Ar-condicionado Central,6,6,0,0
3304552270269,2270269,SMS HOSPITAL MUNICIPAL MIGUEL COUTO AP 21,RIO DE JANEIRO,2,Equipamentos de Infra-Estrutura,22,Grupo Gerador,4,4,0,0
3304552270269,2270269,SMS HOSPITAL MUNICIPAL MIGUEL COUTO AP 21,RIO DE JANEIRO,7,Equipamentos de Odontologia,80,Equipo Odontologico,2,2,0,0
3304552270269,2270269,SMS HOSPITAL MUNICIPAL MIGUEL COUTO AP 21,RIO DE JANEIRO,5,Equipamentos para Manutencao da Vida,53,Berço Aquecido,5,5,0,0
3304552270269,2270269,SMS HOSPITAL MUNICIPAL MIGUEL COUTO AP 21,RIO DE JANEIRO,5,Equipamentos para Manutencao da Vida,52,Bomba de Infusao,312,290,0,22
3304552270269,2270269,SMS HOSPITAL MUNICIPAL MIGUEL COUTO AP 21,RIO DE JANEIRO,5,Equipamentos para Manutencao da Vida,56,Desfibrilador,38,38,0,0
3304552270269,2270269,SMS HOSPITAL MUNICIPAL MIGUEL COUTO AP 21,RIO DE JANEIRO,5,Equipamentos para Manutencao da Vida,57,Equipamento de Fototerapia,12,11,0,1
3304552270269,2270269,SMS HOSPITAL MUNICIPAL MIGUEL COUTO AP 21,RIO DE JANEIRO,5,Equipamentos para Manutencao da Vida,58,Incubadora,10,8,0,2
3304552270269,2270269,SMS HOSPITAL MUNICIPAL MIGUEL COUTO AP 21,RIO DE JANEIRO,5,Equipamentos para Manutencao da Vida,59,Marcapasso Temporario,3,3,0,0
3304552270269,2270269,SMS HOSPITAL MUNICIPAL MIGUEL COUTO AP 21,RIO DE JANEIRO,5,Equipamentos para Manutencao da Vida,60,Monitor de ECG,135,118,0,17
3304552270269,2270269,SMS HOSPITAL MUNICIPAL MIGUEL COUTO AP 21,RIO DE JANEIRO,5,Equipamentos para Manutencao da Vida,62,Monitor de Pressao Nao-Invasivo,135,118,0,17
3304552270269,2270269,SMS HOSPITAL MUNICIPAL MIGUEL COUTO AP 21,RIO DE JANEIRO,5,Equipamentos para Manutencao da Vida,63,Reanimador Pulmonar/AMBU,127,127,0,0
3304552270269,2270269,SMS HOSPITAL MUNICIPAL MIGUEL COUTO AP 21,RIO DE JANEIRO,5,Equipamentos para Manutencao da Vida,64,Respirador/Ventilador,64,58,0,6
3304552270269,2270269,SMS HOSPITAL MUNICIPAL MIGUEL COUTO AP 21,RIO DE JANEIRO,4,Equipamentos por Metodos Graficos,41,Eletrocardiografo,42,39,0,3
3304552270269,2270269,SMS HOSPITAL MUNICIPAL MIGUEL COUTO AP 21,RIO DE JANEIRO,3,Equipamentos por Metodos Opticos,33,Endoscopio Digestivo,4,3,0,1
3304552270269,2270269,SMS HOSPITAL MUNICIPAL MIGUEL COUTO AP 21,RIO DE JANEIRO,3,Equipamentos por Metodos Opticos,31,Endoscopio das Vias Respiratorias,1,1,0,0
3304552270269,2270269,SMS HOSPITAL MUNICIPAL MIGUEL COUTO AP 21,RIO DE JANEIRO,3,Equipamentos por Metodos Opticos,51,HISTEROSCOPIO,3,3,0,0
3304552270269,2270269,SMS HOSPITAL MUNICIPAL MIGUEL COUTO AP 21,RIO DE JANEIRO,3,Equipamentos por Metodos Opticos,35,Laparoscopio/Vídeo,3,3,0,0
3304552270269,2270269,SMS HOSPITAL MUNICIPAL MIGUEL COUTO AP 21,RIO DE JANEIRO,3,Equipamentos por Metodos Opticos,36,Microscopio Cirurgico,3,3,0,0
3304552270269,2270269,SMS HOSPITAL MUNICIPAL MIGUEL COUTO AP 21,RIO DE JANEIRO,3,Equipamentos por Metodos Opticos,45,RETINOSCOPIO,1,1,0,0
3304552270269,2270269,SMS HOSPITAL MUNICIPAL MIGUEL COUTO AP 21,RIO DE JANEIRO,6,Outros Equipamentos,72,Aparelho de Eletroestimulacao,1,1,0,0
3304552269724,2269724,SMS HOSPITAL MUNICIPAL NOSSA SENHORA DO LORETO AP 31,RIO DE JANEIRO,1,DIAGNOSTICO POR IMAGEM,07,RAIO X ODONTOLOGICO,1,0,0,1
3304552269724,2269724,SMS HOSPITAL MUNICIPAL NOSSA SENHORA DO LORETO AP 31,RIO DE JANEIRO,1,DIAGNOSTICO POR IMAGEM,05,Raio X de 100 a 500 mA,4,3,3,1
3304552269724,2269724,SMS HOSPITAL MUNICIPAL NOSSA SENHORA DO LORETO AP 31,RIO DE JANEIRO,1,DIAGNOSTICO POR IMAGEM,15,Ultrassom Convencional,1,1,1,0
3304552269724,2269724,SMS HOSPITAL MUNICIPAL NOSSA SENHORA DO LORETO AP 31,RIO DE JANEIRO,1,DIAGNOSTICO POR IMAGEM,13,Ultrassom Doppler Colorido,1,1,1,0
3304552269724,2269724,SMS HOSPITAL MUNICIPAL NOSSA SENHORA DO LORETO AP 31,RIO DE JANEIRO,1,DIAGNOSTICO POR IMAGEM,14,Ultrassom Ecografo,1,1,1,0
3304552269724,2269724,SMS HOSPITAL MUNICIPAL NOSSA SENHORA DO LORETO AP 31,RIO DE JANEIRO,8,EQUIPAMENTOS DE AUDIOLOGIA,92,AUDIOMETRO DE DOIS CANAIS,1,1,1,0
3304552269724,2269724,SMS HOSPITAL MUNICIPAL NOSSA SENHORA DO LORETO AP 31,RIO DE JANEIRO,8,EQUIPAMENTOS DE AUDIOLOGIA,95,CABINE ACUSTICA,1,1,1,0
3304552269724,2269724,SMS HOSPITAL MUNICIPAL NOSSA SENHORA DO LORETO AP 31,RIO DE JANEIRO,8,EQUIPAMENTOS DE AUDIOLOGIA,93,IMITANCIOMETRO,1,1,1,0
3304552269724,2269724,SMS HOSPITAL MUNICIPAL NOSSA SENHORA DO LORETO AP 31,RIO DE JANEIRO,8,EQUIPAMENTOS DE AUDIOLOGIA,90,"POT EVOCADO AUD TRONCO ENCEF DE CURTA,MEDIA E LONGA LATENCIA",1,1,1,0
3304552269724,2269724,SMS HOSPITAL MUNICIPAL NOSSA SENHORA DO LORETO AP 31,RIO DE JANEIRO,8,EQUIPAMENTOS DE AUDIOLOGIA,97,SISTEMA COMPLETO DE REFORÇO VISUAL(VRA),1,1,1,0
3304552269724,2269724,SMS HOSPITAL MUNICIPAL NOSSA SENHORA DO LORETO AP 31,RIO DE JANEIRO,8,EQUIPAMENTOS DE AUDIOLOGIA,96,SISTEMA DE CAMPO LIVRE,1,1,1,0
3304552269724,2269724,SMS HOSPITAL MUNICIPAL NOSSA SENHORA DO LORETO AP 31,RIO DE JANEIRO,2,Equipamentos de Infra-Estrutura,19,AR CONDICIONADO,86,68,68,18
3304552269724,2269724,SMS HOSPITAL MUNICIPAL NOSSA SENHORA DO LORETO AP 31,RIO DE JANEIRO,2,Equipamentos de Infra-Estrutura,28,GRUPO GERADOR (101 A 300 KVA),1,1,1,0
3304552269724,2269724,SMS HOSPITAL MUNICIPAL NOSSA SENHORA DO LORETO AP 31,RIO DE JANEIRO,2,Equipamentos de Infra-Estrutura,66,REFRIGERADOR,32,21,21,11
3304552269724,2269724,SMS HOSPITAL MUNICIPAL NOSSA SENHORA DO LORETO AP 31,RIO DE JANEIRO,7,Equipamentos de Odontologia,85,Amalgamador,3,1,1,2
3304552269724,2269724,SMS HOSPITAL MUNICIPAL NOSSA SENHORA DO LORETO AP 31,RIO DE JANEIRO,7,Equipamentos de Odontologia,86,Aparelho de Profilaxia c/ Jato de Bicarbonato,2,1,1,1
3304552269724,2269724,SMS HOSPITAL MUNICIPAL NOSSA SENHORA DO LORETO AP 31,RIO DE JANEIRO,7,Equipamentos de Odontologia,83,Caneta de Alta Rotacao,18,10,10,8
3304552269724,2269724,SMS HOSPITAL MUNICIPAL NOSSA SENHORA DO LORETO AP 31,RIO DE JANEIRO,7,Equipamentos de Odontologia,84,Caneta de Baixa Rotacao,23,9,9,14
3304552269724,2269724,SMS HOSPITAL MUNICIPAL NOSSA SENHORA DO LORETO AP 31,RIO DE JANEIRO,7,Equipamentos de Odontologia,81,Compressor Odontologico,1,1,1,0
3304552269724,2269724,SMS HOSPITAL MUNICIPAL NOSSA SENHORA DO LORETO AP 31,RIO DE JANEIRO,7,Equipamentos de Odontologia,80,Equipo Odontologico,5,5,5,0
3304552269724,2269724,SMS HOSPITAL MUNICIPAL NOSSA SENHORA DO LORETO AP 31,RIO DE JANEIRO,7,Equipamentos de Odontologia,82,Fotopolimerizador,9,5,5,4
3304552269724,2269724,SMS HOSPITAL MUNICIPAL NOSSA SENHORA DO LORETO AP 31,RIO DE JANEIRO,5,Equipamentos para Manutencao da Vida,53,Berço Aquecido,2,2,2,0
3304552269724,2269724,SMS HOSPITAL MUNICIPAL NOSSA SENHORA DO LORETO AP 31,RIO DE JANEIRO,5,Equipamentos para Manutencao da Vida,52,Bomba de Infusao,11,11,11,0
3304552269724,2269724,SMS HOSPITAL MUNICIPAL NOSSA SENHORA DO LORETO AP 31,RIO DE JANEIRO,5,Equipamentos para Manutencao da Vida,56,Desfibrilador,3,3,3,0
3304552269724,2269724,SMS HOSPITAL MUNICIPAL NOSSA SENHORA DO LORETO AP 31,RIO DE JANEIRO,5,Equipamentos para Manutencao da Vida,57,Equipamento de Fototerapia,1,1,1,0
3304552269724,2269724,SMS HOSPITAL MUNICIPAL NOSSA SENHORA DO LORETO AP 31,RIO DE JANEIRO,5,Equipamentos para Manutencao da Vida,60,Monitor de ECG,7,7,7,0
3304552269724,2269724,SMS HOSPITAL MUNICIPAL NOSSA SENHORA DO LORETO AP 31,RIO DE JANEIRO,5,Equipamentos para Manutencao da Vida,62,Monitor de Pressao Nao-Invasivo,9,9,9,0
3304552269724,2269724,SMS HOSPITAL MUNICIPAL NOSSA SENHORA DO LORETO AP 31,RIO DE JANEIRO,5,Equipamentos para Manutencao da Vida,63,Reanimador Pulmonar/AMBU,45,45,45,0
3304552269724,2269724,SMS HOSPITAL MUNICIPAL NOSSA SENHORA DO LORETO AP 31,RIO DE JANEIRO,5,Equipamentos para Manutencao da Vida,64,Respirador/Ventilador,2,2,2,0
3304552269724,2269724,SMS HOSPITAL MUNICIPAL NOSSA SENHORA DO LORETO AP 31,RIO DE JANEIRO,4,Equipamentos por Metodos Graficos,41,Eletrocardiografo,1,1,1,0
3304552269724,2269724,SMS HOSPITAL MUNICIPAL NOSSA SENHORA DO LORETO AP 31,RIO DE JANEIRO,3,Equipamentos por Metodos Opticos,31,Endoscopio das Vias Respiratorias,2,1,1,1
3304552269724,2269724,SMS HOSPITAL MUNICIPAL NOSSA SENHORA DO LORETO AP 31,RIO DE JANEIRO,3,Equipamentos por Metodos Opticos,36,Microscopio Cirurgico,1,1,1,0
3304556995462,6995462,SMS HOSPITAL MUNICIPAL PEDRO II AP 53,RIO DE JANEIRO,1,DIAGNOSTICO POR IMAGEM,05,Raio X de 100 a 500 mA,5,3,0,2
3304556995462,6995462,SMS HOSPITAL MUNICIPAL PEDRO II AP 53,RIO DE JANEIRO,1,DIAGNOSTICO POR IMAGEM,11,Tomógrafo Computadorizado,2,2,0,0
3304556995462,6995462,SMS HOSPITAL MUNICIPAL PEDRO II AP 53,RIO DE JANEIRO,1,DIAGNOSTICO POR IMAGEM,15,Ultrassom Convencional,9,7,0,2
3304556995462,6995462,SMS HOSPITAL MUNICIPAL PEDRO II AP 53,RIO DE JANEIRO,1,DIAGNOSTICO POR IMAGEM,13,Ultrassom Doppler Colorido,3,3,0,0
3304556995462,6995462,SMS HOSPITAL MUNICIPAL PEDRO II AP 53,RIO DE JANEIRO,1,DIAGNOSTICO POR IMAGEM,14,Ultrassom Ecografo,3,3,0,0
3304556995462,6995462,SMS HOSPITAL MUNICIPAL PEDRO II AP 53,RIO DE JANEIRO,8,EQUIPAMENTOS DE AUDIOLOGIA,87,EMISSOES OTOACUSTICAS EVOCADAS TRANSIENTES,1,1,0,0
3304556995462,6995462,SMS HOSPITAL MUNICIPAL PEDRO II AP 53,RIO DE JANEIRO,2,Equipamentos de Infra-Estrutura,21,Controle Ambiental/Ar-condicionado Central,1,1,0,0
3304556995462,6995462,SMS HOSPITAL MUNICIPAL PEDRO II AP 53,RIO DE JANEIRO,2,Equipamentos de Infra-Estrutura,22,Grupo Gerador,1,1,0,0
3304556995462,6995462,SMS HOSPITAL MUNICIPAL PEDRO II AP 53,RIO DE JANEIRO,5,Equipamentos para Manutencao da Vida,53,Berço Aquecido,17,17,0,0
3304556995462,6995462,SMS HOSPITAL MUNICIPAL PEDRO II AP 53,RIO DE JANEIRO,5,Equipamentos para Manutencao da Vida,52,Bomba de Infusao,376,376,0,0
3304556995462,6995462,SMS HOSPITAL MUNICIPAL PEDRO II AP 53,RIO DE JANEIRO,5,Equipamentos para Manutencao da Vida,56,Desfibrilador,30,30,0,0
3304556995462,6995462,SMS HOSPITAL MUNICIPAL PEDRO II AP 53,RIO DE JANEIRO,5,Equipamentos para Manutencao da Vida,57,Equipamento de Fototerapia,33,33,0,0
3304556995462,6995462,SMS HOSPITAL MUNICIPAL PEDRO II AP 53,RIO DE JANEIRO,5,Equipamentos para Manutencao da Vida,58,Incubadora,43,43,0,0
3304556995462,6995462,SMS HOSPITAL MUNICIPAL PEDRO II AP 53,RIO DE JANEIRO,5,Equipamentos para Manutencao da Vida,59,Marcapasso Temporario,8,8,0,0
3304556995462,6995462,SMS HOSPITAL MUNICIPAL PEDRO II AP 53,RIO DE JANEIRO,5,Equipamentos para Manutencao da Vida,60,Monitor de ECG,175,175,0,0
3304556995462,6995462,SMS HOSPITAL MUNICIPAL PEDRO II AP 53,RIO DE JANEIRO,5,Equipamentos para Manutencao da Vida,61,Monitor de Pressao Invasivo,46,46,0,0
3304556995462,6995462,SMS HOSPITAL MUNICIPAL PEDRO II AP 53,RIO DE JANEIRO,5,Equipamentos para Manutencao da Vida,62,Monitor de Pressao Nao-Invasivo,155,155,0,0
3304556995462,6995462,SMS HOSPITAL MUNICIPAL PEDRO II AP 53,RIO DE JANEIRO,5,Equipamentos para Manutencao da Vida,63,Reanimador Pulmonar/AMBU,50,50,0,0
3304556995462,6995462,SMS HOSPITAL MUNICIPAL PEDRO II AP 53,RIO DE JANEIRO,5,Equipamentos para Manutencao da Vida,64,Respirador/Ventilador,98,98,0,0
3304556995462,6995462,SMS HOSPITAL MUNICIPAL PEDRO II AP 53,RIO DE JANEIRO,4,Equipamentos por Metodos Graficos,41,Eletrocardiografo,20,20,0,0
3304556995462,6995462,SMS HOSPITAL MUNICIPAL PEDRO II AP 53,RIO DE JANEIRO,3,Equipamentos por Metodos Opticos,33,Endoscopio Digestivo,3,3,0,0
3304556995462,6995462,SMS HOSPITAL MUNICIPAL PEDRO II AP 53,RIO DE JANEIRO,3,Equipamentos por Metodos Opticos,31,Endoscopio das Vias Respiratorias,2,2,0,0
3304556995462,6995462,SMS HOSPITAL MUNICIPAL PEDRO II AP 53,RIO DE JANEIRO,3,Equipamentos por Metodos Opticos,35,Laparoscopio/Vídeo,1,1,0,0
3304552273349,2273349,SMS HOSPITAL MUNICIPAL RAPHAEL DE PAULA SOUZA AP 40,RIO DE JANEIRO,1,DIAGNOSTICO POR IMAGEM,07,RAIO X ODONTOLOGICO,4,4,4,0
3304552273349,2273349,SMS HOSPITAL MUNICIPAL RAPHAEL DE PAULA SOUZA AP 40,RIO DE JANEIRO,1,DIAGNOSTICO POR IMAGEM,04,Raio X ate 100 mA,2,1,1,1
3304552273349,2273349,SMS HOSPITAL MUNICIPAL RAPHAEL DE PAULA SOUZA AP 40,RIO DE JANEIRO,1,DIAGNOSTICO POR IMAGEM,05,Raio X de 100 a 500 mA,2,2,2,0
3304552273349,2273349,SMS HOSPITAL MUNICIPAL RAPHAEL DE PAULA SOUZA AP 40,RIO DE JANEIRO,1,DIAGNOSTICO POR IMAGEM,15,Ultrassom Convencional,1,0,0,1
3304552273349,2273349,SMS HOSPITAL MUNICIPAL RAPHAEL DE PAULA SOUZA AP 40,RIO DE JANEIRO,1,DIAGNOSTICO POR IMAGEM,13,Ultrassom Doppler Colorido,5,5,5,0
3304552273349,2273349,SMS HOSPITAL MUNICIPAL RAPHAEL DE PAULA SOUZA AP 40,RIO DE JANEIRO,2,Equipamentos de Infra-Estrutura,19,AR CONDICIONADO,171,155,155,16
3304552273349,2273349,SMS HOSPITAL MUNICIPAL RAPHAEL DE PAULA SOUZA AP 40,RIO DE JANEIRO,2,Equipamentos de Infra-Estrutura,20,CAMARA FRIGORIFICA,2,2,2,0
3304552273349,2273349,SMS HOSPITAL MUNICIPAL RAPHAEL DE PAULA SOUZA AP 40,RIO DE JANEIRO,2,Equipamentos de Infra-Estrutura,22,Grupo Gerador,2,2,2,0
3304552273349,2273349,SMS HOSPITAL MUNICIPAL RAPHAEL DE PAULA SOUZA AP 40,RIO DE JANEIRO,2,Equipamentos de Infra-Estrutura,66,REFRIGERADOR,5,5,5,0
3304552273349,2273349,SMS HOSPITAL MUNICIPAL RAPHAEL DE PAULA SOUZA AP 40,RIO DE JANEIRO,7,Equipamentos de Odontologia,85,Amalgamador,1,1,1,0
3304552273349,2273349,SMS HOSPITAL MUNICIPAL RAPHAEL DE PAULA SOUZA AP 40,RIO DE JANEIRO,7,Equipamentos de Odontologia,86,Aparelho de Profilaxia c/ Jato de Bicarbonato,7,4,4,3
3304552273349,2273349,SMS HOSPITAL MUNICIPAL RAPHAEL DE PAULA SOUZA AP 40,RIO DE JANEIRO,7,Equipamentos de Odontologia,81,Compressor Odontologico,4,3,3,1
3304552273349,2273349,SMS HOSPITAL MUNICIPAL RAPHAEL DE PAULA SOUZA AP 40,RIO DE JANEIRO,7,Equipamentos de Odontologia,80,Equipo Odontologico,4,4,4,0
3304552273349,2273349,SMS HOSPITAL MUNICIPAL RAPHAEL DE PAULA SOUZA AP 40,RIO DE JANEIRO,7,Equipamentos de Odontologia,82,Fotopolimerizador,7,4,4,3
3304552273349,2273349,SMS HOSPITAL MUNICIPAL RAPHAEL DE PAULA SOUZA AP 40,RIO DE JANEIRO,5,Equipamentos para Manutencao da Vida,52,Bomba de Infusao,19,19,19,0
3304552273349,2273349,SMS HOSPITAL MUNICIPAL RAPHAEL DE PAULA SOUZA AP 40,RIO DE JANEIRO,5,Equipamentos para Manutencao da Vida,56,Desfibrilador,5,5,5,0
3304552273349,2273349,SMS HOSPITAL MUNICIPAL RAPHAEL DE PAULA SOUZA AP 40,RIO DE JANEIRO,5,Equipamentos para Manutencao da Vida,65,MONITOR MULTIPARAMETRO,18,17,17,1
3304552273349,2273349,SMS HOSPITAL MUNICIPAL RAPHAEL DE PAULA SOUZA AP 40,RIO DE JANEIRO,5,Equipamentos para Manutencao da Vida,60,Monitor de ECG,4,4,4,0
3304552273349,2273349,SMS HOSPITAL MUNICIPAL RAPHAEL DE PAULA SOUZA AP 40,RIO DE JANEIRO,5,Equipamentos para Manutencao da Vida,63,Reanimador Pulmonar/AMBU,12,12,12,0
3304552273349,2273349,SMS HOSPITAL MUNICIPAL RAPHAEL DE PAULA SOUZA AP 40,RIO DE JANEIRO,5,Equipamentos para Manutencao da Vida,64,Respirador/Ventilador,10,10,10,0
3304552273349,2273349,SMS HOSPITAL MUNICIPAL RAPHAEL DE PAULA SOUZA AP 40,RIO DE JANEIRO,4,Equipamentos por Metodos Graficos,41,Eletrocardiografo,4,4,4,0
3304552273349,2273349,SMS HOSPITAL MUNICIPAL RAPHAEL DE PAULA SOUZA AP 40,RIO DE JANEIRO,3,Equipamentos por Metodos Opticos,49,BIOMICROSCOPIO (LAMPADA DE FENDA),2,2,2,0
3304552273349,2273349,SMS HOSPITAL MUNICIPAL RAPHAEL DE PAULA SOUZA AP 40,RIO DE JANEIRO,6,Outros Equipamentos,72,Aparelho de Eletroestimulacao,1,1,1,0
3304552295407,2295407,SMS HOSPITAL MUNICIPAL ROCHA FARIA AP 52,RIO DE JANEIRO,1,DIAGNOSTICO POR IMAGEM,07,RAIO X ODONTOLOGICO,1,1,1,0
3304552295407,2295407,SMS HOSPITAL MUNICIPAL ROCHA FARIA AP 52,RIO DE JANEIRO,1,DIAGNOSTICO POR IMAGEM,04,Raio X ate 100 mA,6,5,5,1
3304552295407,2295407,SMS HOSPITAL MUNICIPAL ROCHA FARIA AP 52,RIO DE JANEIRO,1,DIAGNOSTICO POR IMAGEM,05,Raio X de 100 a 500 mA,4,3,3,1
3304552295407,2295407,SMS HOSPITAL MUNICIPAL ROCHA FARIA AP 52,RIO DE JANEIRO,1,DIAGNOSTICO POR IMAGEM,11,Tomógrafo Computadorizado,1,1,1,0
3304552295407,2295407,SMS HOSPITAL MUNICIPAL ROCHA FARIA AP 52,RIO DE JANEIRO,1,DIAGNOSTICO POR IMAGEM,15,Ultrassom Convencional,12,10,10,2
3304552295407,2295407,SMS HOSPITAL MUNICIPAL ROCHA FARIA AP 52,RIO DE JANEIRO,1,DIAGNOSTICO POR IMAGEM,13,Ultrassom Doppler Colorido,4,3,3,1
3304552295407,2295407,SMS HOSPITAL MUNICIPAL ROCHA FARIA AP 52,RIO DE JANEIRO,1,DIAGNOSTICO POR IMAGEM,14,Ultrassom Ecografo,1,1,1,0
3304552295407,2295407,SMS HOSPITAL MUNICIPAL ROCHA FARIA AP 52,RIO DE JANEIRO,2,Equipamentos de Infra-Estrutura,21,Controle Ambiental/Ar-condicionado Central,4,4,4,0
3304552295407,2295407,SMS HOSPITAL MUNICIPAL ROCHA FARIA AP 52,RIO DE JANEIRO,2,Equipamentos de Infra-Estrutura,22,Grupo Gerador,3,2,2,1
3304552295407,2295407,SMS HOSPITAL MUNICIPAL ROCHA FARIA AP 52,RIO DE JANEIRO,2,Equipamentos de Infra-Estrutura,23,Usina de Oxigenio,1,1,1,0
3304552295407,2295407,SMS HOSPITAL MUNICIPAL ROCHA FARIA AP 52,RIO DE JANEIRO,7,Equipamentos de Odontologia,85,Amalgamador,1,1,1,0
3304552295407,2295407,SMS HOSPITAL MUNICIPAL ROCHA FARIA AP 52,RIO DE JANEIRO,7,Equipamentos de Odontologia,83,Caneta de Alta Rotacao,4,1,1,3
3304552295407,2295407,SMS HOSPITAL MUNICIPAL ROCHA FARIA AP 52,RIO DE JANEIRO,7,Equipamentos de Odontologia,84,Caneta de Baixa Rotacao,4,4,4,0
3304552295407,2295407,SMS HOSPITAL MUNICIPAL ROCHA FARIA AP 52,RIO DE JANEIRO,7,Equipamentos de Odontologia,81,Compressor Odontologico,2,1,1,1
3304552295407,2295407,SMS HOSPITAL MUNICIPAL ROCHA FARIA AP 52,RIO DE JANEIRO,7,Equipamentos de Odontologia,80,Equipo Odontologico,3,1,1,2
3304552295407,2295407,SMS HOSPITAL MUNICIPAL ROCHA FARIA AP 52,RIO DE JANEIRO,7,Equipamentos de Odontologia,82,Fotopolimerizador,5,2,2,3
3304552295407,2295407,SMS HOSPITAL MUNICIPAL ROCHA FARIA AP 52,RIO DE JANEIRO,5,Equipamentos para Manutencao da Vida,53,Berço Aquecido,24,8,8,16
3304552295407,2295407,SMS HOSPITAL MUNICIPAL ROCHA FARIA AP 52,RIO DE JANEIRO,5,Equipamentos para Manutencao da Vida,54,Bilirrubinometro,1,1,1,0
3304552295407,2295407,SMS HOSPITAL MUNICIPAL ROCHA FARIA AP 52,RIO DE JANEIRO,5,Equipamentos para Manutencao da Vida,52,Bomba de Infusao,308,20,20,288
3304552295407,2295407,SMS HOSPITAL MUNICIPAL ROCHA FARIA AP 52,RIO DE JANEIRO,5,Equipamentos para Manutencao da Vida,56,Desfibrilador,9,6,6,3
3304552295407,2295407,SMS HOSPITAL MUNICIPAL ROCHA FARIA AP 52,RIO DE JANEIRO,5,Equipamentos para Manutencao da Vida,57,Equipamento de Fototerapia,22,11,11,11
3304552295407,2295407,SMS HOSPITAL MUNICIPAL ROCHA FARIA AP 52,RIO DE JANEIRO,5,Equipamentos para Manutencao da Vida,58,Incubadora,44,30,30,14
3304552295407,2295407,SMS HOSPITAL MUNICIPAL ROCHA FARIA AP 52,RIO DE JANEIRO,5,Equipamentos para Manutencao da Vida,59,Marcapasso Temporario,1,1,1,0
3304552295407,2295407,SMS HOSPITAL MUNICIPAL ROCHA FARIA AP 52,RIO DE JANEIRO,5,Equipamentos para Manutencao da Vida,60,Monitor de ECG,162,140,140,22
3304552295407,2295407,SMS HOSPITAL MUNICIPAL ROCHA FARIA AP 52,RIO DE JANEIRO,5,Equipamentos para Manutencao da Vida,61,Monitor de Pressao Invasivo,162,140,140,22
3304552295407,2295407,SMS HOSPITAL MUNICIPAL ROCHA FARIA AP 52,RIO DE JANEIRO,5,Equipamentos para Manutencao da Vida,62,Monitor de Pressao Nao-Invasivo,162,140,140,22
3304552295407,2295407,SMS HOSPITAL MUNICIPAL ROCHA FARIA AP 52,RIO DE JANEIRO,5,Equipamentos para Manutencao da Vida,63,Reanimador Pulmonar/AMBU,94,51,51,43
3304552295407,2295407,SMS HOSPITAL MUNICIPAL ROCHA FARIA AP 52,RIO DE JANEIRO,5,Equipamentos para Manutencao da Vida,64,Respirador/Ventilador,51,43,43,8
3304552295407,2295407,SMS HOSPITAL MUNICIPAL ROCHA FARIA AP 52,RIO DE JANEIRO,4,Equipamentos por Metodos Graficos,41,Eletrocardiografo,18,8,8,10
3304552295407,2295407,SMS HOSPITAL MUNICIPAL ROCHA FARIA AP 52,RIO DE JANEIRO,4,Equipamentos por Metodos Graficos,42,Eletroencefalografo,1,1,1,0
3304552295407,2295407,SMS HOSPITAL MUNICIPAL ROCHA FARIA AP 52,RIO DE JANEIRO,3,Equipamentos por Metodos Opticos,33,Endoscopio Digestivo,1,1,1,0
3304552295407,2295407,SMS HOSPITAL MUNICIPAL ROCHA FARIA AP 52,RIO DE JANEIRO,6,Outros Equipamentos,71,Aparelho de Diatermia por Ultrassom/Ondas Curtas,1,1,1,0
3304552295407,2295407,SMS HOSPITAL MUNICIPAL ROCHA FARIA AP 52,RIO DE JANEIRO,6,Outros Equipamentos,72,Aparelho de Eletroestimulacao,1,1,1,0
3304552295407,2295407,SMS HOSPITAL MUNICIPAL ROCHA FARIA AP 52,RIO DE JANEIRO,6,Outros Equipamentos,78,Forno de Bier,2,2,2,0
3304552273489,2273489,SMS HOSPITAL MUNICIPAL ROCHA MAIA AP 21,RIO DE JANEIRO,1,DIAGNOSTICO POR IMAGEM,07,RAIO X ODONTOLOGICO,3,2,2,1
3304552273489,2273489,SMS HOSPITAL MUNICIPAL ROCHA MAIA AP 21,RIO DE JANEIRO,1,DIAGNOSTICO POR IMAGEM,15,Ultrassom Convencional,3,3,3,0
3304552273489,2273489,SMS HOSPITAL MUNICIPAL ROCHA MAIA AP 21,RIO DE JANEIRO,1,DIAGNOSTICO POR IMAGEM,14,Ultrassom Ecografo,1,1,1,0
3304552273489,2273489,SMS HOSPITAL MUNICIPAL ROCHA MAIA AP 21,RIO DE JANEIRO,2,Equipamentos de Infra-Estrutura,22,Grupo Gerador,1,1,1,0
3304552273489,2273489,SMS HOSPITAL MUNICIPAL ROCHA MAIA AP 21,RIO DE JANEIRO,7,Equipamentos de Odontologia,85,Amalgamador,3,1,1,2
3304552273489,2273489,SMS HOSPITAL MUNICIPAL ROCHA MAIA AP 21,RIO DE JANEIRO,7,Equipamentos de Odontologia,86,Aparelho de Profilaxia c/ Jato de Bicarbonato,1,1,1,0
3304552273489,2273489,SMS HOSPITAL MUNICIPAL ROCHA MAIA AP 21,RIO DE JANEIRO,7,Equipamentos de Odontologia,83,Caneta de Alta Rotacao,18,12,12,6
3304552273489,2273489,SMS HOSPITAL MUNICIPAL ROCHA MAIA AP 21,RIO DE JANEIRO,7,Equipamentos de Odontologia,84,Caneta de Baixa Rotacao,12,12,12,0
3304552273489,2273489,SMS HOSPITAL MUNICIPAL ROCHA MAIA AP 21,RIO DE JANEIRO,7,Equipamentos de Odontologia,81,Compressor Odontologico,2,2,2,0
3304552273489,2273489,SMS HOSPITAL MUNICIPAL ROCHA MAIA AP 21,RIO DE JANEIRO,7,Equipamentos de Odontologia,80,Equipo Odontologico,7,7,7,0
3304552273489,2273489,SMS HOSPITAL MUNICIPAL ROCHA MAIA AP 21,RIO DE JANEIRO,7,Equipamentos de Odontologia,82,Fotopolimerizador,9,5,5,4
3304552273489,2273489,SMS HOSPITAL MUNICIPAL ROCHA MAIA AP 21,RIO DE JANEIRO,5,Equipamentos para Manutencao da Vida,56,Desfibrilador,3,3,3,0
3304552273489,2273489,SMS HOSPITAL MUNICIPAL ROCHA MAIA AP 21,RIO DE JANEIRO,5,Equipamentos para Manutencao da Vida,60,Monitor de ECG,13,12,12,1
3304552273489,2273489,SMS HOSPITAL MUNICIPAL ROCHA MAIA AP 21,RIO DE JANEIRO,5,Equipamentos para Manutencao da Vida,63,Reanimador Pulmonar/AMBU,12,12,12,0
3304552273489,2273489,SMS HOSPITAL MUNICIPAL ROCHA MAIA AP 21,RIO DE JANEIRO,4,Equipamentos por Metodos Graficos,41,Eletrocardiografo,9,3,3,6
3304552273489,2273489,SMS HOSPITAL MUNICIPAL ROCHA MAIA AP 21,RIO DE JANEIRO,3,Equipamentos por Metodos Opticos,49,BIOMICROSCOPIO (LAMPADA DE FENDA),1,1,1,0
3304552273489,2273489,SMS HOSPITAL MUNICIPAL ROCHA MAIA AP 21,RIO DE JANEIRO,3,Equipamentos por Metodos Opticos,37,CADEIRA OFTALMOLOGICA,1,1,1,0
3304552273489,2273489,SMS HOSPITAL MUNICIPAL ROCHA MAIA AP 21,RIO DE JANEIRO,3,Equipamentos por Metodos Opticos,47,CERATOMETRO,2,1,1,1
3304552273489,2273489,SMS HOSPITAL MUNICIPAL ROCHA MAIA AP 21,RIO DE JANEIRO,3,Equipamentos por Metodos Opticos,38,COLUNA OFTALMOLOGICA,1,1,1,0
3304552273489,2273489,SMS HOSPITAL MUNICIPAL ROCHA MAIA AP 21,RIO DE JANEIRO,3,Equipamentos por Metodos Opticos,40,LENSOMETRO,1,1,1,0
3304552273489,2273489,SMS HOSPITAL MUNICIPAL ROCHA MAIA AP 21,RIO DE JANEIRO,3,Equipamentos por Metodos Opticos,46,OFTALMOSCOPIO,1,1,1,0
3304552273489,2273489,SMS HOSPITAL MUNICIPAL ROCHA MAIA AP 21,RIO DE JANEIRO,3,Equipamentos por Metodos Opticos,44,PROJETOR OU TABELA DE OPTOTIPOS,1,1,1,0
3304552273489,2273489,SMS HOSPITAL MUNICIPAL ROCHA MAIA AP 21,RIO DE JANEIRO,3,Equipamentos por Metodos Opticos,39,REFRATOR,1,1,1,0
3304552273489,2273489,SMS HOSPITAL MUNICIPAL ROCHA MAIA AP 21,RIO DE JANEIRO,3,Equipamentos por Metodos Opticos,48,TONOMETRO DE APLANACAO,1,1,1,0
3304555717256,5717256,SMS HOSPITAL MUNICIPAL RONALDO GAZOLLA AP 33,RIO DE JANEIRO,1,DIAGNOSTICO POR IMAGEM,24,ARCO CIRURGICO,2,2,2,0
3304555717256,5717256,SMS HOSPITAL MUNICIPAL RONALDO GAZOLLA AP 33,RIO DE JANEIRO,1,DIAGNOSTICO POR IMAGEM,21,RAIO X DIGITAL,2,2,2,0
3304555717256,5717256,SMS HOSPITAL MUNICIPAL RONALDO GAZOLLA AP 33,RIO DE JANEIRO,1,DIAGNOSTICO POR IMAGEM,23,RAIO X MOVEL,4,4,4,0
3304555717256,5717256,SMS HOSPITAL MUNICIPAL RONALDO GAZOLLA AP 33,RIO DE JANEIRO,1,DIAGNOSTICO POR IMAGEM,27,TOMOGRAFO COMPUTADORIZADO 16 CANAIS,1,1,1,0
3304555717256,5717256,SMS HOSPITAL MUNICIPAL RONALDO GAZOLLA AP 33,RIO DE JANEIRO,1,DIAGNOSTICO POR IMAGEM,29,TOMOGRAFO COMPUTADORIZADO 64 CANAIS,1,1,1,0
3304555717256,5717256,SMS HOSPITAL MUNICIPAL RONALDO GAZOLLA AP 33,RIO DE JANEIRO,1,DIAGNOSTICO POR IMAGEM,15,Ultrassom Convencional,16,16,16,0
3304555717256,5717256,SMS HOSPITAL MUNICIPAL RONALDO GAZOLLA AP 33,RIO DE JANEIRO,1,DIAGNOSTICO POR IMAGEM,13,Ultrassom Doppler Colorido,1,1,1,0
3304555717256,5717256,SMS HOSPITAL MUNICIPAL RONALDO GAZOLLA AP 33,RIO DE JANEIRO,1,DIAGNOSTICO POR IMAGEM,14,Ultrassom Ecografo,3,3,3,0
3304555717256,5717256,SMS HOSPITAL MUNICIPAL RONALDO GAZOLLA AP 33,RIO DE JANEIRO,10,DIALISE,02,APARELHO DE HEMODIALISE - HOSPITALAR,18,18,18,0
3304555717256,5717256,SMS HOSPITAL MUNICIPAL RONALDO GAZOLLA AP 33,RIO DE JANEIRO,10,DIALISE,04,APARELHO PARA DIALISE PERITONEAL,1,1,1,0
3304555717256,5717256,SMS HOSPITAL MUNICIPAL RONALDO GAZOLLA AP 33,RIO DE JANEIRO,2,Equipamentos de Infra-Estrutura,21,Controle Ambiental/Ar-condicionado Central,3,2,2,1
3304555717256,5717256,SMS HOSPITAL MUNICIPAL RONALDO GAZOLLA AP 33,RIO DE JANEIRO,2,Equipamentos de Infra-Estrutura,22,Grupo Gerador,3,3,3,0
3304555717256,5717256,SMS HOSPITAL MUNICIPAL RONALDO GAZOLLA AP 33,RIO DE JANEIRO,2,Equipamentos de Infra-Estrutura,23,Usina de Oxigenio,2,2,2,0
3304555717256,5717256,SMS HOSPITAL MUNICIPAL RONALDO GAZOLLA AP 33,RIO DE JANEIRO,5,Equipamentos para Manutencao da Vida,52,Bomba de Infusao,200,200,200,0
3304555717256,5717256,SMS HOSPITAL MUNICIPAL RONALDO GAZOLLA AP 33,RIO DE JANEIRO,5,Equipamentos para Manutencao da Vida,56,Desfibrilador,28,22,22,6
3304555717256,5717256,SMS HOSPITAL MUNICIPAL RONALDO GAZOLLA AP 33,RIO DE JANEIRO,5,Equipamentos para Manutencao da Vida,60,Monitor de ECG,290,207,207,83
3304555717256,5717256,SMS HOSPITAL MUNICIPAL RONALDO GAZOLLA AP 33,RIO DE JANEIRO,5,Equipamentos para Manutencao da Vida,61,Monitor de Pressao Invasivo,290,207,207,83
3304555717256,5717256,SMS HOSPITAL MUNICIPAL RONALDO GAZOLLA AP 33,RIO DE JANEIRO,5,Equipamentos para Manutencao da Vida,62,Monitor de Pressao Nao-Invasivo,290,207,207,83
3304555717256,5717256,SMS HOSPITAL MUNICIPAL RONALDO GAZOLLA AP 33,RIO DE JANEIRO,5,Equipamentos para Manutencao da Vida,63,Reanimador Pulmonar/AMBU,188,188,188,0
3304555717256,5717256,SMS HOSPITAL MUNICIPAL RONALDO GAZOLLA AP 33,RIO DE JANEIRO,5,Equipamentos para Manutencao da Vida,64,Respirador/Ventilador,241,241,241,0
3304555717256,5717256,SMS HOSPITAL MUNICIPAL RONALDO GAZOLLA AP 33,RIO DE JANEIRO,4,Equipamentos por Metodos Graficos,41,Eletrocardiografo,16,4,4,12
3304555717256,5717256,SMS HOSPITAL MUNICIPAL RONALDO GAZOLLA AP 33,RIO DE JANEIRO,4,Equipamentos por Metodos Graficos,42,Eletroencefalografo,1,1,1,0
3304555717256,5717256,SMS HOSPITAL MUNICIPAL RONALDO GAZOLLA AP 33,RIO DE JANEIRO,3,Equipamentos por Metodos Opticos,33,Endoscopio Digestivo,1,1,1,0
3304555717256,5717256,SMS HOSPITAL MUNICIPAL RONALDO GAZOLLA AP 33,RIO DE JANEIRO,3,Equipamentos por Metodos Opticos,31,Endoscopio das Vias Respiratorias,1,1,1,0
3304555717256,5717256,SMS HOSPITAL MUNICIPAL RONALDO GAZOLLA AP 33,RIO DE JANEIRO,3,Equipamentos por Metodos Opticos,32,Endoscopio das Vias Urinarias,1,1,1,0
3304552296306,2296306,SMS HOSPITAL MUNICIPAL SALGADO FILHO AP 32,RIO DE JANEIRO,1,DIAGNOSTICO POR IMAGEM,04,Raio X ate 100 mA,10,9,0,1
3304552296306,2296306,SMS HOSPITAL MUNICIPAL SALGADO FILHO AP 32,RIO DE JANEIRO,1,DIAGNOSTICO POR IMAGEM,05,Raio X de 100 a 500 mA,4,4,0,0
3304552296306,2296306,SMS HOSPITAL MUNICIPAL SALGADO FILHO AP 32,RIO DE JANEIRO,1,DIAGNOSTICO POR IMAGEM,11,Tomógrafo Computadorizado,2,2,0,0
3304552296306,2296306,SMS HOSPITAL MUNICIPAL SALGADO FILHO AP 32,RIO DE JANEIRO,1,DIAGNOSTICO POR IMAGEM,13,Ultrassom Doppler Colorido,12,12,0,0
3304552296306,2296306,SMS HOSPITAL MUNICIPAL SALGADO FILHO AP 32,RIO DE JANEIRO,1,DIAGNOSTICO POR IMAGEM,14,Ultrassom Ecografo,3,3,0,0
3304552296306,2296306,SMS HOSPITAL MUNICIPAL SALGADO FILHO AP 32,RIO DE JANEIRO,2,Equipamentos de Infra-Estrutura,21,Controle Ambiental/Ar-condicionado Central,4,0,0,4
3304552296306,2296306,SMS HOSPITAL MUNICIPAL SALGADO FILHO AP 32,RIO DE JANEIRO,2,Equipamentos de Infra-Estrutura,22,Grupo Gerador,6,6,0,0
3304552296306,2296306,SMS HOSPITAL MUNICIPAL SALGADO FILHO AP 32,RIO DE JANEIRO,7,Equipamentos de Odontologia,83,Caneta de Alta Rotacao,10,9,0,1
3304552296306,2296306,SMS HOSPITAL MUNICIPAL SALGADO FILHO AP 32,RIO DE JANEIRO,7,Equipamentos de Odontologia,80,Equipo Odontologico,5,5,0,0
3304552296306,2296306,SMS HOSPITAL MUNICIPAL SALGADO FILHO AP 32,RIO DE JANEIRO,7,Equipamentos de Odontologia,82,Fotopolimerizador,1,1,0,0
3304552296306,2296306,SMS HOSPITAL MUNICIPAL SALGADO FILHO AP 32,RIO DE JANEIRO,5,Equipamentos para Manutencao da Vida,52,Bomba de Infusao,286,256,0,30
3304552296306,2296306,SMS HOSPITAL MUNICIPAL SALGADO FILHO AP 32,RIO DE JANEIRO,5,Equipamentos para Manutencao da Vida,56,Desfibrilador,38,34,0,4
3304552296306,2296306,SMS HOSPITAL MUNICIPAL SALGADO FILHO AP 32,RIO DE JANEIRO,5,Equipamentos para Manutencao da Vida,59,Marcapasso Temporario,2,2,0,0
3304552296306,2296306,SMS HOSPITAL MUNICIPAL SALGADO FILHO AP 32,RIO DE JANEIRO,5,Equipamentos para Manutencao da Vida,60,Monitor de ECG,87,83,0,4
3304552296306,2296306,SMS HOSPITAL MUNICIPAL SALGADO FILHO AP 32,RIO DE JANEIRO,5,Equipamentos para Manutencao da Vida,61,Monitor de Pressao Invasivo,10,10,0,0
3304552296306,2296306,SMS HOSPITAL MUNICIPAL SALGADO FILHO AP 32,RIO DE JANEIRO,5,Equipamentos para Manutencao da Vida,62,Monitor de Pressao Nao-Invasivo,137,128,0,9
3304552296306,2296306,SMS HOSPITAL MUNICIPAL SALGADO FILHO AP 32,RIO DE JANEIRO,5,Equipamentos para Manutencao da Vida,63,Reanimador Pulmonar/AMBU,103,103,0,0
3304552296306,2296306,SMS HOSPITAL MUNICIPAL SALGADO FILHO AP 32,RIO DE JANEIRO,5,Equipamentos para Manutencao da Vida,64,Respirador/Ventilador,71,71,0,0
3304552296306,2296306,SMS HOSPITAL MUNICIPAL SALGADO FILHO AP 32,RIO DE JANEIRO,4,Equipamentos por Metodos Graficos,41,Eletrocardiografo,19,18,0,1
3304552296306,2296306,SMS HOSPITAL MUNICIPAL SALGADO FILHO AP 32,RIO DE JANEIRO,3,Equipamentos por Metodos Opticos,33,Endoscopio Digestivo,2,2,0,0
3304552296306,2296306,SMS HOSPITAL MUNICIPAL SALGADO FILHO AP 32,RIO DE JANEIRO,3,Equipamentos por Metodos Opticos,35,Laparoscopio/Vídeo,2,2,0,0
3304552280183,2280183,SMS HOSPITAL MUNICIPAL SOUZA AGUIAR AP 10,RIO DE JANEIRO,1,DIAGNOSTICO POR IMAGEM,04,Raio X ate 100 mA,8,5,0,3
3304552280183,2280183,SMS HOSPITAL MUNICIPAL SOUZA AGUIAR AP 10,RIO DE JANEIRO,1,DIAGNOSTICO POR IMAGEM,05,Raio X de 100 a 500 mA,4,2,0,2
3304552280183,2280183,SMS HOSPITAL MUNICIPAL SOUZA AGUIAR AP 10,RIO DE JANEIRO,1,DIAGNOSTICO POR IMAGEM,11,Tomógrafo Computadorizado,2,2,0,0
3304552280183,2280183,SMS HOSPITAL MUNICIPAL SOUZA AGUIAR AP 10,RIO DE JANEIRO,1,DIAGNOSTICO POR IMAGEM,13,Ultrassom Doppler Colorido,15,15,0,0
3304552280183,2280183,SMS HOSPITAL MUNICIPAL SOUZA AGUIAR AP 10,RIO DE JANEIRO,10,DIALISE,01,APARELHO DE HEMODIALISE - AMBULATORIAL,10,10,0,0
3304552280183,2280183,SMS HOSPITAL MUNICIPAL SOUZA AGUIAR AP 10,RIO DE JANEIRO,2,Equipamentos de Infra-Estrutura,21,Controle Ambiental/Ar-condicionado Central,56,56,0,0
3304552280183,2280183,SMS HOSPITAL MUNICIPAL SOUZA AGUIAR AP 10,RIO DE JANEIRO,2,Equipamentos de Infra-Estrutura,22,Grupo Gerador,4,4,0,0
3304552280183,2280183,SMS HOSPITAL MUNICIPAL SOUZA AGUIAR AP 10,RIO DE JANEIRO,2,Equipamentos de Infra-Estrutura,23,Usina de Oxigenio,1,1,0,0
3304552280183,2280183,SMS HOSPITAL MUNICIPAL SOUZA AGUIAR AP 10,RIO DE JANEIRO,5,Equipamentos para Manutencao da Vida,53,Berço Aquecido,1,0,0,1
3304552280183,2280183,SMS HOSPITAL MUNICIPAL SOUZA AGUIAR AP 10,RIO DE JANEIRO,5,Equipamentos para Manutencao da Vida,52,Bomba de Infusao,10,5,0,5
3304552280183,2280183,SMS HOSPITAL MUNICIPAL SOUZA AGUIAR AP 10,RIO DE JANEIRO,5,Equipamentos para Manutencao da Vida,51,Bomba/Balao Intra-Aortico,2,1,0,1
3304552280183,2280183,SMS HOSPITAL MUNICIPAL SOUZA AGUIAR AP 10,RIO DE JANEIRO,5,Equipamentos para Manutencao da Vida,56,Desfibrilador,26,26,0,0
3304552280183,2280183,SMS HOSPITAL MUNICIPAL SOUZA AGUIAR AP 10,RIO DE JANEIRO,5,Equipamentos para Manutencao da Vida,58,Incubadora,1,1,0,0
3304552280183,2280183,SMS HOSPITAL MUNICIPAL SOUZA AGUIAR AP 10,RIO DE JANEIRO,5,Equipamentos para Manutencao da Vida,59,Marcapasso Temporario,2,1,0,1
3304552280183,2280183,SMS HOSPITAL MUNICIPAL SOUZA AGUIAR AP 10,RIO DE JANEIRO,5,Equipamentos para Manutencao da Vida,60,Monitor de ECG,102,100,0,2
3304552280183,2280183,SMS HOSPITAL MUNICIPAL SOUZA AGUIAR AP 10,RIO DE JANEIRO,5,Equipamentos para Manutencao da Vida,61,Monitor de Pressao Invasivo,102,100,0,2
3304552280183,2280183,SMS HOSPITAL MUNICIPAL SOUZA AGUIAR AP 10,RIO DE JANEIRO,5,Equipamentos para Manutencao da Vida,62,Monitor de Pressao Nao-Invasivo,102,100,0,2
3304552280183,2280183,SMS HOSPITAL MUNICIPAL SOUZA AGUIAR AP 10,RIO DE JANEIRO,5,Equipamentos para Manutencao da Vida,63,Reanimador Pulmonar/AMBU,65,65,0,0
3304552280183,2280183,SMS HOSPITAL MUNICIPAL SOUZA AGUIAR AP 10,RIO DE JANEIRO,5,Equipamentos para Manutencao da Vida,64,Respirador/Ventilador,71,64,0,7
3304552280183,2280183,SMS HOSPITAL MUNICIPAL SOUZA AGUIAR AP 10,RIO DE JANEIRO,4,Equipamentos por Metodos Graficos,41,Eletrocardiografo,10,10,0,0
3304552280183,2280183,SMS HOSPITAL MUNICIPAL SOUZA AGUIAR AP 10,RIO DE JANEIRO,4,Equipamentos por Metodos Graficos,42,Eletroencefalografo,1,0,0,1
3304552280183,2280183,SMS HOSPITAL MUNICIPAL SOUZA AGUIAR AP 10,RIO DE JANEIRO,3,Equipamentos por Metodos Opticos,33,Endoscopio Digestivo,1,1,0,0
3304552280183,2280183,SMS HOSPITAL MUNICIPAL SOUZA AGUIAR AP 10,RIO DE JANEIRO,3,Equipamentos por Metodos Opticos,31,Endoscopio das Vias Respiratorias,1,1,0,0
3304552280183,2280183,SMS HOSPITAL MUNICIPAL SOUZA AGUIAR AP 10,RIO DE JANEIRO,3,Equipamentos por Metodos Opticos,32,Endoscopio das Vias Urinarias,2,2,0,0
3304552280183,2280183,SMS HOSPITAL MUNICIPAL SOUZA AGUIAR AP 10,RIO DE JANEIRO,3,Equipamentos por Metodos Opticos,35,Laparoscopio/Vídeo,1,1,0,0
3304552280183,2280183,SMS HOSPITAL MUNICIPAL SOUZA AGUIAR AP 10,RIO DE JANEIRO,3,Equipamentos por Metodos Opticos,36,Microscopio Cirurgico,2,2,0,0
3304557041624,7041624,SMS MATERNIDADE DA MULHER MARISKA RIBEIRO AP 51,RIO DE JANEIRO,1,DIAGNOSTICO POR IMAGEM,17,MAMOGRAFO DIGITAL,1,1,1,0
3304557041624,7041624,SMS MATERNIDADE DA MULHER MARISKA RIBEIRO AP 51,RIO DE JANEIRO,1,DIAGNOSTICO POR IMAGEM,05,Raio X de 100 a 500 mA,2,2,2,0
3304557041624,7041624,SMS MATERNIDADE DA MULHER MARISKA RIBEIRO AP 51,RIO DE JANEIRO,1,DIAGNOSTICO POR IMAGEM,15,Ultrassom Convencional,6,6,6,0
3304557041624,7041624,SMS MATERNIDADE DA MULHER MARISKA RIBEIRO AP 51,RIO DE JANEIRO,1,DIAGNOSTICO POR IMAGEM,13,Ultrassom Doppler Colorido,6,6,6,0
3304557041624,7041624,SMS MATERNIDADE DA MULHER MARISKA RIBEIRO AP 51,RIO DE JANEIRO,1,DIAGNOSTICO POR IMAGEM,14,Ultrassom Ecografo,1,1,1,0
3304557041624,7041624,SMS MATERNIDADE DA MULHER MARISKA RIBEIRO AP 51,RIO DE JANEIRO,8,EQUIPAMENTOS DE AUDIOLOGIA,87,EMISSOES OTOACUSTICAS EVOCADAS TRANSIENTES,2,2,2,0
3304557041624,7041624,SMS MATERNIDADE DA MULHER MARISKA RIBEIRO AP 51,RIO DE JANEIRO,2,Equipamentos de Infra-Estrutura,19,AR CONDICIONADO,152,152,152,0
3304557041624,7041624,SMS MATERNIDADE DA MULHER MARISKA RIBEIRO AP 51,RIO DE JANEIRO,2,Equipamentos de Infra-Estrutura,24,CAMARA PARA CONSERVACAO DE HEMODERIVADOS/IMUNO/TERMOLABEIS,1,1,1,0
3304557041624,7041624,SMS MATERNIDADE DA MULHER MARISKA RIBEIRO AP 51,RIO DE JANEIRO,2,Equipamentos de Infra-Estrutura,21,Controle Ambiental/Ar-condicionado Central,2,2,2,0
3304557041624,7041624,SMS MATERNIDADE DA MULHER MARISKA RIBEIRO AP 51,RIO DE JANEIRO,2,Equipamentos de Infra-Estrutura,22,Grupo Gerador,2,2,2,0
3304557041624,7041624,SMS MATERNIDADE DA MULHER MARISKA RIBEIRO AP 51,RIO DE JANEIRO,2,Equipamentos de Infra-Estrutura,66,REFRIGERADOR,11,11,11,0
3304557041624,7041624,SMS MATERNIDADE DA MULHER MARISKA RIBEIRO AP 51,RIO DE JANEIRO,5,Equipamentos para Manutencao da Vida,53,Berço Aquecido,13,13,13,0
3304557041624,7041624,SMS MATERNIDADE DA MULHER MARISKA RIBEIRO AP 51,RIO DE JANEIRO,5,Equipamentos para Manutencao da Vida,54,Bilirrubinometro,1,1,1,0
3304557041624,7041624,SMS MATERNIDADE DA MULHER MARISKA RIBEIRO AP 51,RIO DE JANEIRO,5,Equipamentos para Manutencao da Vida,52,Bomba de Infusao,88,88,1,0
3304557041624,7041624,SMS MATERNIDADE DA MULHER MARISKA RIBEIRO AP 51,RIO DE JANEIRO,5,Equipamentos para Manutencao da Vida,56,Desfibrilador,11,11,11,0
3304557041624,7041624,SMS MATERNIDADE DA MULHER MARISKA RIBEIRO AP 51,RIO DE JANEIRO,5,Equipamentos para Manutencao da Vida,57,Equipamento de Fototerapia,20,20,20,0
3304557041624,7041624,SMS MATERNIDADE DA MULHER MARISKA RIBEIRO AP 51,RIO DE JANEIRO,5,Equipamentos para Manutencao da Vida,58,Incubadora,31,31,31,0
3304557041624,7041624,SMS MATERNIDADE DA MULHER MARISKA RIBEIRO AP 51,RIO DE JANEIRO,5,Equipamentos para Manutencao da Vida,65,MONITOR MULTIPARAMETRO,88,88,88,0
3304557041624,7041624,SMS MATERNIDADE DA MULHER MARISKA RIBEIRO AP 51,RIO DE JANEIRO,5,Equipamentos para Manutencao da Vida,63,Reanimador Pulmonar/AMBU,25,25,25,0
3304557041624,7041624,SMS MATERNIDADE DA MULHER MARISKA RIBEIRO AP 51,RIO DE JANEIRO,5,Equipamentos para Manutencao da Vida,64,Respirador/Ventilador,25,25,25,0
3304557041624,7041624,SMS MATERNIDADE DA MULHER MARISKA RIBEIRO AP 51,RIO DE JANEIRO,4,Equipamentos por Metodos Graficos,41,Eletrocardiografo,11,11,11,0
3304557041624,7041624,SMS MATERNIDADE DA MULHER MARISKA RIBEIRO AP 51,RIO DE JANEIRO,3,Equipamentos por Metodos Opticos,32,Endoscopio das Vias Urinarias,1,1,1,0
3304557041624,7041624,SMS MATERNIDADE DA MULHER MARISKA RIBEIRO AP 51,RIO DE JANEIRO,3,Equipamentos por Metodos Opticos,51,HISTEROSCOPIO,2,2,2,0
3304557041624,7041624,SMS MATERNIDADE DA MULHER MARISKA RIBEIRO AP 51,RIO DE JANEIRO,3,Equipamentos por Metodos Opticos,35,Laparoscopio/Vídeo,2,2,2,0
3304605095824,5095824,HOSPITAL BASILEU ESTRELA,SANTA MARIA MADALENA,1,DIAGNOSTICO POR IMAGEM,04,Raio X ate 100 mA,1,1,1,0
3304605095824,5095824,HOSPITAL BASILEU ESTRELA,SANTA MARIA MADALENA,1,DIAGNOSTICO POR IMAGEM,15,Ultrassom Convencional,1,1,1,0
3304605095824,5095824,HOSPITAL BASILEU ESTRELA,SANTA MARIA MADALENA,2,Equipamentos de Infra-Estrutura,21,Controle Ambiental/Ar-condicionado Central,29,29,29,0
3304605095824,5095824,HOSPITAL BASILEU ESTRELA,SANTA MARIA MADALENA,2,Equipamentos de Infra-Estrutura,22,Grupo Gerador,2,2,2,0
3304605095824,5095824,HOSPITAL BASILEU ESTRELA,SANTA MARIA MADALENA,2,Equipamentos de Infra-Estrutura,23,Usina de Oxigenio,1,1,1,0
3304605095824,5095824,HOSPITAL BASILEU ESTRELA,SANTA MARIA MADALENA,5,Equipamentos para Manutencao da Vida,53,Berço Aquecido,2,2,2,0
3304605095824,5095824,HOSPITAL BASILEU ESTRELA,SANTA MARIA MADALENA,5,Equipamentos para Manutencao da Vida,52,Bomba de Infusao,1,1,1,0
3304605095824,5095824,HOSPITAL BASILEU ESTRELA,SANTA MARIA MADALENA,5,Equipamentos para Manutencao da Vida,56,Desfibrilador,4,4,4,0
3304605095824,5095824,HOSPITAL BASILEU ESTRELA,SANTA MARIA MADALENA,5,Equipamentos para Manutencao da Vida,57,Equipamento de Fototerapia,1,1,1,0
3304605095824,5095824,HOSPITAL BASILEU ESTRELA,SANTA MARIA MADALENA,5,Equipamentos para Manutencao da Vida,58,Incubadora,2,2,2,0
3304605095824,5095824,HOSPITAL BASILEU ESTRELA,SANTA MARIA MADALENA,5,Equipamentos para Manutencao da Vida,65,MONITOR MULTIPARAMETRO,5,5,5,0
3304605095824,5095824,HOSPITAL BASILEU ESTRELA,SANTA MARIA MADALENA,5,Equipamentos para Manutencao da Vida,63,Reanimador Pulmonar/AMBU,15,15,15,0
3304605095824,5095824,HOSPITAL BASILEU ESTRELA,SANTA MARIA MADALENA,5,Equipamentos para Manutencao da Vida,64,Respirador/Ventilador,2,2,2,0
3304605095824,5095824,HOSPITAL BASILEU ESTRELA,SANTA MARIA MADALENA,4,Equipamentos por Metodos Graficos,41,Eletrocardiografo,2,2,2,0
3304605095824,5095824,HOSPITAL BASILEU ESTRELA,SANTA MARIA MADALENA,3,Equipamentos por Metodos Opticos,32,Endoscopio das Vias Urinarias,1,0,0,1
3304605095824,5095824,HOSPITAL BASILEU ESTRELA,SANTA MARIA MADALENA,3,Equipamentos por Metodos Opticos,35,Laparoscopio/Vídeo,1,0,0,1
3304605095824,5095824,HOSPITAL BASILEU ESTRELA,SANTA MARIA MADALENA,3,Equipamentos por Metodos Opticos,36,Microscopio Cirurgico,1,0,0,1
3304752291320,2291320,HOSPITAL MUNICIPAL MANOEL CAROLA,SAO FRANCISCO DE ITABAPOANA,1,DIAGNOSTICO POR IMAGEM,17,MAMOGRAFO DIGITAL,1,1,1,0
3304752291320,2291320,HOSPITAL MUNICIPAL MANOEL CAROLA,SAO FRANCISCO DE ITABAPOANA,1,DIAGNOSTICO POR IMAGEM,16,PROCESSADORA DE FILME EXCLUSIVA PARA MAMOGRAFIA,1,1,1,0
3304752291320,2291320,HOSPITAL MUNICIPAL MANOEL CAROLA,SAO FRANCISCO DE ITABAPOANA,1,DIAGNOSTICO POR IMAGEM,20,RAIO X ANALOGICO,1,1,1,0
3304752291320,2291320,HOSPITAL MUNICIPAL MANOEL CAROLA,SAO FRANCISCO DE ITABAPOANA,1,DIAGNOSTICO POR IMAGEM,21,RAIO X DIGITAL,1,1,1,0
3304752291320,2291320,HOSPITAL MUNICIPAL MANOEL CAROLA,SAO FRANCISCO DE ITABAPOANA,1,DIAGNOSTICO POR IMAGEM,11,Tomógrafo Computadorizado,1,1,1,0
3304752291320,2291320,HOSPITAL MUNICIPAL MANOEL CAROLA,SAO FRANCISCO DE ITABAPOANA,1,DIAGNOSTICO POR IMAGEM,13,Ultrassom Doppler Colorido,1,1,1,0
3304752291320,2291320,HOSPITAL MUNICIPAL MANOEL CAROLA,SAO FRANCISCO DE ITABAPOANA,2,Equipamentos de Infra-Estrutura,22,Grupo Gerador,1,1,1,0
3304752291320,2291320,HOSPITAL MUNICIPAL MANOEL CAROLA,SAO FRANCISCO DE ITABAPOANA,5,Equipamentos para Manutencao da Vida,53,Berço Aquecido,1,1,1,0
3304752291320,2291320,HOSPITAL MUNICIPAL MANOEL CAROLA,SAO FRANCISCO DE ITABAPOANA,5,Equipamentos para Manutencao da Vida,52,Bomba de Infusao,4,2,2,2
3304752291320,2291320,HOSPITAL MUNICIPAL MANOEL CAROLA,SAO FRANCISCO DE ITABAPOANA,5,Equipamentos para Manutencao da Vida,56,Desfibrilador,4,3,3,1
3304752291320,2291320,HOSPITAL MUNICIPAL MANOEL CAROLA,SAO FRANCISCO DE ITABAPOANA,5,Equipamentos para Manutencao da Vida,57,Equipamento de Fototerapia,1,1,1,0
3304752291320,2291320,HOSPITAL MUNICIPAL MANOEL CAROLA,SAO FRANCISCO DE ITABAPOANA,5,Equipamentos para Manutencao da Vida,58,Incubadora,4,2,2,2
3304752291320,2291320,HOSPITAL MUNICIPAL MANOEL CAROLA,SAO FRANCISCO DE ITABAPOANA,5,Equipamentos para Manutencao da Vida,60,Monitor de ECG,9,9,9,0
3304752291320,2291320,HOSPITAL MUNICIPAL MANOEL CAROLA,SAO FRANCISCO DE ITABAPOANA,5,Equipamentos para Manutencao da Vida,62,Monitor de Pressao Nao-Invasivo,4,4,4,0
3304752291320,2291320,HOSPITAL MUNICIPAL MANOEL CAROLA,SAO FRANCISCO DE ITABAPOANA,5,Equipamentos para Manutencao da Vida,63,Reanimador Pulmonar/AMBU,13,5,5,8
3304752291320,2291320,HOSPITAL MUNICIPAL MANOEL CAROLA,SAO FRANCISCO DE ITABAPOANA,5,Equipamentos para Manutencao da Vida,64,Respirador/Ventilador,10,10,10,0
3304752291320,2291320,HOSPITAL MUNICIPAL MANOEL CAROLA,SAO FRANCISCO DE ITABAPOANA,4,Equipamentos por Metodos Graficos,41,Eletrocardiografo,2,2,2,0
3304752291320,2291320,HOSPITAL MUNICIPAL MANOEL CAROLA,SAO FRANCISCO DE ITABAPOANA,3,Equipamentos por Metodos Opticos,51,HISTEROSCOPIO,1,1,1,0
3304752291320,2291320,HOSPITAL MUNICIPAL MANOEL CAROLA,SAO FRANCISCO DE ITABAPOANA,3,Equipamentos por Metodos Opticos,35,Laparoscopio/Vídeo,1,1,1,0
3304900113891,0113891,HOSPITAL DO CANCER E DO CORACAO HCCOR,SAO GONCALO,1,DIAGNOSTICO POR IMAGEM,04,Raio X ate 100 mA,3,3,3,0
3304900113891,0113891,HOSPITAL DO CANCER E DO CORACAO HCCOR,SAO GONCALO,1,DIAGNOSTICO POR IMAGEM,05,Raio X de 100 a 500 mA,1,1,1,0
3304900113891,0113891,HOSPITAL DO CANCER E DO CORACAO HCCOR,SAO GONCALO,1,DIAGNOSTICO POR IMAGEM,10,Raio X para Hemodinamica,1,1,1,0
3304900113891,0113891,HOSPITAL DO CANCER E DO CORACAO HCCOR,SAO GONCALO,1,DIAGNOSTICO POR IMAGEM,11,Tomógrafo Computadorizado,1,1,1,0
3304900113891,0113891,HOSPITAL DO CANCER E DO CORACAO HCCOR,SAO GONCALO,1,DIAGNOSTICO POR IMAGEM,15,Ultrassom Convencional,1,1,1,0
3304900113891,0113891,HOSPITAL DO CANCER E DO CORACAO HCCOR,SAO GONCALO,1,DIAGNOSTICO POR IMAGEM,13,Ultrassom Doppler Colorido,1,1,1,0
3304900113891,0113891,HOSPITAL DO CANCER E DO CORACAO HCCOR,SAO GONCALO,1,DIAGNOSTICO POR IMAGEM,14,Ultrassom Ecografo,1,1,1,0
3304900113891,0113891,HOSPITAL DO CANCER E DO CORACAO HCCOR,SAO GONCALO,2,Equipamentos de Infra-Estrutura,22,Grupo Gerador,1,1,1,0
3304900113891,0113891,HOSPITAL DO CANCER E DO CORACAO HCCOR,SAO GONCALO,2,Equipamentos de Infra-Estrutura,23,Usina de Oxigenio,1,1,1,0
3304900113891,0113891,HOSPITAL DO CANCER E DO CORACAO HCCOR,SAO GONCALO,5,Equipamentos para Manutencao da Vida,52,Bomba de Infusao,60,54,54,6
3304900113891,0113891,HOSPITAL DO CANCER E DO CORACAO HCCOR,SAO GONCALO,5,Equipamentos para Manutencao da Vida,51,Bomba/Balao Intra-Aortico,1,1,1,0
3304900113891,0113891,HOSPITAL DO CANCER E DO CORACAO HCCOR,SAO GONCALO,5,Equipamentos para Manutencao da Vida,56,Desfibrilador,7,7,7,0
3304900113891,0113891,HOSPITAL DO CANCER E DO CORACAO HCCOR,SAO GONCALO,5,Equipamentos para Manutencao da Vida,59,Marcapasso Temporario,2,2,2,0
3304900113891,0113891,HOSPITAL DO CANCER E DO CORACAO HCCOR,SAO GONCALO,5,Equipamentos para Manutencao da Vida,60,Monitor de ECG,36,30,30,6
3304900113891,0113891,HOSPITAL DO CANCER E DO CORACAO HCCOR,SAO GONCALO,5,Equipamentos para Manutencao da Vida,61,Monitor de Pressao Invasivo,36,30,30,6
3304900113891,0113891,HOSPITAL DO CANCER E DO CORACAO HCCOR,SAO GONCALO,5,Equipamentos para Manutencao da Vida,62,Monitor de Pressao Nao-Invasivo,36,30,30,6
3304900113891,0113891,HOSPITAL DO CANCER E DO CORACAO HCCOR,SAO GONCALO,5,Equipamentos para Manutencao da Vida,63,Reanimador Pulmonar/AMBU,37,35,35,2
3304900113891,0113891,HOSPITAL DO CANCER E DO CORACAO HCCOR,SAO GONCALO,5,Equipamentos para Manutencao da Vida,64,Respirador/Ventilador,18,18,18,0
3304900113891,0113891,HOSPITAL DO CANCER E DO CORACAO HCCOR,SAO GONCALO,4,Equipamentos por Metodos Graficos,41,Eletrocardiografo,4,4,4,0
3304900113891,0113891,HOSPITAL DO CANCER E DO CORACAO HCCOR,SAO GONCALO,3,Equipamentos por Metodos Opticos,35,Laparoscopio/Vídeo,1,1,1,0
3304900113891,0113891,HOSPITAL DO CANCER E DO CORACAO HCCOR,SAO GONCALO,6,Outros Equipamentos,73,Bomba de Infusao de Hemoderivados,1,1,1,0
3304900113891,0113891,HOSPITAL DO CANCER E DO CORACAO HCCOR,SAO GONCALO,6,Outros Equipamentos,76,Equipamento de Circulacao Extracorporea,1,1,1,0
3304902292084,2292084,HOSPITAL DR LUIZ PALMIER,SAO GONCALO,1,DIAGNOSTICO POR IMAGEM,04,Raio X ate 100 mA,1,1,0,0
3304902292084,2292084,HOSPITAL DR LUIZ PALMIER,SAO GONCALO,1,DIAGNOSTICO POR IMAGEM,05,Raio X de 100 a 500 mA,2,2,0,0
3304902292084,2292084,HOSPITAL DR LUIZ PALMIER,SAO GONCALO,1,DIAGNOSTICO POR IMAGEM,11,Tomógrafo Computadorizado,1,1,0,0
3304902292084,2292084,HOSPITAL DR LUIZ PALMIER,SAO GONCALO,1,DIAGNOSTICO POR IMAGEM,13,Ultrassom Doppler Colorido,1,1,0,0
3304902292084,2292084,HOSPITAL DR LUIZ PALMIER,SAO GONCALO,1,DIAGNOSTICO POR IMAGEM,14,Ultrassom Ecografo,1,1,0,0
3304902292084,2292084,HOSPITAL DR LUIZ PALMIER,SAO GONCALO,10,DIALISE,02,APARELHO DE HEMODIALISE - HOSPITALAR,4,4,4,0
3304902292084,2292084,HOSPITAL DR LUIZ PALMIER,SAO GONCALO,9,EQUIPAMENTOS DE TELESSAUDE,01,CAMERA PARA RECONHECIMENTO FACIAL,1,1,0,0
3304902292084,2292084,HOSPITAL DR LUIZ PALMIER,SAO GONCALO,2,Equipamentos de Infra-Estrutura,22,Grupo Gerador,1,1,0,0
3304902292084,2292084,HOSPITAL DR LUIZ PALMIER,SAO GONCALO,2,Equipamentos de Infra-Estrutura,23,Usina de Oxigenio,1,1,0,0
3304902292084,2292084,HOSPITAL DR LUIZ PALMIER,SAO GONCALO,7,Equipamentos de Odontologia,85,Amalgamador,1,1,0,0
3304902292084,2292084,HOSPITAL DR LUIZ PALMIER,SAO GONCALO,7,Equipamentos de Odontologia,80,Equipo Odontologico,1,1,0,0
3304902292084,2292084,HOSPITAL DR LUIZ PALMIER,SAO GONCALO,5,Equipamentos para Manutencao da Vida,52,Bomba de Infusao,58,58,0,0
3304902292084,2292084,HOSPITAL DR LUIZ PALMIER,SAO GONCALO,5,Equipamentos para Manutencao da Vida,56,Desfibrilador,9,9,0,0
3304902292084,2292084,HOSPITAL DR LUIZ PALMIER,SAO GONCALO,5,Equipamentos para Manutencao da Vida,60,Monitor de ECG,16,16,0,0
3304902292084,2292084,HOSPITAL DR LUIZ PALMIER,SAO GONCALO,5,Equipamentos para Manutencao da Vida,61,Monitor de Pressao Invasivo,35,35,0,0
3304902292084,2292084,HOSPITAL DR LUIZ PALMIER,SAO GONCALO,5,Equipamentos para Manutencao da Vida,62,Monitor de Pressao Nao-Invasivo,6,6,0,0
3304902292084,2292084,HOSPITAL DR LUIZ PALMIER,SAO GONCALO,5,Equipamentos para Manutencao da Vida,63,Reanimador Pulmonar/AMBU,26,26,0,0
3304902292084,2292084,HOSPITAL DR LUIZ PALMIER,SAO GONCALO,5,Equipamentos para Manutencao da Vida,64,Respirador/Ventilador,25,19,0,6
3304902292084,2292084,HOSPITAL DR LUIZ PALMIER,SAO GONCALO,4,Equipamentos por Metodos Graficos,41,Eletrocardiografo,12,3,0,9
3304902292084,2292084,HOSPITAL DR LUIZ PALMIER,SAO GONCALO,3,Equipamentos por Metodos Opticos,33,Endoscopio Digestivo,1,1,0,0
3304902292084,2292084,HOSPITAL DR LUIZ PALMIER,SAO GONCALO,3,Equipamentos por Metodos Opticos,31,Endoscopio das Vias Respiratorias,1,1,0,0
3304902292084,2292084,HOSPITAL DR LUIZ PALMIER,SAO GONCALO,3,Equipamentos por Metodos Opticos,32,Endoscopio das Vias Urinarias,1,1,0,0
3304902292084,2292084,HOSPITAL DR LUIZ PALMIER,SAO GONCALO,3,Equipamentos por Metodos Opticos,51,HISTEROSCOPIO,1,1,0,0
3304902292084,2292084,HOSPITAL DR LUIZ PALMIER,SAO GONCALO,3,Equipamentos por Metodos Opticos,35,Laparoscopio/Vídeo,3,3,0,0
3304902292084,2292084,HOSPITAL DR LUIZ PALMIER,SAO GONCALO,6,Outros Equipamentos,72,Aparelho de Eletroestimulacao,2,2,0,0
3304902704595,2704595,HOSPITAL INFANTIL DARCY SARMANHO VARGAS,SAO GONCALO,1,DIAGNOSTICO POR IMAGEM,05,Raio X de 100 a 500 mA,2,2,0,0
3304902704595,2704595,HOSPITAL INFANTIL DARCY SARMANHO VARGAS,SAO GONCALO,9,EQUIPAMENTOS DE TELESSAUDE,01,CAMERA PARA RECONHECIMENTO FACIAL,1,0,0,1
3304902704595,2704595,HOSPITAL INFANTIL DARCY SARMANHO VARGAS,SAO GONCALO,2,Equipamentos de Infra-Estrutura,21,Controle Ambiental/Ar-condicionado Central,49,49,0,0
3304902704595,2704595,HOSPITAL INFANTIL DARCY SARMANHO VARGAS,SAO GONCALO,2,Equipamentos de Infra-Estrutura,22,Grupo Gerador,2,1,0,1
3304902704595,2704595,HOSPITAL INFANTIL DARCY SARMANHO VARGAS,SAO GONCALO,2,Equipamentos de Infra-Estrutura,23,Usina de Oxigenio,1,1,0,0
3304902704595,2704595,HOSPITAL INFANTIL DARCY SARMANHO VARGAS,SAO GONCALO,5,Equipamentos para Manutencao da Vida,52,Bomba de Infusao,71,71,0,0
3304902704595,2704595,HOSPITAL INFANTIL DARCY SARMANHO VARGAS,SAO GONCALO,5,Equipamentos para Manutencao da Vida,56,Desfibrilador,2,2,0,0
3304902704595,2704595,HOSPITAL INFANTIL DARCY SARMANHO VARGAS,SAO GONCALO,5,Equipamentos para Manutencao da Vida,60,Monitor de ECG,26,26,0,0
3304902704595,2704595,HOSPITAL INFANTIL DARCY SARMANHO VARGAS,SAO GONCALO,5,Equipamentos para Manutencao da Vida,62,Monitor de Pressao Nao-Invasivo,26,26,0,0
3304902704595,2704595,HOSPITAL INFANTIL DARCY SARMANHO VARGAS,SAO GONCALO,5,Equipamentos para Manutencao da Vida,63,Reanimador Pulmonar/AMBU,26,26,0,0
3304902704595,2704595,HOSPITAL INFANTIL DARCY SARMANHO VARGAS,SAO GONCALO,5,Equipamentos para Manutencao da Vida,64,Respirador/Ventilador,10,10,0,0
3304902704595,2704595,HOSPITAL INFANTIL DARCY SARMANHO VARGAS,SAO GONCALO,4,Equipamentos por Metodos Graficos,41,Eletrocardiografo,3,3,0,0
3304900113115,0113115,HOSPITAL MUNICIPAL RETAGUARDA GONCALENSE,SAO GONCALO,1,DIAGNOSTICO POR IMAGEM,01,Gama Camara,1,1,0,0
3304900113115,0113115,HOSPITAL MUNICIPAL RETAGUARDA GONCALENSE,SAO GONCALO,1,DIAGNOSTICO POR IMAGEM,05,Raio X de 100 a 500 mA,2,2,0,0
3304900113115,0113115,HOSPITAL MUNICIPAL RETAGUARDA GONCALENSE,SAO GONCALO,1,DIAGNOSTICO POR IMAGEM,15,Ultrassom Convencional,1,1,0,0
3304900113115,0113115,HOSPITAL MUNICIPAL RETAGUARDA GONCALENSE,SAO GONCALO,10,DIALISE,02,APARELHO DE HEMODIALISE - HOSPITALAR,1,1,1,0
3304900113115,0113115,HOSPITAL MUNICIPAL RETAGUARDA GONCALENSE,SAO GONCALO,9,EQUIPAMENTOS DE TELESSAUDE,01,CAMERA PARA RECONHECIMENTO FACIAL,1,0,0,1
3304900113115,0113115,HOSPITAL MUNICIPAL RETAGUARDA GONCALENSE,SAO GONCALO,2,Equipamentos de Infra-Estrutura,22,Grupo Gerador,2,2,0,0
3304900113115,0113115,HOSPITAL MUNICIPAL RETAGUARDA GONCALENSE,SAO GONCALO,2,Equipamentos de Infra-Estrutura,23,Usina de Oxigenio,1,1,0,0
3304900113115,0113115,HOSPITAL MUNICIPAL RETAGUARDA GONCALENSE,SAO GONCALO,5,Equipamentos para Manutencao da Vida,52,Bomba de Infusao,89,89,0,0
3304900113115,0113115,HOSPITAL MUNICIPAL RETAGUARDA GONCALENSE,SAO GONCALO,5,Equipamentos para Manutencao da Vida,56,Desfibrilador,5,4,0,1
3304900113115,0113115,HOSPITAL MUNICIPAL RETAGUARDA GONCALENSE,SAO GONCALO,5,Equipamentos para Manutencao da Vida,60,Monitor de ECG,41,41,0,0
3304900113115,0113115,HOSPITAL MUNICIPAL RETAGUARDA GONCALENSE,SAO GONCALO,5,Equipamentos para Manutencao da Vida,61,Monitor de Pressao Invasivo,23,23,0,0
3304900113115,0113115,HOSPITAL MUNICIPAL RETAGUARDA GONCALENSE,SAO GONCALO,5,Equipamentos para Manutencao da Vida,62,Monitor de Pressao Nao-Invasivo,12,12,0,0
3304900113115,0113115,HOSPITAL MUNICIPAL RETAGUARDA GONCALENSE,SAO GONCALO,5,Equipamentos para Manutencao da Vida,63,Reanimador Pulmonar/AMBU,38,38,0,0
3304900113115,0113115,HOSPITAL MUNICIPAL RETAGUARDA GONCALENSE,SAO GONCALO,5,Equipamentos para Manutencao da Vida,64,Respirador/Ventilador,46,46,0,0
3304900113115,0113115,HOSPITAL MUNICIPAL RETAGUARDA GONCALENSE,SAO GONCALO,4,Equipamentos por Metodos Graficos,41,Eletrocardiografo,2,2,0,0
3304902297590,2297590,MATERNIDADE MUNICIPAL DR MARIO NIAJAR,SAO GONCALO,1,DIAGNOSTICO POR IMAGEM,06,Raio X mais de 500mA,1,1,0,0
3304902297590,2297590,MATERNIDADE MUNICIPAL DR MARIO NIAJAR,SAO GONCALO,1,DIAGNOSTICO POR IMAGEM,15,Ultrassom Convencional,1,1,0,0
3304902297590,2297590,MATERNIDADE MUNICIPAL DR MARIO NIAJAR,SAO GONCALO,9,EQUIPAMENTOS DE TELESSAUDE,01,CAMERA PARA RECONHECIMENTO FACIAL,1,1,0,0
3304902297590,2297590,MATERNIDADE MUNICIPAL DR MARIO NIAJAR,SAO GONCALO,2,Equipamentos de Infra-Estrutura,22,Grupo Gerador,2,1,0,1
3304902297590,2297590,MATERNIDADE MUNICIPAL DR MARIO NIAJAR,SAO GONCALO,2,Equipamentos de Infra-Estrutura,23,Usina de Oxigenio,1,1,0,0
3304902297590,2297590,MATERNIDADE MUNICIPAL DR MARIO NIAJAR,SAO GONCALO,5,Equipamentos para Manutencao da Vida,53,Berço Aquecido,4,2,0,2
3304902297590,2297590,MATERNIDADE MUNICIPAL DR MARIO NIAJAR,SAO GONCALO,5,Equipamentos para Manutencao da Vida,52,Bomba de Infusao,16,16,0,0
3304902297590,2297590,MATERNIDADE MUNICIPAL DR MARIO NIAJAR,SAO GONCALO,5,Equipamentos para Manutencao da Vida,56,Desfibrilador,5,5,0,0
3304902297590,2297590,MATERNIDADE MUNICIPAL DR MARIO NIAJAR,SAO GONCALO,5,Equipamentos para Manutencao da Vida,57,Equipamento de Fototerapia,6,5,0,1
3304902297590,2297590,MATERNIDADE MUNICIPAL DR MARIO NIAJAR,SAO GONCALO,5,Equipamentos para Manutencao da Vida,58,Incubadora,5,5,0,0
3304902297590,2297590,MATERNIDADE MUNICIPAL DR MARIO NIAJAR,SAO GONCALO,5,Equipamentos para Manutencao da Vida,60,Monitor de ECG,25,22,0,3
3304902297590,2297590,MATERNIDADE MUNICIPAL DR MARIO NIAJAR,SAO GONCALO,5,Equipamentos para Manutencao da Vida,62,Monitor de Pressao Nao-Invasivo,9,1,0,8
3304902297590,2297590,MATERNIDADE MUNICIPAL DR MARIO NIAJAR,SAO GONCALO,5,Equipamentos para Manutencao da Vida,63,Reanimador Pulmonar/AMBU,10,10,0,0
3304902297590,2297590,MATERNIDADE MUNICIPAL DR MARIO NIAJAR,SAO GONCALO,5,Equipamentos para Manutencao da Vida,64,Respirador/Ventilador,7,6,0,1
3304902297590,2297590,MATERNIDADE MUNICIPAL DR MARIO NIAJAR,SAO GONCALO,4,Equipamentos por Metodos Graficos,41,Eletrocardiografo,2,1,0,1
3305102298708,2298708,HOSPITAL MUNICIPAL DE SAO JOAO DE MERITI ABDON GONCALVES,SAO JOAO DE MERITI,2,Equipamentos de Infra-Estrutura,21,Controle Ambiental/Ar-condicionado Central,2,2,0,0
3305102298708,2298708,HOSPITAL MUNICIPAL DE SAO JOAO DE MERITI ABDON GONCALVES,SAO JOAO DE MERITI,2,Equipamentos de Infra-Estrutura,23,Usina de Oxigenio,1,1,0,0
3305102298708,2298708,HOSPITAL MUNICIPAL DE SAO JOAO DE MERITI ABDON GONCALVES,SAO JOAO DE MERITI,7,Equipamentos de Odontologia,83,Caneta de Alta Rotacao,1,1,0,0
3305102298708,2298708,HOSPITAL MUNICIPAL DE SAO JOAO DE MERITI ABDON GONCALVES,SAO JOAO DE MERITI,7,Equipamentos de Odontologia,84,Caneta de Baixa Rotacao,1,1,0,0
3305102298708,2298708,HOSPITAL MUNICIPAL DE SAO JOAO DE MERITI ABDON GONCALVES,SAO JOAO DE MERITI,7,Equipamentos de Odontologia,81,Compressor Odontologico,1,1,0,0
3305102298708,2298708,HOSPITAL MUNICIPAL DE SAO JOAO DE MERITI ABDON GONCALVES,SAO JOAO DE MERITI,7,Equipamentos de Odontologia,80,Equipo Odontologico,1,1,0,0
3305102298708,2298708,HOSPITAL MUNICIPAL DE SAO JOAO DE MERITI ABDON GONCALVES,SAO JOAO DE MERITI,7,Equipamentos de Odontologia,82,Fotopolimerizador,1,1,0,0
3305102298708,2298708,HOSPITAL MUNICIPAL DE SAO JOAO DE MERITI ABDON GONCALVES,SAO JOAO DE MERITI,5,Equipamentos para Manutencao da Vida,52,Bomba de Infusao,113,100,0,13
3305102298708,2298708,HOSPITAL MUNICIPAL DE SAO JOAO DE MERITI ABDON GONCALVES,SAO JOAO DE MERITI,5,Equipamentos para Manutencao da Vida,56,Desfibrilador,17,6,0,11
3305102298708,2298708,HOSPITAL MUNICIPAL DE SAO JOAO DE MERITI ABDON GONCALVES,SAO JOAO DE MERITI,5,Equipamentos para Manutencao da Vida,60,Monitor de ECG,50,24,0,26
3305102298708,2298708,HOSPITAL MUNICIPAL DE SAO JOAO DE MERITI ABDON GONCALVES,SAO JOAO DE MERITI,5,Equipamentos para Manutencao da Vida,61,Monitor de Pressao Invasivo,4,0,0,4
3305102298708,2298708,HOSPITAL MUNICIPAL DE SAO JOAO DE MERITI ABDON GONCALVES,SAO JOAO DE MERITI,5,Equipamentos para Manutencao da Vida,63,Reanimador Pulmonar/AMBU,68,35,0,33
3305102298708,2298708,HOSPITAL MUNICIPAL DE SAO JOAO DE MERITI ABDON GONCALVES,SAO JOAO DE MERITI,5,Equipamentos para Manutencao da Vida,64,Respirador/Ventilador,59,26,0,33
3305102298708,2298708,HOSPITAL MUNICIPAL DE SAO JOAO DE MERITI ABDON GONCALVES,SAO JOAO DE MERITI,4,Equipamentos por Metodos Graficos,41,Eletrocardiografo,12,6,0,6
3305102298708,2298708,HOSPITAL MUNICIPAL DE SAO JOAO DE MERITI ABDON GONCALVES,SAO JOAO DE MERITI,3,Equipamentos por Metodos Opticos,33,Endoscopio Digestivo,1,1,0,0
3305102298708,2298708,HOSPITAL MUNICIPAL DE SAO JOAO DE MERITI ABDON GONCALVES,SAO JOAO DE MERITI,3,Equipamentos por Metodos Opticos,35,Laparoscopio/Vídeo,3,3,3,0
3305102298708,2298708,HOSPITAL MUNICIPAL DE SAO JOAO DE MERITI ABDON GONCALVES,SAO JOAO DE MERITI,3,Equipamentos por Metodos Opticos,46,OFTALMOSCOPIO,1,1,0,0
3305202280582,2280582,HOSPITAL MUNICIPAL DR JOSE SEVE NETO,SAO PEDRO DA ALDEIA,1,DIAGNOSTICO POR IMAGEM,05,Raio X de 100 a 500 mA,1,1,0,0
3305202280582,2280582,HOSPITAL MUNICIPAL DR JOSE SEVE NETO,SAO PEDRO DA ALDEIA,5,Equipamentos para Manutencao da Vida,52,Bomba de Infusao,10,10,0,0
3305202280582,2280582,HOSPITAL MUNICIPAL DR JOSE SEVE NETO,SAO PEDRO DA ALDEIA,5,Equipamentos para Manutencao da Vida,56,Desfibrilador,1,1,0,0
3305202280582,2280582,HOSPITAL MUNICIPAL DR JOSE SEVE NETO,SAO PEDRO DA ALDEIA,5,Equipamentos para Manutencao da Vida,60,Monitor de ECG,1,1,0,0
3305202280582,2280582,HOSPITAL MUNICIPAL DR JOSE SEVE NETO,SAO PEDRO DA ALDEIA,5,Equipamentos para Manutencao da Vida,63,Reanimador Pulmonar/AMBU,2,2,0,0
3305202280582,2280582,HOSPITAL MUNICIPAL DR JOSE SEVE NETO,SAO PEDRO DA ALDEIA,5,Equipamentos para Manutencao da Vida,64,Respirador/Ventilador,10,10,0,0
3305202280582,2280582,HOSPITAL MUNICIPAL DR JOSE SEVE NETO,SAO PEDRO DA ALDEIA,4,Equipamentos por Metodos Graficos,41,Eletrocardiografo,1,1,0,0
3305402274310,2274310,HOSPITAL MUNICIPAL DE SAPUCAIA,SAPUCAIA,1,DIAGNOSTICO POR IMAGEM,05,Raio X de 100 a 500 mA,2,2,0,0
3305402274310,2274310,HOSPITAL MUNICIPAL DE SAPUCAIA,SAPUCAIA,2,Equipamentos de Infra-Estrutura,22,Grupo Gerador,1,1,0,0
3305402274310,2274310,HOSPITAL MUNICIPAL DE SAPUCAIA,SAPUCAIA,2,Equipamentos de Infra-Estrutura,23,Usina de Oxigenio,1,1,0,0
3305402274310,2274310,HOSPITAL MUNICIPAL DE SAPUCAIA,SAPUCAIA,5,Equipamentos para Manutencao da Vida,52,Bomba de Infusao,4,4,0,0
3305402274310,2274310,HOSPITAL MUNICIPAL DE SAPUCAIA,SAPUCAIA,5,Equipamentos para Manutencao da Vida,56,Desfibrilador,1,1,0,0
3305402274310,2274310,HOSPITAL MUNICIPAL DE SAPUCAIA,SAPUCAIA,5,Equipamentos para Manutencao da Vida,60,Monitor de ECG,16,16,0,0
3305402274310,2274310,HOSPITAL MUNICIPAL DE SAPUCAIA,SAPUCAIA,5,Equipamentos para Manutencao da Vida,61,Monitor de Pressao Invasivo,4,4,0,0
3305402274310,2274310,HOSPITAL MUNICIPAL DE SAPUCAIA,SAPUCAIA,5,Equipamentos para Manutencao da Vida,62,Monitor de Pressao Nao-Invasivo,6,6,0,0
3305402274310,2274310,HOSPITAL MUNICIPAL DE SAPUCAIA,SAPUCAIA,5,Equipamentos para Manutencao da Vida,63,Reanimador Pulmonar/AMBU,3,3,0,0
3305402274310,2274310,HOSPITAL MUNICIPAL DE SAPUCAIA,SAPUCAIA,5,Equipamentos para Manutencao da Vida,64,Respirador/Ventilador,4,4,0,0
3305402274310,2274310,HOSPITAL MUNICIPAL DE SAPUCAIA,SAPUCAIA,4,Equipamentos por Metodos Graficos,41,Eletrocardiografo,2,2,0,0
3305402274310,2274310,HOSPITAL MUNICIPAL DE SAPUCAIA,SAPUCAIA,3,Equipamentos por Metodos Opticos,37,CADEIRA OFTALMOLOGICA,1,1,0,0
3305402274310,2274310,HOSPITAL MUNICIPAL DE SAPUCAIA,SAPUCAIA,3,Equipamentos por Metodos Opticos,47,CERATOMETRO,1,1,0,0
3305402274310,2274310,HOSPITAL MUNICIPAL DE SAPUCAIA,SAPUCAIA,3,Equipamentos por Metodos Opticos,31,Endoscopio das Vias Respiratorias,1,1,0,0
3305402274310,2274310,HOSPITAL MUNICIPAL DE SAPUCAIA,SAPUCAIA,3,Equipamentos por Metodos Opticos,46,OFTALMOSCOPIO,1,1,0,0
3305402274310,2274310,HOSPITAL MUNICIPAL DE SAPUCAIA,SAPUCAIA,3,Equipamentos por Metodos Opticos,39,REFRATOR,1,1,0,0
3305402274310,2274310,HOSPITAL MUNICIPAL DE SAPUCAIA,SAPUCAIA,3,Equipamentos por Metodos Opticos,45,RETINOSCOPIO,1,1,0,0
3305402274310,2274310,HOSPITAL MUNICIPAL DE SAPUCAIA,SAPUCAIA,6,Outros Equipamentos,70,VEICULO UTILITARIO (TIPO FURGAO),1,1,0,0
3305504089189,4089189,HOSPITAL MUNICIPAL NOSSA SENHORA DE NAZARETH,SAQUAREMA,1,DIAGNOSTICO POR IMAGEM,05,Raio X de 100 a 500 mA,5,5,0,0
3305504089189,4089189,HOSPITAL MUNICIPAL NOSSA SENHORA DE NAZARETH,SAQUAREMA,1,DIAGNOSTICO POR IMAGEM,15,Ultrassom Convencional,1,1,0,0
3305504089189,4089189,HOSPITAL MUNICIPAL NOSSA SENHORA DE NAZARETH,SAQUAREMA,10,DIALISE,02,APARELHO DE HEMODIALISE - HOSPITALAR,2,2,0,0
3305504089189,4089189,HOSPITAL MUNICIPAL NOSSA SENHORA DE NAZARETH,SAQUAREMA,7,Equipamentos de Odontologia,83,Caneta de Alta Rotacao,1,1,0,0
3305504089189,4089189,HOSPITAL MUNICIPAL NOSSA SENHORA DE NAZARETH,SAQUAREMA,7,Equipamentos de Odontologia,80,Equipo Odontologico,1,1,0,0
3305504089189,4089189,HOSPITAL MUNICIPAL NOSSA SENHORA DE NAZARETH,SAQUAREMA,5,Equipamentos para Manutencao da Vida,52,Bomba de Infusao,156,156,0,0
3305504089189,4089189,HOSPITAL MUNICIPAL NOSSA SENHORA DE NAZARETH,SAQUAREMA,5,Equipamentos para Manutencao da Vida,56,Desfibrilador,7,7,0,0
3305504089189,4089189,HOSPITAL MUNICIPAL NOSSA SENHORA DE NAZARETH,SAQUAREMA,5,Equipamentos para Manutencao da Vida,60,Monitor de ECG,39,39,0,0
3305504089189,4089189,HOSPITAL MUNICIPAL NOSSA SENHORA DE NAZARETH,SAQUAREMA,5,Equipamentos para Manutencao da Vida,61,Monitor de Pressao Invasivo,42,42,0,0
3305504089189,4089189,HOSPITAL MUNICIPAL NOSSA SENHORA DE NAZARETH,SAQUAREMA,5,Equipamentos para Manutencao da Vida,62,Monitor de Pressao Nao-Invasivo,39,39,0,0
3305504089189,4089189,HOSPITAL MUNICIPAL NOSSA SENHORA DE NAZARETH,SAQUAREMA,5,Equipamentos para Manutencao da Vida,64,Respirador/Ventilador,40,40,0,0
3305504089189,4089189,HOSPITAL MUNICIPAL NOSSA SENHORA DE NAZARETH,SAQUAREMA,4,Equipamentos por Metodos Graficos,41,Eletrocardiografo,8,8,0,0
3305504089189,4089189,HOSPITAL MUNICIPAL NOSSA SENHORA DE NAZARETH,SAQUAREMA,4,Equipamentos por Metodos Graficos,42,Eletroencefalografo,1,1,0,0
3305504089189,4089189,HOSPITAL MUNICIPAL NOSSA SENHORA DE NAZARETH,SAQUAREMA,3,Equipamentos por Metodos Opticos,31,Endoscopio das Vias Respiratorias,1,1,0,0
3305504089189,4089189,HOSPITAL MUNICIPAL NOSSA SENHORA DE NAZARETH,SAQUAREMA,3,Equipamentos por Metodos Opticos,32,Endoscopio das Vias Urinarias,1,1,0,0
3305504089189,4089189,HOSPITAL MUNICIPAL NOSSA SENHORA DE NAZARETH,SAQUAREMA,3,Equipamentos por Metodos Opticos,35,Laparoscopio/Vídeo,1,1,0,0
3305502274299,2274299,HOSPITAL MUNICIPAL PORPHIRIO NUNES DE AZEREDO,SAQUAREMA,1,DIAGNOSTICO POR IMAGEM,05,Raio X de 100 a 500 mA,1,1,0,0
3305502274299,2274299,HOSPITAL MUNICIPAL PORPHIRIO NUNES DE AZEREDO,SAQUAREMA,1,DIAGNOSTICO POR IMAGEM,11,Tomógrafo Computadorizado,1,1,0,0
3305502274299,2274299,HOSPITAL MUNICIPAL PORPHIRIO NUNES DE AZEREDO,SAQUAREMA,10,DIALISE,02,APARELHO DE HEMODIALISE - HOSPITALAR,3,3,0,0
3305502274299,2274299,HOSPITAL MUNICIPAL PORPHIRIO NUNES DE AZEREDO,SAQUAREMA,2,Equipamentos de Infra-Estrutura,22,Grupo Gerador,1,1,0,0
3305502274299,2274299,HOSPITAL MUNICIPAL PORPHIRIO NUNES DE AZEREDO,SAQUAREMA,5,Equipamentos para Manutencao da Vida,52,Bomba de Infusao,46,46,0,0
3305502274299,2274299,HOSPITAL MUNICIPAL PORPHIRIO NUNES DE AZEREDO,SAQUAREMA,5,Equipamentos para Manutencao da Vida,56,Desfibrilador,4,4,0,0
3305502274299,2274299,HOSPITAL MUNICIPAL PORPHIRIO NUNES DE AZEREDO,SAQUAREMA,5,Equipamentos para Manutencao da Vida,62,Monitor de Pressao Nao-Invasivo,20,20,0,0
3305502274299,2274299,HOSPITAL MUNICIPAL PORPHIRIO NUNES DE AZEREDO,SAQUAREMA,5,Equipamentos para Manutencao da Vida,63,Reanimador Pulmonar/AMBU,18,18,0,0
3305502274299,2274299,HOSPITAL MUNICIPAL PORPHIRIO NUNES DE AZEREDO,SAQUAREMA,5,Equipamentos para Manutencao da Vida,64,Respirador/Ventilador,16,16,0,0
3305502274299,2274299,HOSPITAL MUNICIPAL PORPHIRIO NUNES DE AZEREDO,SAQUAREMA,4,Equipamentos por Metodos Graficos,41,Eletrocardiografo,4,4,0,0
3305602274108,2274108,POLICLINICA MUNICIPAL AGUINALDO MORAES,SILVA JARDIM,1,DIAGNOSTICO POR IMAGEM,05,Raio X de 100 a 500 mA,1,1,0,0
3305602274108,2274108,POLICLINICA MUNICIPAL AGUINALDO MORAES,SILVA JARDIM,1,DIAGNOSTICO POR IMAGEM,15,Ultrassom Convencional,2,2,0,0
3305602274108,2274108,POLICLINICA MUNICIPAL AGUINALDO MORAES,SILVA JARDIM,2,Equipamentos de Infra-Estrutura,22,Grupo Gerador,2,1,0,1
3305602274108,2274108,POLICLINICA MUNICIPAL AGUINALDO MORAES,SILVA JARDIM,5,Equipamentos para Manutencao da Vida,53,Berço Aquecido,1,1,0,0
3305602274108,2274108,POLICLINICA MUNICIPAL AGUINALDO MORAES,SILVA JARDIM,5,Equipamentos para Manutencao da Vida,52,Bomba de Infusao,3,3,0,0
3305602274108,2274108,POLICLINICA MUNICIPAL AGUINALDO MORAES,SILVA JARDIM,5,Equipamentos para Manutencao da Vida,56,Desfibrilador,1,1,0,0
3305602274108,2274108,POLICLINICA MUNICIPAL AGUINALDO MORAES,SILVA JARDIM,5,Equipamentos para Manutencao da Vida,57,Equipamento de Fototerapia,1,1,0,0
3305602274108,2274108,POLICLINICA MUNICIPAL AGUINALDO MORAES,SILVA JARDIM,5,Equipamentos para Manutencao da Vida,60,Monitor de ECG,4,4,0,0
3305602274108,2274108,POLICLINICA MUNICIPAL AGUINALDO MORAES,SILVA JARDIM,5,Equipamentos para Manutencao da Vida,62,Monitor de Pressao Nao-Invasivo,3,3,0,0
3305602274108,2274108,POLICLINICA MUNICIPAL AGUINALDO MORAES,SILVA JARDIM,5,Equipamentos para Manutencao da Vida,63,Reanimador Pulmonar/AMBU,6,6,0,0
3305602274108,2274108,POLICLINICA MUNICIPAL AGUINALDO MORAES,SILVA JARDIM,5,Equipamentos para Manutencao da Vida,64,Respirador/Ventilador,3,3,0,0
3305602274108,2274108,POLICLINICA MUNICIPAL AGUINALDO MORAES,SILVA JARDIM,4,Equipamentos por Metodos Graficos,41,Eletrocardiografo,1,1,0,0
3305702268051,2268051,HOSPITAL MUNICIPAL DR JOAO PEREIRA MARTINS,SUMIDOURO,1,DIAGNOSTICO POR IMAGEM,05,Raio X de 100 a 500 mA,1,1,0,0
3305702268051,2268051,HOSPITAL MUNICIPAL DR JOAO PEREIRA MARTINS,SUMIDOURO,1,DIAGNOSTICO POR IMAGEM,15,Ultrassom Convencional,1,1,0,0
3305702268051,2268051,HOSPITAL MUNICIPAL DR JOAO PEREIRA MARTINS,SUMIDOURO,1,DIAGNOSTICO POR IMAGEM,13,Ultrassom Doppler Colorido,1,1,0,0
3305702268051,2268051,HOSPITAL MUNICIPAL DR JOAO PEREIRA MARTINS,SUMIDOURO,2,Equipamentos de Infra-Estrutura,19,AR CONDICIONADO,16,16,0,0
3305702268051,2268051,HOSPITAL MUNICIPAL DR JOAO PEREIRA MARTINS,SUMIDOURO,2,Equipamentos de Infra-Estrutura,22,Grupo Gerador,1,1,0,0
3305702268051,2268051,HOSPITAL MUNICIPAL DR JOAO PEREIRA MARTINS,SUMIDOURO,2,Equipamentos de Infra-Estrutura,23,Usina de Oxigenio,1,1,0,0
3305702268051,2268051,HOSPITAL MUNICIPAL DR JOAO PEREIRA MARTINS,SUMIDOURO,5,Equipamentos para Manutencao da Vida,53,Berço Aquecido,1,1,0,0
3305702268051,2268051,HOSPITAL MUNICIPAL DR JOAO PEREIRA MARTINS,SUMIDOURO,5,Equipamentos para Manutencao da Vida,52,Bomba de Infusao,3,3,0,0
3305702268051,2268051,HOSPITAL MUNICIPAL DR JOAO PEREIRA MARTINS,SUMIDOURO,5,Equipamentos para Manutencao da Vida,56,Desfibrilador,3,3,0,0
3305702268051,2268051,HOSPITAL MUNICIPAL DR JOAO PEREIRA MARTINS,SUMIDOURO,5,Equipamentos para Manutencao da Vida,57,Equipamento de Fototerapia,2,2,0,0
3305702268051,2268051,HOSPITAL MUNICIPAL DR JOAO PEREIRA MARTINS,SUMIDOURO,5,Equipamentos para Manutencao da Vida,58,Incubadora,4,4,0,0
3305702268051,2268051,HOSPITAL MUNICIPAL DR JOAO PEREIRA MARTINS,SUMIDOURO,5,Equipamentos para Manutencao da Vida,65,MONITOR MULTIPARAMETRO,5,5,0,0
3305702268051,2268051,HOSPITAL MUNICIPAL DR JOAO PEREIRA MARTINS,SUMIDOURO,5,Equipamentos para Manutencao da Vida,59,Marcapasso Temporario,2,2,0,0
3305702268051,2268051,HOSPITAL MUNICIPAL DR JOAO PEREIRA MARTINS,SUMIDOURO,5,Equipamentos para Manutencao da Vida,60,Monitor de ECG,5,5,0,0
3305702268051,2268051,HOSPITAL MUNICIPAL DR JOAO PEREIRA MARTINS,SUMIDOURO,5,Equipamentos para Manutencao da Vida,62,Monitor de Pressao Nao-Invasivo,5,5,0,0
3305702268051,2268051,HOSPITAL MUNICIPAL DR JOAO PEREIRA MARTINS,SUMIDOURO,5,Equipamentos para Manutencao da Vida,63,Reanimador Pulmonar/AMBU,2,2,0,0
3305702268051,2268051,HOSPITAL MUNICIPAL DR JOAO PEREIRA MARTINS,SUMIDOURO,5,Equipamentos para Manutencao da Vida,64,Respirador/Ventilador,10,10,0,0
3305702268051,2268051,HOSPITAL MUNICIPAL DR JOAO PEREIRA MARTINS,SUMIDOURO,4,Equipamentos por Metodos Graficos,41,Eletrocardiografo,2,2,0,0
3305702268051,2268051,HOSPITAL MUNICIPAL DR JOAO PEREIRA MARTINS,SUMIDOURO,3,Equipamentos por Metodos Opticos,33,Endoscopio Digestivo,1,1,0,0
3305702268051,2268051,HOSPITAL MUNICIPAL DR JOAO PEREIRA MARTINS,SUMIDOURO,3,Equipamentos por Metodos Opticos,31,Endoscopio das Vias Respiratorias,4,4,0,0
3305702268051,2268051,HOSPITAL MUNICIPAL DR JOAO PEREIRA MARTINS,SUMIDOURO,3,Equipamentos por Metodos Opticos,46,OFTALMOSCOPIO,2,2,0,0
3305702268051,2268051,HOSPITAL MUNICIPAL DR JOAO PEREIRA MARTINS,SUMIDOURO,6,Outros Equipamentos,70,VEICULO UTILITARIO (TIPO FURGAO),2,2,0,0
3305752283735,2283735,HOSPITAL MUNICIPAL DERMEVAL GARCIA DE FREITAS,TANGUA,1,DIAGNOSTICO POR IMAGEM,04,Raio X ate 100 mA,1,1,0,0
3305752283735,2283735,HOSPITAL MUNICIPAL DERMEVAL GARCIA DE FREITAS,TANGUA,1,DIAGNOSTICO POR IMAGEM,05,Raio X de 100 a 500 mA,1,1,0,0
3305752283735,2283735,HOSPITAL MUNICIPAL DERMEVAL GARCIA DE FREITAS,TANGUA,2,Equipamentos de Infra-Estrutura,23,Usina de Oxigenio,1,1,0,0
3305752283735,2283735,HOSPITAL MUNICIPAL DERMEVAL GARCIA DE FREITAS,TANGUA,5,Equipamentos para Manutencao da Vida,56,Desfibrilador,1,1,0,0
3305752283735,2283735,HOSPITAL MUNICIPAL DERMEVAL GARCIA DE FREITAS,TANGUA,5,Equipamentos para Manutencao da Vida,60,Monitor de ECG,5,5,0,0
3305752283735,2283735,HOSPITAL MUNICIPAL DERMEVAL GARCIA DE FREITAS,TANGUA,5,Equipamentos para Manutencao da Vida,62,Monitor de Pressao Nao-Invasivo,1,1,0,0
3305752283735,2283735,HOSPITAL MUNICIPAL DERMEVAL GARCIA DE FREITAS,TANGUA,5,Equipamentos para Manutencao da Vida,63,Reanimador Pulmonar/AMBU,3,3,0,0
3305752283735,2283735,HOSPITAL MUNICIPAL DERMEVAL GARCIA DE FREITAS,TANGUA,5,Equipamentos para Manutencao da Vida,64,Respirador/Ventilador,1,1,0,0
3305752283735,2283735,HOSPITAL MUNICIPAL DERMEVAL GARCIA DE FREITAS,TANGUA,4,Equipamentos por Metodos Graficos,41,Eletrocardiografo,2,2,0,0
3305903584968,3584968,HOSPITAL MUNICIPAL FRANCISCO LIMONGI,TRAJANO DE MORAES,1,DIAGNOSTICO POR IMAGEM,04,Raio X ate 100 mA,1,1,0,0
3305903584968,3584968,HOSPITAL MUNICIPAL FRANCISCO LIMONGI,TRAJANO DE MORAES,1,DIAGNOSTICO POR IMAGEM,05,Raio X de 100 a 500 mA,1,1,0,0
3305903584968,3584968,HOSPITAL MUNICIPAL FRANCISCO LIMONGI,TRAJANO DE MORAES,1,DIAGNOSTICO POR IMAGEM,15,Ultrassom Convencional,1,1,0,0
3305903584968,3584968,HOSPITAL MUNICIPAL FRANCISCO LIMONGI,TRAJANO DE MORAES,2,Equipamentos de Infra-Estrutura,25,CAMARA PARA CONSERVACAO DE IMUNOBIOLOGICOS,1,1,0,0
3305903584968,3584968,HOSPITAL MUNICIPAL FRANCISCO LIMONGI,TRAJANO DE MORAES,2,Equipamentos de Infra-Estrutura,66,REFRIGERADOR,1,1,0,0
3305903584968,3584968,HOSPITAL MUNICIPAL FRANCISCO LIMONGI,TRAJANO DE MORAES,7,Equipamentos de Odontologia,80,Equipo Odontologico,1,1,0,0
3305903584968,3584968,HOSPITAL MUNICIPAL FRANCISCO LIMONGI,TRAJANO DE MORAES,5,Equipamentos para Manutencao da Vida,53,Berço Aquecido,1,1,0,0
3305903584968,3584968,HOSPITAL MUNICIPAL FRANCISCO LIMONGI,TRAJANO DE MORAES,5,Equipamentos para Manutencao da Vida,56,Desfibrilador,1,1,0,0
3305903584968,3584968,HOSPITAL MUNICIPAL FRANCISCO LIMONGI,TRAJANO DE MORAES,5,Equipamentos para Manutencao da Vida,57,Equipamento de Fototerapia,1,1,0,0
3305903584968,3584968,HOSPITAL MUNICIPAL FRANCISCO LIMONGI,TRAJANO DE MORAES,5,Equipamentos para Manutencao da Vida,58,Incubadora,2,2,0,0
3305903584968,3584968,HOSPITAL MUNICIPAL FRANCISCO LIMONGI,TRAJANO DE MORAES,5,Equipamentos para Manutencao da Vida,60,Monitor de ECG,1,1,0,0
3305903584968,3584968,HOSPITAL MUNICIPAL FRANCISCO LIMONGI,TRAJANO DE MORAES,5,Equipamentos para Manutencao da Vida,63,Reanimador Pulmonar/AMBU,2,2,0,0
3305903584968,3584968,HOSPITAL MUNICIPAL FRANCISCO LIMONGI,TRAJANO DE MORAES,5,Equipamentos para Manutencao da Vida,64,Respirador/Ventilador,1,1,0,0
3305903584968,3584968,HOSPITAL MUNICIPAL FRANCISCO LIMONGI,TRAJANO DE MORAES,4,Equipamentos por Metodos Graficos,41,Eletrocardiografo,1,1,0,0
3305903584968,3584968,HOSPITAL MUNICIPAL FRANCISCO LIMONGI,TRAJANO DE MORAES,3,Equipamentos por Metodos Opticos,33,Endoscopio Digestivo,1,1,0,0
3305903584968,3584968,HOSPITAL MUNICIPAL FRANCISCO LIMONGI,TRAJANO DE MORAES,3,Equipamentos por Metodos Opticos,31,Endoscopio das Vias Respiratorias,1,1,0,0
3306152704390,2704390,HOSPITAL SAO SEBASTIAO DE VARRESAI,VARRE-SAI,1,DIAGNOSTICO POR IMAGEM,06,Raio X mais de 500mA,1,1,0,0
3306152704390,2704390,HOSPITAL SAO SEBASTIAO DE VARRESAI,VARRE-SAI,1,DIAGNOSTICO POR IMAGEM,14,Ultrassom Ecografo,1,1,0,0
3306152704390,2704390,HOSPITAL SAO SEBASTIAO DE VARRESAI,VARRE-SAI,2,Equipamentos de Infra-Estrutura,23,Usina de Oxigenio,1,1,0,0
3306152704390,2704390,HOSPITAL SAO SEBASTIAO DE VARRESAI,VARRE-SAI,5,Equipamentos para Manutencao da Vida,53,Berço Aquecido,1,1,0,0
3306152704390,2704390,HOSPITAL SAO SEBASTIAO DE VARRESAI,VARRE-SAI,5,Equipamentos para Manutencao da Vida,56,Desfibrilador,3,3,0,0
3306152704390,2704390,HOSPITAL SAO SEBASTIAO DE VARRESAI,VARRE-SAI,5,Equipamentos para Manutencao da Vida,58,Incubadora,1,1,0,0
3306152704390,2704390,HOSPITAL SAO SEBASTIAO DE VARRESAI,VARRE-SAI,5,Equipamentos para Manutencao da Vida,60,Monitor de ECG,2,2,0,0
3306152704390,2704390,HOSPITAL SAO SEBASTIAO DE VARRESAI,VARRE-SAI,5,Equipamentos para Manutencao da Vida,62,Monitor de Pressao Nao-Invasivo,1,1,0,0
3306152704390,2704390,HOSPITAL SAO SEBASTIAO DE VARRESAI,VARRE-SAI,5,Equipamentos para Manutencao da Vida,63,Reanimador Pulmonar/AMBU,2,2,0,0
3306152704390,2704390,HOSPITAL SAO SEBASTIAO DE VARRESAI,VARRE-SAI,5,Equipamentos para Manutencao da Vida,64,Respirador/Ventilador,1,1,0,0
3306152704390,2704390,HOSPITAL SAO SEBASTIAO DE VARRESAI,VARRE-SAI,4,Equipamentos por Metodos Graficos,41,Eletrocardiografo,2,2,0,0
3306152704390,2704390,HOSPITAL SAO SEBASTIAO DE VARRESAI,VARRE-SAI,3,Equipamentos por Metodos Opticos,33,Endoscopio Digestivo,1,1,0,0
3306300025143,0025143,HOSPITAL MUNICIPAL DR MUNIR RAFFUL,VOLTA REDONDA,1,DIAGNOSTICO POR IMAGEM,07,RAIO X ODONTOLOGICO,1,1,1,0
3306300025143,0025143,HOSPITAL MUNICIPAL DR MUNIR RAFFUL,VOLTA REDONDA,1,DIAGNOSTICO POR IMAGEM,04,Raio X ate 100 mA,2,2,2,0
3306300025143,0025143,HOSPITAL MUNICIPAL DR MUNIR RAFFUL,VOLTA REDONDA,1,DIAGNOSTICO POR IMAGEM,05,Raio X de 100 a 500 mA,1,1,1,0
3306300025143,0025143,HOSPITAL MUNICIPAL DR MUNIR RAFFUL,VOLTA REDONDA,1,DIAGNOSTICO POR IMAGEM,11,Tomógrafo Computadorizado,1,1,1,0
3306300025143,0025143,HOSPITAL MUNICIPAL DR MUNIR RAFFUL,VOLTA REDONDA,1,DIAGNOSTICO POR IMAGEM,15,Ultrassom Convencional,3,2,2,1
3306300025143,0025143,HOSPITAL MUNICIPAL DR MUNIR RAFFUL,VOLTA REDONDA,2,Equipamentos de Infra-Estrutura,22,Grupo Gerador,2,2,2,0
3306300025143,0025143,HOSPITAL MUNICIPAL DR MUNIR RAFFUL,VOLTA REDONDA,2,Equipamentos de Infra-Estrutura,23,Usina de Oxigenio,1,1,1,0
3306300025143,0025143,HOSPITAL MUNICIPAL DR MUNIR RAFFUL,VOLTA REDONDA,7,Equipamentos de Odontologia,80,Equipo Odontologico,1,1,1,0
3306300025143,0025143,HOSPITAL MUNICIPAL DR MUNIR RAFFUL,VOLTA REDONDA,5,Equipamentos para Manutencao da Vida,52,Bomba de Infusao,35,30,30,5
3306300025143,0025143,HOSPITAL MUNICIPAL DR MUNIR RAFFUL,VOLTA REDONDA,5,Equipamentos para Manutencao da Vida,56,Desfibrilador,9,9,9,0
3306300025143,0025143,HOSPITAL MUNICIPAL DR MUNIR RAFFUL,VOLTA REDONDA,5,Equipamentos para Manutencao da Vida,59,Marcapasso Temporario,1,1,1,0
3306300025143,0025143,HOSPITAL MUNICIPAL DR MUNIR RAFFUL,VOLTA REDONDA,5,Equipamentos para Manutencao da Vida,60,Monitor de ECG,18,14,14,4
3306300025143,0025143,HOSPITAL MUNICIPAL DR MUNIR RAFFUL,VOLTA REDONDA,5,Equipamentos para Manutencao da Vida,61,Monitor de Pressao Invasivo,6,6,6,0
3306300025143,0025143,HOSPITAL MUNICIPAL DR MUNIR RAFFUL,VOLTA REDONDA,5,Equipamentos para Manutencao da Vida,63,Reanimador Pulmonar/AMBU,18,18,18,0
3306300025143,0025143,HOSPITAL MUNICIPAL DR MUNIR RAFFUL,VOLTA REDONDA,5,Equipamentos para Manutencao da Vida,64,Respirador/Ventilador,15,15,15,0
3306300025143,0025143,HOSPITAL MUNICIPAL DR MUNIR RAFFUL,VOLTA REDONDA,4,Equipamentos por Metodos Graficos,41,Eletrocardiografo,4,4,4,0
3306300025143,0025143,HOSPITAL MUNICIPAL DR MUNIR RAFFUL,VOLTA REDONDA,3,Equipamentos por Metodos Opticos,33,Endoscopio Digestivo,2,2,2,0
3306300025143,0025143,HOSPITAL MUNICIPAL DR MUNIR RAFFUL,VOLTA REDONDA,3,Equipamentos por Metodos Opticos,31,Endoscopio das Vias Respiratorias,1,1,1,0
3306300025143,0025143,HOSPITAL MUNICIPAL DR MUNIR RAFFUL,VOLTA REDONDA,3,Equipamentos por Metodos Opticos,32,Endoscopio das Vias Urinarias,1,1,1,0
3306300025143,0025143,HOSPITAL MUNICIPAL DR MUNIR RAFFUL,VOLTA REDONDA,3,Equipamentos por Metodos Opticos,34,Equipamentos para Optometria,2,2,2,0
3306300025143,0025143,HOSPITAL MUNICIPAL DR MUNIR RAFFUL,VOLTA REDONDA,3,Equipamentos por Metodos Opticos,35,Laparoscopio/Vídeo,2,2,2,0
3306300025143,0025143,HOSPITAL MUNICIPAL DR MUNIR RAFFUL,VOLTA REDONDA,3,Equipamentos por Metodos Opticos,36,Microscopio Cirurgico,1,1,1,0
3306300025143,0025143,HOSPITAL MUNICIPAL DR MUNIR RAFFUL,VOLTA REDONDA,6,Outros Equipamentos,73,Bomba de Infusao de Hemoderivados,12,12,12,0
3306300025143,0025143,HOSPITAL MUNICIPAL DR MUNIR RAFFUL,VOLTA REDONDA,6,Outros Equipamentos,78,Forno de Bier,2,2,2,0
3306300025135,0025135,HOSPITAL MUNICIPAL SAO JOAO BATISTA,VOLTA REDONDA,1,DIAGNOSTICO POR IMAGEM,05,Raio X de 100 a 500 mA,4,4,1,0
3306300025135,0025135,HOSPITAL MUNICIPAL SAO JOAO BATISTA,VOLTA REDONDA,1,DIAGNOSTICO POR IMAGEM,06,Raio X mais de 500mA,2,2,1,0
3306300025135,0025135,HOSPITAL MUNICIPAL SAO JOAO BATISTA,VOLTA REDONDA,1,DIAGNOSTICO POR IMAGEM,11,Tomógrafo Computadorizado,1,1,1,0
3306300025135,0025135,HOSPITAL MUNICIPAL SAO JOAO BATISTA,VOLTA REDONDA,1,DIAGNOSTICO POR IMAGEM,13,Ultrassom Doppler Colorido,2,2,2,0
3306300025135,0025135,HOSPITAL MUNICIPAL SAO JOAO BATISTA,VOLTA REDONDA,1,DIAGNOSTICO POR IMAGEM,14,Ultrassom Ecografo,2,2,2,0
3306300025135,0025135,HOSPITAL MUNICIPAL SAO JOAO BATISTA,VOLTA REDONDA,2,Equipamentos de Infra-Estrutura,21,Controle Ambiental/Ar-condicionado Central,7,7,7,0
3306300025135,0025135,HOSPITAL MUNICIPAL SAO JOAO BATISTA,VOLTA REDONDA,2,Equipamentos de Infra-Estrutura,22,Grupo Gerador,2,2,2,0
3306300025135,0025135,HOSPITAL MUNICIPAL SAO JOAO BATISTA,VOLTA REDONDA,2,Equipamentos de Infra-Estrutura,23,Usina de Oxigenio,1,1,1,0
3306300025135,0025135,HOSPITAL MUNICIPAL SAO JOAO BATISTA,VOLTA REDONDA,7,Equipamentos de Odontologia,80,Equipo Odontologico,1,1,1,0
3306300025135,0025135,HOSPITAL MUNICIPAL SAO JOAO BATISTA,VOLTA REDONDA,5,Equipamentos para Manutencao da Vida,53,Berço Aquecido,5,5,5,0
3306300025135,0025135,HOSPITAL MUNICIPAL SAO JOAO BATISTA,VOLTA REDONDA,5,Equipamentos para Manutencao da Vida,54,Bilirrubinometro,2,2,2,0
3306300025135,0025135,HOSPITAL MUNICIPAL SAO JOAO BATISTA,VOLTA REDONDA,5,Equipamentos para Manutencao da Vida,52,Bomba de Infusao,78,78,78,0
3306300025135,0025135,HOSPITAL MUNICIPAL SAO JOAO BATISTA,VOLTA REDONDA,5,Equipamentos para Manutencao da Vida,56,Desfibrilador,6,6,6,0
3306300025135,0025135,HOSPITAL MUNICIPAL SAO JOAO BATISTA,VOLTA REDONDA,5,Equipamentos para Manutencao da Vida,57,Equipamento de Fototerapia,22,22,22,0
3306300025135,0025135,HOSPITAL MUNICIPAL SAO JOAO BATISTA,VOLTA REDONDA,5,Equipamentos para Manutencao da Vida,58,Incubadora,17,17,17,0
3306300025135,0025135,HOSPITAL MUNICIPAL SAO JOAO BATISTA,VOLTA REDONDA,5,Equipamentos para Manutencao da Vida,59,Marcapasso Temporario,1,1,1,0
3306300025135,0025135,HOSPITAL MUNICIPAL SAO JOAO BATISTA,VOLTA REDONDA,5,Equipamentos para Manutencao da Vida,60,Monitor de ECG,35,35,35,0
3306300025135,0025135,HOSPITAL MUNICIPAL SAO JOAO BATISTA,VOLTA REDONDA,5,Equipamentos para Manutencao da Vida,61,Monitor de Pressao Invasivo,35,35,35,0
3306300025135,0025135,HOSPITAL MUNICIPAL SAO JOAO BATISTA,VOLTA REDONDA,5,Equipamentos para Manutencao da Vida,62,Monitor de Pressao Nao-Invasivo,35,35,35,0
3306300025135,0025135,HOSPITAL MUNICIPAL SAO JOAO BATISTA,VOLTA REDONDA,5,Equipamentos para Manutencao da Vida,63,Reanimador Pulmonar/AMBU,40,40,40,0
3306300025135,0025135,HOSPITAL MUNICIPAL SAO JOAO BATISTA,VOLTA REDONDA,5,Equipamentos para Manutencao da Vida,64,Respirador/Ventilador,28,28,28,0
3306300025135,0025135,HOSPITAL MUNICIPAL SAO JOAO BATISTA,VOLTA REDONDA,4,Equipamentos por Metodos Graficos,41,Eletrocardiografo,12,12,12,0
3306300025135,0025135,HOSPITAL MUNICIPAL SAO JOAO BATISTA,VOLTA REDONDA,4,Equipamentos por Metodos Graficos,42,Eletroencefalografo,1,1,1,0
3306300025135,0025135,HOSPITAL MUNICIPAL SAO JOAO BATISTA,VOLTA REDONDA,3,Equipamentos por Metodos Opticos,33,Endoscopio Digestivo,2,2,2,0
3306300025135,0025135,HOSPITAL MUNICIPAL SAO JOAO BATISTA,VOLTA REDONDA,3,Equipamentos por Metodos Opticos,31,Endoscopio das Vias Respiratorias,1,1,1,0
3306300025135,0025135,HOSPITAL MUNICIPAL SAO JOAO BATISTA,VOLTA REDONDA,3,Equipamentos por Metodos Opticos,32,Endoscopio das Vias Urinarias,1,1,1,0
3306300025135,0025135,HOSPITAL MUNICIPAL SAO JOAO BATISTA,VOLTA REDONDA,3,Equipamentos por Metodos Opticos,34,Equipamentos para Optometria,4,4,4,0
3306300025135,0025135,HOSPITAL MUNICIPAL SAO JOAO BATISTA,VOLTA REDONDA,3,Equipamentos por Metodos Opticos,51,HISTEROSCOPIO,1,1,1,0
3306300025135,0025135,HOSPITAL MUNICIPAL SAO JOAO BATISTA,VOLTA REDONDA,3,Equipamentos por Metodos Opticos,35,Laparoscopio/Vídeo,1,1,1,0
3306300025135,0025135,HOSPITAL MUNICIPAL SAO JOAO BATISTA,VOLTA REDONDA,3,Equipamentos por Metodos Opticos,36,Microscopio Cirurgico,3,3,3,0
3306300025135,0025135,HOSPITAL MUNICIPAL SAO JOAO BATISTA,VOLTA REDONDA,6,Outros Equipamentos,71,Aparelho de Diatermia por Ultrassom/Ondas Curtas,4,4,4,0
3306300025135,0025135,HOSPITAL MUNICIPAL SAO JOAO BATISTA,VOLTA REDONDA,6,Outros Equipamentos,72,Aparelho de Eletroestimulacao,1,1,1,0
3306300025135,0025135,HOSPITAL MUNICIPAL SAO JOAO BATISTA,VOLTA REDONDA,6,Outros Equipamentos,73,Bomba de Infusao de Hemoderivados,50,50,50,0
3306300025135,0025135,HOSPITAL MUNICIPAL SAO JOAO BATISTA,VOLTA REDONDA,6,Outros Equipamentos,74,Equipamentos de Aferese,16,16,16,0
3306300025135,0025135,HOSPITAL MUNICIPAL SAO JOAO BATISTA,VOLTA REDONDA,6,Outros Equipamentos,78,Forno de Bier,1,1,1,0
