CO_UNIDADE,CO_CNES,NO_FANTASIA,NO_RAZAO_SOCIAL,CATEGORIA_UNIDADE,DS_TIPO_ESTABELECIMENTO,ENDERECO,NO_BAIRRO,CO_CEP,NO_MUNICIPIO,CO_MUNICIPIO_GESTOR,NU_TELEFONE,NO_EMAIL,LAT,LON,CO_NATUREZA_JUR,TP_GESTAO,CO_TIPO_ESTABELECIMENTO,"TO_CHAR(DT_ATUALIZACAO,'DD/MM/YYYY')"
3300103934659,3934659,CLINICA DA FAMILIA CENTRO,SECRETARIA MUNICIPAL DE SAUDE,Clinica da familia,UNIDADE BASICA DE SAUDE,"RUA DOUTOR MOACIR DE PAULA LOBO, 151, CENTRO - CEP 23900370",CENTRO,23900370,ANGRA DOS REIS,330010,2433655589,,-23.008,-44.323,1244,M,001,21/01/2026
3300109513108,9513108,CLINICA DA FAMILIA DE JACUECANGA,SECRETARIA MUNICIPAL DE SAUDE,Clinica da familia,UNIDADE BASICA DE SAUDE,"AVENIDA CONDE MAURICIO DE NASSAU, 400, SALAS 1 2 E 3, JACUECANGA - CEP 23914340",JACUECANGA,23914340,ANGRA DOS REIS,330010,,,-22.992,-44.242,1244,M,001,27/06/2025
3300105477980,5477980,CLINICA DA FAMILIA DO FRADE,SECRETARIA MUNICIPAL DE SAUDE,Clinica da familia,UNIDADE BASICA DE SAUDE,"RUA NILO MIGUEL DOS ANJOS, 131, B, FRADE - CEP 23946010",FRADE,23946010,ANGRA DOS REIS,330010,2433696168,,-22.961,-44.438,1244,M,001,09/01/2026
3300103923789,3923789,CLINICA DA FAMILIA VILA CAMPO BELO,SECRETARIA MUNICIPAL DE SAUDE,Clinica da familia,UNIDADE BASICA DE SAUDE,"VILA CAMPO BELO R 5, 445, JAPUIBA - CEP 23932680",JAPUIBA,23932680,ANGRA DOS REIS,330010,2433659018,,-22.985,-44.303,1244,M,001,12/02/2026
3300152267462,2267462,CLINICA DA FAMILIA ANIZ TUFFI DAIBES,MUNICIPIO DE APERIBE,Clinica da familia,AMBULATORIO,"RUA ANTONIO JOSE MOREIRA, 359, SAO VICENTE DE PAULA - CEP 28495000",SAO VICENTE DE PAULA,28495000,APERIBE,330015,2238641439,,-21.622003875824124,-42.10886774268365,1244,M,016,08/04/2025
3300239433546,9433546,CLINICA DA FAMILIA OLAVO DA COSTA,PREFEITURA MUNICIPAL DE ARMACAO DOS BUZIOS,Clinica da familia,UNIDADE BASICA DE SAUDE,"RUA DAS FLORES CAMPESTRES, 49, VILA VERDE - CEP 28959740",VILA VERDE,28959740,ARMACAO DOS BUZIOS,330023,,,-22.747372244925586,-41.98043346405029,1244,M,001,24/03/2026
3300407535074,7535074,USF VISTA ALEGRE CLINICA DA FAMILIA,PREFEITURA MUNICIPAL DE BARRA MANSA,Clinica da familia,UNIDADE BASICA DE SAUDE,"RUA SAO PEDRO, 804, VISTA ALEGRE - CEP 27320400",VISTA ALEGRE,27320400,BARRA MANSA,330040,(24) 3512-0793,,-22.545260214902324,-44.17252779006958,1244,M,001,10/04/2026
3300502296446,2296446,CLINICA DA FAMILIA ALVARO NUNES GUIMARAES,FUNDO MUNICIPAL DE SAUDE DE BOM JARDIM,Clinica da familia,AMBULATORIO,"RUA MARIA EUGENIA MERLIM, 00, SAO MIGUEL - CEP 28660000",SAO MIGUEL,28660000,BOM JARDIM,330050,(22)25662036,saude@bomjardim.rj.gov.br,-22.153654,-42.418987,1244,M,016,09/12/2025
3300604006666,4006666,CLINICA DA FAMILIA PADRE JOSE PAULO ESF,SECRETARIA MUNICIPAL DE SAUDE DE BOM JESUS DO ITABAPOANA,Clinica da familia,UNIDADE BASICA DE SAUDE,"RUA FRANCISCO BORGES SOBRINHO, S/N, CENTRO - CEP 28360000",CENTRO,28360000,BOM JESUS DO ITABAPOANA,330060,,,-21.155978,-41.648161,1244,M,001,05/02/2026
3301157893175,7893175,CLINICA DA FAMILIA VEREADOR EDVALDO DE ALMEIDA MEDEIROS,FUNDO MUNICIPAL DE SAUDE CARDOSO MOREIRA,Clinica da familia,UNIDADE BASICA DE SAUDE,"RUA MARIA DA CONCEICAO NUNES SIQUEIRA, S/N, CONJUNTO SAO JOSE - CEP 28180000",CONJUNTO SAO JOSE,28180000,CARDOSO MOREIRA,330115,,clinicadafamiliacm@gmail.com,-21.501420457644674,-41.61204814910889,1244,M,001,08/01/2026
3301402290189,2290189,ESF CLINICA DA FAMILIA DR EUCLIDES MONTELEONE,SECRETARIA MUNICIPAL DE SAUDE DE CONCEICAO DE MACABU,Clinica da familia,UNIDADE BASICA DE SAUDE,"RUA RANULFO GOMES, S/N, SAO HENRY - CEP 28740000",SAO HENRY,28740000,CONCEICAO DE MACABU,330140,2227792357,semsa@conceicaodemacabu.rj.gov.br,-22.0838675,-41.87227889999997,1244,M,001,24/09/2025
3301705205492,5205492,CLINICA DA FAMILIA BARRO BRANCO,MUNICIPIO DE DUQUE DE CAXIAS,Clinica da familia,UNIDADE BASICA DE SAUDE,"AVENIDA PEDRO ALVARES CABRAL, S/N, ZONA RURAL, JARDIM BARRO BRANCO - CEP 25267100",JARDIM BARRO BRANCO,25267100,DUQUE DE CAXIAS,330170,,,-22.636684,-43.246361,1244,M,001,25/03/2026
3301705815495,5815495,CLINICA DA FAMILIA CAMPOS ELISEOS,PREFEITURA MUNICIPAL DE DUQUE DE CAXIAS,Clinica da familia,UNIDADE BASICA DE SAUDE,"AVENIDA ACTURA, 333, ANEXO, CAMPOS ELISEOS - CEP 25225210",CAMPOS ELISEOS,25225210,DUQUE DE CAXIAS,330170,,,-22.6535627,-43.3250077,1244,M,001,13/11/2025
3301704666836,4666836,CLINICA DA FAMILIA CAPIVARI,PREFEITURA MUNICIPAL DE DUQUE DE CAXIAS,Clinica da familia,UNIDADE BASICA DE SAUDE,"RUA IRIE, S/N, PARQUE CAPIVARI - CEP 25245230",PARQUE CAPIVARI,25245230,DUQUE DE CAXIAS,330170,,,-22.6450255,-43.3341321,1244,M,001,31/03/2026
3301704855205,4855205,CLINICA DA FAMILIA EVANGELINA TAVARES,PREFEITURA MUNICIPAL DE DUQUE DE CAXIAS,Clinica da familia,UNIDADE BASICA DE SAUDE,"AVENIDA EXPEDICIONARIO JOSE AMARO, 755, VILA SAO LUIZ - CEP 25065090",VILA SAO LUIZ,25065090,DUQUE DE CAXIAS,330170,,,-22.772304,-43.293317,1244,M,001,18/03/2026
3301703902781,3902781,CLINICA DA FAMILIA GRAMACHO,MUNICIPIO DE DUQUE DE CAXIAS,Clinica da familia,UNIDADE BASICA DE SAUDE,"RUA ENTRE RIOS, S/N, GRAMACHO - CEP 25070260",GRAMACHO,25070260,DUQUE DE CAXIAS,330170,,,-22.754086,-43.309674,1244,M,001,25/03/2026
3301705804906,5804906,CLINICA DA FAMILIA JOSE BEZERRA DA SILVA,PREFEITURA MUNICIPAL DE DUQUE DE CAXIAS,Clinica da familia,UNIDADE BASICA DE SAUDE,"RUA OSWALDO ARANHA, S/N, VILA IDEAL - CEP 25010430",VILA IDEAL,25010430,DUQUE DE CAXIAS,330170,,,-22.79289,-43.31409,1244,M,001,25/03/2026
3301702778637,2778637,CLINICA DA FAMILIA JOSE OLAVO DE ARAUJO,MUNICIPIO DE DUQUE DE CAXIAS,Clinica da familia,UNIDADE BASICA DE SAUDE,"RUA VISCONDE DE INHAUMA, 85, PILAR - CEP 25235000",PILAR,25235000,DUQUE DE CAXIAS,330170,,,-22.7018087,-43.2945121,1244,M,001,30/03/2026
3301705575141,5575141,CLINICA DA FAMILIA MARIA HELENA MONTEIRO,PREFEITURA MUNICIPAL DE DUQUE DE CAXIAS,Clinica da familia,UNIDADE BASICA DE SAUDE,"RUA HORACIO GOMES, S/N, VILA CENTENARIO - CEP 25020137",VILA CENTENARIO,25020137,DUQUE DE CAXIAS,330170,,,-22.7792059,-43.3127068,1244,M,001,25/03/2026
3301704650522,4650522,CLINICA DA FAMILIA PANTANAL,PREFEITURA MUNICIPAL DE DUQUE DE CAXIAS,Clinica da familia,UNIDADE BASICA DE SAUDE,"RUA ECA DE QUEIROZ, 176, PANTANAL - CEP 25040160",PANTANAL,25040160,DUQUE DE CAXIAS,330170,,,-22.7422472,-43.3262407,1244,M,001,25/03/2026
3301703976378,3976378,CLINICA DA FAMILIA PARQUE ESPERANCA,MUNICIPIO DE DUQUE DE CAXIAS,Clinica da familia,UNIDADE BASICA DE SAUDE,"RUA MARIA DE ANDRADE, 01, JARDIM VILA NOVA - CEP 25070260",JARDIM VILA NOVA,25070260,DUQUE DE CAXIAS,330170,,,-22.719266,-43.314424,1244,M,001,25/03/2026
3301705287545,5287545,CLINICA DA FAMILIA PARQUE LEAL,MUNICIPIO DE DUQUE DE CAXIAS,Clinica da familia,UNIDADE BASICA DE SAUDE,"ROD WASHINGTON LUIS, 97, ZONA RURAL, PARQUE LEAL - CEP 25070260",PARQUE LEAL,25070260,DUQUE DE CAXIAS,330170,,,-22.572962733444694,-43.260040283203125,1244,M,001,29/01/2026
3301702277840,2277840,CLINICA DA FAMILIA TAQUARA,MUNICIPIO DE DUQUE DE CAXIAS,Clinica da familia,UNIDADE BASICA DE SAUDE,"ESTRADA CACHOEIRA DAS DORES, S/N, ZONA RUAL, TAQUARA - CEP 25270040",TAQUARA,25270040,DUQUE DE CAXIAS,330170,,,-22.613928,-43.23849,1244,M,001,25/03/2026
3301702778661,2778661,CLINICA DA FAMILIA VILA MARIA HELENA,MUNICIPIO DE DUQUE DE CAXIAS,Clinica da familia,UNIDADE BASICA DE SAUDE,"RUA SALVADOR CORREIA S N, S/N, VILA MARIA HELENA - CEP 25265008",VILA MARIA HELENA,25265008,DUQUE DE CAXIAS,330170,36552671,,-22.666927461289347,-43.26941728591919,1244,M,001,25/03/2026
3301705815479,5815479,CLINICA DA FAMILIA XEREM,PREFEITURA MUNICIPAL DE DUQUE DE CAXIAS,Clinica da familia,UNIDADE BASICA DE SAUDE,"RUA CARLOS MATEUS, S/N, ANEXO, XEREM - CEP 25250050",XEREM,25250050,DUQUE DE CAXIAS,330170,,,-22.571433,-43.3177893,1244,M,001,25/03/2026
3301900724343,0724343,CLINICA DA FAMILIA IDEAL SAUDE,SBT RESINGER LTDA,Clinica da familia,AMBULATORIO,"R DR PEREIRA DOS SANTOS, 363, CENTRO - CEP 24800041",CENTRO,24800041,ITABORAI,330190,(21)990840340,idealsaude189@gmail.com,-22.747946115052706,-42.85833120346069,2062,M,016,18/06/2025
3302007765517,7765517,CLINICA DA FAMILIA IBIRAPITANGA,MUNICIPIO DE ITAGUAI,Clinica da familia,UNIDADE BASICA DE SAUDE,"AV VISCONDE DE MAUA, S/N, VILA IBIRAPITANGA - CEP 23811540",VILA IBIRAPITANGA,23811540,ITAGUAI,330200,2193356365,,-22.860516478492208,-43.76320123672485,1244,M,001,27/03/2026
3302852285991,2285991,CLINICA DA FAMILIA BANCO DE AREIA,SECRETARIA MUNICIPAL DE SAUDE DE MESQUITA,Clinica da familia,UNIDADE BASICA DE SAUDE,"AV GOV CELSO PECANHA, 1350, BANCO DE AREIA - CEP 26570000",BANCO DE AREIA,26570000,MESQUITA,330285,(21)26926234,,-22.77756,-43.415281,1031,M,001,28/01/2026
3302852286106,2286106,CLINICA DA FAMILIA BNH,SECRETARIA MUNICIPAL DE SAUDE DE MESQUITA,Clinica da familia,UNIDADE BASICA DE SAUDE,"AV DAS OLIVEIRAS, 527, ROCHA SOBRINHO - CEP 26574690",ROCHA SOBRINHO,26574690,MESQUITA,330285,37634557,,-22.77719,-43.404236,1031,M,001,25/02/2026
3302855526620,5526620,CLINICA DA FAMILIA COSMORAMA,SECRETARIA MUNICIPAL DE SAUDE DE MESQUITA,Clinica da familia,UNIDADE BASICA DE SAUDE,"AVENIDA BARONESA DE MESQUITA, 316, COSMORAMA - CEP 26582000",COSMORAMA,26582000,MESQUITA,330285,,,-22.78403,-43.4277702,1031,M,001,07/08/2025
3302852696533,2696533,CLINICA DA FAMILIA DR JORGE CAMPOS,SECRETARIA MUNICIPAL DE SAUDE DE MESQUITA,Clinica da familia,UNIDADE BASICA DE SAUDE,"AV BRASIL, 1006, COREIA - CEP 26556000",COREIA,26556000,MESQUITA,330285,37639797,,-22.7793303,-43.4341576,1031,M,001,21/05/2025
3302852286068,2286068,CLINICA DA FAMILIA EDSON PASSOS,SECRETARIA MUNICIPAL DE SAUDE DE MESQUITA,Clinica da familia,UNIDADE BASICA DE SAUDE,"RUA MARECHAL CASTELO BRANCO, S/N, EDSON PASSOS - CEP 26584140",EDSON PASSOS,26584140,MESQUITA,330285,37631536,,-22.769157829605167,-43.42912673950195,1031,M,001,21/05/2025
3302852286033,2286033,CLINICA DA FAMILIA FRANCA LEITE,SECRETARIA MUNICIPAL DE SAUDE DE MESQUITA,Clinica da familia,UNIDADE BASICA DE SAUDE,"RUA CORONEL FRANCA LEITE, 732, CHATUBA - CEP 26587111",CHATUBA,26587111,MESQUITA,330285,37656215/ 26605190,,-22.8025498,-43.4369454,1031,M,001,06/03/2026
3302852286041,2286041,CLINICA DA FAMILIA JACUTINGA,SECRETARIA MUNICIPAL DE SAUDE DE MESQUITA,Clinica da familia,UNIDADE BASICA DE SAUDE,"RUA BARAO DO RIO BRANCO, 155, JACUTINGA - CEP 26564510",JACUTINGA,26564510,MESQUITA,330285,27926219,,-22.7708547,-43.4198647,1031,M,001,07/10/2025
3302852286076,2286076,CLINICA DA FAMILIA JUSCELINO,SECRETARIA MUNICIPAL DE SAUDE DE MESQUITA,Clinica da familia,UNIDADE BASICA DE SAUDE,"RUA GETULIO DE MOURA, 3120, JUSCELINO - CEP 26557700",JUSCELINO,26557700,MESQUITA,330285,37639796,,-22.774331,-43.431909,1031,M,001,27/05/2025
3302855035376,5035376,CLINICA DA FAMILIA ROCHA SOBRINHO,SECRETARIA MUNICIPAL DE SAUDE DE MESQUITA,Clinica da familia,UNIDADE BASICA DE SAUDE,"AV COELHO DA ROCHA, 2202, ROCHA SOBRINHO - CEP 26572320",ROCHA SOBRINHO,26572320,MESQUITA,330285,,,-22.78608184097446,-43.41508661078093,1031,M,001,06/12/2024
3302852696525,2696525,CLINICA DA FAMILIA SAO JOSE,SECRETARIA MUNICIPAL DE SAUDE DE MESQUITA,Clinica da familia,UNIDADE BASICA DE SAUDE,"AV UNIAO, 673, SANTA TEREZINHA - CEP 26554155",SANTA TEREZINHA,26554155,MESQUITA,330285,37658782,,-22.791474060461233,-43.43567132949829,1031,M,001,17/09/2025
3302853945995,3945995,CLINICA DA FAMILIA WALTER BORGES,SECRETARIA MUNICIPAL DE SAUDE DE MESQUITA,Clinica da familia,UNIDADE BASICA DE SAUDE,"RUA INACIO SERRA, S/N, CHATUBA - CEP 26587590",CHATUBA,26587590,MESQUITA,330285,,,-22.808171,-43.440337,1031,M,001,27/05/2025
3303202290626,2290626,CLINICA DA FAMILIA DR JORGE DAVID,MUNICIPIO DE NILOPOLIS,Clinica da familia,UNIDADE BASICA DE SAUDE,"RUA JOAO PESSOA, 1530, TERREO, CENTRO - CEP 26520020",CENTRO,26520020,NILOPOLIS,330320,,,-22.8099268,-43.4193154,1244,M,001,05/12/2025
3303502284278,2284278,CLINICA DA FAMILIA ADRIANOPOLIS,MUNICIPIO DE NOVA IGUACU,Clinica da familia,UNIDADE BASICA DE SAUDE,"ESTRADA DE ADRIANOPOLIS, 10, ADRIANOPOLIS - CEP 26041270",ADRIANOPOLIS,26041270,NOVA IGUACU,330350,,,-22.6963674,-43.4688274,1244,M,001,23/09/2025
3303502284294,2284294,CLINICA DA FAMILIA ALBERTO SOBRAL,SECRETARIA MUNICIPAL DE SAUDE DE NOVA IGUACU,Clinica da familia,UNIDADE BASICA DE SAUDE,"RUA ORLINDA WILMAN, 115, MOQUETA - CEP 26215150",MOQUETA,26215150,NOVA IGUACU,330350,,,-22.7498318,-43.4488851,1244,M,001,23/09/2025
3303507834284,7834284,CLINICA DA FAMILIA ALIANCA,MUNICIPIO DE NOVA IGUACU,Clinica da familia,UNIDADE BASICA DE SAUDE,"ESTRADA MUGANGO, S/N, ALIANCA - CEP 26293363",ALIANCA,26293363,NOVA IGUACU,330350,,,-22.7931727,-43.5645783,1244,M,001,17/07/2025
3303508111146,8111146,CLINICA DA FAMILIA BAIRRO DA LUZ,SECRETARIA MUNICIPAL DE SAUDE DE NOVA IGUACU,Clinica da familia,UNIDADE BASICA DE SAUDE,"RUA CEL BERNARDINO DE MELO, 4345, LUZ - CEP 26255140",LUZ,26255140,NOVA IGUACU,330350,,,-22.75205,-43.47136,1244,M,001,27/01/2026
3303502284456,2284456,CLINICA DA FAMILIA CABUCU,SECRETARIA MUNICIPAL DE SAUDE DE NOVA IGUACU,Clinica da familia,UNIDADE BASICA DE SAUDE,"AV ABILIO AUGUSTO TAVORA, 6820, CABUCU - CEP 26265090",CABUCU,26265090,NOVA IGUACU,330350,,,-22.782096520846682,-43.53965172866486,1244,M,001,14/11/2025
3303502284421,2284421,CLINICA DA FAMILIA COBREX,SECRETARIA MUNICIPAL DE SAUDE DE NOVA IGUACU,Clinica da familia,UNIDADE BASICA DE SAUDE,"RUA JULIO KENNER, 202, COBREX - CEP 26033460",COBREX,26033460,NOVA IGUACU,330350,,,-22.721015,-43.465763,1244,M,001,28/01/2026
3303502284502,2284502,CLINICA DA FAMILIA CORUMBA,SECRETARIA MUNICIPAL DE SAUDE DE NOVA IGUACU,Clinica da familia,UNIDADE BASICA DE SAUDE,"ESTRADA DE SANTA RITA, S/N, CORUMBA - CEP 26051060",CORUMBA,26051060,NOVA IGUACU,330350,26572528,,-22.696262,-43.473141,1244,M,001,09/04/2026
3303502284316,2284316,CLINICA DA FAMILIA DA CERAMICA 2,MUNICIPIO DE NOVA IGUACU,Clinica da familia,UNIDADE BASICA DE SAUDE,"ESTRADA DE SANTANA, 155, CERAMICA - CEP 26031550",CERAMICA,26031550,NOVA IGUACU,330350,,,-22.7312115,-43.4923396,1244,M,001,23/09/2025
3303502284480,2284480,CLINICA DA FAMILIA DE TINGUA,SECRETARIA MUNICIPAL DE SAUDE DE NOVA IGUACU,Clinica da familia,UNIDADE BASICA DE SAUDE,"RUA CANAJES, S/N, TINGUA - CEP 26063570",TINGUA,26063570,NOVA IGUACU,330350,(21)27794484,,-22.5947794,-43.4178186,1244,M,001,23/09/2025
3303502284138,2284138,CLINICA DA FAMILIA DIRCEU DE AQUINO RAMOS,SECRETARIA MUNICIPAL DE SAUDE DE NOVA IGUACU,Clinica da familia,UNIDADE BASICA DE SAUDE,"RUA JOAO BATISTA DE LIMA, 35, AUSTIN - CEP 26086000",AUSTIN,26086000,NOVA IGUACU,330350,,,-22.7263105,-43.5187648,1244,M,001,26/09/2025
3303509090851,9090851,CLINICA DA FAMILIA DO KM32,MUNICIPIO DE NOVA IGUACU,Clinica da familia,UNIDADE BASICA DE SAUDE,"ESTRADA RIO SAO PAULO, 465, KM32 - CEP 26298566",KM32,26298566,NOVA IGUACU,330350,2799-6023,,-22.8251183,-43.6187987,1244,M,001,23/09/2025
3303502284308,2284308,CLINICA DA FAMILIA DOLORES DELFINO GOMES,MUNICIPIO DE NOVA IGUACU,Clinica da familia,UNIDADE BASICA DE SAUDE,"RUA OUVIDOR, S/N, PRATA - CEP 26010630",PRATA,26010630,NOVA IGUACU,330350,,,-22.7311193,-43.4606551,1244,M,001,01/04/2026
3303505631475,5631475,CLINICA DA FAMILIA DOM BOSCO,SECRETARIA MUNICIPAL DE SAUDE DE NOVA IGUACU,Clinica da familia,UNIDADE BASICA DE SAUDE,"RUA ALBILIO AUGUSTO TAVORA, S/N, MARAPICU - CEP 26051540",MARAPICU,26051540,NOVA IGUACU,330350,,,-22.804659,-43.584397,1244,M,001,23/01/2026
3303505845084,5845084,CLINICA DA FAMILIA DR DELMO MOURA SA,SECRETARIA MUNICIPAL DE NOVA IGUACU,Clinica da familia,UNIDADE BASICA DE SAUDE,"AV ABILIO AUGUSTO TAVORA, 04, DANON - CEP 26294300",DANON,26294300,NOVA IGUACU,330350,,,-22.770151,-43.509641,1244,M,001,27/01/2026
3303506156827,6156827,CLINICA DA FAMILIA DR MARCO POLO DE GOUVEIA PEREIRA AMBAI,MUNICIPIO DE NOVA IGUACU,Clinica da familia,UNIDADE BASICA DE SAUDE,"AV HENRIQUE DUQUE ESTRADA MAYER, 3357, AMBAI - CEP 26041061",AMBAI,26041061,NOVA IGUACU,330350,,,-22.714385245135816,-43.451367476387276,1244,M,001,13/03/2026
3303502284529,2284529,CLINICA DA FAMILIA DR PEDRO ARUME,MUNICIPIO DE NOVA IGUACU,Clinica da familia,UNIDADE BASICA DE SAUDE,"CAMINHO DA PITEIRA, S/N, GRAMA - CEP 26065610",GRAMA,26065610,NOVA IGUACU,330350,2765-1463,,-22.6958815,-43.4221614,1244,M,001,26/09/2025
3303502284286,2284286,CLINICA DA FAMILIA EDI PINTO DA SILVA,SECRETARIA MUNICIPAL DE SAUDE DE NOVA IGUACU,Clinica da familia,AMBULATORIO,"RUA CAPISTRANO DE ABREU, S/N, VILA NOVA - CEP 26230450",VILA NOVA,26230450,NOVA IGUACU,330350,,,-22.7660923,-43.4287532,1244,M,016,19/11/2025
3303509406042,9406042,CLINICA DA FAMILIA ELAINE AMBROSIO,SECRETARIA MUNICIPAL DE SAUDE DE NOVA IGUACU,Clinica da familia,UNIDADE BASICA DE SAUDE,"RUA CORONEL MONTEIRO DE BARROS, 783, AUSTIN - CEP 26087130",AUSTIN,26087130,NOVA IGUACU,330350,21-27631577,,-22.7153847,-43.5271202,1244,M,001,26/09/2025
3303502284219,2284219,CLINICA DA FAMILIA EMILIA GOMES,SECRETARIA MUNICIPAL DE SAUDE DE NOVA IGUACU,Clinica da familia,UNIDADE BASICA DE SAUDE,"RUA DOS QUARTEIS, 221, COMENDADOR SOARES - CEP 26276390",COMENDADOR SOARES,26276390,NOVA IGUACU,330350,31034844,,-22.7437776,-43.49587362135922,1244,M,001,23/09/2025
3303505925258,5925258,CLINICA DA FAMILIA ENGENHO PEQUENO,SECRETARIA MUNICIPAL DE SAUDE DE NOVA IGUACU,Clinica da familia,UNIDADE BASICA DE SAUDE,"RUA OLGA ALVES, 36, ENGENHO PEQUENO - CEP 26015270",ENGENHO PEQUENO,26015270,NOVA IGUACU,330350,,,-22.7419538,-43.429604,1244,M,001,09/04/2026
3303502284227,2284227,CLINICA DA FAMILIA ERALDO SARDINHA,MUNICIPIO DE NOVA IGUACU,Clinica da familia,UNIDADE BASICA DE SAUDE,"RUA MOTORISTA LUIZ CARLOS GOMES, 45, CACUIA - CEP 26210012",CACUIA,26210012,NOVA IGUACU,330350,,,-22.7322827,-43.5008361,1244,M,001,23/09/2025
3303505635241,5635241,CLINICA DA FAMILIA FIGUEIRA,SECRETARIA MUNICIPAL DE SAUDE DE NOVA IGUACU,Clinica da familia,UNIDADE BASICA DE SAUDE,"CORONEL FRANCISCO SOARES, S/N, FIGUEIRA - CEP 26051540",FIGUEIRA,26051540,NOVA IGUACU,330350,,,-22.7551665,-43.4379588941641,1244,M,001,01/04/2026
3303502284332,2284332,CLINICA DA FAMILIA HERONDILHO RIBEIRO DA SILVA,SECRETARIA MUNICIPAL DE SAUDE DE NOVA IGUACU,Clinica da familia,UNIDADE BASICA DE SAUDE,"RUA CINCO, 1032, PALHADA - CEP 26290366",PALHADA,26290366,NOVA IGUACU,330350,,,-22.7981276,-43.6047682,1244,M,001,25/03/2025
3303505795958,5795958,CLINICA DA FAMILIA IVO MANOEL LOPES,SECRETARIA MUNICIPAL DE NOVA IGUACU,Clinica da familia,UNIDADE BASICA DE SAUDE,"TRAVESSA CARLOS SAMPAIO, 1268, VILA GUIMARAES - CEP 26088040",VILA GUIMARAES,26088040,NOVA IGUACU,330350,,,-22.7071001,-43.5305101,1244,M,001,23/09/2025
3303502284324,2284324,CLINICA DA FAMILIA JACERUBA,MUNICIPIO DE NOVA IGUACU,Clinica da familia,UNIDADE BASICA DE SAUDE,"RUA JAPERI, 60, JACERUBA - CEP 26210970",JACERUBA,26210970,NOVA IGUACU,330350,,,-22.7177284,-43.5589901,1244,M,001,23/09/2025
3303506054285,6054285,CLINICA DA FAMILIA JARDIM DA VIGA,SECRETARIA MUNICIPAL DE SAUDE DE NOVA IGUACU,Clinica da familia,UNIDADE BASICA DE SAUDE,"ESTRADA DE IGUACU, 171, JARDIM DA VIGA - CEP 26065610",JARDIM DA VIGA,26065610,NOVA IGUACU,330350,,,-22.7446612,-43.4389312,1244,M,001,22/10/2025
3303506018289,6018289,CLINICA DA FAMILIA JARDIM IGUACU,SECRETARIA MUNICIPAL DE SAUDE DE NOVA IGUACU,Clinica da familia,UNIDADE BASICA DE SAUDE,"RUA 1 DE AGOSTO, 30, JARDIM IGUACU - CEP 26282210",JARDIM IGUACU,26282210,NOVA IGUACU,330350,37737267,,-22.744396,-43.4666309,1244,M,001,23/09/2025
3303502284340,2284340,CLINICA DA FAMILIA JARDIM JASMIM,SECRETARIA MUNICIPAL DE SAUDE DE NOVA IGUACU,Clinica da familia,UNIDADE BASICA DE SAUDE,"RUA APOSTOLO ALEIXO, 075, JARDIM JASMIM - CEP 26265030",JARDIM JASMIM,26265030,NOVA IGUACU,330350,37760441,,-22.7582732,-43.4907024,1244,M,001,23/09/2025
3303509089322,9089322,CLINICA DA FAMILIA JARDIM PALMARES,MUNICIPIO DE NOVA IGUACU,Clinica da familia,UNIDADE BASICA DE SAUDE,"RUA DAS AMIXEIRAS, S/N, JARDIM PALMARES - CEP 26215020",JARDIM PALMARES,26215020,NOVA IGUACU,330350,,,-22.75777000789478,-43.5120564323295,1244,M,001,23/09/2025
3303509406506,9406506,CLINICA DA FAMILIA JARDIM PARAISO,MUNICIPIO DE NOVA IGUACU,Clinica da familia,UNIDADE BASICA DE SAUDE,"RUA INGA, S/N, JARDIM PARAISO - CEP 26023140",JARDIM PARAISO,26023140,NOVA IGUACU,330350,2686-1345,,-22.8278658,-43.606741,1244,M,001,23/09/2025
3303502284235,2284235,CLINICA DA FAMILIA JARDIM ROMA,SECRETARIA MUNICIPAL DE SAUDE DE NOVA IGUACU,Clinica da familia,UNIDADE BASICA DE SAUDE,"RUA BRUNO LECINI, S/N, JARDIM ROMA - CEP 26276290",JARDIM ROMA,26276290,NOVA IGUACU,330350,,,-22.744912,-43.525437,1244,M,001,09/04/2026
3303502284405,2284405,CLINICA DA FAMILIA JOSE RODRIGUES DA SILVA,SECRETARIA MUNICIPAL DE SAUDE DE NOVA IGUACU,Clinica da familia,UNIDADE BASICA DE SAUDE,"RUA OITICICA, S/N, CAICARA - CEP 26020000",CAICARA,26020000,NOVA IGUACU,330350,,,-22.7310122,-43.4440143,1244,M,001,23/09/2025
3303502284545,2284545,CLINICA DA FAMILIA JULIA TAVORA,SECRETARIA MUNICIPAL DE SAUDE DE NOVA IGUACU,Clinica da familia,UNIDADE BASICA DE SAUDE,"TV JULIA TAVORA, 67, CENTRO - CEP 26030160",CENTRO,26030160,NOVA IGUACU,330350,,,-22.7629072,-43.4608589,1244,M,001,13/03/2026
3303509069259,9069259,CLINICA DA FAMILIA LAGOINHA,MUNICIPIO DE NOVA IGUACU,Clinica da familia,UNIDADE BASICA DE SAUDE,"HUMAITA, S/N, LAGOINHA - CEP 26298027",LAGOINHA,26298027,NOVA IGUACU,330350,,,-22.770121,-43.5548858,1244,M,001,14/11/2025
3303502284448,2284448,CLINICA DA FAMILIA LINO VILELLA,SECRETARIA MUNICIPAL DE SAUDE DE NOVA IGUACU,Clinica da familia,UNIDADE BASICA DE SAUDE,"RUA 15 DE NOVEMBRO, 751, CARMARI - CEP 26022194",CARMARI,26022194,NOVA IGUACU,330350,,,-22.724792,-43.451038,1244,M,001,23/09/2025
3303502284375,2284375,CLINICA DA FAMILIA MANOEL REZENDE,SECRETARIA MUNICIPAL DE SAUDE DE NOVA IGUACU,Clinica da familia,UNIDADE BASICA DE SAUDE,"AVENIDA ESTRADA DE FERRO, 14, KM 43, AUSTIN - CEP 26053620",AUSTIN,26053620,NOVA IGUACU,330350,,,-22.7300338,-43.5156052,1244,M,001,23/09/2025
3303503328074,3328074,CLINICA DA FAMILIA MARFEL,SECRETARIA MUNICIPAL DE SAUDE DE SAUDE DE NOVA IGUACU,Clinica da familia,UNIDADE BASICA DE SAUDE,"RUA AUREA RAMOS BORGES, 110, MONTE SOL - CEP 26279190",MONTE SOL,26279190,NOVA IGUACU,330350,,,-22.7505162,-43.5161994,1244,M,001,23/09/2025
3303507567723,7567723,CLINICA DA FAMILIA MARIA UMBELINA,MUNICIPIO DE NOVA IGUACU,Clinica da familia,UNIDADE BASICA DE SAUDE,"RUA CORONEL FAWCETT, S/N, BOA ESPERANCA - CEP 26070030",BOA ESPERANCA,26070030,NOVA IGUACU,330350,,,-22.7184406,-43.4331246,1244,M,001,23/09/2025
3303507524609,7524609,CLINICA DA FAMILIA MYRIAM DA ROCHA AZEREDO,SECRETARIA MUNICIPAL DE SAUDE DE NOVA IGUACU,Clinica da familia,UNIDADE BASICA DE SAUDE,"RUA ARISTOTELINA MARIANO DE SOUZA, 406, CERAMICA - CEP 26030830",CERAMICA,26030830,NOVA IGUACU,330350,,,-22.7343507,-43.4726751,1244,M,001,23/09/2025
3303502284472,2284472,CLINICA DA FAMILIA NADIA SILVA DE OLIVEIRA GENECIANO,MUNICIPIO DE NOVA IGUACU,Clinica da familia,UNIDADE BASICA DE SAUDE,"RUA CASTANHAL, 85, MIGUEL COUTO - CEP 26061650",MIGUEL COUTO,26061650,NOVA IGUACU,330350,,,-22.6874349,-43.4159235,1244,M,001,23/09/2025
3303505625076,5625076,CLINICA DA FAMILIA NOVA BRASILIA,SECRETARIA MUNICIPAL DE SAUDE DE NOVA IGUACU,Clinica da familia,UNIDADE BASICA DE SAUDE,"RUA ZENAIDE, 365, NOVA BRASILIA - CEP 26052770",NOVA BRASILIA,26052770,NOVA IGUACU,330350,,,-22.6733711,-43.4482053,1244,M,001,23/09/2025
3303502284367,2284367,CLINICA DA FAMILIA NOVA ERA,SECRETARIA MUNICIPAL DE SAUDE DE NOVA IGUACU,Clinica da familia,UNIDADE BASICA DE SAUDE,"RUA SILVIO DE FREITAS, 125, NOVA ERA - CEP 26272080",NOVA ERA,26272080,NOVA IGUACU,330350,3103-8248,,-22.7631132,-43.5039577,1244,M,001,01/04/2026
3303503328090,3328090,CLINICA DA FAMILIA ODICEIA MORAIS,SECRETARIA MUNICIPAL DE SAUDE DE NOVA IGUACU,Clinica da familia,UNIDADE BASICA DE SAUDE,"RUA BOLIVIA, S/N, CENTRO - CEP 26215260",CENTRO,26215260,NOVA IGUACU,330350,,,-22.750654,-43.4448321,1244,M,001,22/10/2025
3303503571823,3571823,CLINICA DA FAMILIA PADRE MANUEL MONTEIRO K 11,SECRETARIA MUNICIPAL DE SAUDE DE NOVA IGUACU,Clinica da familia,UNIDADE BASICA DE SAUDE,"RUA BENJAMIM CHAMBARELLI, 241, K 11 - CEP 26250210",K 11,26250210,NOVA IGUACU,330350,2126687358,,-22.7668615,-43.4397362,1244,M,001,26/02/2026
3303502284464,2284464,CLINICA DA FAMILIA PALHADA,SECRETARIA MUNICIPAL DE SAUDE DE NOVA IGUACU,Clinica da familia,UNIDADE BASICA DE SAUDE,"RUA JULIA MARTINS, 295, PALHADA - CEP 26290102",PALHADA,26290102,NOVA IGUACU,330350,,,-22.764711889227325,-43.52277325669567,1244,M,001,23/09/2025
3303505016053,5016053,CLINICA DA FAMILIA PARQUE TODOS OS SANTOS,SECRETARIA MUNICIPAL DE SAUDE DE NOVA IGUACU,Clinica da familia,UNIDADE BASICA DE SAUDE,"RUA CAVALCANTE GUSMAO, 463, LAGOINHA - CEP 26250100",LAGOINHA,26250100,NOVA IGUACU,330350,,,-22.8082712,-43.6225812,1244,M,001,23/09/2025
3303502798689,2798689,CLINICA DA FAMILIA PASTOR IRACY MARCELINO,SECRETARIA MUNICIPAL DE SAUDE DE NOVA IGUACU,Clinica da familia,UNIDADE BASICA DE SAUDE,"RUA DOM SEBASTIAO LEME, 14, NOVA AMERICA - CEP 26022050",NOVA AMERICA,26022050,NOVA IGUACU,330350,2137694899,,-22.7209964,-43.4413348,1244,M,001,14/11/2025
3303502284499,2284499,CLINICA DA FAMILIA PROFESSOR RUTILHES DOS SANTOS,SECRETARIA MUNICIPAL DE SAUDE DE NOVA IGUACU,Clinica da familia,UNIDADE BASICA DE SAUDE,"RUA ALZIRA, 99, JD TROPICAL - CEP 26052680",JD TROPICAL,26052680,NOVA IGUACU,330350,,,-22.7531145,-43.4268107,1244,M,001,03/07/2025
3303503512649,3512649,CLINICA DA FAMILIA RANCHO FUNDO,SECRETARIA MUNICIPAL DE SAUDE DE NOVA IGUACU,Clinica da familia,UNIDADE BASICA DE SAUDE,"ESTRADA DE SANTA RITA, 2761, RANCHO FUNDO - CEP 26051820",RANCHO FUNDO,26051820,NOVA IGUACU,330350,(21)37671924,,-22.7042771,-43.4554549,1244,M,001,10/11/2025
3303503126099,3126099,CLINICA DA FAMILIA RIO DOURO,MUNICIPIO DE NOVA IGUACU,Clinica da familia,UNIDADE BASICA DE SAUDE,"RUA DA ESTACAO, 25, RIO DOURO - CEP 26060410",RIO DOURO,26060410,NOVA IGUACU,330350,,,-22.6539912,-43.5364412,1244,M,001,09/04/2026
3303502284359,2284359,CLINICA DA FAMILIA RODILANDIA,SECRETARIA MUNICIPAL DE SAUDE DE NOVA IGUACU,Clinica da familia,UNIDADE BASICA DE SAUDE,"RUA DONA CLEIA, 07, RODILANDIA - CEP 26083115",RODILANDIA,26083115,NOVA IGUACU,330350,,,-22.7375771,-43.5045619,1244,M,001,23/09/2025
3303503736369,3736369,CLINICA DA FAMILIA SANTA CLARA DO GUANDU,SECRETARIA MUNICIPAL DE SAUDE DE NOVA IGUACU,Clinica da familia,UNIDADE BASICA DE SAUDE,"RUA PARAGUACU, 1, KM 34 - CEP 26255190",KM 34,26255190,NOVA IGUACU,330350,2799-0494,,-22.7820333,-43.551981,1244,M,001,14/11/2025
3303502284243,2284243,CLINICA DA FAMILIA SANTA EUGENIA,SECRETARIA MUNICIPAL DE SAUDE DE NOVA IGUACU,Clinica da familia,UNIDADE BASICA DE SAUDE,"RUA MORRO AGUDO, 10, STA EUGENIA - CEP 26286090",STA EUGENIA,26286090,NOVA IGUACU,330350,,,-22.748914,-43.4661451,1244,M,001,23/09/2025
3303502284146,2284146,CLINICA DA FAMILIA SANTA RITA,SECRETARIA MUNICIPAL DE SAUDE DE NOVA IGUACU,Clinica da familia,UNIDADE BASICA DE SAUDE,"RUA PHILOMENO COELHO, 347, A, JARDIM SANTA RITA - CEP 26050110",JARDIM SANTA RITA,26050110,NOVA IGUACU,330350,26580911,,-22.6916701,-43.4673832,1244,M,001,14/11/2025
3303502284383,2284383,CLINICA DA FAMILIA VALVERDE,SECRETARIA MUNICIPAL DE SAUDE DE NOVA IGUACU,Clinica da familia,UNIDADE BASICA DE SAUDE,"AV ABILIO AUGUSTO TAVORA, 64, VALVERDE - CEP 26290783",VALVERDE,26290783,NOVA IGUACU,330350,,,-22.7601412,-43.4756312,1244,M,001,14/11/2025
3303502798697,2798697,CLINICA DA FAMILIA VILA JUREMA,SECRETARIA MUNICIPAL DE SAUDE DE NOVA IGUACU,Clinica da familia,UNIDADE BASICA DE SAUDE,"ESTR VELHA CARLOS SAMPAIO, 486, VILA JUREMA - CEP 26060410",VILA JUREMA,26060410,NOVA IGUACU,330350,27635419,,-22.7045612,-43.5096412,1244,M,001,14/11/2025
3303502284251,2284251,CLINICA DA FAMILIA VILA OPERARIA,MUNICIPIO DE NOVA IGUACU,Clinica da familia,UNIDADE BASICA DE SAUDE,"RUA NAIR DIAS, 880, VILA OPERARIA - CEP 26012450",VILA OPERARIA,26012450,NOVA IGUACU,330350,,,-22.7440823,-43.4316473,1244,M,001,23/09/2025
3303502798700,2798700,CLINICA DA FAMILIA VILA TANIA,SECRETARIA MUNICIPAL DE SAUDE DE NOVA IGUACU,Clinica da familia,UNIDADE BASICA DE SAUDE,"RUA SUELI TINOCO, S/N, 3103 6164, VILA TANIA - CEP 26262440",VILA TANIA,26262440,NOVA IGUACU,330350,,,-22.7548631,-43.4893828,1244,M,001,09/04/2026
3303502284197,2284197,SUPER CLINICA DA FAMILIA DACYR SOARES,MUNICIPIO DE NOVA IGUACU,Clinica da familia,UNIDADE BASICA DE SAUDE,"RUA AILTON SILVA, 42, COMENDADOR SOARES - CEP 26281100",COMENDADOR SOARES,26281100,NOVA IGUACU,330350,26694640,,-22.7411275,-43.477495,1244,M,001,14/11/2025
3304122272407,2272407,CLINICA DA FAMILIA,SECRETARIA MUNICIPAL DE SAUDE DE QUATIS,Clinica da familia,UNIDADE BASICA DE SAUDE,"AVENIDA AFFONSO DE FREITAS LUSTOSA, 212, NOSSA SENHORA DO ROS - CEP 27430040",NOSSA SENHORA DO ROS,27430040,QUATIS,330412,24335332353,clinicadafamiliansr@yahoo.com,-22.49937844,-44.22563044,1244,M,001,07/04/2026
3304144046161,4046161,CLINICA DA FAMILIA CARLOS ALBERTO GONCALVES,MUNICIPIO DE QUEIMADOS,Clinica da familia,UNIDADE BASICA DE SAUDE,"RUA OLEGARIO DIAS, S/N, COQUEIROS - CEP 26375380",COQUEIROS,26375380,QUEIMADOS,330414,3699-3073,esf.queimados@yahoo.com.br,-22.730955,-43.573599,1244,M,001,08/01/2026
3304144046153,4046153,CLINICA DA FAMILIA DR ROBSON ROMERO DE OLIVEIRA,MUNICIPIO DE QUEIMADOS,Clinica da familia,UNIDADE BASICA DE SAUDE,"ESTRADA PADRE JOSE DE ANCHIETA, 315, SAO FRANCISCO - CEP 26381358",SAO FRANCISCO,26381358,QUEIMADOS,330414,36984642,psf.semus@queiamados.rj.gov.br,-22.692244,-43.566833,1244,M,001,23/02/2026
3304144046145,4046145,CLINICA DA FAMILIA ESMELINDA PINTO DE SOUZA,MUNICIPIO DE QUEIMADOS,Clinica da familia,UNIDADE BASICA DE SAUDE,"AVENIDA BERNA, 3, QUADRA2, VILA CENTRAL - CEP 26375060",VILA CENTRAL,26375060,QUEIMADOS,330414,,esf.queimados@yahoo.com.br,-22.691867,-43.588544,1244,M,001,08/01/2026
3304140747645,0747645,CLINICA DA FAMILIA FRANCISCO CURZIO,CLINICA DA FAMILIA FRANCISCO CURZIO MONTEIRO DA SILVA,Clinica da familia,UNIDADE BASICA DE SAUDE,"RUA ALESIA DOS SANTOS NASCIMENTO, S/N, PARAISO - CEP 26385220",PARAISO,26385220,QUEIMADOS,330414,,,-22.7003054,-43.5497331,1244,M,001,07/04/2026
3304147959869,7959869,CLINICA DA FAMILIA IRLAN SOUZA MACEDO,MUNICIPIO DE QUEIMADOS,Clinica da familia,UNIDADE BASICA DE SAUDE,"RUA DEODORO DE ALMEIDA, S/N, SANTIAGO - CEP 26377330",SANTIAGO,26377330,QUEIMADOS,330414,26657080,,-22.73955,-43.558632,1244,M,001,26/06/2025
3304143708276,3708276,CLINICA DA FAMILIA JOSE ELIAS PEIXOTO,MUNICIPIO DE QUEIMADOS,Clinica da familia,UNIDADE BASICA DE SAUDE,"RUA ANA NOBREGA, S/N, INCONFIDENCIA - CEP 26323260",INCONFIDENCIA,26323260,QUEIMADOS,330414,27797204,esf.queimados@yahoo.com.br,-22.718888,-43.540911,1244,M,001,08/01/2026
3304147959877,7959877,CLINICA DA FAMILIA MARIA AGRAEL DE OLIVEIRA,MUNICIPIO DE QUEIMADOS,Clinica da familia,UNIDADE BASICA DE SAUDE,"RUA DONA NARCISA PEREIRA, S/N, LUIZ DE CAMOES - CEP 26382127",LUIZ DE CAMOES,26382127,QUEIMADOS,330414,36982642,,-22.693699,-43.540333,1244,M,001,08/01/2026
3304143708292,3708292,CLINICA DA FAMILIA MARIA LURDES CAMPELO,MUNICIPIO DE QUEIMADOS,Clinica da familia,UNIDADE BASICA DE SAUDE,"ESTRADA DAS PIABAS, 111, SANTA ROSA - CEP 26311020",SANTA ROSA,26311020,QUEIMADOS,330414,26633755,psf.semus@queiamados.rj.gov.br,-22.729233,-43.597833,1244,M,001,08/01/2026
3304146220150,6220150,CLINICA DA FAMILIA MAURO FERREIRA DE CASTRO,MUNICIPIO DE QUEIMADOS,Clinica da familia,UNIDADE BASICA DE SAUDE,"TRAVESSA CAMPO ALEGRE, S/N, BELMONTE - CEP 26321120",BELMONTE,26321120,QUEIMADOS,330414,26658491,esf.queimados@yahoo.com.br,-22.710685,-43.576993,1244,M,001,23/02/2026
3304147735421,7735421,CLINICA DA FAMILIA MIGUEL LUIZ DE CARVALHO,MUNICIPIO DE QUEIMADOS,Clinica da familia,UNIDADE BASICA DE SAUDE,"ESTRADA DAS PIABAS, S/N, ELDORADO - CEP 26315080",ELDORADO,26315080,QUEIMADOS,330414,36988717,,-22.719644,-43.585722,1244,M,001,08/01/2026
3304147959702,7959702,CLINICA DA FAMILIA PASTOR JULIO ALVES DE SENA,MUNICIPIO DE QUEIMADOS,Clinica da familia,UNIDADE BASICA DE SAUDE,"RUA MARIO PATI JUNIOR, S/N, FANCHEM - CEP 26383510",FANCHEM,26383510,QUEIMADOS,330414,26630811,,-22.7007003,-43.564835,1244,M,001,06/04/2026
3304143708209,3708209,CLINICA DA FAMILIA PASTOR ROSALVO DANTAS,MUNICIPIO DE QUEIMADOS,Clinica da familia,UNIDADE BASICA DE SAUDE,"RUA JUNO, S/N, LT19 QD20, VALDARIOSA - CEP 26315609",VALDARIOSA,26315609,QUEIMADOS,330414,36985056,esf.queimados@yahoo.com.br,-22.724044,-43.582044,1244,M,001,08/01/2026
3304146869351,6869351,CLINICA DA FAMILIA REGINA DE BRITO,MUNICIPIO DE QUEIMADOS,Clinica da familia,UNIDADE BASICA DE SAUDE,"RUA FABRICIO, S/N, NOSSA SENHORA DA CON - CEP 26321120",NOSSA SENHORA DA CON,26321120,QUEIMADOS,330414,26648491,esf.queimados@yahoo.com.br,-22.701358,-43.579251,1244,M,001,08/01/2026
3304144516923,4516923,CLINICA DA FAMILIA SILVAL DIAS,MUNICIPIO DE QUEIMADOS,Clinica da familia,UNIDADE BASICA DE SAUDE,"ESTRADA ILDA ALVES PINHEIRO, 00, SN, TRES FONTES - CEP 26382565",TRES FONTES,26382565,QUEIMADOS,330414,,,-22.695133,-43.529122,1244,M,001,08/01/2026
3304140263508,0263508,CLINICA DA FAMILIA VALDISIA CATARINA RIBEIRO MELO,MUNICIPIO DE QUEIMADOS,Clinica da familia,UNIDADE BASICA DE SAUDE,"RUA ANGELINA, S/N, VILA ALIANCA - CEP 26327250",VILA ALIANCA,26327250,QUEIMADOS,330414,,,-22.7248938,-43.5782244,1244,M,001,08/01/2026
3304207949472,7949472,CLINICA DA FAMILIA PROFESSORA ENY MATTOS,SECRETARIA MUNICIPAL DE SAUDE DE RESENDE,Clinica da familia,UNIDADE BASICA DE SAUDE,"RUA CARLOS MONTEIRO, 91, MORADA DA MONTANHA - CEP 27525616",MORADA DA MONTANHA,27525616,RESENDE,330420,(24) 3381-4201,clinicafamilia.res@outlook.com,-22.488510166189336,-44.502525329589844,1244,M,001,08/10/2025
3304307593244,7593244,CLINICA DA FAMILIA DR JOSE MARIO DO NASCIMENTO LAGE,SECRETARIA MUNICIPAL DE SAUDE DE RIO BONITO,Clinica da familia,AMBULATORIO,"RODOVIA BR 101, S/N, KM 265, PRACA CRUZEIRO - CEP 28800000",PRACA CRUZEIRO,28800000,RIO BONITO,330430,,,-22.711431303111134,-42.64675855636597,1244,M,016,24/02/2025
3304527528655,7528655,CLINICA DA FAMILIA PAULO HENRIQUE GUSSEM,PREFEITURA MUNICIPAL DE RIO DAS OSTRAS,Clinica da familia,UNIDADE BASICA DE SAUDE,"RUA DAS BROMELIAS, S/N, ANCORA - CEP 28899425",ANCORA,28899425,RIO DAS OSTRAS,330452,22 27714022,clinicadafamiliaphg@gmail.com,-22.4855561,-41.9118908,1244,M,001,18/09/2025
3304556310354,6310354,CLINICA DA FAMILIA,CLINICA DA FAMILIA LTDA,Clinica da familia,AMBULATORIO,"RUA SILVA RABELO, 57, SAL 601 E 610, MEIER - CEP 20735080",MEIER,20735080,RIO DE JANEIRO,330455,,,-22.898,-43.282,2062,M,016,29/12/2025
3304554127110,4127110,CPA CLINICA PENSAR E AGIR,CLINICA DA FAMILIA SAUDE E DESENVOLVIMENTO LTDA,Clinica da familia,AMBULATORIO,"AV DOM HELDER CAMARA, 5200, SALA 710, CACHAMBI - CEP 20771004",CACHAMBI,20771004,RIO DE JANEIRO,330455,,,-22.88349685,-43.32355672509527,2062,M,016,06/03/2026
3304806503136,6503136,CLINICA DA FAMILIA VEREADOR VALDEMIR HESPANHOL DINIZ,SECRETARIA MUNICIPAL DE SAUDE E PROMOCAO SOCIAL,Clinica da familia,UNIDADE BASICA DE SAUDE,"AV THEODORO GOUVEIA DE ABREU, 774, RODOVIA, SAO VICENTE DE PAULA - CEP 28400000",SAO VICENTE DE PAULA,28400000,SAO FIDELIS,330480,2227581413,,-21.652302778065092,-41.7430579662323,1244,M,001,25/02/2026
3304757892071,7892071,CLINICA DA FAMILIA GERMANO BARROS DELGADO,MUNICIPIO DE SAO FRANCISCO DE ITABAPOANA,Clinica da familia,UNIDADE BASICA DE SAUDE,"RODOVIA AFONSO CELSO, 02, CENTRO - CEP 28230000",CENTRO,28230000,SAO FRANCISCO DE ITABAPOANA,330475,22998515556,,-21.475446950589546,-41.117722392082214,1244,M,001,26/09/2025
3305105643961,5643961,CLINICA DA FAMILIA ROSEMIRA NASCIF SIMAO,MUNICIPIO DE SAO JOAO DE MERITI,Clinica da familia,UNIDADE BASICA DE SAUDE,"RUA VALERIO VILLAS BOAS, 11, PREDIO 1, CENTRO - CEP 25520000",CENTRO,25520000,SAO JOAO DE MERITI,330510,,,-22.802472561357455,-43.37202787399292,1244,M,001,05/03/2026
3305102284081,2284081,CLINICA DA FAMILIA VILA SAO JOAO,SECRETARIA MUNICIPAL DE SAUDE DE SAO JOAO DE MERITI,Clinica da familia,UNIDADE BASICA DE SAUDE,"RUA EUCLIDES DA CUNHA, S/N, VILA SAO JOAO - CEP 25570000",VILA SAO JOAO,25570000,SAO JOAO DE MERITI,330510,21 27519942,vilasaojoao3@gmail.com,-22.804213249939068,-43.37226390838623,1244,M,001,25/03/2026
3305557773781,7773781,CLINICA DA FAMILIA NO VASQUINHO,MUNICIPIO DE SEROPEDICA,Clinica da familia,UNIDADE BASICA DE SAUDE,"RUA NITEROI, S/N, CAMPO LINDO - CEP 23898024",CAMPO LINDO,23898024,SEROPEDICA,330555,,,-22.8043393,-43.6481264,1244,M,001,25/03/2025
3306007492693,7492693,CLINICA DA FAMILIA JOSE DA SILVA,PREFEITURA MUNICIPAL DE TRES RIOS,Clinica da familia,AMBULATORIO,"PRACA ARSONVAL MACEDO, 1800, VILA ISABEL - CEP 25812075",VILA ISABEL,25812075,TRES RIOS,330600,024 22523029,clinicadafamilia@tresrios.org.br,-22.105979383452304,-43.19303124815889,1244,M,016,09/10/2025
3306202981629,2981629,CLINICA DA FAMILIA DR EDSNEIDER ROCHA PIRES DE SOUZA,MUNICIPIO DE VASSOURAS,Clinica da familia,AMBULATORIO,"AVENIDA MARECHAL PAULO TORRES, 477, CENTRO - CEP 27700000",CENTRO,27700000,VASSOURAS,330620,08007487813 R 415,,-22.402339630166765,-43.661770820617676,1244,M,016,05/03/2026
3300205747406,5747406,POSTO DE SAUDE DE AURORA,SMS DE ARARUAMA,Posto de saude,UNIDADE BASICA DE SAUDE,"RODOVIA 124 KM 6, 6, AURORA - CEP 28985535",AURORA,28985535,ARARUAMA,330020,,,-22.833958,-42.416551,1031,M,001,15/04/2025
3300202272067,2272067,POSTO DE SAUDE DE BOA VISTA,SECRETARIA MUNICIPAL DE SAUDE DE ARARUAMA,Posto de saude,UNIDADE BASICA DE SAUDE,"EST DE BOA VISTA, S/N, CASA, BOA VISTA - CEP 28985535",BOA VISTA,28985535,ARARUAMA,330020,,,-22.834227,-42.346617,1031,M,001,15/04/2025
3300302287757,2287757,POSTO DE SAUDE ALBERT SABIN,MUNICIPIO DE BARRA DO PIRAI,Posto de saude,UNIDADE DE APOIO DIAGNOSTICO,"RUA ANGELICA, 38, CENTRO - CEP 27110260",CENTRO,27110260,BARRA DO PIRAI,330030,(24)24436553,albertsabin78@yahoo.com.br,-22.46506,-43.828845,1244,M,018,02/04/2026
3300502696681,2696681,POSTO DE SAUDE DA FAMILIA ALTO DE SAO JOSE,FUNDO MUNICIPAL DE SAUDE DE BOM JARDIM,Posto de saude,UNIDADE BASICA DE SAUDE,"RUA CLESIO COELHO CAETANO, S/N, ALTO DE SAO JOSE - CEP 28660000",ALTO DE SAO JOSE,28660000,BOM JARDIM,330050,(22)25662766,,-22.185483,-42.4078657,1244,M,001,05/01/2026
3300502696703,2696703,POSTO DE SAUDE DA FAMILIA BOA ESPERANCA,FUNDO MUNICIPAL DE SAUDE DE BOM JARDIM,Posto de saude,UNIDADE BASICA DE SAUDE,"RUA PRINCIPAL, S/N, JARDIM BOA ESPERANCA - CEP 28660000",JARDIM BOA ESPERANCA,28660000,BOM JARDIM,330050,(22)25662766,saudebj@altarede.com.br,-22.15990865,-42.41000737,1244,M,001,05/01/2026
3300502282844,2282844,POSTO DE SAUDE DA FAMILIA DE BARRA ALEGRE,FUNDO MUNICIPAL DE SAUDE DE BOM JARDIM,Posto de saude,UNIDADE BASICA DE SAUDE,"RUA RAUL EMERICK, 05, BARRA ALEGRE - CEP 28660000",BARRA ALEGRE,28660000,BOM JARDIM,330050,(22)25662766,,-22.236291,-42.296946,1244,M,001,05/01/2026
3300503040631,3040631,POSTO DE SAUDE DA FAMILIA DE SAO MIGUEL,FUNDO MUNICIPAL DE SAUDE DE BOM JARDIM,Posto de saude,UNIDADE BASICA DE SAUDE,"ESTRADA RJ 146 KM 01, S/N, SAO MIGUEL - CEP 28660000",SAO MIGUEL,28660000,BOM JARDIM,330050,(22)25662766,saude.jardim@gmail.com,-22.169068,-42.421204,1244,M,001,09/12/2025
3300502282917,2282917,POSTO DE SAUDE DE BANQUETE,FUNDO MUNICIPAL DE SAUDE DE BOM JARDIM,Posto de saude,AMBULATORIO,"RUA JULIO CAETANO DA SILVA, 01, BANQUETE - CEP 28660000",BANQUETE,28660000,BOM JARDIM,330050,(22)25662766,,-22.1768196,-42.4746375,1244,M,016,10/08/2022
3300502282836,2282836,POSTO DE SAUDE SAO JOSE,FUNDO MUNICIPAL DE SAUDE DE BOM JARDIM,Posto de saude,UNIDADE BASICA DE SAUDE,"RUA SERAPHIM GONCALVES COELHO, 18, SAO JOSE - CEP 28660000",SAO JOSE,28660000,BOM JARDIM,330050,(22)25662766,,-22.2028185,-42.3942158,1244,M,001,05/01/2026
3300902289903,2289903,POSTO DE SAUDE DE TRES IRMAOS,SECRETARIA MUNICIPAL DE SAUDE DE CAMBUCI,Posto de saude,UNIDADE BASICA DE SAUDE,"RUA GUININ GUINATIUS, S/N, CENTRO - CEP 28435000",CENTRO,28435000,CAMBUCI,330090,,,-21.630383075938916,-41.99203670024872,1244,M,001,29/10/2025
3301102267632,2267632,POSTO DE SAUDE CAMPO ALEGRE CANTAGALO,PREFEITURA MUNICIPAL DE CANTAGALO,Posto de saude,AMBULATORIO,"SAO SEBASTIAO DO PARAIBA, 01, 4 DISTRITO - CEP 28500000",4 DISTRITO,28500000,CANTAGALO,330110,2225555193,contato@saudecantagalo.rj.gov.br,-21.754551,-42.371079,1244,M,016,15/09/2025
3301102267586,2267586,POSTO DE SAUDE NOVO HORIZONTE,PREFEITURA MUNICIPAL DE CANTAGALO,Posto de saude,AMBULATORIO,"TAQUARA DE BAIXO, 01, NOVO HORIZONTE - CEP 28500000",NOVO HORIZONTE,28500000,CANTAGALO,330110,2225555193,contato@saudecantagalo.rj.gov.br,-21.960240847676538,-42.359161376953125,1244,M,016,15/09/2025
3301202271680,2271680,POSTO DE SAUDE AURORA,SECRETARIA MUNICIPAL DE SAUDE DE CARMO,Posto de saude,AMBULATORIO,"FAZENDA AURORA, S/N, ZONA RURAL, AURORA - CEP 28640000",AURORA,28640000,CARMO,330120,3291429373,smscarmorj2021@gmail.com,-21.91605425105657,-42.66386032104492,1244,M,016,12/02/2025
3301202271621,2271621,POSTO DE SAUDE CORREGO DA PRATA,SECRETARIA MUNICIPAL DE SAUDE DE CARMO,Posto de saude,AMBULATORIO,"RUA JOSE RODRIGUES DA SILVA, 48, BENFICA, CORREGO DA PRATA - CEP 28640000",CORREGO DA PRATA,28640000,CARMO,330120,2225375046,smscarmorj2021@gmail.com,-21.86424691993039,-42.48633563518524,1244,M,016,12/02/2025
3300952271079,2271079,POSTO DE SAUDE AFONSO ARINOS,MUNICIPIO DE COMENDADOR LEVY GASPARIAN,Posto de saude,AMBULATORIO,"AVENIDA AMARAL PEIXOTO, 326, FRENTE A CARDAO, AFONSO ARINOS - CEP 25875970",AFONSO ARINOS,25875970,COMENDADOR LEVY GASPARIAN,330095,2422541614,saudelevygasparian@gmail.com,-22.012371319958092,-43.33750247955322,1244,M,016,22/10/2025
3300959135537,9135537,POSTO DE SAUDE CONJUNTO LUIZ BENTO ARGON SOBRINHO,MUNICIPIO DE COMENDADOR LEVY GASPARIAN,Posto de saude,AMBULATORIO,"ESTRADA UNIAO INDUSTRIA KM 130, 200, AREA 20, RETA - CEP 25871480",RETA,25871480,COMENDADOR LEVY GASPARIAN,330095,,saudelevygasparian@gmail.com,-22.057666482501514,-43.207388520240784,1244,M,016,22/10/2025
3300957384734,7384734,POSTO DE SAUDE FABRICA,MUNICIPIO DE COMENDADOR LEVY GASPARIAN,Posto de saude,AMBULATORIO,"RUA AUGUSTA, 33, FABRICA - CEP 25870240",FABRICA,25870240,COMENDADOR LEVY GASPARIAN,330095,,saudelevygasparian@gmail.com,-22.0330722,-43.1901426,1244,M,016,22/10/2025
3300957384726,7384726,POSTO DE SAUDE GULF,MUNICIPIO DE COMENDADOR LEVY GASPARIAN,Posto de saude,AMBULATORIO,"RUA SUZANO SANTANA DE LIMA, 110, LOT RAIO DE SOL, GULF - CEP 25870120",GULF,25870120,COMENDADOR LEVY GASPARIAN,330095,24992716593,saudelevygasparian@gmail.com,-22.034640310525727,-43.226115703582764,1244,M,016,22/10/2025
3301402290138,2290138,POSTO DE SAUDE ANTONIO HENRIQUE,SECRETARIA MUNICIPAL DE SAUDE DE CONCEICAO DE MACABU,Posto de saude,UNIDADE BASICA DE SAUDE,"RUA PRINCIPAL, S/N, PITEIRA - CEP 28740000",PITEIRA,28740000,CONCEICAO DE MACABU,330140,2227703060,semsa@conceicaodemacabu.rj.gov.br,-22.083296153505188,-41.90205663442612,1244,M,001,07/04/2022
3301402290146,2290146,POSTO DE SAUDE EROTILDES SOARES,SECRETARIA MUNICIPAL DE SAUDE DE CONCEICAO DE MACABU,Posto de saude,UNIDADE BASICA DE SAUDE,"RUA PRINCIPAL, S/N, VILA TAVARES - CEP 28740000",VILA TAVARES,28740000,CONCEICAO DE MACABU,330140,2227703060,semsa@conceicaodemacabu.rj.gov.br,-22.097139361898993,-41.830972731113434,1244,M,001,24/09/2025
3301402290170,2290170,POSTO DE SAUDE SILVIO SOARES TAVARES,SECRETARIA MUNICIPAL DE SAUDE DE CONCEICAO DE MACABU,Posto de saude,UNIDADE BASICA DE SAUDE,"ROD RJ 182, S/N, KM 12, CURATO - CEP 28740000",CURATO,28740000,CONCEICAO DE MACABU,330140,2227703060,semsa@conceicaodemacabu.rj.gov.br,-22.12370855192429,-41.82193636894226,1244,M,001,24/09/2025
3301602267985,2267985,POSTO DE SAUDE DE BOM JARDIM,SMS DUAS BARRAS,Posto de saude,AMBULATORIO,"POVOADO DE BOM JARDIM, 1, BOM JARDIM - CEP 28650000",BOM JARDIM,28650000,DUAS BARRAS,330160,,,-22.051529,-42.522657,1244,M,016,28/10/2024
3301602267853,2267853,POSTO DE SAUDE DE HOLOFOTE,SMS DUAS BARRAS POSTO 05,Posto de saude,AMBULATORIO,"RUA BENEDITO BENTO VELOSO, 66, HOLOFOTE - CEP 28655000",HOLOFOTE,28655000,DUAS BARRAS,330160,,,-22.051683,-42.522862,1244,M,016,28/10/2024
3301602267993,2267993,POSTO DE SAUDE DE MONNERAT,SECRETARIA MUNICIPAL DE SAUDE DE DUAS BARRAS,Posto de saude,AMBULATORIO,"RUA PORCIUNCULA, 10, MONNERAT - CEP 28655000",MONNERAT,28655000,DUAS BARRAS,330160,,,-22.07604719473395,-42.40519207899342,1244,M,016,10/09/2025
3301602267861,2267861,POSTO DE SAUDE DE VARGEM GRANDE,SMS DUAS BARRAS POSTO 06,Posto de saude,AMBULATORIO,"VARGEM GRANDE, 1, VARGEM GRANDE - CEP 28650000",VARGEM GRANDE,28650000,DUAS BARRAS,330160,,,-22.051937,-42.522386,1244,M,016,28/10/2024
3301807526156,7526156,POSTO DE SAUDE DA GRAMA,SECRETARIA MUNICIPAL DE SAUDE,Posto de saude,UNIDADE BASICA DE SAUDE,"RUA JOAO JANUARIO, 685, GRAMA - CEP 26650000",GRAMA,26650000,ENGENHEIRO PAULO DE FRONTIN,330180,2424631666,Ssmsepf@gmail.com,-22.549976773396097,-43.677756786346436,1244,M,001,07/05/2025
3301803381617,3381617,POSTO DE SAUDE DA GRAMINHA,SECRETARIA MUNICIPAL DE SAUDE DE ENGENHEIRO PAULO DE FRONTIN,Posto de saude,UNIDADE BASICA DE SAUDE,"RUA B, 185, GRAMINHA - CEP 26650000",GRAMINHA,26650000,ENGENHEIRO PAULO DE FRONTIN,330180,24633254,sms-epf@ig.com.br,-22.5504556,-43.6783403,1244,M,001,11/01/2022
3301805536502,5536502,POSTO DE SAUDE DE PALMAS,SECRETARIA MUNICIPAL DE ENGENHEIRO PAULO DE FRONITN,Posto de saude,UNIDADE BASICA DE SAUDE,"ESTRADA DE PALMAS, S/N, PALMAS - CEP 26650000",PALMAS,26650000,ENGENHEIRO PAULO DE FRONTIN,330180,24631666,sms-epf@ig.com.br,-22.4725905,-43.6486496,1244,M,001,11/01/2022
3301802277085,2277085,POSTO DE SAUDE DE PALMEIRA DA SERRA,SMS ENGENHEIRO PAULO DE FRONTIN,Posto de saude,UNIDADE BASICA DE SAUDE,"RUA MANOEL DE LUCAS, S/N, PALMEIRA DA SERRA - CEP 26650000",PALMEIRA DA SERRA,26650000,ENGENHEIRO PAULO DE FRONTIN,330180,24631666,sms-epf@ig.com.br,-22.549778601913875,-43.6780571937561,1244,M,001,07/05/2025
3302702266881,2266881,UNIDADE DE SAUDE DA FAMILIA CENTRAL,POSTO DE SAUDE ILDEFONSO GONCALVES FERREIRA,Posto de saude,UNIDADE BASICA DE SAUDE,"RUA CLIMACO PEREIRA, 241, CENTRO - CEP 24902035",CENTRO,24902035,MARICA,330270,(21)26341590,gerencia.usfcentral@gmail.com,-22.9234386,-42.8165191,1244,M,001,14/11/2025
3302902282976,2282976,POSTO DE SAUDE DR MANOEL VIEIRA MUNIZ,SECRETARIA MUNICIPAL DE SAUDE DE MIGUEL PEREIRA,Posto de saude,AMBULATORIO,"MARCO DA COSTA, S/N, MARCO DA COSTA - CEP 26900000",MARCO DA COSTA,26900000,MIGUEL PEREIRA,330290,(24)24843994,,-22.48216571666772,-43.40842008590698,1244,M,016,26/09/2025
3302902282933,2282933,POSTO DE SAUDE LEOPOLDO MICHALSK,SECRETARIA MUNICIPAL DE SAUDE DE MIGUEL PEREIRA,Posto de saude,AMBULATORIO,"EST DAS PALMEIRAS, S/N, LAGOA DAS LONTRAS - CEP 26900000",LAGOA DAS LONTRAS,26900000,MIGUEL PEREIRA,330290,(24)24843994,,-22.48260190688063,-43.41691732406616,1244,M,016,13/01/2026
3302902282968,2282968,POSTO DE SAUDE MANOEL PINTO DE SOUZA,SECRETARIA MUNICIPAL DE SAUDE DE MIGUEL PEREIRA,Posto de saude,AMBULATORIO,"EST RJ 125, S/N, CONRADO - CEP 26920000",CONRADO,26920000,MIGUEL PEREIRA,330290,(24)24832029,,-22.533250098804466,-43.56675624847412,1244,M,016,26/09/2025
3302902282984,2282984,POSTO DE SAUDE MIGUEL PEREIRA,SECRETARIA MUNICIPAL DE SAUDE DE MIGUEL PEREIRA,Posto de saude,AMBULATORIO,"AL DA PONTREZINA, 548, PRACA DA PONTE - CEP 26900000",PRACA DA PONTE,26900000,MIGUEL PEREIRA,330290,2424830794,,-22.44062221877865,-43.45963954925537,1244,M,016,26/09/2025
3302902283034,2283034,POSTO DE SAUDE SARAH K OLIVEIRA,SECRETARIA MUNICIPAL DE SAUDE DE MIGUEL PEREIRA,Posto de saude,AMBULATORIO,"RUA DONA CARLOTA, 155, GOVERNADOR PORTELA - CEP 26910000",GOVERNADOR PORTELA,26910000,MIGUEL PEREIRA,330290,(24)24841733,,-22.47728822342103,-43.49886417388916,1244,M,016,06/02/2026
3302902283190,2283190,POSTO DE SAUDE SENADOR ROBERTO CAMPOS,SECRETARIA MUNICIPAL DE SAUDE DE MIGUEL PEREIRA,Posto de saude,AMBULATORIO,"RUA HAMILTON ALEXANDRE, 40, CENTRO - CEP 26900000",CENTRO,26900000,MIGUEL PEREIRA,330290,(24)24842175,,-22.45312623763673,-43.472514152526855,1244,M,016,05/03/2026
3303002285886,2285886,POSTO DE SAUDE IRINEU SODRE,MUNICIPIO DE MIRACEMA,Posto de saude,AMBULATORIO,"AV NILO PECANHA, 59, CENTRO - CEP 28460000",CENTRO,28460000,MIRACEMA,330300,2238528543,saudemiracema@ig.com.br,-21.41692,-42.19896,1244,M,016,02/10/2025
3303002285819,2285819,SUBPOSTO DE SAUDE DE AREIAS,MUNICIPIO DE MIRACEMA,Posto de saude,UNIDADE BASICA DE SAUDE,"AREIAS, S/N, DISTRITO, AREIAS - CEP 28460000",AREIAS,28460000,MIRACEMA,330300,(24)38520408,,-21.40322,-42.10954,1244,M,001,09/06/2025
3303102704315,2704315,POSTO DE SAUDE DE OURANIA PSF,FUNDO MUNICPAL DE SAUDE,Posto de saude,UNIDADE BASICA DE SAUDE,"RUA JOSE GONCALVES DA ROCHA, S/N, OURANIA - CEP 28380000",OURANIA,28380000,NATIVIDADE,330310,2238412041,SAUDE.NATIVIDADERJ@GMAIL.COM,-21.033818045291927,-41.89106225967407,1244,M,001,03/09/2025
3303102704331,2704331,POSTO DE SAUDE DO QUERENDO PSF,FUNDO MUNICPAL DE SAUDE,Posto de saude,UNIDADE BASICA DE SAUDE,"PRACA FRANCISCO ROSA DA SILVA, S/N, QUERENDO - CEP 28380000",QUERENDO,28380000,NATIVIDADE,330310,2238412041,SAUDE.NATIVIDADERJ@GMAIL.COM,-20.983118761544883,-41.85188055038452,1244,M,001,17/03/2025
3303107203691,7203691,POSTO DE SAUDE FERNANDO SAMARY FRANCA PSF,FUNDO MUNICPAL DE SAUDE,Posto de saude,UNIDADE BASICA DE SAUDE,"RUA GOV ROBERTO SILVEIRA, 269, LADO B, LIBERDADE - CEP 28380000",LIBERDADE,28380000,NATIVIDADE,330310,2238411632,SAUDE.NATIVIDADERJ@GMAIL.COM,-21.039926435798183,-41.98009014129639,1244,M,001,19/09/2025
3303102704323,2704323,POSTO DE SAUDE M A R JUNIOR PSF,FUNDO MUNICPAL DE SAUDE,Posto de saude,UNIDADE BASICA DE SAUDE,"RUA PROJETADA, S/N, VILA DA PAZ - CEP 28380000",VILA DA PAZ,28380000,NATIVIDADE,330310,2238412041,SAUDE.NATIVIDADERJ@GMAIL.COM,-21.02373940888406,-41.989013858885926,1244,M,001,05/05/2025
3303102294265,2294265,POSTO DE SAUDE POPULAR NOVA PSF,FUNDO MUNICPAL DE SAUDE,Posto de saude,UNIDADE BASICA DE SAUDE,"AV TANCREDO LOPES, S/N, POPULAR NOVA - CEP 28380000",POPULAR NOVA,28380000,NATIVIDADE,330310,2238411248,SAUDE.NATIVIDADERJ@GMAIL.COM,-21.047816903874484,-41.960906982421875,1244,M,001,24/02/2025
3303102704307,2704307,POSTO DE SAUDE SAO PEDRO PSF,FUNDO MUNICPAL DE SAUDE,Posto de saude,UNIDADE BASICA DE SAUDE,"LOTEAMENTO COOPEDRATIVA HABITACIONAL NATIVIDADE, S/N, COHANA - CEP 28380000",COHANA,28380000,NATIVIDADE,330310,2238412041,SAUDE.NATIVIDADERJ@GMAIL.COM,-21.051278864967156,-41.970243752002716,1244,M,001,19/09/2025
3303102696371,2696371,POSTO DE SAUDE SINDICATO PSF,FUNDO MUNICPAL DE SAUDE,Posto de saude,UNIDADE BASICA DE SAUDE,"RUA GOV ROBERTO SILVEIRA, 269, LADO A, SINDICATO - CEP 28380000",SINDICATO,28380000,NATIVIDADE,330310,2238411632,SAUDE.NATIVIDADERJ@GMAIL.COM,-21.039961483217727,-41.98024570941925,1244,M,001,03/09/2025
3303202290634,2290634,POSTO DE SAUDE NOVO HORIZONTE,NILOPOLIS PREFEITURA,Posto de saude,UNIDADE BASICA DE SAUDE,"RUA DR MARIO VALADARES, S/N, NOVO HORIZONTE - CEP 26545550",NOVO HORIZONTE,26545550,NILOPOLIS,330320,(21)27915770,,-22.800721248318585,-43.4084619814441,1244,M,001,05/12/2025
3303209624058,9624058,POSTO DE SAUDE OLINDA II,MUNICIPIO DE NILOPOLIS,Posto de saude,UNIDADE BASICA DE SAUDE,"RUA PEDRO ROQUE, 13, OLINDA - CEP 26510058",OLINDA,26510058,NILOPOLIS,330320,21970196911,armandopiano77@gmail.com,-22.8197799,-43.4109253,1244,M,001,19/02/2025
3303402271850,2271850,POSTO DE SAUDE DR TUNNEY KASSUGA,MUNICIPIO DE NOVA FRIBURGO,Posto de saude,UNIDADE BASICA DE SAUDE,"RUA VICENTE SOBRINHO, S/N, OLARIA - CEP 28623400",OLARIA,28623400,NOVA FRIBURGO,330340,22 2543-6281,,-22.305604333314545,-42.53983329056557,1244,M,001,10/04/2026
3303402271834,2271834,POSTO DE SAUDE DR WALDIR COSTA,MUNICIPIO DE NOVA FRIBURGO,Posto de saude,UNIDADE BASICA DE SAUDE,"RUA JOSE ERNESTO KNUST, 184, CONSELHEIRO PAULINO - CEP 28635495",CONSELHEIRO PAULINO,28635495,NOVA FRIBURGO,330340,(22) 2527-1420,polinorte.pmnf@gmail.com,-22.231104947984814,-42.521868328579835,1244,M,001,23/02/2026
3303502282062,2282062,MINI POSTO DE SAUDE DE TINGUAZINHO,MINI POSTO DE SAUDE DE TINGUAZINHO,Posto de saude,AMBULATORIO,"RUA SAO JORGE, 580, AUSTIN - CEP 26032110",AUSTIN,26032110,NOVA IGUACU,330350,27632594,,-22.776323,-43.5611458,3999,M,016,20/03/2026
3303502282046,2282046,MINI POSTO DE SAUDE ROSA DOS VENTOS,MINI POSTO DE SAUDE ROSA DOS VENTOS,Posto de saude,AMBULATORIO,"RUA ARARAPIRA, 431, CASA 2, AUSTIN - CEP 26285160",AUSTIN,26285160,NOVA IGUACU,330350,26575488,,-22.7246497,-43.5301992,3999,M,016,20/03/2026
3303502298635,2298635,MINI POSTO DE VILA GUIMARAES,MINI POSTO DE SAUDE DE VILA GUIMARAES,Posto de saude,AMBULATORIO,"R TUFAO, 170, AUSTIN - CEP 26285510",AUSTIN,26285510,NOVA IGUACU,330350,27631078,,-22.7061857,-43.5339959,3999,M,016,20/03/2026
3303502281791,2281791,POSTO DE SAUDE SANTA RITA DE CASSSIA,CARITAS DIOCESANA DE NOVA IGUACU,Posto de saude,AMBULATORIO,"RUA AIDA, 01, CRUZEIRO DO SUL - CEP 26012790",CRUZEIRO DO SUL,26012790,NOVA IGUACU,330350,27685306,,-22.6958004,-43.4228322,3999,M,016,02/08/2022
3303602279428,2279428,POSTO DE SAUDE MUNICIPAL CABRAL,MUNICIPIO DE PARACAMBI,Posto de saude,AMBULATORIO,"EST RJ 127, S/N, CABRAL - CEP 26600000",CABRAL,26600000,PARACAMBI,330360,(21)26832587,,-22.69429,-43.75175,1244,M,016,31/10/2025
3303603560600,3560600,POSTO DE SAUDE MUNICIPAL PACHECO,MUNICIPIO DE PARACAMBI,Posto de saude,UNIDADE BASICA DE SAUDE,"RUA PREFEITO JOSE MARIA LIMA, 112, AREA RURAL, PACHECO - CEP 26600000",PACHECO,26600000,PARACAMBI,330360,( ),semus.pbi@ig.com.br,-22.55728,-43.69501,1244,M,001,31/10/2025
3303609037616,9037616,POSTO DE SAUDE MUNICIPAL PONTE COBERTA,MUNICIPIO DE PARACAMBI,Posto de saude,AMBULATORIO,"ESTRADA EDUARDO PEREIRA DIAS, S/N, PONTE COBERTA - CEP 26600000",PONTE COBERTA,26600000,PARACAMBI,330360,,,-22.6379924,-43.7238068,1244,M,016,31/10/2025
3303602279363,2279363,POSTO DE SAUDE MUNICIPAL VITORIA DA UNIAO,MUNICIPIO DE PARACAMBI,Posto de saude,UNIDADE BASICA DE SAUDE,"ESTRADA DA FAZENDA DA VITORIA DA UNIAO, 100, AREA RURAL, LAGES - CEP 26600000",LAGES,26600000,PARACAMBI,330360,(21)26832587,,-22.62578,-43.70233,1244,M,001,31/10/2025
3303902275821,2275821,POSTO DE SAUDE DA COMAC,MUNICIPIO DE PETROPOLIS,Posto de saude,AMBULATORIO,"RUA SOUZA FRANCO, 590, CENTRO - CEP 25625080",CENTRO,25625080,PETROPOLIS,330390,(24)22422851,,-22.51455,-43.17173,1244,M,016,17/04/2025
3304202288605,2288605,POSTO DE SAUDE DE RESENDE,SECRETARIA MUNICIPAL DE SAUDE DE RESENDE,Posto de saude,AMBULATORIO,"RUA DOUTOR JOAO MAIA, 42, CENTRO - CEP 27511070",CENTRO,27511070,RESENDE,330420,(24) 3354-3866,usresende@yahoo.com,-22.469138857523802,-44.44635182619095,1244,M,016,23/03/2026
3304202288400,2288400,POSTO DE SAUDE DO MANEJO,SECRETARIA MUNICIPAL DE SAUDE DE RESENDE,Posto de saude,AMBULATORIO,"AVENIDA TENENTE CORONEL ADALBERTO MENDES, 975, MANEJO - CEP 27521131",MANEJO,27521131,RESENDE,330420,(24) 3354-7505,ps_manejo@outlook.com,-22.4713299142156,-44.467324018478394,1244,M,016,23/03/2026
3304302696673,2696673,POSTO DE SAUDE CENTRAL,SECRETARIA MUNICIPAL DE SAUDE DE RIO BONITO,Posto de saude,UNIDADE BASICA DE SAUDE,"RUA GETULIO VARGAS, 109, CENTRO - CEP 28800000",CENTRO,28800000,RIO BONITO,330430,2127340610,,-22.710065519451412,-42.6251882314682,1244,M,001,23/01/2024
3304302285274,2285274,POSTO DE SAUDE DE JACUNDA,SECRETARIA MUNICIPAL DE SAUDE DE RIO BONITO,Posto de saude,AMBULATORIO,"ESTRADA DE JACUNDA, S/N, JACUNDA - CEP 28800000",JACUNDA,28800000,RIO BONITO,330430,2127340610,smsriobonito@bol.com.br,-22.778713896595676,-42.47589111328125,1244,M,016,18/07/2024
3304602268477,2268477,POSTO DE SAUDE DE DR LORETI,MUNICIPIO DE SANTA MARIA MADALENA,Posto de saude,UNIDADE BASICA DE SAUDE,"DR LORETI, S/N, DR LORETI - CEP 28770000",DR LORETI,28770000,SANTA MARIA MADALENA,330460,,,-22.02963780070074,-42.009315490722656,1244,M,001,06/09/2024
3304602268353,2268353,POSTO DE SAUDE DE OSORIO BERSOT,MUNICIPIO DE SANTA MARIA MADALENA,Posto de saude,UNIDADE BASICA DE SAUDE,"OSORIO BERSOT, S/N, OSORIO BERSOT - CEP 28770000",OSORIO BERSOT,28770000,SANTA MARIA MADALENA,330460,,,-22.034968500816735,-41.88769340515137,1244,M,001,30/09/2025
3304602268345,2268345,POSTO DE SAUDE DE SANTO ANTONIO DO IMBE,MUNICIPIO DE SANTA MARIA MADALENA,Posto de saude,UNIDADE BASICA DE SAUDE,"SANTO ANTONIO DO IMBE, S/N, CENTRO - CEP 28770000",CENTRO,28770000,SANTA MARIA MADALENA,330460,(24)25611266,,-21.987860445032084,-41.876020431518555,1244,M,001,30/09/2025
3304602268485,2268485,POSTO DE SAUDE DE TERRAS FRIAS,MUNICIPIO DE SANTA MARIA MADALENA,Posto de saude,UNIDADE BASICA DE SAUDE,"TERRAS FRIAS, S/N, TERRAS FRIAS - CEP 28770000",TERRAS FRIAS,28770000,SANTA MARIA MADALENA,330460,,,-21.9448766149108,-41.96571350097656,1244,M,001,30/09/2025
3304602268426,2268426,POSTO DE SAUDE DE VILA SAMPAIO,MUNICIPIO DE SANTA MARIA MADALENA,Posto de saude,UNIDADE BASICA DE SAUDE,"VILA SAMPAIO, S/N, VILA SAMPAIO - CEP 28770000",VILA SAMPAIO,28770000,SANTA MARIA MADALENA,330460,,,-21.95506655060487,-42.008070945739746,1244,M,001,05/09/2024
3305102274698,2274698,POSTO DE SAUDE COELHO DA ROCHA,SECRETARIA MUNICIPAL DE SAUDE DE SAO JOAO DE MERITI,Posto de saude,UNIDADE BASICA DE SAUDE,"R EX COMBATENTES, S/N, COELHO DA ROCHA - CEP 25550000",COELHO DA ROCHA,25550000,SAO JOAO DE MERITI,330510,26511028,,-22.804173689081857,-43.37209224700928,1244,M,001,25/03/2026
3305202280566,2280566,POSTO DE SAUDE TRES VENDAS,SECRETARIA MUNICIPAL DE SAUDE DE SAO PEDRO DA ALDEIA,Posto de saude,UNIDADE BASICA DE SAUDE,"ESTRADA DAS TRES VENDAS, S/N, CASA, TRES VENDAS - CEP 28947752",TRES VENDAS,28947752,SAO PEDRO DA ALDEIA,330520,22 2627 6687,saudespa@hotmail.com,-22.83413774664464,-42.09684133529663,1031,M,001,25/06/2024
3305502274183,2274183,POSTO DE SAUDE DE ENGENHO GRANDE,SECRETARIA MUNICIPAL DE SAUDE DE SAQUAREMA,Posto de saude,UNIDADE BASICA DE SAUDE,"EST DO ENGENHO GRANDE, S/N, ENGENHO GRANDE - CEP 28993001",ENGENHO GRANDE,28993001,SAQUAREMA,330550,,,-22.86787155405743,-42.381649017333984,1244,M,001,27/02/2026
3305702268167,2268167,POSTO DE SAUDE DO LAJEADO,SMS SUMIDOURO,Posto de saude,AMBULATORIO,"LAJEADO, S/N, ZONA RURAL - CEP 28637000",ZONA RURAL,28637000,SUMIDOURO,330570,,,-22.069798,-42.615822,1244,M,016,04/11/2025
3305702268140,2268140,POSTO DE SAUDE JOSE EZEQUIEL DE SOUZA,SMS SUMIDOURO,Posto de saude,UNIDADE BASICA DE SAUDE,"SANTO ANDRE, S/N, ZONA RURAL - CEP 28637000",ZONA RURAL,28637000,SUMIDOURO,330570,,,-22.2401374,-42.6996202,1244,M,001,04/11/2025
3305702268159,2268159,POSTO DE SAUDE SALVADOR LONGO,SMS SUMIDOURO,Posto de saude,UNIDADE BASICA DE SAUDE,"MURINELI, S/N, ZONA RURAL - CEP 28637000",ZONA RURAL,28637000,SUMIDOURO,330570,,,-22.102435,-42.604766,1244,M,001,04/11/2025
3305902285614,2285614,POSTO DE SAUDE BARRA DOS PASSOS,DR JOSE DE MORAIS SOUZA,Posto de saude,UNIDADE BASICA DE SAUDE,"TV 1, S/N, PROXIMO A PRACA, BARRA DOS PASSOS - CEP 28750000",BARRA DOS PASSOS,28750000,TRAJANO DE MORAES,330590,,,-22.063498,-42.066519,1244,M,001,06/06/2025
3305902285649,2285649,POSTO DE SAUDE DE SODRELANDIA,SECRETARIA MUNICIPAL DE SAUDE DE TRAJANO DE MORAIS,Posto de saude,UNIDADE BASICA DE SAUDE,"RUA PRINCIPAL, S/N, CENTRO, CENTRO - CEP 28750000",CENTRO,28750000,TRAJANO DE MORAES,330590,,,-22.063171,-42.066747,1244,M,001,06/06/2025
3305902285673,2285673,POSTO DE SAUDE MARIA COUTO DA SILVA,POSTO DE SAUDE MARIA COUTO DA SILVA,Posto de saude,UNIDADE BASICA DE SAUDE,"RUA PRINCIPAL, S/N, CENTRO, SERRA DAS ALMAS - CEP 28757000",SERRA DAS ALMAS,28757000,TRAJANO DE MORAES,330590,,,-22.063648,-42.066485,1244,M,001,06/06/2025
3305902285665,2285665,POSTO DE SAUDE PONTE NOVA,POSTO DE SAUDE PONTE NOVA,Posto de saude,UNIDADE BASICA DE SAUDE,"AV NO CARNEIRO, S/N, CENTRO, PONTE NOVA - CEP 28765000",PONTE NOVA,28765000,TRAJANO DE MORAES,330590,,,-22.063487,-42.066341,1244,M,001,06/06/2025
3300102280841,2280841,AME AMBULATORIO MEDICO DE ESPECIALIDADE DA JAPUIBA,SECRETARIA MUNICIPAL DE SAUDE,UBS / Atencao basica,UNIDADE BASICA DE SAUDE,"RUA PREFEITO JOAO GREGORIO GALINDO, 7005, JAPUIBA - CEP 23934005",JAPUIBA,23934005,ANGRA DOS REIS,330010,2433778850,,-22.9837,-44.30334,1244,M,001,17/10/2025
3300102281023,2281023,CENTRO COMUNITARIO DE SAUDE BELEM,SECRETARIA MUNICIPAL DE SAUDE,UBS / Atencao basica,UNIDADE BASICA DE SAUDE,"RUA EXODO, S/N, BELEM - CEP 23935265",BELEM,23935265,ANGRA DOS REIS,330010,2433777760,,-22.957,-44.288,1244,M,001,17/10/2025
3300102977141,2977141,CLINICA BASE,BASE CENTRO DE ESPECIALIDADE LTDA,UBS / Atencao basica,UNIDADE BASICA DE SAUDE,"AVENIDA JOSE ELIAS RABHA, 280, SALAS 13 15 17 E 19, BALNEARIO - CEP 23906510",BALNEARIO,23906510,ANGRA DOS REIS,330010,24999878919,CECLINICABASE@GMAIL.COM,-22.99991,-44.30486,2062,M,001,21/05/2024
3300100877271,0877271,ESF VALE DA BANQUETA,MUNICIPIO DE ANGRA DOS REIS,UBS / Atencao basica,UNIDADE BASICA DE SAUDE,"ESTRADA DA BANQUETA, 2150, COND VALE DA BANQUE, BANQUETA - CEP 23933600",BANQUETA,23933600,ANGRA DOS REIS,330010,2433776206,,-22.9677,-44.28036,1244,M,001,09/01/2026
3300104653734,4653734,ESTACIO DE SA ANGRA DOS REIS,SOCIEDADE DE ENSINO SUPERIOR ESTACIO DE SA,UBS / Atencao basica,UNIDADE BASICA DE SAUDE,"AVENIDA DOS TRABALHADORES, 179, JACUECANGA - CEP 23914360",JACUECANGA,23914360,ANGRA DOS REIS,330010,21970008267,JUNIOR.JOAO@YDUQO.COM.BR,-22.994677,-44.23765596689468,2062,M,001,15/12/2025
3300102698579,2698579,ESTRATEGIA DE SAUDE DA FAMILIA BANQUETA,SECRETARIA MUNICIPAL DE SAUDE,UBS / Atencao basica,UNIDADE BASICA DE SAUDE,"ESTRADA DA BANQUETA, 81, APOS A 1 PONTE, BANQUETA - CEP 23933600",BANQUETA,23933600,ANGRA DOS REIS,330010,2433685458,,-22.967,-44.273,1244,M,001,25/07/2025
3300105865859,5865859,ESTRATEGIA DE SAUDE DA FAMILIA CAMORIM PEQUENO,SECRETARIA MUNICIPAL DE SAUDE,UBS / Atencao basica,UNIDADE BASICA DE SAUDE,"RUA CHICO MENDES, 19, CAMORIM PEQUENO - CEP 23912005",CAMORIM PEQUENO,23912005,ANGRA DOS REIS,330010,2433688413,,-23.004,-44.28,1244,M,001,27/06/2025
3300102281066,2281066,ESTRATEGIA DE SAUDE DA FAMILIA CANTAGALO,SECRETARIA MUNICIPAL DE SAUDE,UBS / Atencao basica,UNIDADE BASICA DE SAUDE,"RUA DO CANTAGALO, 01, CANTAGALO - CEP 23919510",CANTAGALO,23919510,ANGRA DOS REIS,330010,2433682341,,-23.029,-44.173,1244,M,001,27/06/2025
3300102281031,2281031,ESTRATEGIA DE SAUDE DA FAMILIA DA CAPUTERA,SECRETARIA MUNICIPAL DE SAUDE,UBS / Atencao basica,UNIDADE BASICA DE SAUDE,"ESTRADA DA CAPUTERA, 16, CAPUTERA - CEP 23915700",CAPUTERA,23915700,ANGRA DOS REIS,330010,2433618227,,-22.974,-44.221,1244,M,001,23/01/2026
3300102920131,2920131,ESTRATEGIA DE SAUDE DA FAMILIA DA JAPUIBA I,MUNICIPIO DE ANGRA DOS REIS,UBS / Atencao basica,UNIDADE BASICA DE SAUDE,"RUA PREFEITO JOAO GREGORIO GALINDO, 7005, JAPUIBA - CEP 23914160",JAPUIBA,23914160,ANGRA DOS REIS,330010,,,-22.9837,-44.30335,1244,M,001,12/02/2026
3300106029213,6029213,ESTRATEGIA DE SAUDE DA FAMILIA DO ABRAAO,SECRETARIA MUNICIPAL DE SAUDE,UBS / Atencao basica,UNIDADE BASICA DE SAUDE,"RUA GETULIO VARGAS, S/N, ABRAAO - CEP 23900010",ABRAAO,23900010,ANGRA DOS REIS,330010,2433615523,,-23.14,-44.168,1244,M,001,21/10/2025
3300109331506,9331506,ESTRATEGIA DE SAUDE DA FAMILIA DO AREAL CAMPO BELO II,SECRETARIA MUNICIPAL DE SAUDE,UBS / Atencao basica,UNIDADE BASICA DE SAUDE,"RUA ANGRA DOS REIS, 1, S N AREAL, AREAL - CEP 23932165",AREAL,23932165,ANGRA DOS REIS,330010,24 33776340,,-22.981,-44.295,1244,M,001,30/06/2025
3300102280981,2280981,ESTRATEGIA DE SAUDE DA FAMILIA DO BALNEARIO,SECRETARIA MUNICIPAL DE SAUDE,UBS / Atencao basica,UNIDADE BASICA DE SAUDE,"RUA COMANDANTE SILVIO TRILHO, S/N, BALNEARIO - CEP 23906220",BALNEARIO,23906220,ANGRA DOS REIS,330010,2433656357,,-23.003,-44.308,1244,M,001,02/09/2025
3300109787518,9787518,ESTRATEGIA DE SAUDE DA FAMILIA DO BONFIM CONTORNO,SECRETARIA MUNICIPAL DE SAUDE,UBS / Atencao basica,UNIDADE BASICA DE SAUDE,"ESTRADA VEREADOR BENEDITO ADELINO, S/N, BONFIM - CEP 23909070",BONFIM,23909070,ANGRA DOS REIS,330010,33776827,,-23.02,-44.335,1244,M,001,23/01/2026
3300107332343,7332343,ESTRATEGIA DE SAUDE DA FAMILIA DO PONTAL,SECRETARIA MUNICIPAL DE SAUDE,UBS / Atencao basica,UNIDADE BASICA DE SAUDE,"RUA COSTA DO SOL, S/N, GAMBOA - CEP 23942345",GAMBOA,23942345,ANGRA DOS REIS,330010,,,-22.947,-44.331,1244,M,001,30/06/2025
3300102281155,2281155,ESTRATEGIA DE SAUDE DA FAMILIA DO PROVETA,SECRETARIA MUNICIPAL DE SAUDE,UBS / Atencao basica,UNIDADE BASICA DE SAUDE,"PRAIA DO PROVETA, S/N, TRAVESSA NOBRE, PROVETA - CEP 23900010",PROVETA,23900010,ANGRA DOS REIS,330010,2433741990,,-23.18052,-44.3432,1244,M,001,30/06/2025
3300105698278,5698278,ESTRATEGIA DE SAUDE DA FAMILIA ENCRUZO DA ENSEADA,SECRETARIA MUNICIPAL DE SAUDE,UBS / Atencao basica,UNIDADE BASICA DE SAUDE,"RUA IVLAIR GARCIA DE OLIVIERA, 6, ENCRUZO DA ENSEADA - CEP 23930500",ENCRUZO DA ENSEADA,23930500,ANGRA DOS REIS,330010,2433775102,,-22.986,-44.309,1244,M,001,25/07/2025
3300105106524,5106524,ESTRATEGIA DE SAUDE DA FAMILIA FRADE MODULO III,SECRETARIA MUNICIPAL DE SAUDE,UBS / Atencao basica,UNIDADE BASICA DE SAUDE,"RUA CONSTANCIA, 278, MORRO DA CONSTANCIA, FRADE - CEP 23946280",FRADE,23946280,ANGRA DOS REIS,330010,2433693962,,-22.984,-44.414,1244,M,001,30/06/2025
3300102280930,2280930,ESTRATEGIA DE SAUDE DA FAMILIA MARINAS,SECRETARIA MUNICIPAL DE SAUDE,UBS / Atencao basica,UNIDADE BASICA DE SAUDE,"ESTRADA DO MARINAS, 226, MARINAS - CEP 23907205",MARINAS,23907205,ANGRA DOS REIS,330010,2433778799,,-23.013,-44.301,1244,M,001,10/04/2026
3300103379337,3379337,ESTRATEGIA DE SAUDE DA FAMILIA MARITIMA,PREFEITURA MUNICIPAL DE ANGRA DOS REIS,UBS / Atencao basica,UNIDADE BASICA DE SAUDE,"PRAIA DO MATARIZ, 1, ILHA GRANDE - CEP 23900315",ILHA GRANDE,23900315,ANGRA DOS REIS,330010,(24)33775903,,-23.115,-44.26,1244,M,001,30/06/2025
3300105856728,5856728,ESTRATEGIA DE SAUDE DA FAMILIA MORRO DA CARIOCA,SECRETARIA MUNICIPAL DE SAUDE,UBS / Atencao basica,UNIDADE BASICA DE SAUDE,"RUA JOSE RIEGERT, 52, MORRO DA CARIOCA - CEP 23902300",MORRO DA CARIOCA,23902300,ANGRA DOS REIS,330010,2433671681,,-23.0091,-44.32137,1244,M,001,23/01/2026
3300102280973,2280973,ESTRATEGIA DE SAUDE DA FAMILIA MORRO DA CRUZ,SECRETARIA MUNICIPAL DE SAUDE,UBS / Atencao basica,UNIDADE BASICA DE SAUDE,"RUA PREFEITO JOAO GREGORIO GALINDO, 2920, MORRO DA CRUZ - CEP 23905010",MORRO DA CRUZ,23905010,ANGRA DOS REIS,330010,2433687080,,-22.997,-44.321,1244,M,001,23/01/2026
3300105681383,5681383,ESTRATEGIA DE SAUDE DA FAMILIA NOVA ANGRA,SECRETARIA MUNICIPAL DE SAUDE,UBS / Atencao basica,UNIDADE BASICA DE SAUDE,"RUA SILVA JARDIM, 309, NOVA ANGRA - CEP 23933235",NOVA ANGRA,23933235,ANGRA DOS REIS,330010,2433696557,,-22.973,-44.295,1244,M,001,09/01/2026
3300105909236,5909236,ESTRATEGIA DE SAUDE DA FAMILIA NOVA ANGRA II,SECRETARIA MUNICIPAL DE SAUDE,UBS / Atencao basica,UNIDADE BASICA DE SAUDE,"RUA VINICIUS DE MORAIS, 309, NOVA ANGRA - CEP 23933050",NOVA ANGRA,23933050,ANGRA DOS REIS,330010,2433696557,,-22.975,-44.295,1244,M,001,12/02/2026
3300102698587,2698587,ESTRATEGIA DE SAUDE DA FAMILIA PEQUENAS PRAIAS,SECRETARIA MUNICIPAL DE SAUDE,UBS / Atencao basica,UNIDADE BASICA DE SAUDE,"ILHA GRANDE, 01, ILHA GRANDE - CEP 23900010",ILHA GRANDE,23900010,ANGRA DOS REIS,330010,,,-23.155,-44.304,1244,M,001,30/06/2025
3300102281414,2281414,ESTRATEGIA DE SAUDE DA FAMILIA PEREQUE MODULO 1,SECRETARIA MUNICIPAL DE SAUDE,UBS / Atencao basica,UNIDADE BASICA DE SAUDE,"RUA 15 DE MAIO, 185, PEREQUE - CEP 23953160",PEREQUE,23953160,ANGRA DOS REIS,330010,2433625891,,-23.015,-44.535,1244,M,001,30/06/2025
3300102281422,2281422,ESTRATEGIA DE SAUDE DA FAMILIA PEREQUE MODULO 2,SECRETARIA MUNICIPAL DE SAUDE,UBS / Atencao basica,UNIDADE BASICA DE SAUDE,"JOSE DE ANDRADE SAMPAIO, 472, PEREQUE - CEP 23953020",PEREQUE,23953020,ANGRA DOS REIS,330010,2433626627,,-23.015,-44.542,1244,M,001,30/06/2025
3300102281430,2281430,ESTRATEGIA DE SAUDE DA FAMILIA PEREQUE MODULO 3,SECRETARIA MUNICIPAL DE SAUDE,UBS / Atencao basica,UNIDADE BASICA DE SAUDE,"RUA 2 VILAGE IMPERIAL, 153, ANTIGA RUA 20, PEREQUE - CEP 23953070",PEREQUE,23953070,ANGRA DOS REIS,330010,2433625864,,-23.011,-44.539,1244,M,001,09/01/2026
3300102281449,2281449,ESTRATEGIA DE SAUDE DA FAMILIA PEREQUE MODULO 4,SECRETARIA MUNICIPAL DE SAUDE,UBS / Atencao basica,UNIDADE BASICA DE SAUDE,"RUA DA LIMEIRA, 130, PEREQUE - CEP 23953400",PEREQUE,23953400,ANGRA DOS REIS,330010,2433626406,,-23.011,-44.53,1244,M,001,30/06/2025
3300102698595,2698595,ESTRATEGIA DE SAUDE DA FAMILIA PEREQUE MODULO 5,SECRETARIA MUNICIPAL DE SAUDE,UBS / Atencao basica,UNIDADE BASICA DE SAUDE,"RUA SAO JERONIMO, 315, PARQUE PEREQUE - CEP 23953080",PARQUE PEREQUE,23953080,ANGRA DOS REIS,330010,2433624554,,-23.011,-44.532,1244,M,001,12/02/2026
3300103379418,3379418,ESTRATEGIA DE SAUDE DA FAMILIA PEREQUE MODULO 6,SECRETARIA MUNICIPAL DE SAUDE,UBS / Atencao basica,UNIDADE BASICA DE SAUDE,"RUA JULIO MARIA, 81, FRENTE BAR FERREIRA, PARQUE PEREQUE - CEP 23953000",PARQUE PEREQUE,23953000,ANGRA DOS REIS,330010,2433626330,,-23.01,-44.529,1244,M,001,21/10/2025
3300102280817,2280817,ESTRATEGIA DE SAUDE DA FAMILIA PORTOGALO,SECRETARIA MUNICIPAL DE SAUDE,UBS / Atencao basica,UNIDADE BASICA DE SAUDE,"GLEBA G, S/N, PORTOGALO - CEP 23917000",PORTOGALO,23917000,ANGRA DOS REIS,330010,2433614505,,-23.033,-44.197,1244,M,001,09/01/2026
3300105856736,5856736,ESTRATEGIA DE SAUDE DA FAMILIA PRAIA DO ANIL,SECRETARIA MUNICIPAL DE SAUDE,UBS / Atencao basica,UNIDADE BASICA DE SAUDE,"RUA LEANDRO JOSE FIGUEIREDO, 38, PRAIA DO ANIL - CEP 23904100",PRAIA DO ANIL,23904100,ANGRA DOS REIS,330010,2433672585,,-23.004,-44.313,1244,M,001,30/06/2025
3300106029191,6029191,ESTRATEGIA DE SAUDE DA FAMILIA SAPINHATUBA I,SECRETARIA MUNICIPAL DE SAUDE,UBS / Atencao basica,UNIDADE BASICA DE SAUDE,"RUA CINCO, S/N, ATRAS DO COLEGIO, SAPINHATUBA I - CEP 23910000",SAPINHATUBA I,23910000,ANGRA DOS REIS,330010,2433654028,,-23.0,-44.298,1244,M,001,30/06/2025
3300102280892,2280892,ESTRATEGIA DE SAUDE DA FAMILIA SAPINHATUBA II,SECRETARIA MUNICIPAL DE SAUDE,UBS / Atencao basica,UNIDADE BASICA DE SAUDE,"RUA 15, S/N, SAPINHATUBA II - CEP 23910310",SAPINHATUBA II,23910310,ANGRA DOS REIS,330010,2433775915,,-23.005,-44.298,1244,M,001,30/06/2025
3300103005631,3005631,ESTRATEGIA DE SAUDE DA FAMILIA SAPINHATUBA III,SECRETARIA MUNICIPAL DE SAUDE,UBS / Atencao basica,UNIDADE BASICA DE SAUDE,"RUA DA ESPERANCA, S/N, SAPINHATUBA III - CEP 23910640",SAPINHATUBA III,23910640,ANGRA DOS REIS,330010,2433773193,,-23.006,-44.292,1244,M,001,23/01/2026
3300102281007,2281007,ESTRATEGIA DE SAUDE DA FAMILIA SERRA D AGUA,SECRETARIA MUNICIPAL DE SAUDE,UBS / Atencao basica,UNIDADE BASICA DE SAUDE,"ESTRADA ANGRA GETULANDIA, S/N, SERRA D AGUA - CEP 23938000",SERRA D AGUA,23938000,ANGRA DOS REIS,330010,2433677316,,-22.89,-44.279,1244,M,001,30/06/2025
3300102281104,2281104,ESTRATEGIA DE SAUDE DA FAMILIA VILA HISTORICA,SECRETARIA MUNICIPAL DE SAUDE,UBS / Atencao basica,UNIDADE BASICA DE SAUDE,"RUA DAS FLORES, 420, A, VILA HISTORICA - CEP 23951310",VILA HISTORICA,23951310,ANGRA DOS REIS,330010,2433622312,,-23.024,-44.518,1244,M,001,30/06/2025
3300102281090,2281090,ESTRATEGIA DE SAUDE DA PETROBRAS,SECRETARIA MUNICIPAL DE SAUDE,UBS / Atencao basica,UNIDADE BASICA DE SAUDE,"RUA EAP, 01, VILA PETROBRAS - CEP 23915010",VILA PETROBRAS,23915010,ANGRA DOS REIS,330010,2433613336,,-23.003,-44.236,1244,M,001,01/07/2025
3300100973211,0973211,FISIO BIA FISIOTERAPIA E ESTETICA LTDA,FISIO BIA CLINICA DE FISIOTERAPIA E ESTETICA LTDA,UBS / Atencao basica,UNIDADE BASICA DE SAUDE,"RUA SETE DE ABRIL, 451, PARQUE MAMBUCABA - CEP 23954065",PARQUE MAMBUCABA,23954065,ANGRA DOS REIS,330010,24998321703,fisiobia2000@gmail.com,-23.00817,-44.539,2062,M,001,09/01/2023
3300109860142,9860142,SAE SERV DE ATEND ESPECIALIZADO IST AIDS E HEPATITES VIRAIS,MUNICIPIO DE ANGRA DOS REIS,UBS / Atencao basica,UNIDADE BASICA DE SAUDE,"PRACA GENERAL OSORIO, 36, SALA 13, CENTRO - CEP 23900600",CENTRO,23900600,ANGRA DOS REIS,330010,24 3367 8069,,-23.00718,-44.31625,1244,M,001,21/10/2025
3300109806318,9806318,SERVICO DE ATENDIMENTO ESPECIALIZADO EM HANSENIASE,PREFEITURA MUNICIPAL DE ANGRA DOS REIS,UBS / Atencao basica,UNIDADE BASICA DE SAUDE,"PRACA GENERAL OSORIO, 36, SALA 34, CENTRO - CEP 23900600",CENTRO,23900600,ANGRA DOS REIS,330010,24 3377 8681,,-23.00722,-44.31621,1244,M,001,21/10/2025
3300109860134,9860134,SERVICO DE ATENDIMENTO ESPECIALIZADO EM TUBERCULOSE,MUNICIPIO DE ANGRA DOS REIS,UBS / Atencao basica,UNIDADE BASICA DE SAUDE,"PRACA GENERAL OSORIO, 36, SALA 33, CENTRO - CEP 23900600",CENTRO,23900600,ANGRA DOS REIS,330010,24 3377 8681,,-23.00718,-44.31624,1244,M,001,21/10/2025
3300102281074,2281074,UNIDADE DE SAUDE CAMORIM,SECRETARIA MUNICIPAL DE SAUDE,UBS / Atencao basica,UNIDADE BASICA DE SAUDE,"RUA IRMA IRENE, S/N, CAMORIM - CEP 23912425",CAMORIM,23912425,ANGRA DOS REIS,330010,2433658413,,-22.99792,-44.26382,1244,M,001,01/07/2025
3300109591028,9591028,UNIDADE DE SAUDE DA FAMILIA DA JAPUIBA,SECRETARIA MUNICIPAL DE SAUDE DE ANGRA DOS REIS,UBS / Atencao basica,UNIDADE BASICA DE SAUDE,"RUA CABO FRIO, 193, CASA 1, JAPUIBA - CEP 23934585",JAPUIBA,23934585,ANGRA DOS REIS,330010,,,-22.979,-44.306,1244,M,001,05/08/2025
3300102281058,2281058,UNIDADE DE SAUDE DE MONSUABA,SECRETARIA MUNICIPAL DE SAUDE,UBS / Atencao basica,UNIDADE BASICA DE SAUDE,"RUA SANTINHO MARQUES, 186, MONSUABA - CEP 23916060",MONSUABA,23916060,ANGRA DOS REIS,330010,2433611015,,-23.009,-44.223,1244,M,001,01/07/2025
3300102281112,2281112,UNIDADE DE SAUDE DO BRACUHY,SECRETARIA MUNICIPAL DE SAUDE,UBS / Atencao basica,UNIDADE BASICA DE SAUDE,"RODOVIA PROCURADOR HAROLDO FERNANDES DUARTE, S/N, 504 6, BRACUHY - CEP 23943000",BRACUHY,23943000,ANGRA DOS REIS,330010,2433631841,,-22.933584906964594,-44.39200758934021,1244,M,001,07/08/2025
3300102280965,2280965,UNIDADE DE SAUDE DO MORRO DO PERES E GLORIA I,SECRETARIA MUNICIPAL DE SAUDE,UBS / Atencao basica,UNIDADE BASICA DE SAUDE,"RUA A, 01, MORRO DA GLORIA - CEP 23904610",MORRO DA GLORIA,23904610,ANGRA DOS REIS,330010,2433687337,,-22.998,-44.313,1244,M,001,25/03/2026
3300155464080,5464080,ESF 003 CENTRAL,MUNICIPIO DE APERIBE,UBS / Atencao basica,UNIDADE BASICA DE SAUDE,"RUA HELIO SILVEIRA SIQUEIRA, S/N, CENTRO - CEP 28495000",CENTRO,28495000,APERIBE,330015,2238641439,,-21.621735945582785,-42.10211992263794,1244,M,001,05/11/2025
3300154969286,4969286,ESF PINHEIROS,MUNICIPIO DE APERIBE,UBS / Atencao basica,UNIDADE BASICA DE SAUDE,"RUA IRACEMA DE SOUZA MEDEIROS, S/N, PINHEIROS - CEP 28495000",PINHEIROS,28495000,APERIBE,330015,,,-21.631049249489138,-42.10361680328702,1244,M,001,03/04/2025
3300152267489,2267489,ESF PONTE SECA PS JOSE MOREIRA DA FONSECA,MUNICIPIO DE APERIBE,UBS / Atencao basica,UNIDADE BASICA DE SAUDE,"RUA GENOCY COELHO DA SILVA, S/N, PONTE SECA - CEP 28495000",PONTE SECA,28495000,APERIBE,330015,2238641439,,-21.624438852754885,-42.117226123809814,1244,M,001,03/01/2024
3300155877881,5877881,ESF PORTO DAS BARCAS,MUNICIPIO DE APERIBE,UBS / Atencao basica,UNIDADE BASICA DE SAUDE,"RUA DIOMAR DE ALMEIDA BAIRRAL, S/N, PORTO DAS BARCAS - CEP 28495000",PORTO DAS BARCAS,28495000,APERIBE,330015,2238641439,saude.aperibe@bol.com.br,-21.665066130330516,-42.0896315574646,1244,M,001,03/01/2024
3300152295458,2295458,ESTRATEGIA SAUDE DA FAMILIA PALMEIRAS,MUNICIPIO DE APERIBE,UBS / Atencao basica,UNIDADE BASICA DE SAUDE,"RUA CARLOS EDUARDO BOECHAT, 5, PALMEIRAS - CEP 28495000",PALMEIRAS,28495000,APERIBE,330015,2238641439,,-21.62731125958744,-42.10338592529297,1244,M,001,30/04/2025
3300150391778,0391778,UBS FAGUNDES,FUNDO MUNICIPAL DE SAUDE DE APERIBE,UBS / Atencao basica,UNIDADE BASICA DE SAUDE,"RUA ANTONIO DE SOUZA FAGUNDES, S/N, FAGUNDES - CEP 28495000",FAGUNDES,28495000,APERIBE,330015,,,-21.64421267275036,-42.09477177845561,1244,M,001,21/01/2025
3300204360591,4360591,CENTRO DE SAUDE CUIDAR,C M FABER DA SILVA CONSULTORIO MEDICO PEDIATRICO LTDA,UBS / Atencao basica,AMBULATORIO,"RUA PRINCESA ISABEL, 621, QD 01 LT05, NOSSA SENHORA DE NAZ - CEP 28979440",NOSSA SENHORA DE NAZ,28979440,ARARUAMA,330020,,,-22.87395,-42.3474694,2062,M,016,12/05/2025
3300200421804,0421804,CENTRO INTEGRADO MATERNO INFANTIL ATENCAO BASICA,SECRETARIA MUNICIPAL DE SAUDE,UBS / Atencao basica,UNIDADE BASICA DE SAUDE,"AVENDIA MAJOR FELIX MOREIRA 267, 267, 1, CENTRO - CEP 28979102",CENTRO,28979102,ARARUAMA,330020,,dicim2013@hotmail.com,-22.8749975,-42.3392136,1031,M,001,22/09/2025
3300200220752,0220752,ESF AREAL,SECRETARIA MUNICIPAL DE SAUDE,UBS / Atencao basica,UNIDADE BASICA DE SAUDE,"RUA PREFEITO ANTONIO RAPOSO, 067, LOT LACIA PORTO, AREAL - CEP 28976474",AREAL,28976474,ARARUAMA,330020,,,-22.8852641,-42.370544,1031,M,001,15/10/2025
3300204724038,4724038,ESF JARDIM CALIFORNIA,SECRETARIA MUNICIPAL DE SAUDE,UBS / Atencao basica,UNIDADE BASICA DE SAUDE,"RUA DA ASSEMBLEIA, S/N, JARDIM CALIFORNIA - CEP 28987316",JARDIM CALIFORNIA,28987316,ARARUAMA,330020,,,-22.806250618559172,-42.362937927246094,1031,M,001,02/07/2025
3300200220760,0220760,ESF NORIVAL CARVALHO,SECRETARIA MUNICIPAL DE SAUDE,UBS / Atencao basica,UNIDADE BASICA DE SAUDE,"ESTRADA NORIVAL CARVALHO, S/N, 1, NORIVAL CARVALHO - CEP 28989420",NORIVAL CARVALHO,28989420,ARARUAMA,330020,,,-22.877420695115227,-42.38353729248047,1031,M,001,15/04/2025
3300204724003,4724003,ESF PARATY,SECRETARIA MUNICIPAL DE SAUDE,UBS / Atencao basica,UNIDADE BASICA DE SAUDE,"RUA ARAGUIANA, 217, PARATY - CEP 28982808",PARATY,28982808,ARARUAMA,330020,,,-22.872319995223457,-42.330665588378906,1031,M,001,18/11/2025
3300202272059,2272059,ESF POSSE,SECRETARIA MUNICIPAL DE SAUDE DE ARARUAMA,UBS / Atencao basica,UNIDADE BASICA DE SAUDE,"EST DA POSSE, S/N, POSSE - CEP 28985535",POSSE,28985535,ARARUAMA,330020,,,-22.836945920943844,-42.29393005371094,1031,M,001,15/10/2025
3300209964827,9964827,ESF QUILOMBOLA SOBARA,SMS SECRETARIA MUNICIPAL DE SAUDE DE ARARUAMA,UBS / Atencao basica,UNIDADE BASICA DE SAUDE,"ESTRADA DE SOBARA, S/N, SOBARA - CEP 28988752",SOBARA,28988752,ARARUAMA,330020,,,-22.636289,-42.2026203,1031,M,001,15/10/2025
3300204489438,4489438,ESF VILA CANAA,SECRETARIA MUNICIPAL DE SAUDE,UBS / Atencao basica,UNIDADE BASICA DE SAUDE,"RUA ALICE LEOCADIA DE SOUZA 96, 96, VILA CANAA - CEP 28985300",VILA CANAA,28985300,ARARUAMA,330020,,,-22.840264,-42.3362256,1031,M,001,18/11/2025
3300204489411,4489411,ESF XV DE NOVEMBRO,SECRETARIA MUNICIPAL DE SAUDE DE ARARUAMA,UBS / Atencao basica,UNIDADE BASICA DE SAUDE,"RUA PRINCESA ISABEL, 316, XV DE NOVEMBRO - CEP 28979440",XV DE NOVEMBRO,28979440,ARARUAMA,330020,,,-22.8784276,-42.358953,1031,M,001,15/10/2025
3300202272083,2272083,NUCLEO DE SAUDE COLETIVA,SECRETARIA MUNICIPAL DE SAUDE DE ARARUAMA,UBS / Atencao basica,UNIDADE BASICA DE SAUDE,"AV BRASIL, 10, ED DELFIM CARVALHO, CENTRO - CEP 28979123",CENTRO,28979123,ARARUAMA,330020,22)26657316,,-22.872359536269474,-42.335708141326904,1031,M,001,03/02/2026
3300207681968,7681968,PSF BANANEIRAS,SMS SECRETARIA MUNICIPAL DE SAUDE DE ARARUAMA,UBS / Atencao basica,UNIDADE BASICA DE SAUDE,"RUA BRAS DE PINA, S/N, BANANEIRAS - CEP 28971410",BANANEIRAS,28971410,ARARUAMA,330020,,,-22.873896,-42.3000308,1031,M,001,13/08/2025
3300200283029,0283029,PSF BOA PERNA,SECRETARIA MUNICIPAL DE SAUDE,UBS / Atencao basica,UNIDADE BASICA DE SAUDE,"LOTEAMENTO PARQUE FIGUEIREDO SECAO 1, 12, 1 DISTRITO, BOA PERNA - CEP 28979660",BOA PERNA,28979660,ARARUAMA,330020,,,-22.8851999,-42.3706168,1031,M,001,15/10/2025
3300202272032,2272032,PSF DE IGUABINHA,SECRETARIA MUNICIPAL DE SAUDE DE ARARUAMA,UBS / Atencao basica,UNIDADE BASICA DE SAUDE,"RUA ALMIR GUIMARAES, 10, IGUABINHA - CEP 28971131",IGUABINHA,28971131,ARARUAMA,330020,,,-22.859493,-42.284031,1031,M,001,12/05/2025
3300202271931,2271931,PSF DE ITATIQUARA,SECRETARIA MUNICIPAL DE SAUDE DE ARARUAMA,UBS / Atencao basica,UNIDADE BASICA DE SAUDE,"ESTRADA DE MORRO GRANDE, S/N, ITATIQUARA - CEP 28985618",ITATIQUARA,28985618,ARARUAMA,330020,,,-22.832159,-42.3628951,1031,M,001,15/10/2025
3300202271974,2271974,PSF DE MORRO GRANDE,SECRETARIA MUNICIPAL DE SAUDE DE ARARUAMA,UBS / Atencao basica,UNIDADE BASICA DE SAUDE,"PRACA DE MORRO GRANDE, S/N, MORRO GRANDE - CEP 28987500",MORRO GRANDE,28987500,ARARUAMA,330020,,,-22.8800038,-42.3963125,1031,M,001,15/10/2025
3300205746809,5746809,PSF DE PARACATU,SMS ARARUAMA,UBS / Atencao basica,UNIDADE BASICA DE SAUDE,"ESTRADA VELHA DE RIO BONITO, S/N, PARACATU - CEP 28986330",PARACATU,28986330,ARARUAMA,330020,,,-22.8718155,-42.342183,1031,M,001,15/04/2025
3300202271982,2271982,PSF DE PONTES DOS LEITES,SECRETARIA MUNICIPAL DE SAUDE DE ARARUAMA,UBS / Atencao basica,UNIDADE BASICA DE SAUDE,"AVENIDA JOAQUIM BARBO9A, 18, PONTE DOS LEITES - CEP 28976714",PONTE DOS LEITES,28976714,ARARUAMA,330020,,,-22.8846305,-42.4085869,1031,M,001,15/10/2025
3300202272008,2272008,PSF DE PRAIA SECA,SECRETARIA MUNICIPAL DE SAUDE DE ARARUAMA,UBS / Atencao basica,UNIDADE BASICA DE SAUDE,"ESTRADA DE PRAIA SECA, S/N, KM 11 5, PRAIA SECA - CEP 28972872",PRAIA SECA,28972872,ARARUAMA,330020,,,-22.923140500419283,-42.344398498535156,1031,M,001,15/10/2025
3300202272016,2272016,PSF DE SOBRADINHO,SECRETARIA MUNICIPAL DE SAUDE DE ARARUAMA,UBS / Atencao basica,UNIDADE BASICA DE SAUDE,"ESTRADA DE TRES VENDAS, S/N, SOBRADINHO - CEP 28988752",SOBRADINHO,28988752,ARARUAMA,330020,,,-22.6885179,-42.2059211,1031,M,001,22/10/2025
3300202271990,2271990,PSF FAZENDINHA,SECRETARIA MUNICIPAL DE SAUDE DE ARARUAMA,UBS / Atencao basica,UNIDADE BASICA DE SAUDE,"RUA ANTONIO DA CUNHA, 98, PARQUE ALVES BRANCO, FAZENDINHA - CEP 28984305",FAZENDINHA,28984305,ARARUAMA,330020,,,-22.85173731880267,-42.321739196777344,1031,M,001,12/05/2025
3300202271966,2271966,PSF MATARUNA,SECRETARIA MUNICIPAL DE SAUDE DE ARARUAMA,UBS / Atencao basica,UNIDADE BASICA DE SAUDE,"RUA BARAO DE VASSOURAS, S/N, PQ MATARUNA - CEP 28981155",PQ MATARUNA,28981155,ARARUAMA,330020,(24)26654337,,-22.8623299,-42.3477835,1031,M,001,15/10/2025
3300202271958,2271958,PSF SAO VICENTE,SECRETARIA MUNICIPAL DE SAUDE DE ARARUAMA,UBS / Atencao basica,UNIDADE BASICA DE SAUDE,"RUA DA SAUDADE, S/N, QD 4 LT 5, SAO VICENTE - CEP 28988824",SAO VICENTE,28988824,ARARUAMA,330020,,,-22.723749,-42.262985,1031,M,001,15/04/2025
3300222296322,2296322,PSF ALBERTO TORRES,PREFEITURA MUNICIPAL DE AREAL,UBS / Atencao basica,UNIDADE BASICA DE SAUDE,"AV JORGE LUIS DOS SANTOS, S/N, ALBERTO TORRES - CEP 25845000",ALBERTO TORRES,25845000,AREAL,330022,2422579703,arealsaude@ig.com.br,-22.20617310677253,-43.14226332883532,1244,M,001,18/09/2025
3300222285983,2285983,PSF AMAZONAS,PREFEITURA MUNICIPAL DE AREAL,UBS / Atencao basica,UNIDADE BASICA DE SAUDE,"RUA AMAZONAS, S/N, AMAZONAS - CEP 25845000",AMAZONAS,25845000,AREAL,330022,2422579704,arealsaude@ig.com.br,-22.231338,-43.0859205,1244,M,001,18/09/2025
3300222285940,2285940,PSF CEDRO,PREFEITURA MUNICIPAL DE AREAL,UBS / Atencao basica,UNIDADE BASICA DE SAUDE,"ROD BR 040, S/N, KM 43, CEDRO - CEP 25845000",CEDRO,25845000,AREAL,330022,(24)22579719,arealsaude@ig.com.br,-22.27848462831509,-43.11155945440877,1244,M,001,18/09/2025
3300225724465,5724465,PSF DELICIA,PREFEITURA MUNICIPAL DE AREAL,UBS / Atencao basica,UNIDADE BASICA DE SAUDE,"RUA MANOEL BATISTA DE ANDRADE, 113, CASA, DELICIA - CEP 25845000",DELICIA,25845000,AREAL,330022,2422579714,arealsaude@gmail.com,-22.2430726,-43.1039354,1244,M,001,18/09/2025
3300222696770,2696770,PSF GABY,PREFEITURA MUNICIPAL DE AREAL,UBS / Atencao basica,UNIDADE BASICA DE SAUDE,"AV AMARAL PEIXOTO, 1077, GABY - CEP 25845000",GABY,25845000,AREAL,330022,(24)22579717,arealsaude@ig.com.br,-22.2438236,-43.0967731,1244,M,001,18/09/2025
3300238195498,8195498,CENTRO DE SAUDE INTEGRADO MARA,CENTRO DE SAUDE INTEGRADO MARA LTDA,UBS / Atencao basica,AMBULATORIO,"AVENIDA JOSE BENTO RIBEIRO DANTAS, 4994, MANGUINHOS - CEP 28953814",MANGUINHOS,28953814,ARMACAO DOS BUZIOS,330023,,,-22.77390959703354,-41.927704340472864,2062,M,016,02/04/2026
3300236798802,6798802,CLINICA BUZIOS,CENTRO DE DIAGNOSTICO DE BUZIOS LTDA,UBS / Atencao basica,UNIDADE BASICA DE SAUDE,"AVENIDA JOSE BENTO RIBEIRO DANTAS, 1233, PARTE, MANGUINHOS - CEP 28950000",MANGUINHOS,28950000,ARMACAO DOS BUZIOS,330023,22 26232465,,-22.770077852739316,-41.91053509712219,2062,M,001,22/02/2021
3300239269398,9269398,CLINICA MEDICA MAIS SAUDE,CLINICA MEDICA MAIS SAUDE LTDA ME,UBS / Atencao basica,UNIDADE BASICA DE SAUDE,"DE BUZIOS, 01, LOTE 01, SAO JOSE - CEP 28950000",SAO JOSE,28950000,ARMACAO DOS BUZIOS,330023,22 88269232,,-22.779342041120895,-41.93508267402649,2062,M,001,19/07/2022
3300239360174,9360174,MED CENTER BUZIOS,DG CLINICA MEDICA LTDA ME,UBS / Atencao basica,UNIDADE BASICA DE SAUDE,"RUA PORTO BELO, S/N, LOJA 17, MANGUINHOS - CEP 28954000",MANGUINHOS,28954000,ARMACAO DOS BUZIOS,330023,22992822909,REDEMEDCENTER@GMAIL.COM,-22.774301965379212,-41.920716762542725,2062,M,001,04/02/2022
3300239379665,9379665,MED UP SERVICOS DE SAUDE,A G N DA GAMA ME,UBS / Atencao basica,UNIDADE BASICA DE SAUDE,"EDUARDO JOSE DA SILVA, S/N, LOJA 05, CENTRO - CEP 28950000",CENTRO,28950000,ARMACAO DOS BUZIOS,330023,22 26443543,escriturar@escriturar.com.br,-22.758169009545885,-41.89055532217026,2062,M,001,05/12/2022
3300236802176,6802176,SEMETRA BUZIOS,SEMETRA BUZIOS LTDA,UBS / Atencao basica,UNIDADE BASICA DE SAUDE,"AVENIDA JOSE BENTO RIBEIRO DANTAS, 3056, A SOBRADO, MANGUINHOS - CEP 28951610",MANGUINHOS,28951610,ARMACAO DOS BUZIOS,330023,,,-22.7713184,-41.912372,2240,M,001,02/04/2026
3300230875074,0875074,UBS ARPOADOR CRUZEIRO I,MUNICIPIO DE ARMACAO DOS BUZIOS,UBS / Atencao basica,UNIDADE BASICA DE SAUDE,"RUA JONAS TALBERT, S/N, ESTRADA DA MARINA, RASA - CEP 28956064",RASA,28956064,ARMACAO DOS BUZIOS,330023,,,-22.7397707,-41.9605556,1244,M,001,02/07/2024
3300235629500,5629500,UNIDADE BASICA DE SAUDE CUSTODIO ALVES G A DE OLIVEIRA,PREFEITURA MUNICIPAL DE ARMACAO DOS BUZIOS,UBS / Atencao basica,UNIDADE BASICA DE SAUDE,"RUA CUSTODIO ALVES, 629, CAPAO - CEP 28954510",CAPAO,28954510,ARMACAO DOS BUZIOS,330023,2226238038,,-22.788368208015417,-41.931198835372925,1244,M,001,24/03/2026
3300233470342,3470342,UNIDADE BASICA DE SAUDE DA BRAVA HAROLDO FRANCISCO CERAVOLO,PREFEITURA MUNICIPAL DE ARMACAO DE BUZIOS,UBS / Atencao basica,UNIDADE BASICA DE SAUDE,"RUA RAFAEL DEALMEIDA, 166, BRAVA - CEP 28950435",BRAVA,28950435,ARMACAO DOS BUZIOS,330023,2226238038,,-22.756830900164843,-41.88237190246582,1244,M,001,20/03/2026
3300232271524,2271524,UNIDADE BASICA DE SAUDE DA RASA ANTONIO ELESBAO DOS SANTOS,PREFEITURA MUNICIPAL DE ARMACAO DOS BUZIOS,UBS / Atencao basica,UNIDADE BASICA DE SAUDE,"RUA DARILIO GONCALVES, 151, RASA - CEP 28956450",RASA,28956450,ARMACAO DOS BUZIOS,330023,(24)26236606,,-22.73993150372855,-41.97827696800232,1244,M,001,24/03/2026
3300232271516,2271516,UNIDADE BASICA DE SAUDE DE CEM BRACAS LILSON M DE SOUZA,PREFEITURA MUNICIPAL DE ARMACAO DOS BUZIOS,UBS / Atencao basica,UNIDADE BASICA DE SAUDE,"RUA PROF LUCIANO JOSE RODRIGUES DE LIMA, 01, CEM BRACAS - CEP 28954385",CEM BRACAS,28954385,ARMACAO DOS BUZIOS,330023,2226238038,saudebuzios@gmail.com,-22.77815993996905,-41.9287633895874,1244,M,001,24/03/2026
3300233470334,3470334,UNIDADE BASICA DE SAUDE DE JOSE GONCALVES,PREFEITURA MUNICIPAL DE ARMACAO DE BUZIOS,UBS / Atencao basica,UNIDADE BASICA DE SAUDE,"RUA GERALDO MARTINS, 225, JOSE GONCALVES - CEP 28950000",JOSE GONCALVES,28950000,ARMACAO DOS BUZIOS,330023,,,-22.793376,-41.948982,1244,M,001,18/08/2022
3300232271532,2271532,UNIDADE BASICA DE SAUDE DE SAO JOSE BENILDO MOTTA,PREFEITURA MUNICIPAL DE ARMACAO DOS BUZIOS,UBS / Atencao basica,UNIDADE BASICA DE SAUDE,"RUA MARIA DA SILVA CHAVES, 356, SAO JOSE - CEP 28955220",SAO JOSE,28955220,ARMACAO DOS BUZIOS,330023,2226238038,,-22.78195598157175,-41.94325268268585,1244,M,001,24/03/2026
3300230608785,0608785,UNIDADE BASICA DE SAUDE DEODORINA LEITE DE AZEVEDO GERIBA,MUNICIPIO DE ARMACAO DE BUZIOS,UBS / Atencao basica,UNIDADE BASICA DE SAUDE,"RUA DA REDONDA, 351, GERIBA - CEP 28953360",GERIBA,28953360,ARMACAO DOS BUZIOS,330023,,,-22.774420673916033,-41.911447048187256,1244,M,001,24/03/2026
3300239962557,9962557,UNIDADE BASICA DE SAUDE DR PAULO ACHERMAN,MUNICIPIO DE ARMACAO DOS BUZIOS,UBS / Atencao basica,UNIDADE BASICA DE SAUDE,"AVENIDA IMPROTA SARAIVA, 62, FERRADURA - CEP 28951294",FERRADURA,28951294,ARMACAO DOS BUZIOS,330023,,,-22.761619342010796,-41.89094424247742,1244,M,001,24/03/2026
3300239729674,9729674,UNIDADE BASICA DE SAUDE MARIA ROSA DA CONCEICAO SANTIAGO,PREFEITURA MUNICIPAL DE ARMACAO DOS BUZIOS,UBS / Atencao basica,UNIDADE BASICA DE SAUDE,"ESTRADA ALVARO ELIDIO GONCALVES, 851, BAIA FORMOSA - CEP 28959300",BAIA FORMOSA,28959300,ARMACAO DOS BUZIOS,330023,,,-22.811952121732933,-41.97752594947815,1244,M,001,24/03/2026
3300252267748,2267748,UNIDADE DE SAUDE DA FAMILIA BOA VISTA,SECRETARIA MUNICIPAL DE SAUDE DE ARRAIAL DO CABO,UBS / Atencao basica,UNIDADE BASICA DE SAUDE,"ALAMEDA BOA VISTA, S/N, PRAIA GRANDE - CEP 28930000",PRAIA GRANDE,28930000,ARRAIAL DO CABO,330025,(22)26222107,fatura_saude@yahoo.com.br,-22.967699003891937,-42.03025817871094,1031,M,001,16/04/2025
3300255999278,5999278,UNIDADE DE SAUDE DA FAMILIA CANAA,SECRETARIA MUNICIPAL DE SAUDE DE ARRAIAL DO CABO,UBS / Atencao basica,UNIDADE BASICA DE SAUDE,"RUA ALMIRANTE TAMANDARE, 286, CANAA - CEP 28930000",CANAA,28930000,ARRAIAL DO CABO,330025,(22)26222107,fatura_saude@yahoo.com.br,-22.97556684677633,-42.02766180038452,1031,M,001,16/04/2025
3300257113994,7113994,UNIDADE DE SAUDE DA FAMILIA DO SABIA,SECRETARIA MUNICIPAL DE SAUDE DE ARRAIAL DO CABO,UBS / Atencao basica,UNIDADE BASICA DE SAUDE,"AVENIDA BEIJA FLOR, S/N, SABIA - CEP 28930000",SABIA,28930000,ARRAIAL DO CABO,330025,,faturamento.arraialdocabo@gmail.com,-22.965737,-42.027987,1031,M,001,27/08/2024
3300252267721,2267721,UNIDADE DE SAUDE DA FAMILIA HERMES BARCELLOS,SECRETARIA MUNICIPAL DE SAUDE DE ARRAIAL DO CABO,UBS / Atencao basica,UNIDADE BASICA DE SAUDE,"RUA MANOEL DUARTE, S/N, PRAIA DOS ANJOS - CEP 28930000",PRAIA DOS ANJOS,28930000,ARRAIAL DO CABO,330025,(22)26222107,fatura_saude@yahoo.com.br,-22.96720508761857,-42.02364385128021,1031,M,001,05/02/2025
3300252267756,2267756,UNIDADE DE SAUDE DA FAMILIA JUAREZ FELIX CARDOSO,SECRETARIA MUNICIPAL DE SAUDE DE ARRAIAL DO CABO,UBS / Atencao basica,UNIDADE BASICA DE SAUDE,"RUA TOME DE SOUZA, S/N, MORRO DA CABOCLA - CEP 28930000",MORRO DA CABOCLA,28930000,ARRAIAL DO CABO,330025,(22)26222107,fatura_saude@yahoo.com.br,-22.963876044870506,-42.022318840026855,1031,M,001,07/01/2026
3300252267764,2267764,UNIDADE DE SAUDE DA FAMILIA MONTE ALTO,SECRETARIA MUNICIPAL DE SAUDE DE ARRAIAL DO CABO,UBS / Atencao basica,UNIDADE BASICA DE SAUDE,"RUA SAO MARCOS, 1, MONTE ALTO - CEP 28930000",MONTE ALTO,28930000,ARRAIAL DO CABO,330025,(22)26222107,fatura_saude@yahoo.com.br,-22.944077908188024,-42.113943099975586,1031,M,001,27/08/2024
3300252793415,2793415,UNIDADE DE SAUDE DA FAMILIA PRAINHA,SECRETARIA MUNICIPAL DE SAUDE DE ARRAIAL DO CABO,UBS / Atencao basica,UNIDADE BASICA DE SAUDE,"RUA JOSE PINTO DE MACEDO, S/N, PRAINHA - CEP 28930000",PRAINHA,28930000,ARRAIAL DO CABO,330025,(22)26222107,fatura_saude@yahoo.com.br,-22.965737,-42.027987,1031,M,001,26/09/2024
3300252267799,2267799,UNIDADE DE SAUDE DA FAMILIA TEREZA VIEIRA FRANCISCONE,SECRETARIA MUNICIPAL DE SAUDE DE ARRAIAL DO CABO,UBS / Atencao basica,UNIDADE BASICA DE SAUDE,"RUA SAO JANUARIO, S/N, FIGUEIRA - CEP 28930000",FIGUEIRA,28930000,ARRAIAL DO CABO,330025,(22)26222107,fatura_saude@yahoo.com.br,-22.9425501,-42.1802021,1031,M,001,27/08/2024
3300303405605,3405605,CENTRO DE SAUDE OCULAR DE BARRA DO PIRAI,CLIN OFTALMOLOGICA DRA CLAUDIA MARIA FIGUEIREDO ROCHA LTDA,UBS / Atencao basica,AMBULATORIO,"RUA PAULO DE FRONTIN, 139, SL 608, CENTRO - CEP 27123120",CENTRO,27123120,BARRA DO PIRAI,330030,(24)24433147,caumfr@uol.com.br,-22.4710659,-43.8267158,2240,M,016,23/07/2025
3300304225988,4225988,CLINICA MEDICA DR SAUDE,CLINICA MEDICA DR SAUDE BARRA DO PIRAI LTDA,UBS / Atencao basica,UNIDADE BASICA DE SAUDE,"RAMIRO JAIME DA FONSECA, 106, PRIMEIRO ANDAR, CENTRO - CEP 27120270",CENTRO,27120270,BARRA DO PIRAI,330030,24 33233497,EDVALDORODRIGUES@UOL.COM.BR,-22.46658856566671,-43.82678565767089,2062,M,001,24/06/2025
3300300304107,0304107,COORDENACAO DE ATENCAO BASICA,MUNICIPIO DE BARRA DO PIRAI,UBS / Atencao basica,UNIDADE BASICA DE SAUDE,"RUA MOREIRA DOS SANTOS, 768, QUIMICA - CEP 27135030",QUIMICA,27135030,BARRA DO PIRAI,330030,,coordenacaoatencaobasica@barradopirai.rj.gov.br,-22.464669,-43.820612,1244,M,001,28/04/2025
3300302287781,2287781,EAP PARQUE SAO JOAQUIM FRANCISCO CARIELLO,MUNICIPIO DE BARRA DO PIRAI,UBS / Atencao basica,UNIDADE BASICA DE SAUDE,"RUA VICENTE JOSE CAMILO, S/N, BLOCO, PARQUE SAO JOAQUIM - CEP 27130440",PARQUE SAO JOAQUIM,27130440,BARRA DO PIRAI,330030,(24)24471100,eapparquesaojoaquim@barradopirai.rj.gov.br,-22.45782449872334,-43.808520070930264,1244,M,001,03/09/2025
3300302287854,2287854,EAP SANTO ANTONIO GERALDO DE OLIVEIRA,MUNICIPIO DE BARRA DO PIRAI,UBS / Atencao basica,UNIDADE BASICA DE SAUDE,"RUA ANTONIO DE ALMEIDA, 114, SANTO ANTONIO - CEP 27115400",SANTO ANTONIO,27115400,BARRA DO PIRAI,330030,(24)24471100,ubsantoantonio@barradopirai.rj.gov.br,-22.453747573694645,-43.82083384100744,1244,M,001,26/09/2025
3300302287838,2287838,ESF AREAL FRANCISCO DE PAULA MOURA,MUNICIPIO DE BARRA DO PIRAI,UBS / Atencao basica,UNIDADE BASICA DE SAUDE,"RUA VEREADOR SEBASTIAO DE CARVALHO, 2077, 01 URBANO, AREAL - CEP 27150160",AREAL,27150160,BARRA DO PIRAI,330030,(24)24471100,esfareal@barradopirai.rj.gov.br,-22.495672059663907,-43.82893761197929,1244,M,001,03/09/2025
3300305735017,5735017,ESF BELVEDERE DRA VALERIA MARIA MACEDO IUNES,MUNICIPIO DE BARRA DO PIRAI,UBS / Atencao basica,UNIDADE BASICA DE SAUDE,"RUA LUIZ CAMERANO, 154, LOJA 1, BELVEDERE - CEP 27113260",BELVEDERE,27113260,BARRA DO PIRAI,330030,2424471100,"esfbelvedere@barradopirai.rj,gov.br",-22.4573828845036,-43.839144339272856,1244,M,001,03/09/2025
3300302287609,2287609,ESF BOA SORTE SILVERIA JULIA DE SOUZA,MUNICIPIO DE BARRA DO PIRAI,UBS / Atencao basica,UNIDADE BASICA DE SAUDE,"RUA MILITAO JOSE DA SILVA, 306, BOA SORTE - CEP 27150300",BOA SORTE,27150300,BARRA DO PIRAI,330030,(24)24471100,esfboasorte@barradopirai.rj.gov.br,-22.482932298987574,-43.83445981906307,1244,M,001,03/09/2025
3300302287625,2287625,ESF BOCA DO MATO BENEDITO DE SOUZA,MUNICIPIO DE BARRA DO PIRAI,UBS / Atencao basica,UNIDADE BASICA DE SAUDE,"RUA CLITO NAZARE VIANA, S/N, BOCA DO MATO - CEP 27143005",BOCA DO MATO,27143005,BARRA DO PIRAI,330030,2424471100,esfbocadomato@barradopirai.rj.gov.br,-22.534474279518843,-43.79799871722774,1244,M,001,03/09/2025
3300302287722,2287722,ESF CALIFORNIA MODULO I JOAO ELIAS GUEDES,MUNICIPIO DE BARRA DO PIRAI,UBS / Atencao basica,UNIDADE BASICA DE SAUDE,"AVENIDA LUIZ ROBERTO COUTINHO, 846, 01 URBANO, CALIFORNIA DA BARRA - CEP 27163440",CALIFORNIA DA BARRA,27163440,BARRA DO PIRAI,330030,2424471100,esfcalifornia1@barradopirai.rj.gov.br,-22.477994041858512,-44.047427264759676,1244,M,001,03/09/2025
3300305735114,5735114,ESF CALIFORNIA MODULO II JULIA GUIMARAES DE CARVALHO,MUNICIPIO DE BARRA DO PIRAI,UBS / Atencao basica,UNIDADE BASICA DE SAUDE,"AVENIDA LUIZ ROBERTO COUTINHO PARTE 2, 846, 01 URBANO, CALIFORNIA DA BARRA - CEP 27163440",CALIFORNIA DA BARRA,27163440,BARRA DO PIRAI,330030,2424471100,esfcalifornia@barradopirai.rj.gov.br,-22.478112622345883,-44.04752802919977,1244,M,001,02/10/2025
3300302287862,2287862,ESF CANTAO JOAO GOMES,MUNICIPIO DE BARRA DO PIRAI,UBS / Atencao basica,UNIDADE BASICA DE SAUDE,"RUA CORONEL HENRIQUE NORA JUNIOR, 2100, CANTAO - CEP 27150220",CANTAO,27150220,BARRA DO PIRAI,330030,(24)24471100,ubscantao@barradopirai.rj.gov.br,-22.48145051298525,-43.84883360773872,1244,M,001,02/10/2025
3300300983756,0983756,ESF CENTRO ALBERT SABIN MODULO 1,MUNICIPIO DE BARRA DO PIRAI,UBS / Atencao basica,UNIDADE BASICA DE SAUDE,"RUA ANGELICA, 38, PARTE A, NOSSA SENHORA SANTAN - CEP 27110260",NOSSA SENHORA SANTAN,27110260,BARRA DO PIRAI,330030,,esf.smsbp@hotmail.com,-22.465180419650874,-43.82841529173995,1244,M,001,03/09/2025
3300302287633,2287633,ESF COIMBRA DOM JOSE ANDRE COIMBRA,MUNICIPIO DE BARRA DO PIRAI,UBS / Atencao basica,UNIDADE BASICA DE SAUDE,"RUA REVERENDO ABDIAS FERREIRA NOBRE, 03, 01 URBANO, COIMBRA - CEP 27115170",COIMBRA,27115170,BARRA DO PIRAI,330030,(24)24471100,esfcoimbra@barradopirai.rj.gov.br,-22.44711375207881,-43.796015182361245,1244,M,001,03/09/2025
3300302287641,2287641,ESF DORANDIA DR OSWALDO MILWARD,FUNDO MUNICIPAL DE SAUDE,UBS / Atencao basica,UNIDADE BASICA DE SAUDE,"PRACA COMENDADOR NOBREGA, 185, 02 RURAL, DORANDIA - CEP 27160112",DORANDIA,27160112,BARRA DO PIRAI,330030,(24)24471100,esfdorandia@barradopirai.rj.gov.br,-22.4671597084158,-43.94303460581069,1244,M,001,03/09/2025
3300302287668,2287668,ESF IPIABAS PREFEITO JOAO ANTONIO CAMERANO,MUNICIPIO DE BARRA DO PIRAI,UBS / Atencao basica,UNIDADE BASICA DE SAUDE,"RUA MILTON TEIXEIRA DE OLIVEIRA, S/N, PRACA SIMAO DAIN, IPIABAS - CEP 27170430",IPIABAS,27170430,BARRA DO PIRAI,330030,2424471100,esfipiabas@barradopirai.rj.gov.br,-22.37318167769898,-43.87338679742409,1244,M,001,02/10/2025
3300302287846,2287846,ESF OFICINAS VELHAS DELCY PEDRO LOURENCO,MUNICIPIO DE BARRA DO PIRAI,UBS / Atencao basica,UNIDADE BASICA DE SAUDE,"RUA ANTONIO DA SILVA BRINCO, 810, OFICINAS VELHAS - CEP 27110020",OFICINAS VELHAS,27110020,BARRA DO PIRAI,330030,(24)24471100,esfoficinasvelhas@barradopirai.rj.gov.br,-22.479317531459923,-43.837808402035215,1244,M,001,03/09/2025
3300302287803,2287803,ESF PARQUE SANTANA PREFEITO ARTHUR LEANDRO A COSTA,MUNICIPIO DE BARRA DO PIRAI,UBS / Atencao basica,UNIDADE BASICA DE SAUDE,"RUA MARCOS DE SOUZA LIMA, 309, 01 URBANO, PARQUE SANTANA - CEP 27143136",PARQUE SANTANA,27143136,BARRA DO PIRAI,330030,(24)24471100,esfparquesantana@barradopirai.rj.gov.br,-22.51525245425013,-43.80608085558848,1244,M,001,03/09/2025
3300302287765,2287765,ESF PONTE VERMELHA ALCEBIADES NOGUEIRA DA SILVA,MUNICIPIO DE BARRA DO PIRAI,UBS / Atencao basica,UNIDADE BASICA DE SAUDE,"TRAVESSA CARMEN RODRIGUES SANTANA, 21, PONTE VERMELHA - CEP 27143060",PONTE VERMELHA,27143060,BARRA DO PIRAI,330030,(24)24471100,esfpontevermelha@barradopirai.rj.gov.br,-22.505581743539217,-43.819693214884666,1244,M,001,02/10/2025
3300302287773,2287773,ESF SANTANA DE BARRA,MUNICIPIO DE BARRA DO PIRAI,UBS / Atencao basica,UNIDADE BASICA DE SAUDE,"RUA VEREADOR OSMAR DIAS FERREIRA, 7138, CHALET - CEP 27143270",CHALET,27143270,BARRA DO PIRAI,330030,(24)24471100,esfsantanadebarra@barradopirai.rj.gov.br,-22.5296109,-43.8118547,1244,M,001,15/12/2025
3300302287676,2287676,ESF SAO JOAO TARGINO DOS SANTOS,MUNICIPIO DE BARRA DO PIRAI,UBS / Atencao basica,UNIDADE BASICA DE SAUDE,"RUA FRANCISCO DI BIASE, 110, SAO JOAO - CEP 27140150",SAO JOAO,27140150,BARRA DO PIRAI,330030,(24)24431766,,-22.477784,-43.810229,1244,M,001,02/10/2025
3300302287684,2287684,ESF SAO JOSE DO TURVO LUIS PAULO CARRARO,MUNICIPIO DE BARRA DO PIRAI,UBS / Atencao basica,UNIDADE BASICA DE SAUDE,"RUA ULISSES DIAS VALENTE, 1410, 02 RURAL, SAO JOSE DO TURVO - CEP 27165010",SAO JOSE DO TURVO,27165010,BARRA DO PIRAI,330030,(24)24471100,esfturvo@barradopirai.rj.gov.br,-22.360979524826774,-44.01492400977828,1244,M,001,03/09/2025
3300302287692,2287692,ESF VARGEM ALEGRE NELSON GOMES DA GRACA,MUNICIPIO DE BARRA DO PIRAI,UBS / Atencao basica,UNIDADE BASICA DE SAUDE,"RUA MAURICIO DE ABREU, 270, 01 URBANO, VARGEM ALEGRE - CEP 27155283",VARGEM ALEGRE,27155283,BARRA DO PIRAI,330030,(24)24471100,esfvargemalegre@barradopirai.rj.gov.br,-22.499599729190077,-43.93099344492205,1244,M,001,03/09/2025
3300302287706,2287706,ESF VARGEM GRANDE ANTONIO CARDOSO DA SILVEIRA,MUNICIPIO DE BARRA DO PIRAI,UBS / Atencao basica,UNIDADE BASICA DE SAUDE,"AVENIDA GETULIO VARGAS, 668, VARGEM GRANDE - CEP 27145200",VARGEM GRANDE,27145200,BARRA DO PIRAI,330030,(24)24471100,esfvargemgrande@barradopirai.rj.gov.br,-22.48789241174159,-43.818793775522764,1244,M,001,03/09/2025
3300303367142,3367142,LAIRSON BENEVENUTI CORTINES LAXE,LAIRSON BENEVENUTI CORTINES LAXE,UBS / Atencao basica,UNIDADE BASICA DE SAUDE,"AV PREF ROBERTO BICHARA, 26, SL 103, CENTRO - CEP 27120000",CENTRO,27120000,BARRA DO PIRAI,330030,(24)24437857,lairsonbenevenuti@gmail.com,-22.4687264,-43.8256867,4000,M,001,24/06/2025
3300302287811,2287811,UBS LAGO AZUL NELSON CLEMENTE DE OLIVEIRA,MUNICIPIO DE BARRA DO PIRAI,UBS / Atencao basica,UNIDADE BASICA DE SAUDE,"RUA NOSSA SENHORA DO CARMO, 141, LAGO AZUL - CEP 27110060",LAGO AZUL,27110060,BARRA DO PIRAI,330030,(24)24471100,ubslagoazul@barradopirai.rj.gov.br,-22.4684084233279,-43.85777519206007,1244,M,001,03/09/2025
3300302287714,2287714,UBS MORRO DO GAMA MARIA JOAQUINA NAMBUCO,MUNICIPIO DE BARRA DO PIRAI,UBS / Atencao basica,UNIDADE BASICA DE SAUDE,"RUA MANUEL JUVENCIO, 20, BLOCO, MORRO DO GAMA - CEP 27150400",MORRO DO GAMA,27150400,BARRA DO PIRAI,330030,(24)24471100,ubsmorrodogama@barradopirai.rj.gov.br,-22.480227894235234,-43.825222194306455,1244,M,001,03/09/2025
3300402296896,2296896,CENTRO DE SAUDE ORAL,PREFEITURA MUNICIPAL DE BARRA MANSA,UBS / Atencao basica,AMBULATORIO,"RUA PROF PEDRO VAZ, 232, CENTRO - CEP 27330230",CENTRO,27330230,BARRA MANSA,330040,02433230148,,-22.543277,-44.173644,1244,M,016,22/09/2022
3300402280078,2280078,CENTRO DE SAUDE SONIA COUTINHO UBS CENTRO,PREFEITURA MUNICIPAL DE BARRA MANSA,UBS / Atencao basica,UNIDADE BASICA DE SAUDE,"RUA SANTOS DUMONT, 155, CENTRO - CEP 27310420",CENTRO,27310420,BARRA MANSA,330040,02433239641,fmsbm@uol.com.br,-22.5425682,-44.1748869,1244,M,001,18/07/2025
3300400211141,0211141,PSF SELENIR RODRIGUES MACIEL SANTA MARIA II,PSF SANTA MARIA II,UBS / Atencao basica,UNIDADE BASICA DE SAUDE,"RUA RENATO BELLO, 784, SANTA MARIA II - CEP 27351030",SANTA MARIA II,27351030,BARRA MANSA,330040,,,-22.5453270999993,-44.172294437885284,1244,M,001,15/09/2025
3300402279754,2279754,SIRENE I USF BOA SORTE,SECRETARIA MUNICIPAL DE SAUDE DE BARRA MANSA,UBS / Atencao basica,UNIDADE BASICA DE SAUDE,"RUA GETULIO BORGES RODRIGUES, 210, BOA SORTE - CEP 27338070",BOA SORTE,27338070,BARRA MANSA,330040,(24) 3512-0770,fmsbm@uol.com.br,-22.5589375,-44.1569629,1244,M,001,31/10/2025
3300402279746,2279746,SIRENE II USF VILA NOVA,SECRETARIA MUNICIPAL DE SAUDE DE BARRA MANSA,UBS / Atencao basica,AMBULATORIO,"RUA MAJOR JOSE BENTO, 1889, VILA NOVA - CEP 27321002",VILA NOVA,27321002,BARRA MANSA,330040,(24)3512-0707,fmsbm@uol.com.br,-22.526005,-44.187009,1244,M,016,30/07/2024
3300402289113,2289113,SIRENE III USF NOVE DE ABRIL,SECRETARIA MUNICIPAL DE SAUDE DE BARRA MANSA,UBS / Atencao basica,UNIDADE BASICA DE SAUDE,"RUA ALVARO DO REGO MILLEN, 57, NOVE DE ABRIL - CEP 27335350",NOVE DE ABRIL,27335350,BARRA MANSA,330040,(24)33229192,fmsbm@uol.com.br,-22.541878,-44.114262,1244,M,001,25/07/2025
3300402279703,2279703,UBS INT PROV JOAQUIM JOSE DE MORAES SAO JUDAS TADEU,SECRETARIA MUNICIPAL DE SAUDE DE BARRA MANSA,UBS / Atencao basica,UNIDADE BASICA DE SAUDE,"RUA SANTO AFONSO, 26, SAO JUDAS TADEU - CEP 27332140",SAO JUDAS TADEU,27332140,BARRA MANSA,330040,(24)33229192,fmsbm@uol.com.br,-22.545161125810182,-44.1724419593811,1244,M,001,10/04/2026
3300402279681,2279681,UBS JOSEFA APARECIDA BRUNO GAVIAO SANTA CLARA GOIABAL,SECRETARIA MUNICIPAL DE SAUDE DE BARRA MANSA,UBS / Atencao basica,UNIDADE BASICA DE SAUDE,"RUA DR HELENO DE FREITAS, 125, GOIABAL - CEP 27340170",GOIABAL,27340170,BARRA MANSA,330040,(24) 3512-0698,fmsbm@uol.com.br,-22.580505,-44.1757829,1244,M,001,07/11/2025
3300402279967,2279967,UBS SEBASTIAO DE PAULA COUTINHO SAO VICENTE,SECRETARIA MUNICIPAL DE SAUDE DE BARRA MANSA,UBS / Atencao basica,UNIDADE BASICA DE SAUDE,"RUA SAO SEBASTIAO, 31, SAO VICENTE - CEP 27350330",SAO VICENTE,27350330,BARRA MANSA,330040,(24)33229192,fmsbm@uol.com.br,-22.545280032712217,-44.1725492477417,1244,M,001,10/04/2026
3300402279711,2279711,UBS VEREADOR PAULO CESAR NOGUEIRA COTIARA,SECRETARIA MUNICIPAL DE SAUDE DE BARRA MANSA,UBS / Atencao basica,UNIDADE BASICA DE SAUDE,"RUA JOSE HIPOLITO, 1386, COTIARA - CEP 27347010",COTIARA,27347010,BARRA MANSA,330040,(24) 3512-0797,fmsbm@uol.com.br,-22.545180943634296,-44.17248487472534,1244,M,001,10/04/2026
3300405623219,5623219,USF AIDA ALVES PIMENTEL ROBERTO SILVEIRA,SECRETARIA MUNICIPAL DE SAUDE,UBS / Atencao basica,UNIDADE BASICA DE SAUDE,"RUA DEMERVAL PIMENTA, 1034, ROBERTO SILVEIRA - CEP 27310450",ROBERTO SILVEIRA,27310450,BARRA MANSA,330040,,,-22.5389252,-44.1789168,1244,M,001,15/09/2025
3300402279673,2279673,USF ALBANO PAES VILA INDEPENDENCIA,PREFEITURA MUNICIPAL DE BARRA MANSA,UBS / Atencao basica,UNIDADE BASICA DE SAUDE,"RUA JOAO AFONSO BORGES, 900, VILA INDEPENDENCIA - CEP 27347030",VILA INDEPENDENCIA,27347030,BARRA MANSA,330040,(24) 3512-0728,fmsbm@uol.com.br,-22.54520076145558,-44.172377586364746,1244,M,001,10/04/2026
3300402279738,2279738,USF AMELIA LEONARDA P FEITOSA SIDERLANDIA,PREFEITURA MUNICIPAL DE BARRA MANSA,UBS / Atencao basica,UNIDADE BASICA DE SAUDE,"AV MINISTRO AMARAL PEIXOTO, 2590, SIDERLANDIA - CEP 27350370",SIDERLANDIA,27350370,BARRA MANSA,330040,(24) 3512-0796,fmsbm@uol.com.br,-22.545180943634296,-44.17252779006958,1244,M,001,10/04/2026
3300408000123,8000123,USF AMPARO,PREFEITURA MUNICIPAL DE BARRA MANSA,UBS / Atencao basica,AMBULATORIO,"RUA ISABEL PENHA VILELA, 51, AMPARO - CEP 27322180",AMPARO,27322180,BARRA MANSA,330040,(24) 3512-0678,,-22.545260214902324,-44.17246341705322,1244,M,016,15/04/2025
3300409465561,9465561,USF ANO BOM,SECRETARIA MUNICIPAL DE SAUDE DE BARRA MANSA,UBS / Atencao basica,AMBULATORIO,"RUA TENENTE JOSE EDUARDO, 200, ANO BOM - CEP 27345030",ANO BOM,27345030,BARRA MANSA,330040,(24) 3512-0799,,-22.53770205265829,-44.17438767863043,1244,M,016,25/07/2025
3300402298163,2298163,USF BELO HORIZONTE VISTA ALEGRE,SECRETARIA MUNICIPAL DE SAUDE,UBS / Atencao basica,UNIDADE BASICA DE SAUDE,"RUA G, 140, LOT BELO HORIZONTE, VISTA ALEGRE - CEP 27320510",VISTA ALEGRE,27320510,BARRA MANSA,330040,(24) 3512-0791,fmsbm@uol.com.br,-22.545220579274005,-44.17257070541382,1244,M,001,10/04/2026
3300402298171,2298171,USF BOA VISTA II,SECRETARIA MUNICIPAL DE SAUDE,UBS / Atencao basica,UNIDADE BASICA DE SAUDE,"RUA JOAO XAVIER ITABORAI, 345, BOA VISTA II - CEP 27336620",BOA VISTA II,27336620,BARRA MANSA,330040,(24) 3512-0745,fmsbm@uol.com.br,-22.545260214902324,-44.1725492477417,1244,M,001,10/04/2026
3300402280019,2280019,USF BRASILINA N SILVA SAUDADE,SECRETARIA MUNICIPAL DE SAUDE DE BARRA MANSA,UBS / Atencao basica,UNIDADE BASICA DE SAUDE,"RUA ANTONIO DE ALMEIDA, 179, SAUDADE - CEP 27313090",SAUDADE,27313090,BARRA MANSA,330040,(240 3512-0743,fmsbm@uol.com.br,-22.5290506,-44.1886702,1244,M,001,28/07/2025
3300402279606,2279606,USF BRAULINO DE BRITO MANGUEIRA,PREFEITUTA MUNICIPAL DE BARRA MANSA,UBS / Atencao basica,UNIDADE BASICA DE SAUDE,"RUA VALDOMIRO PERES GONCALVES, 2195, MANGUEIRA - CEP 27333002",MANGUEIRA,27333002,BARRA MANSA,330040,(24) 3512-0798,,-22.545299850519264,-44.17248487472534,1244,M,001,10/04/2026
3300402289016,2289016,USF COLONIA SANTO ANTONIO II,SECRETARIA MUNICIPAL DE SAUDE DE BARRA MANSA,UBS / Atencao basica,AMBULATORIO,"RUA ESTRADA GOV CHAGAS FREITAS, 2910, COLONIA - CEP 27351720",COLONIA,27351720,BARRA MANSA,330040,(24) 3512-0688,fmsbm@uol.com.br,-22.545299850519264,-44.1724419593811,1244,M,016,15/04/2025
3300403560570,3560570,USF DR DIRCEU DE CAMARGO COUTINHO COLONIA,SECRETARIA MUNICIPAL DE SAUDE DE BARRA MANSA,UBS / Atencao basica,UNIDADE BASICA DE SAUDE,"AV GOVERNADOR CHAGAS FREITAS, S/N, COLONIA - CEP 27353000",COLONIA,27353000,BARRA MANSA,330040,(24) 3512-0694,,-22.543318055728943,-44.231300354003906,1244,M,001,28/07/2025
3300403662942,3662942,USF DR EROS SEBASTIAO DE ALMEIDA ROSELANDIA,SECRETARIA MUNICIPAL DE SAUDE DE BARRA MANSA,UBS / Atencao basica,UNIDADE BASICA DE SAUDE,"RUA JOAO OLIMPIO DE MAGALHAES, 640, ROSELANDIA - CEP 27338530",ROSELANDIA,27338530,BARRA MANSA,330040,(24) 3512-0727,,-22.54520076145558,-44.17252779006958,1244,M,001,10/04/2026
3300402279614,2279614,USF DR MARCO ANTONIO ELIAS CURY VILA MARIA II,PREFEITURA MUNICIPAL DE BARRA MANSA,UBS / Atencao basica,UNIDADE BASICA DE SAUDE,"RUA PROF NILZA DA SILVA SANTOS, 58, VILA MARIA - CEP 27313360",VILA MARIA,27313360,BARRA MANSA,330040,(24) 3512-0792,fmsbm@uol.com.br,-22.518199,-44.198017,1244,M,001,30/07/2024
3300402289172,2289172,USF GETULIO VARGAS,SECRETARIA MUNICIPAL DE SAUDE DE BARRA MANSA,UBS / Atencao basica,UNIDADE BASICA DE SAUDE,"RUA SAO SALVADOR, 1050, GETULIO VARGAS - CEP 27325377",GETULIO VARGAS,27325377,BARRA MANSA,330040,(24) 3512-0747,fmsbm@uol.com.br,-22.545260214902324,-44.172399044036865,1244,M,001,10/04/2026
3300402279908,2279908,USF INT VENERAVEL HUMBERTO AMARAL JARDIM PRIMAVERA,PREFEITURA MUNICIPAL DE BARRA MANSA,UBS / Atencao basica,UNIDADE BASICA DE SAUDE,"RUA JOSE LUCIANO FERREIRA, 27, JARDIM PRIMAVERA - CEP 27338420",JARDIM PRIMAVERA,27338420,BARRA MANSA,330040,(24) 3512-0726,fmsbm@uol.com.br,-22.54520076145558,-44.172420501708984,1244,M,001,10/04/2026
3300402279959,2279959,USF INTEGRADA TANCREDO NEVE PITEIRAS,PREFEITURA MUNICIPAL BARRA MANSA,UBS / Atencao basica,UNIDADE BASICA DE SAUDE,"RUA JOAO BARIZON, S/N, PITEIRAS - CEP 27331410",PITEIRAS,27331410,BARRA MANSA,330040,(24) 3512-0742,fmsbm@uol.com.br,-22.554139,-44.1521427,1244,M,001,31/10/2025
3300402289091,2289091,USF ISMAEL ALVES DE SOUZA VISTA ALEGRE,PREFEITURA MUNICIPAL DE BARRA MANSA,UBS / Atencao basica,UNIDADE BASICA DE SAUDE,"RUA TREZE, 44, VISTA ALEGRE - CEP 27320120",VISTA ALEGRE,27320120,BARRA MANSA,330040,(24)33229192,fmsbm@uol.com.br,-22.545299850519264,-44.17259216308594,1244,M,001,10/04/2026
3300402289024,2289024,USF JORGE FONSECA RAMOS FLORIANO,SECRETARIA MUNICIPAL DE SAUDE DE BARRA MANSA,UBS / Atencao basica,UNIDADE BASICA DE SAUDE,"RUA MARTINS TOSTES, 185, FLORIANO - CEP 27365130",FLORIANO,27365130,BARRA MANSA,330040,(24)33229192,fmsbm@uol.com.br,-22.450297,-44.302722,1244,M,001,07/11/2025
3300402279843,2279843,USF JULIO CARUSO BOA VISTA III,PREFEITURA MUNICIPAL DE BARRA MANSA,UBS / Atencao basica,AMBULATORIO,"RUA JOAO XAVIER ITABORAI, 1301, BOA VISTA III - CEP 27336620",BOA VISTA III,27336620,BARRA MANSA,330040,(24) 3512-0691,fmsbm@uol.com.br,-22.545359303923327,-44.17250633239746,1244,M,016,10/04/2026
3300402296918,2296918,USF KM 04,SECRETARIA MUNICIPAL DE SAUDE DE BARRA MANSA,UBS / Atencao basica,UNIDADE BASICA DE SAUDE,"RUA SAO VICENTE, S/N, KM 04 - CEP 27347590",KM 04,27347590,BARRA MANSA,330040,(24) 3512-0761,fmsbm@uol.com.br,-22.56636456974955,-44.19198989868164,1244,M,001,30/07/2024
3300402280027,2280027,USF LUZIA DA SILVA GOMES VALE DO PARAIBA,SECRETARIA MUNICIPAL DE SAUDE DE BARRA MANSA,UBS / Atencao basica,UNIDADE BASICA DE SAUDE,"RUA AMELIA FURTADO DO VALE, 135, VALE DO PARAIBA - CEP 27325660",VALE DO PARAIBA,27325660,BARRA MANSA,330040,(24)33229192,fmsbm@uol.com.br,-22.529352576752835,-44.14493172077919,1244,M,001,15/04/2025
3300402289083,2289083,USF MARIA VERONICA SILVA SAO FRANCISCO DE ASSIS,SECRETARIA MUNICIPAL DE SAUDE DE BARRA MANSA,UBS / Atencao basica,UNIDADE BASICA DE SAUDE,"RUA HORACIO SILVA, 34, SAO FRANCISCO DE ASS - CEP 27323760",SAO FRANCISCO DE ASS,27323760,BARRA MANSA,330040,(24) 3512-0739,,-22.545299850519264,-44.17257070541382,1244,M,001,10/04/2026
3300402279924,2279924,USF MONTE CRISTO,PREFEITURA MUNICIPAL DE BARRA MANSA,UBS / Atencao basica,UNIDADE BASICA DE SAUDE,"TV AGENOR MARQUES DA SILVA, 27, MONTE CRISTO - CEP 27343160",MONTE CRISTO,27343160,BARRA MANSA,330040,(24) 3512-0731,fmsbm@uol.com.br,-22.545280032712217,-44.17246341705322,1244,M,001,15/09/2025
3300402289032,2289032,USF NOSSA SENHORA DE FATIMA BOCAININHA,SECRETARIA MUNICIPAL DE SAUDE DE BARRA MANSA,UBS / Atencao basica,UNIDADE BASICA DE SAUDE,"RUA GOVERNADOR CHAGAS FREITAS, 636, BOCAININHA - CEP 27351720",BOCAININHA,27351720,BARRA MANSA,330040,(24) 3512-0696,fmsbm@uol.com.br,-22.545220579274005,-44.17252779006958,1244,M,001,10/04/2026
3300400623091,0623091,USF NOVA ESPERANCA,PREFEITURA MUNICIPAL DE BARRA MANSA,UBS / Atencao basica,UNIDADE BASICA DE SAUDE,"RUA FELIPE CAMARAO, 25, NOVA ESPERANCA - CEP 27338570",NOVA ESPERANCA,27338570,BARRA MANSA,330040,(24) 3512-0618,,-22.545260214902324,-44.17250633239746,1244,M,001,10/04/2026
3300402279975,2279975,USF ONOFRE RUELA VILA ELMIRA,PREFEITURA MUNICIPAL DE BARRA MANSA,UBS / Atencao basica,UNIDADE BASICA DE SAUDE,"RUA JOAO MACIEL, 67, VILA ELMIRA - CEP 27332100",VILA ELMIRA,27332100,BARRA MANSA,330040,(24) 3512-0736,fmsbm@uol.com.br,-22.545359303923327,-44.17248487472534,1244,M,001,10/04/2026
3300403262340,3262340,USF PARAISO DE CIMA,PREFEITURA MUNICIPAL DE BARRA MANSA,UBS / Atencao basica,UNIDADE BASICA DE SAUDE,"RUA IZALINO GOMES DA SILVA, S/N, PARAISO DE CIMA - CEP 27333050",PARAISO DE CIMA,27333050,BARRA MANSA,330040,(24) 3512-0772,saude@barramansa.rj.gov.br,-22.5520724,-44.1236794,1244,M,001,30/07/2024
3300405931479,5931479,USF PRO SAUDE UBM,UNIDADE DE SAUDE DA FAMILIA PRO SAUDE,UBS / Atencao basica,AMBULATORIO,"RUA VEREADOR PINHO DE CARVALHO, 267, CENTRO - CEP 27330550",CENTRO,27330550,BARRA MANSA,330040,24 33250222,,-22.548653,-44.17114,1244,M,016,20/06/2024
3300402279940,2279940,USF RIALTO,PREFEITURA MUNICIPAL DE BARRA MANSA,UBS / Atencao basica,UNIDADE BASICA DE SAUDE,"RUA ANTONIO LEAL DE SOUZA, 291, RIALTO - CEP 27360010",RIALTO,27360010,BARRA MANSA,330040,(24) 3512-0611,,-22.581577,-44.266616,1244,M,001,28/07/2025
3300402298147,2298147,USF SANTA LUCIA,SECRETARIA MUNICIPAL DE SAUDE,UBS / Atencao basica,UNIDADE BASICA DE SAUDE,"RUA ANTONIO RODRIGUES RIBEIRO, 31, SANTA LUCIA - CEP 27340310",SANTA LUCIA,27340310,BARRA MANSA,330040,(24) 3512-0725,fmsbm@uol.com.br,-22.545180943634296,-44.17257070541382,1244,M,001,10/04/2026
3300402280000,2280000,USF SANTA RITA DE CASSIA,PREFEITURA MUNICIPAL DE BARRA MANSA,UBS / Atencao basica,UNIDADE BASICA DE SAUDE,"RUA 01, 226, SANTA RITA DE CASSIA - CEP 27322390",SANTA RITA DE CASSIA,27322390,BARRA MANSA,330040,(24) 3512-0732,fmsbm@uol.com.br,-22.53747159532103,-44.03728008270264,1244,M,001,13/11/2025
3300403748448,3748448,USF SANTA RITA DE FATIMA,SECRETARIA MUNICIPAL DE SAUDE DE BARRA MANSA,UBS / Atencao basica,UNIDADE BASICA DE SAUDE,"RUA JARBAS CANSADO, 209, SANTA RITA - CEP 27336260",SANTA RITA,27336260,BARRA MANSA,330040,(24) 3512-0737,,-22.545220579274005,-44.1724419593811,1244,M,001,10/04/2026
3300402279665,2279665,USF SANTA TEREZINHA PARAISO DE BAIXO,PREFEITURA MUNICIPAL DE BARRA MANSA,UBS / Atencao basica,UNIDADE BASICA DE SAUDE,"RUA U, 98, PARAISO - CEP 27332280",PARAISO,27332280,BARRA MANSA,330040,(24) 3512-0740,fmsbm@uol.com.br,-22.545240397089586,-44.17246341705322,1244,M,001,10/04/2026
3300402804689,2804689,USF SAO LUIZ,SECRETARIA MUNICIPAL DE SAUDE,UBS / Atencao basica,UNIDADE BASICA DE SAUDE,"RUA AYLTON ALVES, 135, SAO LUIS - CEP 27343120",SAO LUIS,27343120,BARRA MANSA,330040,3326-9215,,-22.565475,-44.166669,1244,M,001,31/10/2025
3300407081154,7081154,USF SAO PEDRO,UNIDADE SAUDE DA FAMILIA SAO PEDRO,UBS / Atencao basica,UNIDADE BASICA DE SAUDE,"RUA BENEDITO ANTONIO DIAS, 55, SAO PEDRO - CEP 27340070",SAO PEDRO,27340070,BARRA MANSA,330040,(24) 3512-0724,,-22.545220579274005,-44.17246341705322,1244,M,001,10/04/2026
3300402279916,2279916,USF VER JOAQUIM BOA MORTE VILA CORINGA,PREFEITURA MUNICIPAL DE BARRA MANSA,UBS / Atencao basica,UNIDADE BASICA DE SAUDE,"RUA SAO JOAQUIM, 90, VILA CORINGA - CEP 27321330",VILA CORINGA,27321330,BARRA MANSA,330040,(24) 3512-0794,fmsbm@uol.com.br,-22.527056,-44.177515,1244,M,001,30/07/2024
3300402298155,2298155,USF VILA CORINGA,SECRETARIA MUNICIPAL DE SAUDE DE BARRA MANSA,UBS / Atencao basica,UNIDADE BASICA DE SAUDE,"RUA ESPIRITO SANTO, 150, VILA CORINGA - CEP 27321170",VILA CORINGA,27321170,BARRA MANSA,330040,02433265348,fmsbm@uol.com.br,-22.527558,-44.180949,1244,M,001,13/11/2025
3300406528538,6528538,USF VILA DELGADO,UNIDADE DE SAUDE DA FAMILIA VILA DELGADO,UBS / Atencao basica,UNIDADE BASICA DE SAUDE,"AVENIDA PRESIDENTE KENNEDY, 1576, VILA DELGADO - CEP 27323641",VILA DELGADO,27323641,BARRA MANSA,330040,(24) 3512-0689,,-22.545240397089586,-44.172420501708984,1244,M,001,10/04/2026
3300402804697,2804697,USF VILA MARIA,SECRETARIA MUNICIPAL DE SAUDE,UBS / Atencao basica,UNIDADE BASICA DE SAUDE,"RUA JOAO BATISTA ATAIDE, S/N, CIEP 54, VILA MARIA - CEP 27313505",VILA MARIA,27313505,BARRA MANSA,330040,(24) 3512-0680,,-22.545240397089586,-44.17252779006958,1244,M,001,10/04/2026
3300402279983,2279983,USF VILA PRINCIPAL,PREFEITURA MUNICIPAL DE BARRA MANSA,UBS / Atencao basica,UNIDADE BASICA DE SAUDE,"RUA 01, 77, VILA PRINCIPAL - CEP 27338190",VILA PRINCIPAL,27338190,BARRA MANSA,330040,(24)33229192,fmsbm@uol.com.br,-22.53749822196944,-44.03716989146511,1244,M,001,15/04/2025
3300402279991,2279991,USF VILA URSULINO,PREFEITURA MUNICIPAL DE BARRA MANSA,UBS / Atencao basica,UNIDADE BASICA DE SAUDE,"RUA PROFESSOR MOACYR ARTHUR CHIESSE, 70, VILA URSULINO - CEP 27351000",VILA URSULINO,27351000,BARRA MANSA,330040,(24) 3512-0741,fmsbm@uol.com.br,-22.545260214902324,-44.17248487472534,1244,M,001,10/04/2026
3300407592949,7592949,USF ZELIA T M FONSECA V ORLANDELIA P INDEPENDENCIA,PREFEITURA MUNICIPAL DE BARRA MANSA,UBS / Atencao basica,UNIDADE BASICA DE SAUDE,"RUA ORLANDO BRANDAO, 444, ANO BOM - CEP 27323450",ANO BOM,27323450,BARRA MANSA,330040,02433229192,,-22.545260214902324,-44.1724419593811,1244,M,001,10/04/2026
3300459387978,9387978,CONSULTORIO NA RUA,MUNICIPIO DE BELFORD ROXO,UBS / Atencao basica,UNIDADE BASICA DE SAUDE,"RUA DOS ESTUDANTES, S/N, XAVANTES - CEP 26130000",XAVANTES,26130000,BELFORD ROXO,330045,,,-22.76413,-43.39865,1244,M,001,19/03/2025
3300453800490,3800490,UNIDADE SAUDE DA FAMILIA SA REGO,SMS BELFORD ROXO,UBS / Atencao basica,UNIDADE BASICA DE SAUDE,"RUA OITO DE DEZEMBRO, S/N, VILA SAO LUIZ - CEP 26140560",VILA SAO LUIZ,26140560,BELFORD ROXO,330045,,,-22.7358028,-43.4256211,1244,M,001,20/01/2026
3300454856120,4856120,USF ADAO DE MELLO MARQUES,MUNICIPIO DE BELFORD ROXO,UBS / Atencao basica,AMBULATORIO,"RUA MANOEL ANTONIO DA COSTA, 24, APOLO XI - CEP 26185525",APOLO XI,26185525,BELFORD ROXO,330045,,,-22.7187764,-43.3284765,1244,M,016,18/09/2025
3300450274062,0274062,USF ALFREDO ALENCAR,MUNICIPIO DE BELFORD ROXO,UBS / Atencao basica,UNIDADE BASICA DE SAUDE,"RUA DOM CAMILO, S/N, JARDIM GLAUCIA - CEP 26116200",JARDIM GLAUCIA,26116200,BELFORD ROXO,330045,,,-22.75352638165422,-43.35129976272583,1244,M,001,20/01/2026
3300452974606,2974606,USF ALFREDO FERREIRA FILHO MARINGA,MUNICIPIO DE BELFORD ROXO,UBS / Atencao basica,UNIDADE BASICA DE SAUDE,"EST CAPIM MELADO, 06, QD 22, MARINGA - CEP 26110260",MARINGA,26110260,BELFORD ROXO,330045,,,-22.763855209832386,-43.3990216255188,1244,M,001,20/01/2026
3300452289555,2289555,USF AMERICO VESPUCIO V ROSA,SMS BELFORD ROXO,UBS / Atencao basica,UNIDADE BASICA DE SAUDE,"RUA CASTRO ALVES, S/N, MARINGA - CEP 26130570",MARINGA,26130570,BELFORD ROXO,330045,(21)26620566,,-22.7166168,-43.3511777,1244,M,001,20/01/2026
3300459983198,9983198,USF ANTENOR PAES LEME PIRES SEU NONO,MUNICIPIO DE BELFORD ROXO,UBS / Atencao basica,UNIDADE BASICA DE SAUDE,"RUA ITAJAI, 88, BAIRRO DAS GRACAS - CEP 26113450",BAIRRO DAS GRACAS,26113450,BELFORD ROXO,330045,,,-22.7582591,-43.3980009,1244,M,001,20/01/2026
3300450230049,0230049,USF ARMINDO FELICIANO DA SILVA ZE MACACO,MUNICIPIO DE BELFORD ROXO,UBS / Atencao basica,AMBULATORIO,"RUA DACIARA, S/N, ANDRADE DE ARAUJO - CEP 26116200",ANDRADE DE ARAUJO,26116200,BELFORD ROXO,330045,,,-22.76399371371447,-43.398592472076416,1244,M,016,20/01/2026
3300452289466,2289466,USF BELA VISTA,SMS BELFORD ROXO,UBS / Atencao basica,UNIDADE BASICA DE SAUDE,"ESTRADA DO BABI, S/N, QUADRA N, BELA VISTA - CEP 26157180",BELA VISTA,26157180,BELFORD ROXO,330045,(21)27617264,,-22.7119291,-43.386916,1244,M,001,20/01/2026
3300453023125,3023125,USF BOM PASTOR I II,SMS BELFORD ROXO,UBS / Atencao basica,UNIDADE BASICA DE SAUDE,"ESTRADA BELFORD ROXO, S/N, LT 14 QD F, NOVA ESPERANCA - CEP 26130000",NOVA ESPERANCA,26130000,BELFORD ROXO,330045,(21)26620566,semusbelfordroxo@ig.com.br,-22.759155887732174,-43.381587266922,1244,M,001,20/01/2026
3300457449348,7449348,USF BOM PASTOR III,SMS BELFORD ROXO,UBS / Atencao basica,UNIDADE BASICA DE SAUDE,"RUA MUNI, S/N, BOM PASTOR - CEP 26116200",BOM PASTOR,26116200,BELFORD ROXO,330045,,,-22.763677133206112,-43.39897871017456,1244,M,001,20/01/2026
3300452289512,2289512,USF CASEMIRO MEIRELLES,SMS BELFORD ROXO,UBS / Atencao basica,UNIDADE BASICA DE SAUDE,"RUA ALBERTO ROCHA, 234, CENTRO - CEP 26130170",CENTRO,26130170,BELFORD ROXO,330045,(21)26600068,,-22.76729797895623,-43.40402126312256,1244,M,001,20/01/2026
3300459979964,9979964,USF DONA ISAURA,MUNICIPIO DE BELFORD ROXO,UBS / Atencao basica,UNIDADE BASICA DE SAUDE,"RUA DONA ISAURA, S/N, HELIOPOLIS - CEP 26140670",HELIOPOLIS,26140670,BELFORD ROXO,330045,,,-22.76399371371447,-43.39880704879761,1244,M,001,20/01/2026
3300452289431,2289431,USF EDIR HENRIQUE GANDRA,SMS BELFORD ROXO,UBS / Atencao basica,UNIDADE BASICA DE SAUDE,"AVENIDA DA GLORIA, S/N, NOVA AURORA - CEP 26155120",NOVA AURORA,26155120,BELFORD ROXO,330045,(21)27589549,,-22.7197128,-43.4024407,1244,M,001,20/01/2026
3300453023095,3023095,USF ERERE,SMS BELFORD ROXO,UBS / Atencao basica,UNIDADE BASICA DE SAUDE,"RUA ERERE, S/N, PARQUE COLONIAL - CEP 26130000",PARQUE COLONIAL,26130000,BELFORD ROXO,330045,(21)26620566,semusbelfordroxo@ig.com.br,-22.7201379,-43.3419815,1244,M,001,20/01/2026
3300452974592,2974592,USF FELICIANO ARAUJO CASTELAR,MUNICIPIO DE BELFORD ROXO,UBS / Atencao basica,UNIDADE BASICA DE SAUDE,"RUA VARGAS COUTINHO, S/N, CASTELAR - CEP 26116200",CASTELAR,26116200,BELFORD ROXO,330045,,,-22.7491384,-43.4003574,1244,M,001,20/01/2026
3300454514041,4514041,USF HUDSON ABREU DE OLIVEIRA,MUNICIPIO DE BELFORD ROXO,UBS / Atencao basica,UNIDADE BASICA DE SAUDE,"AVENIDA DUARTE DOS SANTOS DA FONTE, 398, XAVANTES - CEP 26160225",XAVANTES,26160225,BELFORD ROXO,330045,,,-22.7299484,-43.3937202,1244,M,001,18/09/2025
3300452297906,2297906,USF JARDIM DO IPE,SMS BELFORD ROXO,UBS / Atencao basica,UNIDADE BASICA DE SAUDE,"RUA IBITIZA, S/N, JARDIM IPE - CEP 26130000",JARDIM IPE,26130000,BELFORD ROXO,330045,,,-22.764013499971885,-43.398356437683105,1244,M,001,20/01/2026
3300450274127,0274127,USF JEFERSON DA SILVA RESENDE,MUNICIPIO DE BELFORD ROXO,UBS / Atencao basica,UNIDADE BASICA DE SAUDE,"AVENIDA JOAQUIM DA COSTA LIMA, S/N, SANTA AMELIA - CEP 26116200",SANTA AMELIA,26116200,BELFORD ROXO,330045,,,-22.7542709,-43.3980734,1244,M,001,20/01/2026
3300453811670,3811670,USF JOAQUIM MEDEIROS DE LIMA,SMS BELFORD ROXO,UBS / Atencao basica,UNIDADE BASICA DE SAUDE,"AVENIDA PAHAND BERO, 24, SANTA TEREZA - CEP 26193500",SANTA TEREZA,26193500,BELFORD ROXO,330045,021-2662-0566,,-22.7667284,-43.4033603,1244,M,001,20/01/2026
3300452289415,2289415,USF JORGE TAYANO DIAS,SMS BELFORD ROXO,UBS / Atencao basica,UNIDADE BASICA DE SAUDE,"AVENIDA TENENTE ARMANDO LEAL GONCALVES, 1880, SARGENTO RONCALLI - CEP 26175000",SARGENTO RONCALLI,26175000,BELFORD ROXO,330045,(21)26600374,,-22.763954141191068,-43.39882850646973,1244,M,001,20/01/2026
3300454624807,4624807,USF JOSE BENACHIO,MUNICIPIO DE BELFORD ROXO,UBS / Atencao basica,UNIDADE BASICA DE SAUDE,"RUA CLOVIS BEVILAQUE, 350, SANTO ANTONIO DA PRA - CEP 26116200",SANTO ANTONIO DA PRA,26116200,BELFORD ROXO,330045,,,-22.760877342386628,-43.41214835643768,1244,M,001,20/01/2026
3300452867362,2867362,USF JOSE LUIZ DE OLIVEIRA ZE DO TRENZINHO,MUNICIPIO DE BELFORD ROXO,UBS / Atencao basica,UNIDADE BASICA DE SAUDE,"RUA TAPEROA, S/N, HELIOPOLIS - CEP 26120295",HELIOPOLIS,26120295,BELFORD ROXO,330045,,,-22.7358874,-43.4128932,1244,M,001,20/01/2026
3300452289628,2289628,USF JOSE OSCAR LIMA SHANGRILA,SMS BELFORD ROXO,UBS / Atencao basica,UNIDADE BASICA DE SAUDE,"RUA NEIDA AFONSO, 205, SHANGRILA ROSA - CEP 26115020",SHANGRILA ROSA,26115020,BELFORD ROXO,330045,,,-22.764152003693404,-43.3984637260437,1244,M,001,20/02/2026
3300452929627,2929627,USF JOSE VENANCIO ZE CABECAO,MUNICIPIO DE BELFORD ROXO,UBS / Atencao basica,UNIDADE BASICA DE SAUDE,"ESTRADA MARIO SANTANA, S/N, WONA - CEP 26176285",WONA,26176285,BELFORD ROXO,330045,,,-22.7206264,-43.3523918,1244,M,001,20/01/2026
3300452959585,2959585,USF LUIZ CARLOS DE ALMEIDA BUDA,MUNICIPIO DE BELFORD ROXO,UBS / Atencao basica,UNIDADE BASICA DE SAUDE,"ESTRADA DE BELFORD ROXO, S/N, BOM PASTOR - CEP 26110260",BOM PASTOR,26110260,BELFORD ROXO,330045,,,-22.71004572538516,-43.3310866355896,1244,M,001,20/01/2026
3300457327668,7327668,USF MANOEL BATISTA ALMEIDA FILHO,SMS BELFORD ROXO,UBS / Atencao basica,UNIDADE BASICA DE SAUDE,"AV BELFORD ROXO, S/N, BARRO VERMELHO - CEP 26167240",BARRO VERMELHO,26167240,BELFORD ROXO,330045,,ELMANOFRANCA@HOTMAIL.COM,-22.724747,-43.366127,1244,M,001,18/09/2025
3300454514068,4514068,USF MANOEL JOSE DUTRA,MUNICIPIO DE BELFORD ROXO,UBS / Atencao basica,UNIDADE BASICA DE SAUDE,"RUA OSNI, 125, RETIRO FELIZ - CEP 26167400",RETIRO FELIZ,26167400,BELFORD ROXO,330045,,,-22.7367453,-43.3673662,1244,M,001,18/09/2025
3300452289407,2289407,USF MARIA ANESIA,SMS BELFORD ROXO,UBS / Atencao basica,UNIDADE BASICA DE SAUDE,"RUA DOM CAMILO, S/N, JARDIM REDENTOR - CEP 26195280",JARDIM REDENTOR,26195280,BELFORD ROXO,330045,,,-22.75350659387745,-43.35129976272583,1244,M,001,20/01/2026
3300452959577,2959577,USF MARIA AUGUSTA DE OLIVEIRA BRASIL,MUNICIPIO DE BELFORD ROXO,UBS / Atencao basica,UNIDADE BASICA DE SAUDE,"RUA DO OUVIDOR, 03, QUADRA B, PQ AMORIM - CEP 26185140",PQ AMORIM,26185140,BELFORD ROXO,330045,,,-22.716815129148532,-43.422346115112305,1244,M,001,20/01/2026
3300450049794,0049794,USF MARIA DE FATIMA DA SILVA,MUNICIPIO DE BELFORD ROXO,UBS / Atencao basica,UNIDADE BASICA DE SAUDE,"RUA BEGONIA, S/N, BOM PASTOR - CEP 26115140",BOM PASTOR,26115140,BELFORD ROXO,330045,,,-22.7599156,-43.363945,1244,M,001,20/01/2026
3300453018741,3018741,USF NIVALDO CARDOSO DE MOURA,MUNICIPIO DE BELFORD ROXO,UBS / Atencao basica,UNIDADE BASICA DE SAUDE,"RUA TAMBAU, S/N, VILA HELIOPOLIS - CEP 26125563",VILA HELIOPOLIS,26125563,BELFORD ROXO,330045,,,-22.7388901,-43.3449939,1244,M,001,20/01/2026
3300452929619,2929619,USF OCTACILIO RIBEIRO DA SILVA,MUNICIPIO DE BELFORD ROXO,UBS / Atencao basica,UNIDADE BASICA DE SAUDE,"RUA TAQUARAL, 172, JD XAVANTES - CEP 26125040",JD XAVANTES,26125040,BELFORD ROXO,330045,,,-22.7385007,-43.4030953,1244,M,001,20/01/2026
3300452289539,2289539,USF ONOFRE ANICETO,SMS BELFORD ROXO,UBS / Atencao basica,UNIDADE BASICA DE SAUDE,"RUA AXELIA, S/N, NOVA PIAM - CEP 26112000",NOVA PIAM,26112000,BELFORD ROXO,330045,(21)27617264,,-22.7453934,-43.3980761,1244,M,001,04/03/2026
3300458092265,8092265,USF PALMEIRA,MUNICIPIO DE BELFORD ROXO,UBS / Atencao basica,AMBULATORIO,"RUA ALMERIO, 302, SUBLIME - CEP 26112010",SUBLIME,26112010,BELFORD ROXO,330045,,,-22.75825,-43.402939,1244,M,016,03/02/2026
3300452289660,2289660,USF PARQUE AMORIM,SMS BELFORD ROXO,UBS / Atencao basica,UNIDADE BASICA DE SAUDE,"ALMIRANTE TAMANDARE, S/N, PARQUE AMORIM - CEP 26182200",PARQUE AMORIM,26182200,BELFORD ROXO,330045,,,-22.763716705809813,-43.398849964141846,1244,M,001,20/01/2026
3300456697453,6697453,USF PARQUE DOS FERREIRAS,UNIDADE DE SAUDE DA FAMILIA PARQUE DOS FERREIRAS,UBS / Atencao basica,AMBULATORIO,"AVENIDA JOSE FERREIRA, S/N, PARQUE DOS FERREIRAS - CEP 26183490",PARQUE DOS FERREIRAS,26183490,BELFORD ROXO,330045,,,-22.763954141191068,-43.39878559112549,1244,M,016,20/01/2026
3300453382451,3382451,USF PARQUE ESPERANCA,MODULO DO PROGRAMA SAUDE DA FAMILIA,UBS / Atencao basica,UNIDADE BASICA DE SAUDE,"EST JUCELINO KUBITSCHEK DE OLIVEIRA, 22, PARQUE ESPERANCA - CEP 26130000",PARQUE ESPERANCA,26130000,BELFORD ROXO,330045,(21)26620566,,-22.763973927454206,-43.39867830276489,1244,M,001,20/01/2026
3300452289547,2289547,USF PROFESSORA JACIRA PINTO LEAL,SMS BELFORD ROXO,UBS / Atencao basica,UNIDADE BASICA DE SAUDE,"ESTRADA DOS MACACOS, S/N, SAO FRANCISCO - CEP 26116200",SAO FRANCISCO,26116200,BELFORD ROXO,330045,(21)26600141,,-22.76442901071496,-43.398592472076416,1244,M,001,18/09/2025
3300452289504,2289504,USF RECANTUS ANTONIO FRANCISCO RIBEIRO,SMS BELFORD ROXO,UBS / Atencao basica,UNIDADE BASICA DE SAUDE,"RUA DOS ENGENHEIROS, 3, RECANTUS BABI - CEP 26163140",RECANTUS BABI,26163140,BELFORD ROXO,330045,(21)26601475,,-22.712869,-43.3840521,1244,M,001,20/01/2026
3300455351847,5351847,USF RODRIGO ALVES JACOB,SMS BELFORD ROXO,UBS / Atencao basica,UNIDADE BASICA DE SAUDE,"EST ANIBAL DA MOTA, S/N, Q A LOTE 14, PARQUE SAO JOSE - CEP 26190060",PARQUE SAO JOSE,26190060,BELFORD ROXO,330045,,COORDPSFBROXO@IG.COM.BR,-22.764171789927868,-43.39872121810913,1244,M,001,20/01/2026
3300452289490,2289490,USF ROSA MENDES COELHO,SMS BELFORD ROXO,UBS / Atencao basica,UNIDADE BASICA DE SAUDE,"ESTRADA DA PRATA, 351, ANDRADE ARAUJO - CEP 26140420",ANDRADE ARAUJO,26140420,BELFORD ROXO,330045,(21)26600617,,-22.7463173,-43.4190061,1244,M,001,04/03/2026
3300450274119,0274119,USF ROSA SA LOURENCO DA SILVA,MUNICIPIO DE BELFORD ROXO,UBS / Atencao basica,UNIDADE BASICA DE SAUDE,"RUA ALBANO, S/N, MALHAPAO - CEP 26185260",MALHAPAO,26185260,BELFORD ROXO,330045,,,-22.7288451,-43.3326235,1244,M,001,20/01/2026
3300459424970,9424970,USF SANTA MARIA,MUNICIPIO DE BELFORD ROXO,UBS / Atencao basica,UNIDADE BASICA DE SAUDE,"RUA ANHAGUERA, S/N, SANTA MARIA - CEP 26116200",SANTA MARIA,26116200,BELFORD ROXO,330045,,,-22.764330079700354,-43.39842081069946,1244,M,001,20/01/2026
3300457987765,7987765,USF SANTA MARTA,MUNICIPIO DE BELFORD ROXO,UBS / Atencao basica,UNIDADE BASICA DE SAUDE,"ESTRADA SEVERINO MOREIRA DE ARAUJO, 370, SANTA MARTA - CEP 26170180",SANTA MARTA,26170180,BELFORD ROXO,330045,,,-22.76393435492506,-43.398635387420654,1244,M,001,18/09/2025
3300452297884,2297884,USF VILA PAULINE I,SMS BELFORD ROXO,UBS / Atencao basica,UNIDADE BASICA DE SAUDE,"RUA VILA BELA VISTA, 4, VILA PAULINE - CEP 26165000",VILA PAULINE,26165000,BELFORD ROXO,330045,(21)27622258,,-22.76399371371447,-43.39824914932251,1244,M,001,20/02/2026
3300452289652,2289652,USF VILA PAULINE II,SMS BELFORD ROXO,UBS / Atencao basica,UNIDADE BASICA DE SAUDE,"ESTRADA DO CONDE, S/N, VILA PAULINE - CEP 26165000",VILA PAULINE,26165000,BELFORD ROXO,330045,,,-22.763202261067317,-43.399128913879395,1244,M,001,20/01/2026
3300455466008,5466008,USF VILA SAO LUIZ,SECRETARIA MUNICIPAL DE SAUDE,UBS / Atencao basica,UNIDADE BASICA DE SAUDE,"ANTONIO LIMA, S/N, VILA SAO LUIZ - CEP 26140000",VILA SAO LUIZ,26140000,BELFORD ROXO,330045,,,-22.76399371371447,-43.39874267578125,1244,M,001,20/02/2026
3300452289482,2289482,USF VILAR NOVO,SMS BELFORD ROXO,UBS / Atencao basica,UNIDADE BASICA DE SAUDE,"AVENIDA SAO PAULO, S/N, VILAR NOVO - CEP 26113000",VILAR NOVO,26113000,BELFORD ROXO,330045,,,-22.7519384,-43.3935795,1244,M,001,20/01/2026
3300453729990,3729990,USF XAVANTES,SMS BELFORD ROXO,UBS / Atencao basica,UNIDADE BASICA DE SAUDE,"RUA DOS ESTUDANTES, S/N, XAVANTES - CEP 26130000",XAVANTES,26130000,BELFORD ROXO,330045,,semusbelfordroxo@ig.com.br,-22.7388375,-43.3983175,1244,M,001,20/01/2026
3300455466024,5466024,USF XAVANTES III IV,SECRETARIA MUNICIPAL DE SAUDE,UBS / Atencao basica,UNIDADE BASICA DE SAUDE,"FELIPE ANTONIO, S/N, XAVANTE - CEP 26125063",XAVANTE,26125063,BELFORD ROXO,330045,,,-22.7630229,-43.4118956,1244,M,001,18/09/2025
3300502282798,2282798,CENTRO DE SAUDE JOSE ALBERTO ERTHAL DJALMA NEVES,FUNDO MUNICIPAL DE SAUDE DE BOM JARDIM,UBS / Atencao basica,AMBULATORIO,"AV VENANCIO PEREIRA VELOSO, 78, CENTRO - CEP 28660000",CENTRO,28660000,BOM JARDIM,330050,(22)25662766,saude.bj@brasilvision.com.br,-22.15237191562178,-42.41898536682129,1244,M,016,04/02/2026
3300505445760,5445760,PSF VELOSO,FUNDO MUNICIPAL DE SAUDE DE BOM JARDIM,UBS / Atencao basica,UNIDADE BASICA DE SAUDE,"RUA HENRIQUE ALBERTINI, 220, CENTRO, VELOSO - CEP 28660000",VELOSO,28660000,BOM JARDIM,330050,2225662766,saudebj@altarede.com.br,-22.1508344,-42.4242755,1244,M,001,05/01/2026
3300502296438,2296438,UNIDADE MEDICA DE FAMILIA THOMAZ CORREA DA ROCHA,FUNDO MUNICIPAL DE SAUDE DE BOM JARDIM,UBS / Atencao basica,UNIDADE BASICA DE SAUDE,"RUA ALCIDES LIMA, 01, BANQUETE - CEP 28660000",BANQUETE,28660000,BOM JARDIM,330050,(22)25662766,,-22.17605,-42.4730555,1244,M,001,05/01/2026
3300602282569,2282569,CENTRO DE SAUDE DR JOSE VIEIRA SERODIO,SECRETARIA MUNICIPAL DE SAUDE DE BOM JESUS DO ITABAPOANA,UBS / Atencao basica,AMBULATORIO,"RUA PHILOMENA CYRILLO, 50, CENTRO - CEP 28360000",CENTRO,28360000,BOM JESUS DO ITABAPOANA,330060,22 38339650,regulabomjesus@gmail.com,-21.139728,-41.675198,1244,M,016,02/02/2026
3300604200195,4200195,EAP MARIA CANDIDO SOARES MONTE CALVARIO,EQUIPE DE ATENCAO PRIMARIA MARIA CANDIDO SOARES,UBS / Atencao basica,UNIDADE BASICA DE SAUDE,"RUA ENEAS PRIMO DA SILVA, S/N, CASA, MONTE CALVARIO - CEP 28360000",MONTE CALVARIO,28360000,BOM JESUS DO ITABAPOANA,330060,,,-21.138827,-41.693437,1244,M,001,08/10/2025
3300604200349,4200349,EAP NELY COUTO NOVA BOM JESUS,EQUIPE ATENCAO PRIMARIA NELY COUTO,UBS / Atencao basica,UNIDADE BASICA DE SAUDE,"RUA B, S/N, CASA, NOVA BOM JESUS - CEP 28360000",NOVA BOM JESUS,28360000,BOM JESUS DO ITABAPOANA,330060,,,-21.134478,-41.689038,1244,M,001,07/10/2025
3300602282720,2282720,EAP OLIVEIRO JOSE PIMENTEL BOM JARDIM,SECRETARIA MUNICIPAL DE SAUDE DE BOM JESUS DO ITABAPOANA,UBS / Atencao basica,UNIDADE BASICA DE SAUDE,"RUA PRINCIPAL, S/N, CASA, DISTRITO DE BOM JARD - CEP 28360000",DISTRITO DE BOM JARD,28360000,BOM JESUS DO ITABAPOANA,330060,,,-21.138647,-41.668395,1244,M,001,03/02/2026
3300602924544,2924544,ESF RAMOM CARLOS SALLES DAS NEVES,SECRETARIA MUNICIPAL DE SAUDE DE BOM JESUS DO ITABAPOANA,UBS / Atencao basica,UNIDADE BASICA DE SAUDE,"RUA OTILIA FERREIRA DE SOUZA, 153, CASA, LIA MARCIA - CEP 28360000",LIA MARCIA,28360000,BOM JESUS DO ITABAPOANA,330060,22,,-21.16056,-41.657731,1244,M,001,03/02/2026
3300607903901,7903901,ESF SELMA PEREIRA DE SOUZA,SECRETARIA MUNICIPAL DE SAUDE DE BOM JESUS DO ITABAPOANA,UBS / Atencao basica,UNIDADE BASICA DE SAUDE,"RUA FRANCISCO BORGES SOBRINHO, S/N, CENTRO - CEP 28360000",CENTRO,28360000,BOM JESUS DO ITABAPOANA,330060,22 38339682 38310180,,-21.15956,-41.664812,1244,M,001,03/02/2026
3300604171381,4171381,ESF URBANO RIBEIRO DA SILVA,SECRETARIA MUNICIPAL DE SAUDE BOM JESUS DO ITABAPOANA,UBS / Atencao basica,UNIDADE BASICA DE SAUDE,"USINA SANTA MARIA, S/N, DISTRITO - CEP 28360000",DISTRITO,28360000,BOM JESUS DO ITABAPOANA,330060,,,-21.245042,-41.493022,1244,M,001,03/02/2026
3300605917964,5917964,NASF 1 MULTI COMPLEMENTAR,SECRETARIA MUNICIPAL DE SAUDE DE BOM JESUS DO ITABAPOANA,UBS / Atencao basica,UNIDADE BASICA DE SAUDE,"RUA PHYLOMENA CYRILLO, 50, ANEXO, CENTRO - CEP 28360000",CENTRO,28360000,BOM JESUS DO ITABAPOANA,330060,22 38339650,regulabomjesus@gmail.com,-21.138947,-41.675605,1244,M,001,08/05/2025
3300604436628,4436628,NASF 2 MULTI ESTRATEGIA,MUNICIPIO DE BOM JESUS DO ITABAPOANA,UBS / Atencao basica,UNIDADE BASICA DE SAUDE,"RUA PHILOMENA CYRILLO, 50, CENTRO - CEP 28360000",CENTRO,28360000,BOM JESUS DO ITABAPOANA,330060,,,-21.14415,-41.671893,1244,M,001,09/10/2025
3300604471520,4471520,NASF 3 MULTI AMPLIADA,MUNICIPIO DE BOM JESUS DO ITABAPOANA,UBS / Atencao basica,UNIDADE BASICA DE SAUDE,"RUA PHILOMENA CYRILLO, 50, ANEXO, CENTRO - CEP 28360000",CENTRO,28360000,BOM JESUS DO ITABAPOANA,330060,,,-21.139367,-41.675369,1244,M,001,08/05/2025
3300602282615,2282615,PSF DE CARABUCU,SECRETARIA MUNICIPAL DE SAUDE DE BOM JESUS DO ITABAPOANA,UBS / Atencao basica,UNIDADE BASICA DE SAUDE,"PRACA ANTONIO GUIMARAES, 282, ZONA RURAL, 4 DISTRITO - CEP 28360000",4 DISTRITO,28360000,BOM JESUS DO ITABAPOANA,330060,22 38339657 38351382,regulabomjesus@gmail.com,-21.138627,-41.670262,1244,M,001,10/02/2026
3300602282518,2282518,PSF DE ROSAL,SECRETARIA MUNICIPAL DE SAUDE DE BOM JESUS DO ITABAPOANA,UBS / Atencao basica,UNIDADE BASICA DE SAUDE,"RUA ALFREDO JUNGER, S/N, ZONA RURAL, 3 DISTRITO - CEP 28360000",3 DISTRITO,28360000,BOM JESUS DO ITABAPOANA,330060,22 38339657,regulabomjesus@gmail.com,-21.139007,-41.671936,1244,M,001,04/02/2026
3300602282704,2282704,PSF DR WALDIR NUNES DA SILVA,SECRETARIA MUNICIPAL DE SAUDE DE BOM JESUS DO ITABAPOANA,UBS / Atencao basica,UNIDADE BASICA DE SAUDE,"RUA TEN JOSE TEIXEIRA, 1421, STA TEREZINHA - CEP 28360000",STA TEREZINHA,28360000,BOM JESUS DO ITABAPOANA,330060,22 38313965,regulabomjesus@gmail.com,-21.154957,-41.664619,1244,M,001,04/02/2026
3300602282453,2282453,PSF MOD MED FAMILIA SEBASTIAO D FREITAS,SECRETARIA MUNICIPAL DE SAUDE DE BOM JESUS DO ITABAPOANA,UBS / Atencao basica,UNIDADE BASICA DE SAUDE,"RUA ANTONIO MATEUS DE OLIVEIRA, 40, PIMENTEL MARQUES - CEP 28360000",PIMENTEL MARQUES,28360000,BOM JESUS DO ITABAPOANA,330060,22 38339657 38316891,regulabomjesus@gmail.com,-21.154637,-41.670734,1244,M,001,04/02/2026
3300602282550,2282550,PSF ORBILIO MACHADO,SECRETARIA MUNICIPAL DE SAUDE DE BOM JESUS DO ITABAPOANA,UBS / Atencao basica,UNIDADE BASICA DE SAUDE,"RUA NATIVIDADE, 207, LIA MARCIA - CEP 28360000",LIA MARCIA,28360000,BOM JESUS DO ITABAPOANA,330060,22 38339657,regulabomjesus@gmail.com,-21.146612,-41.661593,1244,M,001,04/02/2026
3300602282585,2282585,PSF UNIDADE DE SAUDE DA FAMILIA ASA BRANCA,SECRETARIA MUNICIPAL DE SAUDE DE BOM JESUS DO ITABAPOANA,UBS / Atencao basica,UNIDADE BASICA DE SAUDE,"RUA JOSE GARCIA DE CAMPOS, S/N, ASA BRANCA - CEP 28360000",ASA BRANCA,28360000,BOM JESUS DO ITABAPOANA,330060,22 38339657 38314725,regulabomjesus@gmail.com,-21.15968,-41.670455,1244,M,001,04/02/2026
3300602282461,2282461,PSF UNIDADE DE SAUDE DA FAMILIA MARILZA SAMPAIO BARBOSA,SECRETARIA MUNICIPAL DE SAUDE DE BOM JESUS DO ITABAPOANA,UBS / Atencao basica,UNIDADE BASICA DE SAUDE,"RUA DEMERVAL TEIXEIRA DA FONSECA, 19, LOTEAM ISAIAS - CEP 28360000",LOTEAM ISAIAS,28360000,BOM JESUS DO ITABAPOANA,330060,22 38339657,regulabomjesus@gmail.com,-21.153957,-41.661143,1244,M,001,04/02/2026
3300602282739,2282739,PSF UNIDADE DE SAUDE DA USINA SANTA ISABEL,SECRETARIA MUNICIPAL DE SAUDE DE BOM JESUS DO ITABAPOANA,UBS / Atencao basica,UNIDADE BASICA DE SAUDE,"USINA STA ISABEL 1 DISTRITO, S/N, ZONA RURAL - CEP 28360000",ZONA RURAL,28360000,BOM JESUS DO ITABAPOANA,330060,22 38339650,regulabomjesus@gmail.com,-21.138887,-41.677923,1244,M,001,08/05/2025
3300602282623,2282623,PSF UNIDADE DE SAUDE DE FAMILIA DE CALHEIROS,SECRETARIA MUNICIPAL DE SAUDE DE BOM JESUS DO ITABAPOANA,UBS / Atencao basica,UNIDADE BASICA DE SAUDE,"RUA AUGUSTINHO LEPRE, 373, ZONA RURAL, 2 DISTRITO - CEP 28360000",2 DISTRITO,28360000,BOM JESUS DO ITABAPOANA,330060,22 38339657,regulabomjesus@gmail.com,-21.14371,-41.672537,1244,M,001,04/02/2026
3300602282607,2282607,PSF UNIDADE DE SAUDE DE FAMILIA DE PIRAPETINGA,SECRETARIA MUNICIPAL DE SAUDE DE BOM JESUS DO ITABAPOANA,UBS / Atencao basica,UNIDADE BASICA DE SAUDE,"RUA FREDERICO LENGRUBER, S/N, ZONA RURAL, 5 DISTRITO - CEP 28360000",5 DISTRITO,28360000,BOM JESUS DO ITABAPOANA,330060,22 38339657,regulabomjesus@gmail.com,-21.144271,-41.681184,1244,M,001,04/02/2026
3300602282712,2282712,PSF UNIDADE SAUDE FAMILIA SANTA ROSA,SECRETARIA MUNICIPAL DE SAUDE DE BOM JESUS DO ITABAPOANA,UBS / Atencao basica,UNIDADE BASICA DE SAUDE,"RUA GONCALVES DA SILVA, 939, STA ROSA - CEP 28360000",STA ROSA,28360000,BOM JESUS DO ITABAPOANA,330060,22 38339657 38310999,regulabomjesus@gmail.com,-21.153736,-41.595225,1244,M,001,04/02/2026
3300605477158,5477158,SAMU 192 BOM JESUS,MUNICIPIO DE BOM JESUS DO ITABAPOANA,UBS / Atencao basica,UNIDADE BASICA DE SAUDE,"RUA JOSE CARLOS DE CAMPOS, 77, CENTRO - CEP 28360000",CENTRO,28360000,BOM JESUS DO ITABAPOANA,330060,22 999719773,,-21.138987,-41.66773,1244,M,001,04/02/2026
3300602282690,2282690,UNIDADE DE SAUDE DA SERRINHA,SECRETARIA MUNICIPAL DE SAUDE DE BOM JESUS DO ITABAPOANA,UBS / Atencao basica,UNIDADE BASICA DE SAUDE,"RUA SAO JOSE, S/N, ZONA RURAL, 6 DISTRITO - CEP 28360000",6 DISTRITO,28360000,BOM JESUS DO ITABAPOANA,330060,22 38339657,regulabomjesus@gmail.com,-21.144231,-41.676614,1244,M,001,04/02/2026
3300604885325,4885325,USF UNIDADE DE SAUDE DA FAMILIA AGOSTINHO RIBEIRO,USF UNIDADE DE SAUDE DA FAMILIA AGOSTINHO RIBEIRO,UBS / Atencao basica,UNIDADE BASICA DE SAUDE,"RUA PIMENTEL MARQUES, S/N, LOTEAMENTO EDWIRGES - CEP 28360000",LOTEAMENTO EDWIRGES,28360000,BOM JESUS DO ITABAPOANA,330060,,,-21.139487,-41.675992,1244,M,001,04/02/2026
3300600134546,0134546,VIGILANCIA AMBIENTAL BOM JESUS,MUNICIPIO DE BOM JESUS DO ITABAPOANA,UBS / Atencao basica,UNIDADE BASICA DE SAUDE,"RUA ANTONIO DUTRA LEAL, 29, CASA, JARDIM VALERIA - CEP 28360000",JARDIM VALERIA,28360000,BOM JESUS DO ITABAPOANA,330060,,regulabomjesus@gmail.com,-21.14371195,-41.68090380348901,1244,M,001,04/02/2026
3300602282577,2282577,VIGILANCIA EM SAUDE,SECRETARIA MUNICIPAL DE SAUDE DE BOM JESUS DO ITABAPOANA,UBS / Atencao basica,UNIDADE BASICA DE SAUDE,"RUA PHILOMENA CYRILLO, 50, SALA 15, CENTRO - CEP 28360000",CENTRO,28360000,BOM JESUS DO ITABAPOANA,330060,22 999385537,vigsaude.bomjesus@gmail.com,-21.139687,-41.676099,1244,M,001,04/02/2026
3300602282399,2282399,VIGILANCIA SANITARIA,SECRETARIA MUNICIPAL DE SAUDE BOM JESUS DO ITABAPOANA,UBS / Atencao basica,UNIDADE BASICA DE SAUDE,"RUA PHILOMENA CYRILLO, 50, SALA 01 02, CENTRO - CEP 28360000",CENTRO,28360000,BOM JESUS DO ITABAPOANA,330060,22 38339651,regulabomjesus@gmail.com,-21.14399,-41.675498,1244,M,001,09/10/2025
3300702283379,2283379,CENTRO DE SAUDE OSWALDO CRUZ,SECRETARIA MUNICIPAL DE SAUDE DE CABO FRIO,UBS / Atencao basica,AMBULATORIO,"RUA FLORISBELA PENHA, S/N, BRAGA - CEP 28908050",BRAGA,28908050,CABO FRIO,330070,(22)26431038,,-22.892059430383195,-42.03113794326782,1031,M,016,26/11/2025
3300702278146,2278146,ESF ANGELIM,SECRETARIA MUNICIPAL DE SAUDE DE CABO FRIO,UBS / Atencao basica,UNIDADE BASICA DE SAUDE,"EST DO ARACA, S/N, ANGELIM - CEP 28905010",ANGELIM,28905010,CABO FRIO,330070,(26)452626,,-22.69076,-42.01729,1031,M,001,05/08/2025
3300702278111,2278111,ESF BENIGNO AUGUSTO DE MELO,SECRETARIA MUNICIPAL DE SAUDE DE CABO FRIO,UBS / Atencao basica,UNIDADE BASICA DE SAUDE,"ESTRADA DE BOTAFOGO, 23, BOTAFOGO - CEP 28929881",BOTAFOGO,28929881,CABO FRIO,330070,(24)26452626,,-22.740089821588487,-42.05338954925537,1031,M,001,05/08/2025
3300702278235,2278235,ESF BERNARDO ELIAS BARRETO,SECRETARIA MUNICIPAL DE SAUDE DE CABO FRIO,UBS / Atencao basica,UNIDADE BASICA DE SAUDE,"EST DO ARACA, S/N, ARACA - CEP 28909810",ARACA,28909810,CABO FRIO,330070,2226452626,,-22.65884870255606,-42.09690570831299,1031,M,001,31/03/2026
3300702278081,2278081,ESF BOCA DO MATO,SECRETARIA MUNICIPAL DE SAUDE DE CABO FRIO,UBS / Atencao basica,UNIDADE BASICA DE SAUDE,"RUA ROSALINA CARDOSO DA FONSECA, 200, BOCA DO MATO - CEP 28922010",BOCA DO MATO,28922010,CABO FRIO,330070,(02)46452626,,-22.86323,-42.03273,1031,M,001,05/02/2025
3300705526914,5526914,ESF CAJUEIRO,SECRETARIA MUNICIPAL DE SAUDE DE CABO FRIO,UBS / Atencao basica,UNIDADE BASICA DE SAUDE,"RUA MACHADO DE ASSIS, 15, CAJUEIRO - CEP 28905000",CAJUEIRO,28905000,CABO FRIO,330070,,,-22.85979,-41.99694,1031,M,001,27/12/2024
3300706660495,6660495,ESF CAMINHO DE BUZIOS,SECRETARIA MUNICIPAL DE SAUDE DE CABO FRIO,UBS / Atencao basica,UNIDADE BASICA DE SAUDE,"RUA DAS HORTENCIAS, S/N, LOTE 37, CAMINHO DE BUZIOS - CEP 28921100",CAMINHO DE BUZIOS,28921100,CABO FRIO,330070,,,-22.60841,-42.00851,1031,M,001,03/02/2026
3300705932688,5932688,ESF FLORESTINHA,SECRETARIA MUNICIPAL DE SAUDE DE CABO FRIO,UBS / Atencao basica,UNIDADE BASICA DE SAUDE,"SITIO PRIMA VERA, 14, FLORESTINHA - CEP 28928970",FLORESTINHA,28928970,CABO FRIO,330070,,,-22.688448694716023,-42.01176166534424,1031,M,001,08/09/2025
3300702278057,2278057,ESF GAMBOA,SECRETARIA MUNICIPAL DE SAUDE DE CABO FRIO,UBS / Atencao basica,UNIDADE BASICA DE SAUDE,"RUA JORGE VEIGA, 900, GAMBOA - CEP 28922030",GAMBOA,28922030,CABO FRIO,330070,(64)52626,,-22.871489630598052,-42.01603174209595,1031,M,001,24/04/2025
3300706651445,6651445,ESF GUARANI,SECRETARIA MUNICIPAL DE SAUDE DE CABO FRIO,UBS / Atencao basica,UNIDADE BASICA DE SAUDE,"RUA DUARTE DA COSTA, 37, GUARANI - CEP 28909250",GUARANI,28909250,CABO FRIO,330070,,,-22.894352458567585,-42.04446315765381,1031,M,001,23/01/2026
3300707823223,7823223,ESF JACARE,SECRETARIA MUNICIPAL DE SAUDE DE CABO FRIO,UBS / Atencao basica,UNIDADE BASICA DE SAUDE,"SAMUEL BESSA, 909, JACARE - CEP 28922136",JACARE,28922136,CABO FRIO,330070,,,-22.86658642171102,-42.018070220947266,1031,M,001,24/04/2025
3300706660509,6660509,ESF JARDIM CAICARA,SECRETARIA MUNICIPAL DE SAUDE DE CABO FRIO,UBS / Atencao basica,UNIDADE BASICA DE SAUDE,"RUA INGLATERRA, 478, JARDIM CAICARA - CEP 28910360",JARDIM CAICARA,28910360,CABO FRIO,330070,,,-22.88162,-42.02994,1031,M,001,12/03/2026
3300705681464,5681464,ESF JARDIM NAUTILUS,SECRETARIA MUNICIPAL DE SAUDE DE CABO FRIO,UBS / Atencao basica,UNIDADE BASICA DE SAUDE,"RUA GUIANA, 89, JARDIM NAUTILUS - CEP 28909190",JARDIM NAUTILUS,28909190,CABO FRIO,330070,,,-22.902259155070716,-42.04412519931793,1031,M,001,24/04/2025
3300705931533,5931533,ESF JARDIM PERO,SECRETARIA MUNICIPAL DE SAUDE DE CABO FRIO,UBS / Atencao basica,UNIDADE BASICA DE SAUDE,"RUA PARANA, 51, PERO - CEP 28920076",PERO,28920076,CABO FRIO,330070,222645-2626,,-22.83841920047662,-42.0181667804718,1031,M,001,29/07/2025
3300702278227,2278227,ESF LUIZ PORCIUNCULA,SECRETARIA MUNICIPAL DE SAUDE DE CABO FRIO,UBS / Atencao basica,UNIDADE BASICA DE SAUDE,"EST CAMPOS NOVOS, 1741, SAO JACINTO - CEP 28909010",SAO JACINTO,28909010,CABO FRIO,330070,2226452626,,-22.75964066738725,-42.02191114425659,1031,M,001,13/08/2025
3300702296829,2296829,ESF MANOEL CORREA,SECRETARIA MUNICIPAL DE SAUDE DE CABO FRIO,UBS / Atencao basica,UNIDADE BASICA DE SAUDE,"RUA GUIANA, 89, MANOEL CORREA - CEP 28909190",MANOEL CORREA,28909190,CABO FRIO,330070,(22)26452626,,-22.902219622734652,-42.04413056373596,1031,M,001,24/04/2025
3300702296837,2296837,ESF MARIA JOAQUINA,SECRETARIA MUNICIPAL DE SAUDE DE CABO FRIO,UBS / Atencao basica,UNIDADE BASICA DE SAUDE,"RUA DA HARMONIA, 6, MARIA JOAQUINA - CEP 28905000",MARIA JOAQUINA,28905000,CABO FRIO,330070,2226452626,,-22.73074875416981,-41.98953151702881,1031,M,001,21/05/2025
3300705526566,5526566,ESF MONTE ALEGRE,SECRETARIA MUNICIPAL DE SAUDE DE CABO FRIO,UBS / Atencao basica,UNIDADE BASICA DE SAUDE,"RUA DR CARDOSO DA FONSECA, 162, CASA, MONTE ALEGRE - CEP 28922010",MONTE ALEGRE,28922010,CABO FRIO,330070,2226444283,,-22.859092869495306,-42.02952861785889,1031,M,001,13/08/2025
3300705931517,5931517,ESF NOVA CALIFORNIA,SECRETARIA MUNICIPAL DE SAUDE DE CABO FRIO,UBS / Atencao basica,UNIDADE BASICA DE SAUDE,"RUA DAS PACAS, S/N, QUADRA B LOTE 381, NOVA CALIFORNIA - CEP 28929476",NOVA CALIFORNIA,28929476,CABO FRIO,330070,,,-22.62385,-42.0312,1031,M,001,16/01/2026
3300706471803,6471803,ESF PARQUE BURLE,SECRETARIA MUNICIPAL DE SAUDE DE CABO FRIO,UBS / Atencao basica,UNIDADE BASICA DE SAUDE,"RUA BUDAPESTE, 204, PARQUE BURLE - CEP 28911030",PARQUE BURLE,28911030,CABO FRIO,330070,,,-22.887868623579074,-42.04740285873413,1031,M,001,19/03/2026
3300705677505,5677505,ESF PERO,SECRETARIA MUNICIPAL DE SAUDE DE CABO FRIO,UBS / Atencao basica,UNIDADE BASICA DE SAUDE,"RUA OLIVIA LOPES, 3, PERO - CEP 28922332",PERO,28922332,CABO FRIO,330070,,,-22.860998426075852,-41.99106842279434,1031,M,001,24/04/2025
3300705475996,5475996,ESF PORTO DO CARRO,SECRETARIA MUNICIPAL DE SAUDE DE CABO FRIO,UBS / Atencao basica,UNIDADE BASICA DE SAUDE,"RUA ROSALINA CARDODO DA FONSECA, 18, PORTO DO CARRO - CEP 28922010",PORTO DO CARRO,28922010,CABO FRIO,330070,,,-22.860536250734384,-42.03195333480835,1031,M,001,14/01/2026
3300705526892,5526892,ESF PRAIA DO SIQUEIRA,SECRETARIA MUNICIPAL DE SAUDE DE CABO FRIO,UBS / Atencao basica,UNIDADE BASICA DE SAUDE,"TRAV AMAPA, 20, CASA, PRAIA DO SIQUEIRA - CEP 28912090",PRAIA DO SIQUEIRA,28912090,CABO FRIO,330070,,,-22.876464328478658,-42.04865276813507,1031,M,001,24/04/2025
3300706935540,6935540,ESF SAMBURA,SECRETARIA MUNICIPAL DE SAUDE DE CABO FRIO,UBS / Atencao basica,UNIDADE BASICA DE SAUDE,"AV INDEPENDENCIA, 1005, SAMBURA - CEP 28926524",SAMBURA,28926524,CABO FRIO,330070,,,-22.62514247774185,-42.000893354415894,1031,M,001,29/10/2025
3300705475988,5475988,ESF TANGARA,SECRETARIA MUNICIPAL DE SAUDE DE CABO FRIO,UBS / Atencao basica,UNIDADE BASICA DE SAUDE,"RUA MACA, 97, CASA, TANGARA - CEP 28921211",TANGARA,28921211,CABO FRIO,330070,,,-22.82270669270676,-42.013875246047974,1031,M,001,24/04/2025
3300705677513,5677513,ESF VILA DO SOL,SECRETARIA MUNICIPAL DE SAUDE DE CABO FRIO,UBS / Atencao basica,UNIDADE BASICA DE SAUDE,"RUA DAS PALMEIRAS, 261, CASA, VILA DO SOL - CEP 28910620",VILA DO SOL,28910620,CABO FRIO,330070,022-26452626,,-22.914617386649894,-42.06042766571045,1031,M,001,23/01/2026
3300706471633,6471633,ESF VILA NOVA,SECRETARIA MUNICIPAL DE SAUDE DE CABO FRIO,UBS / Atencao basica,UNIDADE BASICA DE SAUDE,"RUA JOSE PAES DE ABREU, 510, CASA, VILA NOVA - CEP 28905020",VILA NOVA,28905020,CABO FRIO,330070,,,-22.88306,-42.02663,1031,M,001,03/01/2025
3300700504254,0504254,SUBSECRETARIA DE VIGILANCIA EM SAUDE E ATENCAO PRIMARIA,SECRETARIA MUNICIPAL DE SAUDE DE CABO FRIO,UBS / Atencao basica,CENTRAL DE GESTAO EM SAUDE,"RUA VISCONDE DO RIO BRACO, 130, SAO CRISTOVAO - CEP 28909540",SAO CRISTOVAO,28909540,CABO FRIO,330070,,secadjab@saude.cabofrio.rj.gov.br,-22.893818739950408,-42.04237103462219,1031,M,002,23/05/2025
3300702277972,2277972,UBS ANTONIO LIMA FILHO,SECRETARIA MUNICIPAL DE SAUDE DE CABO FRIO,UBS / Atencao basica,UNIDADE BASICA DE SAUDE,"RUA OLINDA, 352, PALMEIRAS - CEP 28911240",PALMEIRAS,28911240,CABO FRIO,330070,(02)46452626,,-22.87672,-42.04525,1031,M,001,05/08/2025
3300704704703,4704703,UBS COLONIA DOS PESCADORES,UBS COLONIA DOS PESCADORES,UBS / Atencao basica,UNIDADE BASICA DE SAUDE,"RUA ANIBAL CRUZ, S/N, FUNDOS, SAO BENTO - CEP 28906260",SAO BENTO,28906260,CABO FRIO,330070,,,-22.8756,-42.01291,1031,M,001,02/04/2025
3300702278219,2278219,UBS DR PAULO SILVA,SECRETARIA MUNICIPAL DE SAUDE DE CABO FRIO,UBS / Atencao basica,UNIDADE BASICA DE SAUDE,"AV INDEPENDENCIA, 2842, UNAMAR - CEP 28928542",UNAMAR,28928542,CABO FRIO,330070,(22)26452626,,-22.647561405115102,-42.004101276397705,1031,M,001,27/03/2026
3300702278251,2278251,UBS GLORIA MARIA DE OLIVEIRA,SECRETARIA MUNICIPAL DE SAUDE DE CABO FRIO,UBS / Atencao basica,UNIDADE BASICA DE SAUDE,"RUA JOSE GOMES DA SILVA, 44, ITAJURU - CEP 28915480",ITAJURU,28915480,CABO FRIO,330070,(22)26201481,,-22.880371303218098,-42.0254248380661,1031,M,001,02/09/2025
3300704187466,4187466,UBS MARIA LUCIA OLIVEIRA DE SANTANA,SECRETARIA MUNICIPAL DE SAUDE DE CABO FRIO,UBS / Atencao basica,UNIDADE BASICA DE SAUDE,"RUA DURVAL SILVA, 44, JARDIM ESPERANCA - CEP 28920210",JARDIM ESPERANCA,28920210,CABO FRIO,330070,,ubs.jardimesperanca@saude.gov.rj.br,-22.83499800337991,-42.03174948692322,1031,M,001,12/03/2026
3300704422457,4422457,UBS MONTE CARLO,SECRETARIA MUNICIPAL DE SAUDE DE CABO FRIO,UBS / Atencao basica,UNIDADE BASICA DE SAUDE,"AVENIDA DA PAZ, S/N, COND MONTE CARLO, JARDIM ESPERANCA - CEP 28920022",JARDIM ESPERANCA,28920022,CABO FRIO,330070,,,-22.8299,-42.0279,1031,M,001,27/06/2024
3300704592433,4592433,UBS RESERVA DO PERO,UBS RESERVA DO PERO,UBS / Atencao basica,UNIDADE BASICA DE SAUDE,"RUA 03, S/N, RESERVA DO PERO - CEP 28920045",RESERVA DO PERO,28920045,CABO FRIO,330070,,,-22.83378,-42.0102,1031,M,001,23/01/2026
3300707872887,7872887,UBS VILA DO AR,SECRETARIA MUNICIPAL DE SAUDE DE CABO FRIO,UBS / Atencao basica,UNIDADE BASICA DE SAUDE,"RUA ERNESTO MELO, 48, VILA DO AR - CEP 28920030",VILA DO AR,28920030,CABO FRIO,330070,,,-22.849057980350224,-42.03492522239685,1031,M,001,13/08/2025
3300702278200,2278200,UBS WATSON TAVARES FILHO,SECRETARIA MUNICIPAL DE SAUDE DE CABO FRIO,UBS / Atencao basica,UNIDADE BASICA DE SAUDE,"AV BEIRA MAR, S/N, STO ANTONIO - CEP 28925852",STO ANTONIO,28925852,CABO FRIO,330070,(22)26301236,,-22.60251,-41.99705,1031,M,001,05/08/2025
3300805807220,5807220,E MULTI CACHOEIRAS DE MACACU,SMSDC DE CACHOEIRAS DE MACACU,UBS / Atencao basica,UNIDADE BASICA DE SAUDE,"RUA PROFESSOR FERNANDO NUNES, 37, CENTRO - CEP 28680010",CENTRO,28680010,CACHOEIRAS DE MACACU,330080,,,-22.465956310742868,-42.65387177467346,1031,M,001,25/03/2026
3300806775578,6775578,EAP BONANZA,SMSDC DE CACHOEIRAS DE MACACU,UBS / Atencao basica,UNIDADE BASICA DE SAUDE,"ESTRADA RIO FRIBURGO KM 17, S/N, SAO JOSE DA B MORTE, SAO JOSE DA B MORTE - CEP 28696300",SAO JOSE DA B MORTE,28696300,CACHOEIRAS DE MACACU,330080,,,-22.562659156179368,-42.805824279785156,1031,M,001,25/03/2026
3300805794811,5794811,EAP FUNCHAL,SMS CACHOEIRAS DE MACACU,UBS / Atencao basica,UNIDADE BASICA DE SAUDE,"ESTRADA DO GUAPIACU, S/N, KM 10, FUNCHAL - CEP 28699899",FUNCHAL,28699899,CACHOEIRAS DE MACACU,330080,,ubsfunchalcm@gmail.com,-22.52032715720214,-42.726688385009766,1031,M,001,25/03/2026
3300802289717,2289717,EAP MARUBAI,SMSDC DE CACHOEIRAS DE MACACU,UBS / Atencao basica,UNIDADE BASICA DE SAUDE,"CMU 004 ESTRADA AGUA BOA, S/N, MARUBAI - CEP 28699899",MARUBAI,28699899,CACHOEIRAS DE MACACU,330080,(21)26493471,ubsmarubai@outlook.com,-22.578510494507483,-42.768402099609375,1031,M,001,25/03/2026
3300802298074,2298074,EAP MATUMBO,SMSDC DE CACHOEIRAS DE MACACU,UBS / Atencao basica,UNIDADE BASICA DE SAUDE,"ESTRADA DO MATUMBO, S/N, 3 DISTRITO - CEP 28699899",3 DISTRITO,28699899,CACHOEIRAS DE MACACU,330080,(21)26493471,,-22.44022556214516,-42.75930404663086,1031,M,001,25/03/2026
3300802289741,2289741,ESF AGRO BRASIL,SMSDC DE CACHOEIRAS DE MACACU,UBS / Atencao basica,UNIDADE BASICA DE SAUDE,"RUA VITORIA REGIA, S/N, AGRO BRASIL - CEP 28690440",AGRO BRASIL,28690440,CACHOEIRAS DE MACACU,330080,(21)27452493,esfagrobrasil@hotmail.com,-22.65651211013841,-42.74930477142334,1031,M,001,25/03/2026
3300803581993,3581993,ESF BOA VISTA,SMSDC DE CACHOEIRAS DE MACACU,UBS / Atencao basica,UNIDADE BASICA DE SAUDE,"RUA ARISTIDES ANTONIO FALCAO, 682, BOA VISTA - CEP 28681640",BOA VISTA,28681640,CACHOEIRAS DE MACACU,330080,,,-22.469297487226225,-42.64750957489014,1031,M,001,25/03/2026
3300803195716,3195716,ESF CASTALIA,SMSDC DE CACHOEIRAS DE MACACU,UBS / Atencao basica,UNIDADE BASICA DE SAUDE,"RUA VIRTULINO JOSE DE MORAES, S/N, CASTALIA - CEP 28683740",CASTALIA,28683740,CACHOEIRAS DE MACACU,330080,,esfcastalia@gmail.com,-22.435334196820715,-42.642652094364166,1031,M,001,25/03/2026
3300807177496,7177496,ESF CENTRO I,SMSDC DE CACHOEIRAS DE MACACU,UBS / Atencao basica,UNIDADE BASICA DE SAUDE,"AV GOV ROBERTO SILVEIRA, 569, CAMPO DO PRADO - CEP 28681260",CAMPO DO PRADO,28681260,CACHOEIRAS DE MACACU,330080,,unid.centro1@gmail.com,-22.46140543928406,-42.65246629714966,1031,M,001,25/03/2026
3300807177526,7177526,ESF CENTRO II,SMSDC DE CACHOEIRAS DE MACACU,UBS / Atencao basica,UNIDADE BASICA DE SAUDE,"RUA ALBERTO MONTEIRO BARBOSA, 03, PARQUE VENEZA - CEP 28682198",PARQUE VENEZA,28682198,CACHOEIRAS DE MACACU,330080,,esf.centro2cm@gmail.com,-22.476277014295206,-42.65540599822998,1031,M,001,25/03/2026
3300802696509,2696509,ESF CIDADE ALTA,SMSDC DE CACHOEIRAS DE MACACU,UBS / Atencao basica,UNIDADE BASICA DE SAUDE,"RUA ADALGIZA VELOSO, S/N, MORRO DO CLEBER - CEP 28680670",MORRO DO CLEBER,28680670,CACHOEIRAS DE MACACU,330080,,,-22.462773690859656,-42.65791654586792,1031,M,001,06/04/2026
3300809243860,9243860,ESF FARAO,SMSDC DE CACHOEIRAS DE MACACU,UBS / Atencao basica,UNIDADE BASICA DE SAUDE,"ESTRADA DO FARAO, S/N, FARAO DE BAIXO - CEP 28699899",FARAO DE BAIXO,28699899,CACHOEIRAS DE MACACU,330080,,esffarao2021@gmail.com,-22.521437150561486,-42.61974334716797,1031,M,001,25/03/2026
3300802298066,2298066,ESF GUAPIACU,SMSDC DE CACHOEIRAS DE MACACU,UBS / Atencao basica,UNIDADE BASICA DE SAUDE,"EST DO GUAPIACU, S/N, 3 DISTRITO, GUAPIACU - CEP 28696300",GUAPIACU,28696300,CACHOEIRAS DE MACACU,330080,(21)26493471,,-22.436457267566148,-42.75061368942261,1031,M,001,25/03/2026
3300807177461,7177461,ESF JAPUIBA,SMSDC DE CACHOEIRAS DE MACACU,UBS / Atencao basica,UNIDADE BASICA DE SAUDE,"RUA ESCRIVAO ALBERTO MARTINS VIANA, 225, VIRA COPOS, JAPUIBA 2 DISTRITO - CEP 28686500",JAPUIBA 2 DISTRITO,28686500,CACHOEIRAS DE MACACU,330080,,,-22.5635016,-42.6915151,1031,M,001,25/03/2026
3300802289806,2289806,ESF MARAPORA,SMSDC DE CACHOEIRAS DE MACACU,UBS / Atencao basica,UNIDADE BASICA DE SAUDE,"EST RIO FRIBURGO RJ 122 KM 23, S/N, CENTRO, MARAPORA - CEP 28693730",MARAPORA,28693730,CACHOEIRAS DE MACACU,330080,,esfmaraporacahu@gmail.com,-22.56733549053005,-42.79621124267578,1031,M,001,25/03/2026
3300806000401,6000401,ESF PAPUCAIA,SMSDC DE CACHOEIRAS DE MACACU,UBS / Atencao basica,UNIDADE BASICA DE SAUDE,"RUA SEBASTIAO MARIANO SILVA, S/N, PAPUCAIA - CEP 28691319",PAPUCAIA,28691319,CACHOEIRAS DE MACACU,330080,,papucaiaesf@yahoo.com,-22.602541607681818,-42.74284601211548,1031,M,001,25/03/2026
3300804272277,4272277,ESF PAPUCAIA I,SECRETARIA MUNICIPAL DE SAUDE E SANEAMENTO CM,UBS / Atencao basica,UNIDADE BASICA DE SAUDE,"RUA SEBASTIAO MARIANO, S/N, PAPUCAIA - CEP 28691319",PAPUCAIA,28691319,CACHOEIRAS DE MACACU,330080,,,-22.601174740127927,-42.74127960205078,1031,M,001,25/03/2026
3300807177445,7177445,ESF RIBEIRA,SMSDC DE CACHOEIRAS DE MACACU,UBS / Atencao basica,UNIDADE BASICA DE SAUDE,"RUA PADRE ANTONIO COSTA CARVALHO, S/N, 2 DISTRITO, PARQUE RIBEIRA - CEP 28692456",PARQUE RIBEIRA,28692456,CACHOEIRAS DE MACACU,330080,,,-22.59288756713101,-42.73313924105585,1031,M,001,25/03/2026
3300802696398,2696398,ESF SAO JOSE DA BOA MORTE,SMSDC DE CACHOEIRAS DE MACACU,UBS / Atencao basica,UNIDADE BASICA DE SAUDE,"RJ 122 ESTRADA RIO FRIBURGO, S/N, KM 17 5, SAO JOSE DA BOA MORT - CEP 28699899",SAO JOSE DA BOA MORT,28699899,CACHOEIRAS DE MACACU,330080,(21)26493471,usfsjbm@gmail.com,-22.555683989943688,-42.789344787597656,1031,M,001,25/03/2026
3300805794803,5794803,ESF TABOADO,SMSDC DE CACHOEIRAS DE MACACU,UBS / Atencao basica,UNIDADE BASICA DE SAUDE,"ESTRADA RIO FRIBURGO, S/N, TABOADO - CEP 28685600",TABOADO,28685600,CACHOEIRAS DE MACACU,330080,,,-22.53340865499683,-42.68287181854248,1031,M,001,25/03/2026
3300802289733,2289733,ESF VECCHI,SMSDC DE CACHOEIRAS DE MACACU,UBS / Atencao basica,UNIDADE BASICA DE SAUDE,"EST DO VECCHI, S/N, 3 DISTRITO - CEP 28693020",3 DISTRITO,28693020,CACHOEIRAS DE MACACU,330080,(21)26493471,saude.coletiva@brasilvision.co,-22.53095101355837,-42.75535583496094,1031,M,001,25/03/2026
3300809285784,9285784,GERENCIA DE PROMOCAO EM SAUDE,SMSDC DE CACHOEIRAS DE MACACU,UBS / Atencao basica,UNIDADE BASICA DE SAUDE,"RUA PROFESSOR FERNANDO NUNES, 37, CENTRO - CEP 28680010",CENTRO,28680010,CACHOEIRAS DE MACACU,330080,,,-22.465976139921093,-42.653807401657104,1031,M,001,25/03/2026
3300902289857,2289857,CENTRO DE SAUDE DR VICENTE GOMES VIEIRA DANTAS,SECRETARIA MUNICIPAL DE SAUDE DE CAMBUCI,UBS / Atencao basica,AMBULATORIO,"AV JOSE DE SOUZA FARIA, 318, FLORESTA - CEP 28430000",FLORESTA,28430000,CAMBUCI,330090,2227672568,smscambucirj@ig.com.br,-21.57704089116419,-41.90889894962311,1244,M,016,30/09/2025
3300903585042,3585042,ESTRATEGIA DE SAUDE DA FAMILIA DA BOIA,SECRETARIA MUNICIPAL DE SAUDE DE CAMBUCI,UBS / Atencao basica,UNIDADE BASICA DE SAUDE,"EST CAMBUCI ITAOCARA, S/N, 1 DISTRITO, SANTA CRUZ - CEP 28430000",SANTA CRUZ,28430000,CAMBUCI,330090,(22)27672568,,-21.58765104348162,-41.929771900177,1244,M,001,30/09/2025
3300903585093,3585093,ESTRATEGIA DE SAUDE DA FAMILIA DE FUNIL,SECRETARIA MUNICIPAL DE SAUDE DE CAMBUCI,UBS / Atencao basica,UNIDADE BASICA DE SAUDE,"RUA ATRATINO MEIRELES, S/N, 5 DISTRITO - CEP 28440000",5 DISTRITO,28440000,CAMBUCI,330090,(22)27672568,,-21.625595801262158,-42.08733558654785,1244,M,001,30/09/2025
3300903584992,3584992,ESTRATEGIA DE SAUDE DA FAMILIA DE MONTE VERDE,SECRETARIA MUNICIPAL DE SAUDE DE CAMBUCI,UBS / Atencao basica,UNIDADE BASICA DE SAUDE,"RUA CEL SERGIO PITA, 400, 2 DISTRITO - CEP 28445000",2 DISTRITO,28445000,CAMBUCI,330090,(22)27672568,,-21.469983114133196,-41.9138503074646,1244,M,001,30/09/2025
3300903585018,3585018,ESTRATEGIA DE SAUDE DA FAMILIA DO GUARANI,SECRETARIA MUNICIPAL DE SAUDE DE CAMBUCI,UBS / Atencao basica,UNIDADE BASICA DE SAUDE,"PARQUE DE EXPOSICAO GUMERCINDO TEIXEIRA DE CARVALH, S/N, 1 DISTRITO, SUBURBANO - CEP 28430000",SUBURBANO,28430000,CAMBUCI,330090,(22)27672568,,-21.57228677204245,-41.92308783531189,1244,M,001,01/10/2025
3300907759320,7759320,ESTRATEGIA DE SAUDE DA FAMILIA DO NAO PENSEI,SECRETARIA MUNICIPAL DE SAUDE DE CAMBUCI,UBS / Atencao basica,UNIDADE BASICA DE SAUDE,"ESTRADA CAMBUCI PUREZA, S/N, NAO PENSEI - CEP 28430000",NAO PENSEI,28430000,CAMBUCI,330090,2227672568,,-21.57141125880723,-41.89587414264679,1244,M,001,01/10/2025
3301002286556,2286556,CENTRO DE SAUDE GUARUS DR HENRIQUE DE SOUZA OLIVEIRA,SECRETARIA MUNICIPAL DE SAUDE DE CAMPOS DOS GOYTACAZES,UBS / Atencao basica,AMBULATORIO,"AV BARTOLOMEU LISANDRO, S/N, PQ JARDIM CARIOCA - CEP 28010000",PQ JARDIM CARIOCA,28010000,CAMPOS DOS GOYTACAZES,330100,22 987330993,,-21.743814930303287,-41.32850646972656,1031,M,016,16/09/2025
3301004085396,4085396,LEANDRO MIGNOT ODONTOLOGIA E MEDICINA,LEANDRO MIGNOT SOBRINHO CENTRO DE SAUDE,UBS / Atencao basica,AMBULATORIO,"AV 24 DE OUTUBRO, 83, SALA 101, PARQUE TARCISIO MIRA - CEP 28010000",PARQUE TARCISIO MIRA,28010000,CAMPOS DOS GOYTACAZES,330100,,,-21.7734205,-41.3102715,2135,M,016,26/03/2026
3301006035019,6035019,POLICLINICA DO SERVIDOR CANTINHO DA SAUDE,SIND DOS EMPREGADOS EM EST E SERVICOS DE SAUDE DE CAMPOS,UBS / Atencao basica,UNIDADE BASICA DE SAUDE,"RUA FRANCISCO LUIS RODRIGUES, 61, PARQUE JULIAO NOGUEI - CEP 28053600",PARQUE JULIAO NOGUEI,28053600,CAMPOS DOS GOYTACAZES,330100,2227327699,,-21.74927778,-41.35013889,1031,M,001,16/09/2025
3301002286696,2286696,POLICLINICA NOVO MUNDO,SECRETARIA MUNICIPAL DE SAUDE DE CAMPOS DOS GOYTACAZES,UBS / Atencao basica,UNIDADE BASICA DE SAUDE,"AV NITEROI, S/N, PQ SAO MATEUS - CEP 28070000",PQ SAO MATEUS,28070000,CAMPOS DOS GOYTACAZES,330100,22 27201494,,-21.717802687916585,-41.311748027801514,1031,M,001,16/09/2025
3301000553611,0553611,SUBSECRETARIA DE ATENCAO BASICA,SECRETARIA MUNICIPAL DE SAUDE DE CAMPOS DOS GOYTACAZES,UBS / Atencao basica,AMBULATORIO,"RUA VOLUNTARIOS DA PATRIA, 875, CENTRO - CEP 28035260",CENTRO,28035260,CAMPOS DOS GOYTACAZES,330100,,,-21.75611179946144,-41.33033303718567,1031,M,016,18/03/2026
3301005855861,5855861,SUBSECRETARIA DE ATENCAO ESPECIALIZADA A SAUDE,SECRETARIA MUNICIPAL DE SAUDE DE CAMPOS DOS GOYTACAZES,UBS / Atencao basica,CENTRAL DE REGULACAO,"RUA VOLUNTARIOS DA PATRIA, 184, CENTRO - CEP 28035260",CENTRO,28035260,CAMPOS DOS GOYTACAZES,330100,22 27250482,,-21.756251304091577,-41.32387161254883,1031,M,003,13/03/2026
3301008204810,8204810,UBSF JARDIM AEROPORTO,SECRETARIA MUNICIPAL DE SAUDE,UBS / Atencao basica,AMBULATORIO,"RUA DORITA PECANHA GIMENES, 101, PARQUE AEROPORTO - CEP 28093070",PARQUE AEROPORTO,28093070,CAMPOS DOS GOYTACAZES,330100,,,-21.754995757540353,-41.321961879730225,1031,M,016,08/04/2026
3301002286955,2286955,UNIDADE BASICA DE SAUDE BALEEIRA,SECRETARIA MUNICIPAL DE SAUDE DE CAMPOS DOS GOYTACAZES,UBS / Atencao basica,UNIDADE BASICA DE SAUDE,"RUA CONSELHEIRO THOMAS COELHO, 450, BALEEIRA - CEP 28051202",BALEEIRA,28051202,CAMPOS DOS GOYTACAZES,330100,22 27208180,,-21.746924124710333,-41.34112358093262,1031,M,001,16/09/2025
3301002286467,2286467,UNIDADE BASICA DE SAUDE CAMBAIBA,SECRETARIA MUNICIPAL DE SAUDE DE CAMPOS DOS GOYTACAZES,UBS / Atencao basica,UNIDADE BASICA DE SAUDE,"ESTRADA DE CAMBAIBA, S/N, CAMBAIBA - CEP 28021455",CAMBAIBA,28021455,CAMPOS DOS GOYTACAZES,330100,,,-21.78486111,-41.23680556,1031,M,001,31/03/2026
3301003441369,3441369,UNIDADE BASICA DE SAUDE CAMPELO,SECRETARIA MUNICIPAL DE SAUDE DE CAMPOS DOS GOYTACAZES,UBS / Atencao basica,UNIDADE BASICA DE SAUDE,"EST AGROVILA, S/N, TRAVESSAO, CAMPELO - CEP 28175000",CAMPELO,28175000,CAMPOS DOS GOYTACAZES,330100,,,-21.612888807446005,-41.224329471588135,1031,M,001,13/11/2025
3301002286548,2286548,UNIDADE BASICA DE SAUDE CHAVE DO PARAISO,SECRETARIA MUNICIPAL DE SAUDE DE CAMPOS DOS GOYTACAZES,UBS / Atencao basica,UNIDADE BASICA DE SAUDE,"ESTRADA VILA NOVA MURUNDU, S/N, CHAVE DO PARAISO - CEP 28165000",CHAVE DO PARAISO,28165000,CAMPOS DOS GOYTACAZES,330100,22 27257001,,-21.39588889,-41.44802778,1031,M,001,16/09/2025
3301002287528,2287528,UNIDADE BASICA DE SAUDE CORRENTEZA,SECRETARIA MUNICIPAL DE SAUDE DE CAMPOS DOS GOYTACAZES,UBS / Atencao basica,UNIDADE BASICA DE SAUDE,"ESTRADA PRINCIPAL, S/N, 3 DISTRITO, CORRENTEZA - CEP 28140000",CORRENTEZA,28140000,CAMPOS DOS GOYTACAZES,330100,,,-21.98255556,-41.19241667,1031,M,001,16/09/2025
3301006427596,6427596,UNIDADE BASICA DE SAUDE CUSTODOPOLIS,SECRETARIA MUNICIPAL DE SAUDE DE CAMPOS DOS GOYTACAZES,UBS / Atencao basica,UNIDADE BASICA DE SAUDE,"RUA PATRICIO MENEZES, 151, CUSTODOPOLIS - CEP 28085070",CUSTODOPOLIS,28085070,CAMPOS DOS GOYTACAZES,330100,,,-21.73042070827031,-41.30842208862305,1031,M,001,16/09/2025
3301002298198,2298198,UNIDADE BASICA DE SAUDE DA FAMILIA ALDEIA,SECRETARIA MUNICIPAL DE SAUDE DE CAMPOS DOS GOYTACAZES,UBS / Atencao basica,UNIDADE BASICA DE SAUDE,"RUA D, S/N, PQ ALDEIA - CEP 28060535",PQ ALDEIA,28060535,CAMPOS DOS GOYTACAZES,330100,22 27202418,,-21.72818821657152,-41.34363412857056,1031,M,001,16/09/2025
3301002286785,2286785,UNIDADE BASICA DE SAUDE DA FAMILIA ALVORADA,SECRETARIA MUNICIPAL DE SAUDE DE CAMPOS DOS GOYTACAZES,UBS / Atencao basica,UNIDADE BASICA DE SAUDE,"RUA ALEXANDRE ATHYE, S/N, PQ ALVORADA - CEP 28083000",PQ ALVORADA,28083000,CAMPOS DOS GOYTACAZES,330100,22 27394553,,-21.73691667,-41.31955556,1031,M,001,18/05/2022
3301002298287,2298287,UNIDADE BASICA DE SAUDE DA FAMILIA CARVAO,SECRETARIA MUNICIPAL DE SAUDE DE CAMPOS DOS GOYTACAZES,UBS / Atencao basica,UNIDADE BASICA DE SAUDE,"EST DO CARVAO, S/N, CARVAO - CEP 28015160",CARVAO,28015160,CAMPOS DOS GOYTACAZES,330100,,,-21.843654156407162,-41.34363412857056,1031,M,001,16/09/2025
3301002287455,2287455,UNIDADE BASICA DE SAUDE DA FAMILIA CONCEICAO DO IMBE,SECRETARIA MUNICIPAL DE SAUDE DE CAMPOS DOS GOYTACAZES,UBS / Atencao basica,UNIDADE BASICA DE SAUDE,"CONCEICAO DO IMBE, S/N, 9 DISTRITO, MORANGABA - CEP 28120000",MORANGABA,28120000,CAMPOS DOS GOYTACAZES,330100,,,-21.78077778,-41.58630556,1031,M,001,16/09/2025
3301002286882,2286882,UNIDADE BASICA DE SAUDE DA FAMILIA CONSELHEIRO JOSINO,SECRETARIA MUNICIPAL DE SAUDE DE CAMPOS DOS GOYTACAZES,UBS / Atencao basica,UNIDADE BASICA DE SAUDE,"RUA TEOTONIO FERREIRA DE ARAUJO, S/N, CONSELHEIRO JOSINO - CEP 28140000",CONSELHEIRO JOSINO,28140000,CAMPOS DOS GOYTACAZES,330100,22 27213190,,-21.751886737874358,-41.33048057556152,1031,M,001,09/02/2026
3301009328343,9328343,UNIDADE BASICA DE SAUDE DA FAMILIA DE TOCOS,SECRETARIA MUNICIPAL DE SAUDE,UBS / Atencao basica,UNIDADE BASICA DE SAUDE,"RUA JOSE DAS CHAGAS, S/N, TOCOS - CEP 28148000",TOCOS,28148000,CAMPOS DOS GOYTACAZES,330100,,,-21.89611111,-41.28527778,1031,M,001,29/09/2025
3301002286807,2286807,UNIDADE BASICA DE SAUDE DA FAMILIA DORES DE MACABU,SECRETARIA MUNICIPAL DE SAUDE DE CAMPOS DOS GOYTACAZES,UBS / Atencao basica,UNIDADE BASICA DE SAUDE,"RUA MAJOR JOAO AFONSO, 38, DORES DE MACABU - CEP 28140000",DORES DE MACABU,28140000,CAMPOS DOS GOYTACAZES,330100,22 2736 6997,,-21.98688549310305,-41.51186227798462,1031,M,001,29/09/2025
3301002298309,2298309,UNIDADE BASICA DE SAUDE DA FAMILIA LAGAMAR,SECRETARIA MUNICIPAL DE SAUDE DE CAMPOS DOS GOYTACAZES,UBS / Atencao basica,UNIDADE BASICA DE SAUDE,"AV OLAVO SALDANHA, S/N, LAGAMAR - CEP 28140000",LAGAMAR,28140000,CAMPOS DOS GOYTACAZES,330100,22 99425120,,-22.060962732044345,-41.08384609222412,1031,M,001,16/09/2025
3301002286580,2286580,UNIDADE BASICA DE SAUDE DA FAMILIA LAGOA DE CIMA,SECRETARIA MUNICIPAL DE SAUDE DE CAMPOS DOS GOYTACAZES,UBS / Atencao basica,UNIDADE BASICA DE SAUDE,"ESTRADA DE LAGOA DE CIMA, S/N, MORANGABA - CEP 28040000",MORANGABA,28040000,CAMPOS DOS GOYTACAZES,330100,22 27237083,,-21.76080556,-41.52391667,1031,M,001,16/09/2025
3301002286963,2286963,UNIDADE BASICA DE SAUDE DA FAMILIA MORANGABA,SECRETARIA MUNICIPAL DE SAUDE DE CAMPOS DOS GOYTACAZES,UBS / Atencao basica,UNIDADE BASICA DE SAUDE,"RUA PRINCIPAL, S/N, MORANGABA - CEP 28140000",MORANGABA,28140000,CAMPOS DOS GOYTACAZES,330100,22 27233109,,-21.729525,-41.6159871,1031,M,001,16/09/2025
3301009328513,9328513,UNIDADE BASICA DE SAUDE DA FAMILIA MORRO DO COCO,SECRETARIA MUNICIPAL DE SAUDE,UBS / Atencao basica,UNIDADE BASICA DE SAUDE,"AV NILO PECANHA, S/N, MORRO DO COCO - CEP 28178000",MORRO DO COCO,28178000,CAMPOS DOS GOYTACAZES,330100,,,-21.37222222,-41.34519444,1031,M,001,16/09/2025
3301002298295,2298295,UNIDADE BASICA DE SAUDE DA FAMILIA PARQUE AURORA,SECRETARIA MUNICIPAL DE SAUDE DE CAMPOS DOS GOYTACAZES,UBS / Atencao basica,UNIDADE BASICA DE SAUDE,"AV MACHADO, 24, PQ AURORA - CEP 28025140",PQ AURORA,28025140,CAMPOS DOS GOYTACAZES,330100,22 27202131,,-22.05066107559454,-41.0673451423645,1031,M,001,16/09/2025
3301002287145,2287145,UNIDADE BASICA DE SAUDE DA FAMILIA PARQUE PRAZERES,SECRETARIA MUNICIPAL DE SAUDE DE CAMPOS DOS GOYTACAZES,UBS / Atencao basica,UNIDADE BASICA DE SAUDE,"RUA ARNALDO DA SILVA VIZELA, S/N, PQ PRAZERES - CEP 28080050",PQ PRAZERES,28080050,CAMPOS DOS GOYTACAZES,330100,,,-21.740586080270152,-41.299753189086914,1031,M,001,18/09/2025
3301002287056,2287056,UNIDADE BASICA DE SAUDE DA FAMILIA PATRONATO SAO JOSE,SECRETARIA MUNICIPAL DE SAUDE DE CAMPOS DOS GOYTACAZES,UBS / Atencao basica,UNIDADE BASICA DE SAUDE,"AV RUI BARBOSA, 553, LAPA - CEP 28010005",LAPA,28010005,CAMPOS DOS GOYTACAZES,330100,22 27201173,,-21.75527778,-41.30977778,1031,M,001,17/09/2025
3301002286602,2286602,UNIDADE BASICA DE SAUDE DA FAMILIA PENHA,SECRETARIA MUNICIPAL DE SAUDE DE CAMPOS DOS GOYTACAZES,UBS / Atencao basica,UNIDADE BASICA DE SAUDE,"RUA ROSSINI QUINTANILHA, S/N, PENHA - CEP 28020220",PENHA,28020220,CAMPOS DOS GOYTACAZES,330100,22 27311449,,-21.7961042148564,-41.29228591918945,1031,M,001,25/02/2026
3301007406746,7406746,UNIDADE BASICA DE SAUDE DA FAMILIA PERNAMBUCA,SECRETARIA MUNICIPAL DE SAUDE DE CAMPOS DOS GOYTACAZES,UBS / Atencao basica,UNIDADE BASICA DE SAUDE,"ESTRADA LAGOA DE CIMA, S/N, PERNAMBUCA - CEP 28120000",PERNAMBUCA,28120000,CAMPOS DOS GOYTACAZES,330100,,,-21.807539954274013,-41.49544712881348,1031,M,001,17/09/2025
3301002286475,2286475,UNIDADE BASICA DE SAUDE DA FAMILIA POCO GORDO,SECRETARIA MUNICIPAL DE SAUDE DE CAMPOS DOS GOYTACAZES,UBS / Atencao basica,UNIDADE BASICA DE SAUDE,"RUA PRINCIPAL, S/N, POCO GORDO - CEP 28145000",POCO GORDO,28145000,CAMPOS DOS GOYTACAZES,330100,22 27202668,,-21.40301264766675,-41.5093731880188,1031,M,001,17/09/2025
3301002287501,2287501,UNIDADE BASICA DE SAUDE DA FAMILIA PONTA DA LAMA,SECRETARIA MUNICIPAL DE SAUDE DE CAMPOS DOS GOYTACAZES,UBS / Atencao basica,UNIDADE BASICA DE SAUDE,"RUA PRINCIPAL, S/N, PONTA DA LAMA - CEP 28140000",PONTA DA LAMA,28140000,CAMPOS DOS GOYTACAZES,330100,22 27229968,,-21.84463889,-41.43188889,1031,M,001,17/09/2025
3301009015450,9015450,UNIDADE BASICA DE SAUDE DA FAMILIA PQ RODOVIARIO,CAMPOS SECRETARIA DE SAUDE E ASSISTENCIA SOCIAL,UBS / Atencao basica,UNIDADE BASICA DE SAUDE,"RUA JOSE BENEVENTO, 27, PQ RODOVIARIO - CEP 28051315",PQ RODOVIARIO,28051315,CAMPOS DOS GOYTACAZES,330100,,,-21.75537415593103,-41.34599447250366,1031,M,001,17/09/2025
3301003021769,3021769,UNIDADE BASICA DE SAUDE DA FAMILIA SANTA CRUZ,SECRETARIA MUNICIPAL DE SAUDE DE CAMPOS DOS GOYTACAZES,UBS / Atencao basica,UNIDADE BASICA DE SAUDE,"RUA DO COLEGIO, S/N, STA CRUZ - CEP 28050270",STA CRUZ,28050270,CAMPOS DOS GOYTACAZES,330100,,,-21.72083333,-41.40177778,1031,M,001,29/10/2025
3301002286386,2286386,UNIDADE BASICA DE SAUDE DA FAMILIA SANTA HELENA,SECRETARIA MUNICIPAL DE SAUDE DE CAMPOS DOS GOYTACAZES,UBS / Atencao basica,UNIDADE BASICA DE SAUDE,"RUA ESTILAC LEAL, 87, PQ VERA CRUZ - CEP 28060030",PQ VERA CRUZ,28060030,CAMPOS DOS GOYTACAZES,330100,22 27201485,,-21.737237566655676,-41.33054494857788,1031,M,001,12/12/2025
3301002286793,2286793,UNIDADE BASICA DE SAUDE DA FAMILIA SANTO AMARO,SECRETARIA MUNICIPAL DE SAUDE DE CAMPOS DOS GOYTACAZES,UBS / Atencao basica,UNIDADE BASICA DE SAUDE,"RUA DOMINGOS PINTO DE CARVALHO, S/N, SANTO AMARO - CEP 28070595",SANTO AMARO,28070595,CAMPOS DOS GOYTACAZES,330100,22 27216588,,-21.98147222,-41.13061111,1031,M,001,17/09/2025
3301002287021,2287021,UNIDADE BASICA DE SAUDE DA FAMILIA SAO MARTINHO,SECRETARIA MUNICIPAL DE SAUDE DE CAMPOS DOS GOYTACAZES,UBS / Atencao basica,UNIDADE BASICA DE SAUDE,"RUA PRINCIPAL, S/N, SAO MARTINHO - CEP 28010000",SAO MARTINHO,28010000,CAMPOS DOS GOYTACAZES,330100,22 27202449,,-21.0107240164108,-41.210124492645264,1031,M,001,30/03/2026
3301002286491,2286491,UNIDADE BASICA DE SAUDE DA FAMILIA SAO SEBASTIAO,SECRETARIA MUNICIPAL DE SAUDE DE CAMPOS DOS GOYTACAZES,UBS / Atencao basica,UNIDADE BASICA DE SAUDE,"RUA PRINCIPAL, S/N, SAO SEBASTIAO - CEP 28140000",SAO SEBASTIAO,28140000,CAMPOS DOS GOYTACAZES,330100,,,-21.402912758239026,-41.50898694499207,1031,M,001,29/09/2025
3301002286629,2286629,UNIDADE BASICA DE SAUDE DA FAMILIA SATURNINO BRAGA,SECRETARIA MUNICIPAL DE SAUDE DE CAMPOS DOS GOYTACAZES,UBS / Atencao basica,UNIDADE BASICA DE SAUDE,"ESTRADA DO ACUCAR, S/N, SATURNINO BRAGA - CEP 28140000",SATURNINO BRAGA,28140000,CAMPOS DOS GOYTACAZES,330100,22 27211586,,-21.87230556,-41.19611111,1031,M,001,17/09/2025
3301002286424,2286424,UNIDADE BASICA DE SAUDE DA FAMILIA TRES VENDAS,SECRETARIA MUNICIPAL DE SAUDE DE CAMPOS DOS GOYTACAZES,UBS / Atencao basica,UNIDADE BASICA DE SAUDE,"RUA ANASTACIA, S/N, TRES VENDAS - CEP 28140000",TRES VENDAS,28140000,CAMPOS DOS GOYTACAZES,330100,27358197,,-21.61466667,-41.41355556,1031,M,001,06/02/2026
3301002286858,2286858,UNIDADE BASICA DE SAUDE DA FAMILIA VENDA NOVA,SECRETARIA MUNICIPAL DE SAUDE DE CAMPOS DOS GOYTACAZES,UBS / Atencao basica,UNIDADE BASICA DE SAUDE,"RUA PRINCIPAL, S/N, VENDA NOVA - CEP 28140000",VENDA NOVA,28140000,CAMPOS DOS GOYTACAZES,330100,22 27415511,,-21.78619444,-41.18811111,1031,M,001,17/09/2025
3301002286750,2286750,UNIDADE BASICA DE SAUDE DR FELIX MIRANDA,SECRETARIA MUNICIPAL DE SAUDE DE CAMPOS DOS GOYTACAZES,UBS / Atencao basica,UNIDADE BASICA DE SAUDE,"RUA RIO BONITO, 152, A, PQ GUARUS - CEP 28070000",PQ GUARUS,28070000,CAMPOS DOS GOYTACAZES,330100,22 27201241,,-21.72072222,-41.32302778,1031,M,001,17/09/2025
3301002286734,2286734,UNIDADE BASICA DE SAUDE DR JAMIL ABIDO,SECRETARIA MUNICIPAL DE SAUDE DE CAMPOS DOS GOYTACAZES,UBS / Atencao basica,UNIDADE BASICA DE SAUDE,"AV SAO FIDELIS, S/N, PECUARIA - CEP 28057283",PECUARIA,28057283,CAMPOS DOS GOYTACAZES,330100,22 27208067,,-21.7427785121305,-41.35425567626953,1031,M,001,09/12/2025
3301002286378,2286378,UNIDADE BASICA DE SAUDE ELDORADO,SECRETARIA MUNICIPAL DE SAUDE DE CAMPOS DOS GOYTACAZES,UBS / Atencao basica,UNIDADE BASICA DE SAUDE,"RUA PROFESSORA RUTH RIBEIRO DO ROSARIO, S/N, JARDIM ELDORADO - CEP 28090160",JARDIM ELDORADO,28090160,CAMPOS DOS GOYTACAZES,330100,,,-21.715769348841775,-41.300697326660156,1031,M,001,11/12/2025
3301002286483,2286483,UNIDADE BASICA DE SAUDE ESPINHO,SECRETARIA MUNICIPAL DE SAUDE DE CAMPOS DOS GOYTACAZES,UBS / Atencao basica,UNIDADE BASICA DE SAUDE,"RUA PRINCIPAL, S/N, ESPINHO - CEP 28010010",ESPINHO,28010010,CAMPOS DOS GOYTACAZES,330100,22 27333207,,-21.828177757540107,-41.189138889312744,1031,M,001,17/09/2025
3301002286645,2286645,UNIDADE BASICA DE SAUDE FAZENDINHA,SECRETARIA MUNICIPAL DE SAUDE DE CAMPOS DOS GOYTACAZES,UBS / Atencao basica,UNIDADE BASICA DE SAUDE,"RUA GILBERTO MANHAES, 229, FAZENDINHA - CEP 28140000",FAZENDINHA,28140000,CAMPOS DOS GOYTACAZES,330100,( ),,-21.79547222,-41.25594444,1031,M,001,17/09/2025
3301002286513,2286513,UNIDADE BASICA DE SAUDE IBITIOCA,SECRETARIA MUNICIPAL DE SAUDE DE CAMPOS DOS GOYTACAZES,UBS / Atencao basica,UNIDADE BASICA DE SAUDE,"AV AMARAL PEIXOTO, 720, IBITIOCA - CEP 28040000",IBITIOCA,28040000,CAMPOS DOS GOYTACAZES,330100,,,-21.03820409530551,-41.970155239105225,1031,M,001,17/09/2025
3301002287064,2287064,UNIDADE BASICA DE SAUDE IPS,SECRETARIA MUNICIPAL DE SAUDE DE CAMPOS DOS GOYTACAZES,UBS / Atencao basica,UNIDADE BASICA DE SAUDE,"RUA DOS GOYTACAZES, 1185, IPS - CEP 28026601",IPS,28026601,CAMPOS DOS GOYTACAZES,330100,022 27202251,,-21.782993829653854,-41.321940422058105,1031,M,001,12/12/2025
3301002286947,2286947,UNIDADE BASICA DE SAUDE J CLUB ANTONIO CARLOS DE OLIVEIRA,SECRETARIA MUNICIPAL DE SAUDE DE CAMPOS DOS GOYTACAZES,UBS / Atencao basica,UNIDADE BASICA DE SAUDE,"RUA BELINO ESPERANCA, S/N, JOCKEY CLUB - CEP 28020140",JOCKEY CLUB,28020140,CAMPOS DOS GOYTACAZES,330100,,,-21.77155613148945,-41.291234493255615,1031,M,001,25/02/2026
3301002286742,2286742,UNIDADE BASICA DE SAUDE LEBRET,SECRETARIA MUNICIPAL DE SAUDE DE CAMPOS DOS GOYTACAZES,UBS / Atencao basica,UNIDADE BASICA DE SAUDE,"RUA MUNICIPAL, 100, PQ LEBRET - CEP 28010010",PQ LEBRET,28010010,CAMPOS DOS GOYTACAZES,330100,22 27202439,,-21.72436111,-41.32511111,1031,M,001,17/09/2025
3301005543096,5543096,UNIDADE BASICA DE SAUDE MARIA SELMA TIRA GOSTO,SECRETARIA MUNICIPAL DE SAUDE DE CAMPOS DOS GOYTACAZES,UBS / Atencao basica,UNIDADE BASICA DE SAUDE,"AVENIDA SAO JOAO DA BARRA, 45, LAPA - CEP 28015471",LAPA,28015471,CAMPOS DOS GOYTACAZES,330100,,,-21.766155786307475,-41.2731671333313,1031,M,001,11/11/2025
3301002286815,2286815,UNIDADE BASICA DE SAUDE MARRECAS,SECRETARIA MUNICIPAL DE SAUDE DE CAMPOS DOS GOYTACAZES,UBS / Atencao basica,UNIDADE BASICA DE SAUDE,"RUA MANOEL FRANCISCO AZEVEDO, S/N, MARRECAS - CEP 28060201",MARRECAS,28060201,CAMPOS DOS GOYTACAZES,330100,22 27477015,,-21.94652778,-41.05913889,1031,M,001,17/09/2025
3301002287048,2287048,UNIDADE BASICA DE SAUDE MATA DA CRUZ,SECRETARIA MUNICIPAL DE SAUDE DE CAMPOS DOS GOYTACAZES,UBS / Atencao basica,UNIDADE BASICA DE SAUDE,"RUA AUGUSTO DE OLIVEIRA, S/N, MATA DA CRUZ - CEP 28155000",MATA DA CRUZ,28155000,CAMPOS DOS GOYTACAZES,330100,22 27333591,,-21.35688889,-41.56180556,1031,M,001,17/09/2025
3301002287536,2287536,UNIDADE BASICA DE SAUDE MUSSUREPE,SECRETARIA MUNICIPAL DE SAUDE DE CAMPOS DOS GOYTACAZES,UBS / Atencao basica,UNIDADE BASICA DE SAUDE,"ESTRADA DO ACUCAR, 122, MUSSUREPE - CEP 28070385",MUSSUREPE,28070385,CAMPOS DOS GOYTACAZES,330100,22 27216596,,-21.93477778,-41.14091667,1031,M,001,17/09/2025
3301003029174,3029174,UNIDADE BASICA DE SAUDE PARQUE IMPERIAL DR WILSON PAES,SECRETARIA MUNICIPAL DE SAUDE DE CAMPOS DOS GOYTACAZES,UBS / Atencao basica,UNIDADE BASICA DE SAUDE,"RUA JOAO MANHAES, S/N, PQ IMPERIAL - CEP 28022560",PQ IMPERIAL,28022560,CAMPOS DOS GOYTACAZES,330100,(22)27330505,,-21.80358333,-41.29697222,1031,M,001,06/10/2025
3301002286440,2286440,UNIDADE BASICA DE SAUDE PONTA GROSSA DOS FIDALGOS,SECRETARIA MUNICIPAL DE SAUDE DE CAMPOS DOS GOYTACAZES,UBS / Atencao basica,UNIDADE BASICA DE SAUDE,"RUA PRINCIPAL, S/N, PONTA GROSSA DOS FID - CEP 28148000",PONTA GROSSA DOS FID,28148000,CAMPOS DOS GOYTACAZES,330100,22 27202551,,-21.40303262554411,-41.5093731880188,1031,M,001,17/09/2025
3301002298279,2298279,UNIDADE BASICA DE SAUDE QUILOMBO,SECRETARIA MUNICIPAL DE SAUDE DE CAMPOS DOS GOYTACAZES,UBS / Atencao basica,UNIDADE BASICA DE SAUDE,"RUA DR MARIO DE ABREU, S/N, QUILOMBO - CEP 28120000",QUILOMBO,28120000,CAMPOS DOS GOYTACAZES,330100,22 27368460,,-21.96533333,-41.46711111,1031,M,001,17/09/2025
3301003560082,3560082,UNIDADE BASICA DE SAUDE RETIRO,SECRETARIA MUNICIPAL DE SAUDE DE CAMPOS DOS GOYTACAZES,UBS / Atencao basica,UNIDADE BASICA DE SAUDE,"ESTRADA MINEIROS BARRA DO FURADO, S/N, 3 DISTRITO DE CAMPOS, RETIRO - CEP 28010010",RETIRO,28010010,CAMPOS DOS GOYTACAZES,330100,,,-22.06333333,-41.19913889,1031,M,001,17/09/2025
3301004140842,4140842,UNIDADE BASICA DE SAUDE RIO BRANCO,SECERETARIA MUNICIPAL DE SAUDE,UBS / Atencao basica,UNIDADE BASICA DE SAUDE,"RUA BARAO DE OLIVEIRA E CASTRO, S/N, PQ RIO BRANCO - CEP 28085628",PQ RIO BRANCO,28085628,CAMPOS DOS GOYTACAZES,330100,,,-21.754039143274635,-41.32389307022095,1031,M,001,31/03/2026
3301002287153,2287153,UNIDADE BASICA DE SAUDE SANTA ANA,SECRETARIA MUNICIPAL DE SAUDE DE CAMPOS DOS GOYTACAZES,UBS / Atencao basica,UNIDADE BASICA DE SAUDE,"RUA PRINCIPAL, S/N, 7 DISTRITO, TRAVESSAO - CEP 28175000",TRAVESSAO,28175000,CAMPOS DOS GOYTACAZES,330100,22 27332231,,-21.63294444,-41.25119444,1031,M,001,25/03/2022
3301002286505,2286505,UNIDADE BASICA DE SAUDE SANTA MARIA,SECRETARIA MUNICIPAL DE SAUDE DE CAMPOS DOS GOYTACAZES,UBS / Atencao basica,UNIDADE BASICA DE SAUDE,"PRACA DO SOL, S/N, CENTRO - CEP 28155000",CENTRO,28155000,CAMPOS DOS GOYTACAZES,330100,22 27812197,,-21.269159669724775,-41.448819736480715,1031,M,001,17/09/2025
3301002286718,2286718,UNIDADE BASICA DE SAUDE SANTA ROSA,SECRETARIA MUNICIPAL DE SAUDE DE CAMPOS DOS GOYTACAZES,UBS / Atencao basica,UNIDADE BASICA DE SAUDE,"RUA JUIZ ANTONIO BRAGA, 11, PQ STA ROSA - CEP 28085315",PQ STA ROSA,28085315,CAMPOS DOS GOYTACAZES,330100,,,-21.72572222,-41.30488889,1031,M,001,25/02/2026
3301002286572,2286572,UNIDADE BASICA DE SAUDE SANTOS DUMONT,SECRETARIA MUNICIPAL DE SAUDE DE CAMPOS DOS GOYTACAZES,UBS / Atencao basica,UNIDADE BASICA DE SAUDE,"RUA ANTONIO MARTINS COUTINHO, 24, SANTOS DUMONT - CEP 28073460",SANTOS DUMONT,28073460,CAMPOS DOS GOYTACAZES,330100,22 27201464,,-21.67947222,-41.31305556,1031,M,001,17/09/2025
3301002286599,2286599,UNIDADE BASICA DE SAUDE SENTINELA DO IMBE,SECRETARIA MUNICIPAL DE SAUDE DE CAMPOS DOS GOYTACAZES,UBS / Atencao basica,UNIDADE BASICA DE SAUDE,"ESTRADA DA FIGUEIRA, S/N, SENTINELA DO IMBE - CEP 28025183",SENTINELA DO IMBE,28025183,CAMPOS DOS GOYTACAZES,330100,,,-21.86552778,-41.61055556,1031,M,001,17/09/2025
3301002286831,2286831,UNIDADE BASICA DE SAUDE SERRINHA,SECRETARIA MUNICIPAL DE SAUDE DE CAMPOS DOS GOYTACAZES,UBS / Atencao basica,UNIDADE BASICA DE SAUDE,"RODOVIA BR 101, S/N, SERRINHA - CEP 28140000",SERRINHA,28140000,CAMPOS DOS GOYTACAZES,330100,22 27691197,,-21.758961652860933,-41.3480544090271,1031,M,001,17/09/2025
3301002287498,2287498,UNIDADE BASICA DE SAUDE SERVIDOR,SECRETARIA MUNICIPAL DE SAUDE,UBS / Atencao basica,UNIDADE BASICA DE SAUDE,"RUA DOS GOYTACAZES, 257, CASA, PARQUE TURF CLUB - CEP 28035581",PARQUE TURF CLUB,28035581,CAMPOS DOS GOYTACAZES,330100,22 27340762,,-21.7597982,-41.3161572,1031,M,001,17/09/2025
3301002286521,2286521,UNIDADE BASICA DE SAUDE TERRA PROMETIDA,SECRETARIA MUNICIPAL DE SAUDE DE CAMPOS DOS GOYTACAZES,UBS / Atencao basica,UNIDADE BASICA DE SAUDE,"RUA PRINCIPAL, 57, TERRA PROMETIDA - CEP 28140000",TERRA PROMETIDA,28140000,CAMPOS DOS GOYTACAZES,330100,22 27385096,,-21.65499951416422,-41.31582498550415,1031,M,001,17/09/2025
3301002286637,2286637,UNIDADE BASICA DE SAUDE TURF CLUB,SECRETARIA MUNICIPAL DE SAUDE DE CAMPOS DOS GOYTACAZES,UBS / Atencao basica,UNIDADE BASICA DE SAUDE,"RUA SEVERINO LESSA, 1, TURF CLUB - CEP 28024070",TURF CLUB,28024070,CAMPOS DOS GOYTACAZES,330100,(24)27202164,,-21.775501642623176,-41.309473514556885,1031,M,001,29/09/2025
3301002286904,2286904,UNIDADE BASICA DE SAUDE VILA NOVA,SECRETARIA MUNICIPAL DE SAUDE DE CAMPOS DOS GOYTACAZES,UBS / Atencao basica,UNIDADE BASICA DE SAUDE,"RUA NILO PESSANHA, 33, VILA NOVA - CEP 28165000",VILA NOVA,28165000,CAMPOS DOS GOYTACAZES,330100,22 27214095,,-21.445519388307122,-41.409101486206055,1031,M,001,17/09/2025
3301009650490,9650490,UNIDADE BASICA SAUDE DA FAMILIA COLEGIO AGRICOLA,SECRETARIA MUNICIPAL DE SAUDE,UBS / Atencao basica,UNIDADE BASICA DE SAUDE,"RUA WILSON BATISTA, S/N, ALDEIA 2 - CEP 28010000",ALDEIA 2,28010000,CAMPOS DOS GOYTACAZES,330100,,,-21.72238756270594,-41.33972883224487,1031,M,001,15/04/2025
3301002286823,2286823,UNIDADE PRE HOSPITALAR DE BAIXA GRANDE,SECRETARIA MUNICIPAL DE SAUDE,UBS / Atencao basica,UNIDADE BASICA DE SAUDE,"ESTRADA DO ACUCAR, S/N, BAIXA GRANDE - CEP 28140000",BAIXA GRANDE,28140000,CAMPOS DOS GOYTACAZES,330100,22 27216574,,-21.751866680804397,-41.33052349090576,1031,M,001,12/12/2025
3301003338142,3338142,UNIDADE PRE HOSPITALAR DE SAPUCAIA,SECRETARIA MUNICIPAL DE SAUDE,UBS / Atencao basica,UNIDADE BASICA DE SAUDE,"RUA PRINCIPAL, S/N, SAPUCAIA - CEP 28010972",SAPUCAIA,28010972,CAMPOS DOS GOYTACAZES,330100,27378100,,-21.65385837203628,-41.31657600402832,1031,M,001,17/09/2025
3301102267667,2267667,PSF ALTO SAO JOSE,PREFEITURA MUNICIPAL DE CANTAGALO,UBS / Atencao basica,UNIDADE BASICA DE SAUDE,"RUA AZER RIBEIRO, 10, CASA, SAO JOSE - CEP 28500000",SAO JOSE,28500000,CANTAGALO,330110,2225554408,contato@saudecantagalo.rj.gov.br,-21.98016013203988,-42.36302375793457,1244,M,001,15/09/2025
3301102267675,2267675,PSF BOA SORTE,PREFEITURA MUNICIPAL DE CANTAGALO,UBS / Atencao basica,UNIDADE BASICA DE SAUDE,"RUA CEL CUSTODIO MARQUES, 11, CASA, 5 DISTRITO BOA SORTE - CEP 28500000",5 DISTRITO BOA SORTE,28500000,CANTAGALO,330110,2225531120,contato@saudecantagalo.rj.gov.br,-21.981712166723895,-42.367658615112305,1244,M,001,15/09/2025
3301102267594,2267594,PSF DR DJALMA DANTAS DE GUSMAO,PREFEITURA MUNICIPAL DE CANTAGALO,UBS / Atencao basica,UNIDADE BASICA DE SAUDE,"RUA MARIA ZULMIRA TORRES, 280, CENTRO - CEP 28500000",CENTRO,28500000,CANTAGALO,330110,2225554469,contato@saudecantagalo.rj.gov.br,-21.980080540060186,-42.362873554229736,1244,M,001,15/09/2025
3301102267691,2267691,PSF EUCLIDELANDIA,PREFEITURA MUNICIPAL DE CANTAGALO,UBS / Atencao basica,UNIDADE BASICA DE SAUDE,"RUA JOAQUINA PIRES, 12, CASA, 3 DISTRITO EUCLIDELA - CEP 28520000",3 DISTRITO EUCLIDELA,28520000,CANTAGALO,330110,2225551925,contato@saudecantagalo.rj.gov.br,-21.9815131888666,-42.36752986907959,1244,M,001,15/09/2025
3301102267683,2267683,PSF FLORESTA,PREFEITURA MUNICIPAL DE CANTAGALO,UBS / Atencao basica,UNIDADE BASICA DE SAUDE,"RUA JOAO MACHADO, 13, CASA, 2 DISTRITO FLORESTA - CEP 28500000",2 DISTRITO FLORESTA,28500000,CANTAGALO,330110,2225521119,contato@saudecantagalo.rj.gov.br,-21.88183754852321,-42.45590057117652,1244,M,001,15/09/2025
3301102289946,2289946,PSF JOAO NICOLAU GUZZO,PREFEITURA MUNICIPAL DE CANTAGALO,UBS / Atencao basica,UNIDADE BASICA DE SAUDE,"RUA FRANCISCO EUGENIO VIEIRA, 14, CASA, TRIANGULO - CEP 28500000",TRIANGULO,28500000,CANTAGALO,330110,2225551526,contato@saudecantagalo.rj.gov.br,-21.981692268950724,-42.36680030822754,1244,M,001,15/09/2025
3301102267624,2267624,PSF SANTO ANTONIO SAO JOSE,PREFEITURA MUNICIPAL DE CANTAGALO,UBS / Atencao basica,UNIDADE BASICA DE SAUDE,"RUA NAIR JACINTHA, 14, CASA, SAO JOSE - CEP 28500000",SAO JOSE,28500000,CANTAGALO,330110,2225551301,contato@saudecantagalo.rj.gov.br,-21.982110121601693,-42.36649990081787,1244,M,001,15/09/2025
3301102267640,2267640,PSF SAO SEBASTIAO DO PARAIBA,PREFEITURA MUNICIPAL DE CANTAGALO,UBS / Atencao basica,UNIDADE BASICA DE SAUDE,"RUA JOAO BATISTA MUZI, 60, 4 DISTRIRO SAO SEBAS - CEP 28500000",4 DISTRIRO SAO SEBAS,28500000,CANTAGALO,330110,2225530081,contato@saudecantagalo.rj.gov.br,-21.982209610146825,-42.36658573150635,1244,M,001,15/09/2025
3300932295687,2295687,CENTRO MUNICIPAL DE SAUDE BENEDITO NUNES,SECRETARIA MUNICIPAL DE SAUDE DE CARAPEBUS,UBS / Atencao basica,AMBULATORIO,"RUA CARLITO PINTO DA SILVA, 763, CAXANGA - CEP 27998000",CAXANGA,27998000,CARAPEBUS,330093,2227685331,semsa.carapebus@yahoo.com.br,-22.1881872,-41.6547795,1244,M,016,03/02/2026
3300935462509,5462509,UNIDADE BASICA DE SAUDE ANISIA PRATA VICENTE UBAS,SECRETARIA MUNICIPAL DE SAUDE DE CARAPEBUS,UBS / Atencao basica,UNIDADE BASICA DE SAUDE,"RUA JOAO AURELIO ORTIZ, 14, UBAS - CEP 27998000",UBAS,27998000,CARAPEBUS,330093,,psfubas@carapebus.rj.gov.br,-22.214304782418235,-41.66410446166992,1244,M,001,16/12/2025
3300935346193,5346193,UNIDADE BASICA DE SAUDE ELOMIR TAVARES ESTEVES,SECRETARIA MUNICIPAL DE SAUDE DE CARAPEBUS,UBS / Atencao basica,UNIDADE BASICA DE SAUDE,"RUA SALIM SELEM BICHARA, 176, CASA, CENTRO - CEP 27998000",CENTRO,27998000,CARAPEBUS,330093,2227689529,psfcentro@carapebus.rj.gov.br,-22.18837855967603,-41.663246154785156,1244,M,001,21/01/2026
3300932294982,2294982,UNIDADE BASICA DE SAUDE IZOLINA FERNANDES DE SOUZA RODAGEM,SECRETARIA MUNICIPAL DE SAUDE DE CARAPEBUS,UBS / Atencao basica,UNIDADE BASICA DE SAUDE,"ESTRADA PRINCIPAL DA RODAGEM, S/N, AREA RURAL, RODAGEM - CEP 27998000",RODAGEM,27998000,CARAPEBUS,330093,2227683309,psfrodagem@carapebus.rj.gov.br,-22.154100922132113,-41.596126556396484,1244,M,001,21/01/2026
3300932295660,2295660,UNIDADE BASICA DE SAUDE SAPECADO,SECRETARIA MUNICIPAL DE SAUDE DE CARAPEBUS,UBS / Atencao basica,UNIDADE BASICA DE SAUDE,"RUA JOAO PEDRO SOBRINHO, 462, SAPECADO - CEP 27998000",SAPECADO,27998000,CARAPEBUS,330093,2227683309,psfcapelinha@carapebus.rj.gov.br,-22.18120578617065,-41.664748191833496,1244,M,001,22/12/2025
3301156268765,6268765,UBS DR JOAQUIM PEREIRA MACHADO,SECRETARIA MUNICIPAL DE SAUDE DE CARDOSO MOREIRA,UBS / Atencao basica,UNIDADE BASICA DE SAUDE,"RUA DONATILA VILELA, S/N, CENTRO - CEP 28180000",CENTRO,28180000,CARDOSO MOREIRA,330115,,,-21.487916409759425,-41.61598026752472,1244,M,001,10/12/2025
3301152290006,2290006,UBS GABRIEL BERNARDO DA SILVA,FUNDO MUNICIPAL DE SAUDE DE CARDOSO MOREIRA,UBS / Atencao basica,UNIDADE BASICA DE SAUDE,"RUA PRINCIPAL, S/N, VALAO DOS PIRES - CEP 28180000",VALAO DOS PIRES,28180000,CARDOSO MOREIRA,330115,,saude@cardosomoreira.rj.gov.br,-21.46744706558441,-41.515960693359375,1244,M,001,10/12/2025
3301152290014,2290014,UBS GALDINO SILVA,FUNDO MUNICIPAL DE SAUDE DE CARDOSO MOREIRA,UBS / Atencao basica,UNIDADE BASICA DE SAUDE,"OUTEIRO, S/N, 2 DISTRITO - CEP 28180000",2 DISTRITO,28180000,CARDOSO MOREIRA,330115,(22)27851212,saude@cardosomoreira.rj.gov.br,-21.60189645685463,-41.41798496246338,1244,M,001,10/12/2025
3301152289989,2289989,UBS JOAO FRANCISCO DOS SANTOS,FUNDO MUNICIPAL DE SAUDE DE CARDOSO MOREIRA,UBS / Atencao basica,UNIDADE BASICA DE SAUDE,"SAO JOAQUIM, S/N, 2 DISTRITO - CEP 28180000",2 DISTRITO,28180000,CARDOSO MOREIRA,330115,(22)27851296,saude@cardosomoreira.rj.gov.br,-21.47942800886796,-41.47471904754639,1244,M,001,10/12/2025
3301153708179,3708179,UBS JOSE ARAUJO MEDEIROS,FUNDO MUNICIPAL DE SAUDE DE CARDOSO MOREIRA,UBS / Atencao basica,UNIDADE BASICA DE SAUDE,"RUA DR SALLO BRAND, S/N, PALMEIRAS - CEP 28180000",PALMEIRAS,28180000,CARDOSO MOREIRA,330115,022-27851212,saude@cardosomoreira .rj.gov.br,-21.49178731562385,-41.628549098968506,1244,M,001,26/04/2023
3301152289962,2289962,UBS MARIA CANDIDA DE SOUZA,FUNDO MUNICIPAL DE SAUDE DE CARDOSO MOREIRA,UBS / Atencao basica,UNIDADE BASICA DE SAUDE,"RUA JOSE MIRANDA, 68, CATARINO - CEP 28180000",CATARINO,28180000,CARDOSO MOREIRA,330115,,,-21.487075328912123,-41.60917282104492,1244,M,001,23/07/2025
3301154817974,4817974,UBS NOVO MUNDO,MUNICIPIO DE CARDOSO MOREIRA,UBS / Atencao basica,UNIDADE BASICA DE SAUDE,"RUA NESTOR MARINS, S/N, PREDIO, NOVO MUNDO - CEP 28180000",NOVO MUNDO,28180000,CARDOSO MOREIRA,330115,,,-21.493955,-41.623324,1244,M,001,07/04/2026
3301154311655,4311655,UBS VINICIUS FLORIDO,MUNICIPIO DE CARDOSO MOREIRA,UBS / Atencao basica,UNIDADE BASICA DE SAUDE,"DOUTOR MATTOS, 0, POSTO, DOUTOR MATTOS - CEP 28180000",DOUTOR MATTOS,28180000,CARDOSO MOREIRA,330115,,,-21.435812642308868,-41.55733108520508,1244,M,001,10/12/2025
3301152290022,2290022,UNIDADE MOVEL ODONTOLOGICA,FUNDO MUNICIPAL DE SAUDE DE CARDOSO MOREIRA,UBS / Atencao basica,UNIDADE BASICA DE SAUDE,"RUA ANTONIO FERREIRA DE MEDEIROS, 38, CENTRO - CEP 28180000",CENTRO,28180000,CARDOSO MOREIRA,330115,022-27851296,saude@cardosomoreira.rj.gov.br,-21.489241663783467,-41.614054441452026,1244,M,001,10/12/2025
3301202271672,2271672,CENTRO MUNICIPAL DE SAUDE,SECRETARIA MUNICIPAL DE SAUDE DE CARMO,UBS / Atencao basica,AMBULATORIO,"RUA ALCEU MATOS, 87, CENTRO - CEP 28640000",CENTRO,28640000,CARMO,330120,(22)25372468,carmosms@gmail.com,-21.929003141502992,-42.609336376190186,1244,M,016,13/03/2026
3301209485961,9485961,ESF ASA BRANCA,MUNICIPIO DE CARMO,UBS / Atencao basica,UNIDADE BASICA DE SAUDE,"RUA CAROLINA FRANCA, 25, ASA BRANCA, BOM PASTOR - CEP 28640000",BOM PASTOR,28640000,CARMO,330120,2220504143,esfasabranca@gmail.com,-21.9251275,-42.6107483,1244,M,001,28/06/2024
3301202271664,2271664,ESF BOTAFOGO,SECRETARIA MUNICIPAL DE SAUDE DE CARMO,UBS / Atencao basica,UNIDADE BASICA DE SAUDE,"PRACA OSMAR RIBEIRO, 42, BOTAFOGO - CEP 28640000",BOTAFOGO,28640000,CARMO,330120,(22)25370519,esfbotafogo2022@outlook.com,-21.94071684142291,-42.605377435684204,1244,M,001,21/03/2025
3301209493115,9493115,ESF CENTRO,MUNICIPIO DE CARMO,UBS / Atencao basica,UNIDADE BASICA DE SAUDE,"TRAVESSA BENEDITO BRANCO, 51, CENTRO, CENTRO - CEP 28640000",CENTRO,28640000,CARMO,330120,,,-21.9363031688315,-42.60801672935486,1244,M,001,17/09/2025
3301202271648,2271648,ESF INFLUENCIA,SECRETARIA MUNICIPAL DE SAUDE DE CARMO,UBS / Atencao basica,UNIDADE BASICA DE SAUDE,"RUA JOSE FERREIRA ALVES, 816, 1 DISTRITO, INFLUENCIA - CEP 28640000",INFLUENCIA,28640000,CARMO,330120,2220503667,esfinfluencia2016@hotmail.com,-21.8713251,-42.654842,1244,M,001,28/06/2024
3301202271613,2271613,ESF PORTO VELHO DO CUNHA,SECRETARIA MUNICIPAL DE SAUDE DE CARMO,UBS / Atencao basica,UNIDADE BASICA DE SAUDE,"RUA MAJOR FAJARDO, 312, ZONA RURAL, PORTO VELHO DO CUNHA - CEP 28640000",PORTO VELHO DO CUNHA,28640000,CARMO,330120,(22)25371527,,-21.825767511243537,-42.55056381225586,1244,M,001,02/05/2024
3301202271591,2271591,ESF VAL PARAISO,SECRETARIA MUNICIPAL DE SAUDE DE CARMO,UBS / Atencao basica,UNIDADE BASICA DE SAUDE,"RUA PREFEITO MANOEL G DE ARAUJO, 87, VAL PARAISO - CEP 28640000",VAL PARAISO,28640000,CARMO,330120,2220503744,esfvalparaisocarmorj@gmail.com,-21.941985684748563,-42.612565755844116,1244,M,001,12/03/2026
3301302280361,2280361,ESF AMARO MOTTA DE OLIVEIRA,SECRETARIA MUNICIPAL DE SAUDE DE CASIMIRO DE ABREU RJ,UBS / Atencao basica,UNIDADE BASICA DE SAUDE,"RUA BENEDITO DE SOUZA, 324, PALMITAL - CEP 28860000",PALMITAL,28860000,CASIMIRO DE ABREU,330130,,,-22.31436,-41.59425,1244,M,001,04/03/2026
3301302280329,2280329,ESF ANTONIO ANEZIO MARCHON,SECRETARIA MUNICIPAL DE SAUDE DE CASIMIRO DE ABREU RJ,UBS / Atencao basica,UNIDADE BASICA DE SAUDE,"AVENIDA INDAICU, S/N, INDUSTRIAL - CEP 28860000",INDUSTRIAL,28860000,CASIMIRO DE ABREU,330130,,,-22.28198,-42.12154,1244,M,001,06/03/2026
3301302280345,2280345,ESF ANTONIO CAVALCANTI,SECRETARIA MUNICIPAL DE SAUDE DE CASIMIRO DE ABREU RJ,UBS / Atencao basica,UNIDADE BASICA DE SAUDE,"ESTRADA SERRAMAR KM 14, S/N, SITIO SANTO ANTONIO, ROSA BRANCA - CEP 28860000",ROSA BRANCA,28860000,CASIMIRO DE ABREU,330130,,,-22.4103082,-42.2152448,1244,M,001,06/03/2026
3301302294095,2294095,ESF AUTOEPSOM DINIZ DE CARVALHO,SECRETARIA MUNICIPAL DE SAUDE DE CASIMIRO DE ABREU RJ,UBS / Atencao basica,UNIDADE BASICA DE SAUDE,"RUA WALDEMAR DE SOUZA DUARTE, S/N, VILA FELIZ, RIO DOURADO - CEP 28860000",RIO DOURADO,28860000,CASIMIRO DE ABREU,330130,2227785628,psfcasimiro@yahoo.com.br,-22.28439,-42.12099,1244,M,001,06/03/2026
3301302280353,2280353,ESF DR FRANCISO CESAR FERREIRA ESPINDOLA,SECRETARIA MUNICIPAL DE SAUDE DE CASIMIRO DE ABREU RJ,UBS / Atencao basica,UNIDADE BASICA DE SAUDE,"RUA JOSE MARMELO DOS SANTOS, 235, CELIO SARZEDAS - CEP 28860000",CELIO SARZEDAS,28860000,CASIMIRO DE ABREU,330130,(22) 27781248,,-22.486111205403066,-42.20181226730347,1244,M,001,06/03/2026
3301307050895,7050895,ESF JOMAR TARDELLI BASTOS,SECRETARIA MUNICIPAL DE SAUDE DE CASIMIRO DE ABREU RJ,UBS / Atencao basica,UNIDADE BASICA DE SAUDE,"RUA PIABANHA, S/N, LOTE 254 QUADRA 07, LOTEAMENTO PEIXE DOU - CEP 28880000",LOTEAMENTO PEIXE DOU,28880000,CASIMIRO DE ABREU,330130,,,-22.5641646,-41.9858301,1244,M,001,16/03/2026
3301309008845,9008845,ESF JOSE CARLOS PINTO,SECRETARIA MUNICIPAL DE SAUDE DE CASIMIRIO DE ABREU RJ,UBS / Atencao basica,UNIDADE BASICA DE SAUDE,"RUA FREDERICO SILVA SOUTO, S/N, VILA CAMPO ALEGRE - CEP 28860000",VILA CAMPO ALEGRE,28860000,CASIMIRO DE ABREU,330130,,,-22.575546,-41.9850154,1244,M,001,06/03/2026
3301305445493,5445493,ESF JOSE GALVAO CASTRO,SECRETARIA MUNICIPAL DE SAUDE DE CASIMIRO DE ABREU,UBS / Atencao basica,UNIDADE BASICA DE SAUDE,"RUA PADRE ANCHIETA, 264, CENTRO - CEP 28860000",CENTRO,28860000,CASIMIRO DE ABREU,330130,,,-22.4796579,-42.2015157,1244,M,001,27/03/2026
3301302294079,2294079,ESF LECIR PACHECO PEIXOTO,SECRETARIA MUNICIPAL DE SAUDE DE CASIMIRO DE ABREU RJ,UBS / Atencao basica,UNIDADE BASICA DE SAUDE,"RUA JOAO SOARES, S/N, PROFESSOR SOUZA - CEP 28860000",PROFESSOR SOUZA,28860000,CASIMIRO DE ABREU,330130,2227783022,,-22.4925434,-42.1296555,1244,M,001,06/03/2026
3301305175852,5175852,ESF MIGUEL VALLIN SANTANA,SECRETARIA MUNICIPAL DE SAUDE DE CASIMIRO DE ABREU RJ,UBS / Atencao basica,UNIDADE BASICA DE SAUDE,"RUA AMAZONA, S/N, QD97 LOTE 34, SAO JOAO - CEP 28860000",SAO JOAO,28860000,CASIMIRO DE ABREU,330130,,usfmeninomiguel@gmail.com,-22.479536,-42.20421,1244,M,001,06/03/2026
3301306487122,6487122,ESF NESTOR PONCIANO FREITAS,SECRETARIA MUNICIPAL DE SAUDE DE CASIMIRO DE ABREU RJ,UBS / Atencao basica,UNIDADE BASICA DE SAUDE,"RUA GENI DA CRUZ LEITE, S/N, SANTA TEREZINHA - CEP 28860000",SANTA TEREZINHA,28860000,CASIMIRO DE ABREU,330130,,,-22.4881757,-42.199655,1244,M,001,06/03/2026
3301305445485,5445485,ESF ODINO MIRANDA,SECRETARIA MUNICIPAL DE SAUDE DE CASIMIRO DE ABREU RJ,UBS / Atencao basica,UNIDADE BASICA DE SAUDE,"RUA TANCREDO MENDES PAIXAO, S/N, JARDIM APARECIDA B - CEP 28860000",JARDIM APARECIDA B,28860000,CASIMIRO DE ABREU,330130,,,-22.2936,-42.11577,1244,M,001,06/03/2026
3301305445477,5445477,ESF OSWALDO RAMOS,SECRETARIA MUNICIPAL DE SAUDE DE CASIMIRO DE ABREU RJ,UBS / Atencao basica,UNIDADE BASICA DE SAUDE,"RODOVIA AMARAL PEIXOTO, S/N, KM 138, VILA NOVA BARRA DE - CEP 28880000",VILA NOVA BARRA DE,28880000,CASIMIRO DE ABREU,330130,,,-22.5929435,-41.9937484,1244,M,001,06/03/2026
3300952296853,2296853,UNIDADE BASICA DE SAUDE CENTRO,PREFEITURA MUNICIPAL COM LEVY GASPARIAN,UBS / Atencao basica,UNIDADE BASICA DE SAUDE,"RUA EUCLIDES DANTAS WERNECK, 06, PSF CENTRO, CENTRO - CEP 25870460",CENTRO,25870460,COMENDADOR LEVY GASPARIAN,330095,24992214507,saudelevygasparian@gmail.com,-22.062122685074673,-43.20210823519846,1244,M,001,07/04/2026
3300956431720,6431720,UNIDADE BASICA DE SAUDE FONSECA ALMEIDA,PREFEITURA MUNICIPAL DE COMENDADOR LEVY GASPARIAN,UBS / Atencao basica,UNIDADE BASICA DE SAUDE,"RUA NEWTON GUILHERME DA SILVA, S/N, FONSECA ALMEIDA - CEP 25870620",FONSECA ALMEIDA,25870620,COMENDADOR LEVY GASPARIAN,330095,2422541032,saudelevygasparian@gmail.com,-22.049517505682903,-43.208574056625366,1244,M,001,22/10/2025
3300952271087,2271087,UNIDADE BASICA DE SAUDE GROTAO,PREFEITURA MUNICIPAL COMENDADOR LEVY GASPARIAN,UBS / Atencao basica,UNIDADE BASICA DE SAUDE,"ESTRADA UNIAO INDUSTRIA KM 132, S/N, LADO DA POLICLINICA, GROTAO - CEP 25871480",GROTAO,25871480,COMENDADOR LEVY GASPARIAN,330095,24992714332,saudelevygasparian@gmail.com,-22.037802839850656,-43.20455074310303,1244,M,001,03/02/2026
3300952271060,2271060,UNIDADE BASICA DE SAUDE MONT SERRAT,PREFEITURA MUNICIPAL COMENDADOR LEVY GASPARIAN,UBS / Atencao basica,UNIDADE BASICA DE SAUDE,"RUA BERNARDINO FRANCO, 280, MONT SERRAT - CEP 25875010",MONT SERRAT,25875010,COMENDADOR LEVY GASPARIAN,330095,2422542398,saudelevygasparian@gmail.com,-22.016921878403984,-43.310492634773254,1244,M,001,22/10/2025
3301402293463,2293463,CENTRO DE ESPECIALIDADES RODOLFO ESTACIO GAMBETA,SECRETARIA MUNICIPAL DE SAUDE DE CONCEICAO DE MACABU,UBS / Atencao basica,UNIDADE BASICA DE SAUDE,"RUA ROSENDO FONTES TAVARES, 185, BOCAINA - CEP 28740000",BOCAINA,28740000,CONCEICAO DE MACABU,330140,2227792000,semsa@conceicaodemacabu.rj.gov.br,-22.08946736004905,-41.867040395736694,1244,M,001,22/09/2025
3301406322786,6322786,CENTRO DE SAUDE ORAL,SULAMITA REGINA MORAES BARROS,UBS / Atencao basica,AMBULATORIO,"RUA ABELARDO DE CARVALHO, 60, SALA 103, CENTRO - CEP 28740000",CENTRO,28740000,CONCEICAO DE MACABU,330140,27790000,sularbarros@hotmail.com,-22.08536153699225,-41.86559200286865,4000,M,016,27/07/2020
3301406142826,6142826,CENTRO DE SAUDE ORAL,MARCO ELIAS DOS SANTOS SILVA,UBS / Atencao basica,AMBULATORIO,"RUA JOAQUIM CANDIDO, 42, CENTRO - CEP 28740000",CENTRO,28740000,CONCEICAO DE MACABU,330140,2227792337,marco.endo@hotmail.com,-22.08455626471296,-41.866375207901,4000,M,016,14/06/2019
3301406602312,6602312,CENTRO INTEGRADO DE CONVIVENCIA EDEMIR FIDELIS RIBEIRO,SECRETARIA MUNICIPAL DE SAUDE DE CONCEICAO DE MACABU,UBS / Atencao basica,UNIDADE BASICA DE SAUDE,"RUA PLACIDO FREIRE, 32, CENTRO - CEP 28740000",CENTRO,28740000,CONCEICAO DE MACABU,330140,2227792560,SMSMACABU@FACILITI.COM.BR,-22.083353318556913,-41.869046688079834,1244,M,001,07/04/2022
3301402290111,2290111,ESF ALBA CRISTINA CRUZ DE CARVALHO FERREIRA,SECRETARIA MUNICIPAL DE SAUDE DE CONCEICAO DE MACABU,UBS / Atencao basica,UNIDADE BASICA DE SAUDE,"RUA POETA ANTONIO SILVA, S/N, 2 DISTRITO, MACABUZINHO - CEP 28745000",MACABUZINHO,28745000,CONCEICAO DE MACABU,330140,2227703060,semsa@conceicaodemacabu.rj.gov.br,-22.08537644939856,-41.736711859703064,1244,M,001,22/09/2025
3301402290162,2290162,ESF ARLINDA DE ARAUJO LINHARES,SECRETARIA MUNICIPAL DE SAUDE DE CONCEICAO DE MACABU,UBS / Atencao basica,UNIDADE BASICA DE SAUDE,"RUA JOSE FERREIRA DE OLIVEIRA, 22, VILA SAO JOSE - CEP 28740000",VILA SAO JOSE,28740000,CONCEICAO DE MACABU,330140,2227703060,semsa@conceicaodemacabu.rj.gov.br,-22.105521671689917,-41.86717987060547,1244,M,001,24/09/2025
3301406850022,6850022,ESF CAPELINHA,SECRETARIA MUNICIPAL DE SAUDE DE CONCEICAO DE MACABU,UBS / Atencao basica,UNIDADE BASICA DE SAUDE,"ASSENTAMENTO CAPELINHA, S/N, CAPELINHA - CEP 28740000",CAPELINHA,28740000,CONCEICAO DE MACABU,330140,2227792898,semsa@conceicaodemacabu.rj.gov.br,-22.140337839462415,-41.753684878349304,1244,M,001,24/06/2025
3301402290197,2290197,ESF GUARACY ALVES SANTANA,SECRETARIA MUNICIPAL DE SAUDE DE CONCEICAO DE MACABU,UBS / Atencao basica,UNIDADE BASICA DE SAUDE,"RUA ALVARO DAUMAS, 05, VILA NOVA - CEP 28740000",VILA NOVA,28740000,CONCEICAO DE MACABU,330140,2227703060,semsa@conceicaodemacabu.rj.gov.br,-22.081931641706884,-41.8759024143219,1244,M,001,24/09/2025
3301402290081,2290081,ESF HERMENEGILDA FERREIRA,SECRETARIA MUNICIPAL DE SAUDE DE CONCEICAO DE MACABU,UBS / Atencao basica,UNIDADE BASICA DE SAUDE,"RUA MARIA CAROLINA SOARES, S/N, L, CALCADINHA - CEP 28740000",CALCADINHA,28740000,CONCEICAO DE MACABU,330140,2227703060,semsa@conceicaodemacabu.rj.gov.br,-22.103444157781343,-41.852529644966125,1244,M,001,24/09/2025
3301407551304,7551304,ESF USINA,SECRETARIA MUNICIPAL DE SAUDE DE CONCEICAO DE MACABU,UBS / Atencao basica,UNIDADE BASICA DE SAUDE,"CONJUNTO HABITACIONAL SILVIO SOARES TAVARES, S/N, L, USINA - CEP 28740000",USINA,28740000,CONCEICAO DE MACABU,330140,(22) 27703060,semsa@conceicaodemacabu.rj.gov.br,-22.081822281356413,-41.875988245010376,1244,M,001,07/04/2022
3301402290154,2290154,ESF ZOTTE,SECRETARIA MUNICIPAL DE SAUDE DE CONCEICAO DE MACABU,UBS / Atencao basica,UNIDADE BASICA DE SAUDE,"RUA LEOVEGILDA PAIXAO FONTES, S/N, RHODIA - CEP 28740000",RHODIA,28740000,CONCEICAO DE MACABU,330140,2227792000,semsa@conceicaodemacabu.rj.gov.br,-22.07328942752724,-41.86505287885666,1244,M,001,24/09/2025
3301407950128,7950128,PSF VILA NOVA,SECRETARIA MUNICIPAL DE SAUDE DE CONCEICAO DE MACABU,UBS / Atencao basica,UNIDADE BASICA DE SAUDE,"RUA JORGE LUIZ SARDINHA, S/N, VILA NOVA - CEP 28740000",VILA NOVA,28740000,CONCEICAO DE MACABU,330140,(22) 27792065,smsmacabu@faciliti.com.br,-22.08146437416277,-41.86994791030884,1244,M,001,07/04/2022
3301509101047,9101047,ADILSON BARBOSA REDER,ADILSON BARBOSA REDER,UBS / Atencao basica,UNIDADE BASICA DE SAUDE,"AVN RAUL VEIGA, 26, CENTRO - CEP 28540000",CENTRO,28540000,CORDEIRO,330150,,,-22.02772824736029,-42.36248731613159,4000,M,001,19/09/2025
3301506363199,6363199,ANDREA PIRAZZO SIMAO BURKHARDT,ANDREA PIRAZZO SIMAO BURKHARDT,UBS / Atencao basica,UNIDADE BASICA DE SAUDE,"AV RAUL VEIGA, 134, SL 27, CENTRO - CEP 28540000",CENTRO,28540000,CORDEIRO,330150,2225514033,,-22.029127,-42.361459,4000,M,001,19/09/2025
3301502293501,2293501,CENTRO DE SAUDE DE CORDEIRO,MUNICIPIO DE CORDEIRO,UBS / Atencao basica,UNIDADE BASICA DE SAUDE,"RUA NACIB SIMAO, 1325, RODOLFO CONCALVES - CEP 28540000",RODOLFO CONCALVES,28540000,CORDEIRO,330150,(22)25511293,,-22.033675625568318,-42.38658428192139,1244,M,001,24/02/2026
3301503711315,3711315,CLAUDIO DOS SANTOS DIAS COLA,CLAUDIO DOS SANTOS DIAS COLA,UBS / Atencao basica,UNIDADE BASICA DE SAUDE,"AVN RAUL VEIGA, 174, SL 28, CENTRO - CEP 28540000",CENTRO,28540000,CORDEIRO,330150,2225514060,,-22.02787743214228,-42.36257314682007,4000,M,001,19/09/2025
3301507524102,7524102,CLINICA ESPACO SAUDE 67 LTDA ME,CLINICA ESPACO SAUDE 67 LTDA ME,UBS / Atencao basica,UNIDADE BASICA DE SAUDE,"RUA NOSSA SENHORA DA PIEDADE, 67, CENTRO - CEP 28540000",CENTRO,28540000,CORDEIRO,330150,22-25513309,,-22.02941899902003,-42.36070364713669,2062,M,001,19/09/2025
3301503735869,3735869,DIAGMED,DIAGMED LTDA,UBS / Atencao basica,UNIDADE BASICA DE SAUDE,"RUA MOACIR LAPORT LEITAO, 33, CENTRO - CEP 28540000",CENTRO,28540000,CORDEIRO,330150,2225510852,r.montechiari@uol.com.br,-22.026584492143925,-42.362937927246094,2062,M,001,19/09/2025
3301507036671,7036671,ERICK PEREIRA SCHUELER,ERICK PEREIRA SCHUELER,UBS / Atencao basica,UNIDADE BASICA DE SAUDE,"AVN RAUL VEIGA, 86, SALA 701, CENTRO - CEP 28540000",CENTRO,28540000,CORDEIRO,330150,,,-22.028971449074675,-42.36353874206543,4000,M,001,19/09/2025
3301509132988,9132988,ESF RODOLFO,MUNICIPIO DE CORDEIRO,UBS / Atencao basica,UNIDADE BASICA DE SAUDE,"RUA PEDRO PEREIRA LEAL, 20, RODOLFO GONCALVES - CEP 28540000",RODOLFO GONCALVES,28540000,CORDEIRO,330150,(22)25510964,,-22.03267612545727,-42.377872467041016,1244,M,001,19/09/2025
3301509499083,9499083,LAB MED,ANGELO CLINICA MEDICINA DO TRABALHO LTDA,UBS / Atencao basica,UNIDADE BASICA DE SAUDE,"RUA MARECHAL HUMBERTO ALENCAR CASTELO BRANCO, 107, 2 ANDAR, SUMARE - CEP 28540000",SUMARE,28540000,CORDEIRO,330150,,,-22.02848411530325,-42.35795438289642,2062,M,001,19/09/2025
3301503433633,3433633,LUIZ EDUARDO PINTO TAVARES,LUIZ EDUARDO PINTO TAVARES,UBS / Atencao basica,UNIDADE BASICA DE SAUDE,"AVN PRESIDENTE VARGAS, 137, SL 7, CENTRO - CEP 28540000",CENTRO,28540000,CORDEIRO,330150,2225512053,,-22.026107095929923,-42.359912395477295,4000,M,001,19/09/2025
3301509491740,9491740,ORO MED MEDICINA E ODONTOLOGIA LTDA,ORO MED MEDICINA E ODONTOLOGIA LTDA,UBS / Atencao basica,UNIDADE BASICA DE SAUDE,"RUA SAO SEBASTIAO, 60, CENTRO - CEP 28540000",CENTRO,28540000,CORDEIRO,330150,,,-22.02773819301732,-42.360641956329346,2062,M,001,19/09/2025
3301500193194,0193194,PAULO MARCUS DE MATOS MOREIRA,PAULO MARCUS DE MATOS MOREIRA,UBS / Atencao basica,UNIDADE BASICA DE SAUDE,"AVN PRESIDENTE GETULIO VARGAS, 20, APTO 201, CENTRO - CEP 28540000",CENTRO,28540000,CORDEIRO,330150,(22)25510228,paulomarcusmm@hotmail.com,-22.026107095929923,-42.35948324203491,4000,M,001,19/09/2025
3301505054389,5054389,PLINIO GERK NAEGELE,PLINIO GERK NAEGELE,UBS / Atencao basica,UNIDADE BASICA DE SAUDE,"RUA VAN ERVEN, 92, CENTRO - CEP 28540000",CENTRO,28540000,CORDEIRO,330150,,,-22.028573625713534,-42.36154317855835,4000,M,001,19/09/2025
3301502293528,2293528,PSF CENTRO,MUNICIPIO DE CORDEIRO,UBS / Atencao basica,UNIDADE BASICA DE SAUDE,"AVN PRESIDENTE VARGAS, 296, CENTRO - CEP 28540000",CENTRO,28540000,CORDEIRO,330150,(22)25510360,,-22.02627617393975,-42.35873222351074,1244,M,001,19/09/2025
3301502293552,2293552,PSF LAVRINHAS,MUNICIPIO DE CORDEIRO,UBS / Atencao basica,UNIDADE BASICA DE SAUDE,"RUA ANTONIO GONCALVES RIBEIRO, S/N, LAVRINHAS - CEP 28540000",LAVRINHAS,28540000,CORDEIRO,330150,(22)25515352,,-22.008511934024646,-42.367433309555054,1244,M,001,19/09/2025
3301502293536,2293536,PSF MANANCIAL,MUNICIPIO DE CORDEIRO,UBS / Atencao basica,UNIDADE BASICA DE SAUDE,"RUA PRINCIPAL, S/N, MANANCIAL - CEP 28540000",MANANCIAL,28540000,CORDEIRO,330150,(22)25513206,,-22.029033,-42.361499,1244,M,001,19/09/2025
3301502293579,2293579,PSF RETIRO POETICO,MUNICIPIO DE CORDEIRO,UBS / Atencao basica,UNIDADE BASICA DE SAUDE,"RUA 19, 201, RETIRO POETICO - CEP 28540000",RETIRO POETICO,28540000,CORDEIRO,330150,(22)25514901,,-22.035396141569457,-42.38119840621948,1244,M,001,19/09/2025
3301503523071,3523071,PSF SAO LUIZ,MUNICIPIO DE CORDEIRO,UBS / Atencao basica,UNIDADE BASICA DE SAUDE,"RUA HERACLITO PRATA, 232, SAO LUIZ - CEP 28540000",SAO LUIZ,28540000,CORDEIRO,330150,(22)25510945,,-22.025547645193765,-42.36522853374481,1244,M,001,19/09/2025
3301509215700,9215700,R ROMITO GONCALVES ME,R ROMITO GONCALVES ME,UBS / Atencao basica,UNIDADE BASICA DE SAUDE,"RUA WALDIR HERDY JEVAUX, 124, RETIRO POETICO - CEP 28540000",RETIRO POETICO,28540000,CORDEIRO,330150,,,-22.035485647610013,-42.38104820251465,2062,M,001,19/09/2025
3301506345549,6345549,TELMA FERNANDES,TELMA FERNANDES,UBS / Atencao basica,UNIDADE BASICA DE SAUDE,"AVN RAUL VEIGA, 86, SL 704, CENTRO - CEP 28540000",CENTRO,28540000,CORDEIRO,330150,,telmafer10@yahoo.com.br,-22.028449305683978,-42.363147139549255,4000,M,001,19/09/2025
3301504443039,4443039,V V,V V DIAGNOSTICOS MEDICOS LTDA,UBS / Atencao basica,UNIDADE BASICA DE SAUDE,"RUA ABEL VENTURA RIBEIRO DE MORAES, 396, 2 ANDAR LOJA 02, CENTRO - CEP 28540000",CENTRO,28540000,CORDEIRO,330150,,,-22.028523897714805,-42.360631227493286,2062,M,001,19/09/2025
3301602268019,2268019,CENTRO DE SAUDE DE DUAS BARRAS,SECRETARIA MUNICIPAL DE SAUDE DE DUAS BARRAS,UBS / Atencao basica,UNIDADE BASICA DE SAUDE,"RUA ORLANDO PAGNUZZI, 410, CENTRO - CEP 28650000",CENTRO,28650000,DUAS BARRAS,330160,2225341274,sms2barras@yahoo.com.br,-22.051829,-42.522493,1244,M,001,27/02/2026
3301602268043,2268043,CONSULTORIO DENTARIO PAULO CESAR,PAULO CESAR GRIPP WERMELINGER,UBS / Atencao basica,UNIDADE BASICA DE SAUDE,"PRACA CAP JORGE SOARES, 133, MONNERAT - CEP 28655000",MONNERAT,28655000,DUAS BARRAS,330160,,,-22.051297,-42.522351,4000,M,001,28/10/2024
3301602267969,2267969,CONSULTORIO ODONTOLOGICO ADRIANA ARAUJO,ADRIANA RODRIGUES ARAUJO,UBS / Atencao basica,UNIDADE BASICA DE SAUDE,"RUA COMEND ALVES RIBEIRO, 80, CENTRO - CEP 28650000",CENTRO,28650000,DUAS BARRAS,330160,2425341336,,-22.051267,-42.522537,4000,M,001,28/10/2024
3301602267950,2267950,CONSULTORIO ODONTOLOGICO ADRIANO PEREIRA,ADRIANO RODRIGUES PEREIRA,UBS / Atencao basica,UNIDADE BASICA DE SAUDE,"RUA LUCIANO DE SOUZA TURQUE, 10, CASTELO - CEP 28650000",CASTELO,28650000,DUAS BARRAS,330160,2425341341,,-22.051527,-42.522469,4000,M,001,28/10/2024
3301602268027,2268027,CONSULTORIO ODONTOLOGICO DR LUIZ CARLOS,LUIZ CARLOS POUBEL DE PAIVA,UBS / Atencao basica,UNIDADE BASICA DE SAUDE,"RUA COMENDADOR ALVES RIBEIRO, 12, 204, CENTRO - CEP 28650000",CENTRO,28650000,DUAS BARRAS,330160,,,-22.051657,-42.522739,4000,M,001,28/10/2024
3301606477968,6477968,ESF CENTRO,SECRETARIA MUNICIPAL DE SAUDE DE DUAS BARRAS,UBS / Atencao basica,UNIDADE BASICA DE SAUDE,"RUA ORLANDO PAGNUZZI, S/N, CENTRO - CEP 28650000",CENTRO,28650000,DUAS BARRAS,330160,2225341212,,-22.051237,-42.522537,1244,M,001,27/02/2026
3301602267845,2267845,ESF FAZENDA DO CAMPO,SECRETARIA MUNICIPAL DE SAUDE DE DUAS BARRAS,UBS / Atencao basica,UNIDADE BASICA DE SAUDE,"FAZ DO CAMPO, S/N, 1 DISTRITO - CEP 28650000",1 DISTRITO,28650000,DUAS BARRAS,330160,,,-22.051613,-42.522351,1244,M,001,02/09/2025
3301605525608,5525608,ESF MONNERAT,SECRETARIA MUNICIPAL DE SAUDE DE DUAS BARRAS,UBS / Atencao basica,UNIDADE BASICA DE SAUDE,"RUA NOSSA SENHORA DA GUIA, 07, 2 DISTRITO, MONNERAT - CEP 28655000",MONNERAT,28655000,DUAS BARRAS,330160,2225344651,,-22.051435,-42.522573,1244,M,001,27/02/2026
3301604477545,4477545,ESF RECANTO BAU,MUNICIPIO DE DUAS BARRAS,UBS / Atencao basica,UNIDADE BASICA DE SAUDE,"RUA CENTRO, 25, CENTRO - CEP 28650000",CENTRO,28650000,DUAS BARRAS,330160,,,-22.051092,-42.522237,1244,M,001,27/02/2026
3301602268000,2268000,SERVICO DE PRONTO ATENDIMENTO DE MONNERAT,SECRETARIA MUNICIPAL DE SAUDE DE DUAS BARRAS,UBS / Atencao basica,UNIDADE BASICA DE SAUDE,"RUA ANTONIO PEREIRA DA SILVA, 68, MONNERAT - CEP 28655000",MONNERAT,28655000,DUAS BARRAS,330160,2225344281,,-22.051591,-42.522637,1244,M,001,03/07/2025
3301602267934,2267934,SMS DE DUAS BARRAS,SECRETARIA MUNICIPAL DE SAUDE DE DUAS BARRAS,UBS / Atencao basica,UNIDADE BASICA DE SAUDE,"RUA ORLANDO PAGNUZZI, 410, CENTRO - CEP 28650000",CENTRO,28650000,DUAS BARRAS,330160,,,-22.051493,-42.522837,1244,M,001,03/02/2026
3301703807975,3807975,C E O CENTRO DE ESPECIALIDADES ODONTOLOGICAS I CENTRO,MUNICIPIO DE DUQUE DE CAXIAS,UBS / Atencao basica,UNIDADE BASICA DE SAUDE,"RUA GENERAL ARGOLO, S/N, ANEXO I, CENTRO - CEP 25011490",CENTRO,25011490,DUQUE DE CAXIAS,330170,,,-22.793096,-43.306256,1244,M,001,20/01/2026
3301705061865,5061865,C E O CENTRO DE ESPECIALIDADES ODONTOLOGICAS II IMBARIE,MUNICIPIO DE DUQUE DE CAXIAS,UBS / Atencao basica,UNIDADE BASICA DE SAUDE,"RUA VENCESLAU BRAS, S/N, IMBARIE - CEP 25275455",IMBARIE,25275455,DUQUE DE CAXIAS,330170,,,-22.643601,-43.220356,1244,M,001,13/11/2025
3301709936319,9936319,C E O CENTRO DE ESPECIALIDADES ODONTOLOGICAS IV XEREM,MUNICIPIO DE DUQUE DE CAXIAS,UBS / Atencao basica,UNIDADE BASICA DE SAUDE,"AVENIDA VENANCIA, S/N, PARQUE XEREM - CEP 25245500",PARQUE XEREM,25245500,DUQUE DE CAXIAS,330170,,,-22.570112,-43.313023,1244,M,001,20/01/2026
3301707680058,7680058,C E O CENTRO DE ESPECIALIDES ODONTOLOGICAS III PRAINHA,MUNICIPIO DE DUQUE DE CAXIAS,UBS / Atencao basica,UNIDADE BASICA DE SAUDE,"AVENIDA DOUTOR MANOEL TELES, 1714, PRACA DA PRAINHA, PRAINHA - CEP 25015660",PRAINHA,25015660,DUQUE DE CAXIAS,330170,,,-22.799213,-43.323132,1244,M,001,13/11/2025
3301703405214,3405214,CARDIOECO,CARDIOECO CENTRO DE EXAMES CARDIOLOGICOS LTDA,UBS / Atencao basica,UNIDADE BASICA DE SAUDE,"TENENTE JOSE DIAS, 392, A, CENTRO - CEP 25010305",CENTRO,25010305,DUQUE DE CAXIAS,330170,,CARDIOECOCARDIOECO@GMAIL.COM,-22.78851163269573,-43.31292539834976,2240,M,001,04/08/2022
3301704034937,4034937,CENTRO DE SAUDE INSTITUTO DE FAMILIA PONCIO,INSTITUTO DE FAMILIA PONCIO,UBS / Atencao basica,POLO DE PREVENCAO DE DOENCAS E AGRAVOS E PROMOCAO DA SAUDE,"ROD WASHINGTON LUIZ, 5581, LOTE 01 QUADRA 85, JARDIM GRAMACHO - CEP 25065004",JARDIM GRAMACHO,25065004,DUQUE DE CAXIAS,330170,(21) 2181-2638,contato@institutofamiliaponcio.org.br,-22.761698,-43.287119,3999,M,013,20/10/2025
3301702277603,2277603,CENTRO MUNICIPAL DE SAUDE DE DUQUE DE CAXIAS,MUNICIPIO DE DUQUE DE CAXIAS,UBS / Atencao basica,AMBULATORIO,"RUA DA REPUBLICA, 12, ANTIGA GAL GURJAO, JD 25 DE AGOSTO - CEP 25011500",JD 25 DE AGOSTO,25011500,DUQUE DE CAXIAS,330170,(21)2772-5030,cmsdc.sms@gmail.com,-22.7941186,-43.3087967,1244,M,016,30/01/2026
3301702277905,2277905,CENTRO ODONTOLOGICO PROF HERDY,MUNICIPIO DE DUQUE DE CAXIAS,UBS / Atencao basica,UNIDADE BASICA DE SAUDE,"RUA ALCINO GUANABARA, S/N, PARQUE FELICIDADE - CEP 25080170",PARQUE FELICIDADE,25080170,DUQUE DE CAXIAS,330170,2126501295,,-22.787133,-43.298567,1244,M,001,13/11/2025
3301709118802,9118802,CLIMERJ,CLISAM CLINICA DE SERVICO AMBULATORIAL MEDICO LTDA,UBS / Atencao basica,UNIDADE BASICA DE SAUDE,"NASCIMENTO E SILVA, 245, QUADRA10, PARQUE URUGUAIANA - CEP 25212400",PARQUE URUGUAIANA,25212400,DUQUE DE CAXIAS,330170,21 26783671,clisam@hotmail.com,-22.675786,-43.249719,2062,M,001,09/03/2026
3301709960457,9960457,FERNANDA PALMEIRA LEITE MOREIRA,FERNANDA PALMEIRA LEITE MOREIRA,UBS / Atencao basica,UNIDADE BASICA DE SAUDE,"RUA GENERAL CAMARA, 18, SL 404, 25 DE AGOSTO - CEP 25070340",25 DE AGOSTO,25070340,DUQUE DE CAXIAS,330170,,,-22.788447338892173,-43.30784797668457,4000,M,001,07/10/2020
3301705837618,5837618,HGF HOSPITAL GERAL NOSSA SENHORA DE FATIMA,HOSPITAL GERAL NOSSA SENHORA DE FATIMA LTDA,UBS / Atencao basica,UNIDADE BASICA DE SAUDE,"RUA VOLUNTARIOS DA PATRIA, 257, CONJ PART, JARDIM 25 DE AGOSTO - CEP 25075030",JARDIM 25 DE AGOSTO,25075030,DUQUE DE CAXIAS,330170,,,-22.790267,-43.303508,2062,M,001,15/09/2025
3301707638108,7638108,INTEGRAL UROLOGIA LTDA ME,INTEGRAL UROLOGIA LTDA,UBS / Atencao basica,UNIDADE BASICA DE SAUDE,"JAIR GOMES JARDINS, S/N, LOTE 1 LOJA A PARTE, MANTIQUIRA - CEP 25250572",MANTIQUIRA,25250572,DUQUE DE CAXIAS,330170,24 22310487,,-22.786449270197483,-43.311946392059326,2062,M,001,15/10/2024
3301702277336,2277336,LABORATORIO DE ANAL SAO JOSE,LABORATORIO DE ANAL CLINICAS SAO JOSE LTDA,UBS / Atencao basica,UNIDADE BASICA DE SAUDE,"RUA CONDE DE PORTO ALEGRE, 363, 25 DE AGOSTO - CEP 25070350",25 DE AGOSTO,25070350,DUQUE DE CAXIAS,330170,(21)27720303,,-22.786251440021285,-43.30827713012695,2240,M,001,02/09/2022
3301705837561,5837561,LEVE SAUDE DUQUE DE CAXIAS,LEVA SAUDE CLINICA MEDCICA S A,UBS / Atencao basica,UNIDADE BASICA DE SAUDE,"AVENIDA GOVERNADOR LEONEL DE MOURA BRIZOLA, 1203, SALA 704, CENTRO - CEP 25010002",CENTRO,25010002,DUQUE DE CAXIAS,330170,2122222222,juridico@levesaude.com.br,-22.78954,-43.309686,2054,M,001,22/01/2026
3301704602110,4602110,TERE LIFE,TERE LIFE EMERGENCIAS MEDICAS LTDA,UBS / Atencao basica,UNIDADE BASICA DE SAUDE,"FLORIANO DE GODOI, 94, GALPAO, PARQUE DUQUE - CEP 25085050",PARQUE DUQUE,25085050,DUQUE DE CAXIAS,330170,21 27424522,COMERCIALTERELIFE@GMAIL.COM,-22.80067,-43.29114,2062,M,001,23/01/2025
3301702277832,2277832,UNIDADE BASICA DE SAUDE ABDUL NASSER HAIKAL,MUNICIPIO DE DUQUE DE CAXIAS,UBS / Atencao basica,UNIDADE BASICA DE SAUDE,"AVENIDA MARQUES DE BAEPENDI, S/N, PARQUE CHUNO - CEP 25265008",PARQUE CHUNO,25265008,DUQUE DE CAXIAS,330170,2126509096,,-22.688567477797868,-43.25933218002319,1244,M,001,13/11/2025
3301702277948,2277948,UNIDADE BASICA DE SAUDE ALAYDE CUNHA,MUNICIPIO DE DUQUE DE CAXIAS,UBS / Atencao basica,UNIDADE BASICA DE SAUDE,"RUA CASTRO ALVES, S/N, COPACABANA - CEP 25060450",COPACABANA,25060450,DUQUE DE CAXIAS,330170,(21)26720111,,-22.77008774542749,-43.30203294754028,1244,M,001,15/01/2026
3301705922496,5922496,UNIDADE BASICA DE SAUDE APARECIDA TAVARES,MUNICIPIO DE DUQUE DE CAXIAS,UBS / Atencao basica,UNIDADE BASICA DE SAUDE,"AV BRASIL, S/N, ESQ COM 14 DE JULHO, VILA SAO LUIZ - CEP 25070260",VILA SAO LUIZ,25070260,DUQUE DE CAXIAS,330170,,,-22.779564611321796,-43.29070329666138,1244,M,001,15/01/2026
3301707676670,7676670,UNIDADE BASICA DE SAUDE BARAO DO AMAPA,MUNICIPIO DE DUQUE DE CAXIAS,UBS / Atencao basica,UNIDADE BASICA DE SAUDE,"RUA ANDREIA, S/N, PARQUE BARAO DO AMAP - CEP 25235452",PARQUE BARAO DO AMAP,25235452,DUQUE DE CAXIAS,330170,,,-22.687082681875275,-43.353166580200195,1244,M,001,15/01/2026
3301709973044,9973044,UNIDADE BASICA DE SAUDE CALUNDU,PREFEITURA MUNICIPAL DE DUQUE DE CAXIAS,UBS / Atencao basica,UNIDADE BASICA DE SAUDE,"ESTRADA CALUNDU, S/N, NOSSA SENHORA DO CAR - CEP 25040610",NOSSA SENHORA DO CAR,25040610,DUQUE DE CAXIAS,330170,,,-22.745872,-43.327673,1244,M,001,15/01/2026
3301709927514,9927514,UNIDADE BASICA DE SAUDE CANGULO,MUNICIPIO DE DUQUE DE CAXIAS,UBS / Atencao basica,UNIDADE BASICA DE SAUDE,"RUA PADRE BARTOLOMEU, S/N, JARDIM BALNEARIO A - CEP 25220445",JARDIM BALNEARIO A,25220445,DUQUE DE CAXIAS,330170,,,-22.695144,-43.2366593,1244,M,001,15/01/2026
3301704546113,4546113,UNIDADE BASICA DE SAUDE COVANCA,PREFEITURA MUNICIPAL DE DUQUE DE CAXIAS,UBS / Atencao basica,UNIDADE BASICA DE SAUDE,"AVENIDA MIGUEL COUTO, 340, PARQUE LAFAIETE - CEP 25015320",PARQUE LAFAIETE,25015320,DUQUE DE CAXIAS,330170,,,-22.784755,-43.327252,1244,M,001,15/01/2026
3301702277913,2277913,UNIDADE BASICA DE SAUDE DR ANTONIO GRANJA,MUNICIPIO DE DUQUE DE CAXIAS,UBS / Atencao basica,UNIDADE BASICA DE SAUDE,"RUA GENERAL MOREIRA SAMPAIO, S/N, PARQUE FLUMINENSE - CEP 25070260",PARQUE FLUMINENSE,25070260,DUQUE DE CAXIAS,330170,,,-22.722812303636932,-43.316216468811035,1244,M,001,27/01/2026
3301702277964,2277964,UNIDADE BASICA DE SAUDE DR JOSE DE FREITAS,MUNICIPIO DE DUQUE DE CAXIAS,UBS / Atencao basica,UNIDADE BASICA DE SAUDE,"PRACA JOSE DE JESUS, S/N, VILA OPERARIA - CEP 25085470",VILA OPERARIA,25085470,DUQUE DE CAXIAS,330170,(21)27758167,,-22.786350355145245,-43.30557346343994,1244,M,001,15/01/2026
3301703275256,3275256,UNIDADE BASICA DE SAUDE EDNA SIQUEIRA SALES,MUNICIPIO DE DUQUE DE CAXIAS,UBS / Atencao basica,UNIDADE BASICA DE SAUDE,"RUA PARACATU, S/N, JARDIM GRAMACHO - CEP 25056370",JARDIM GRAMACHO,25056370,DUQUE DE CAXIAS,330170,(21)27740762,,-22.755841531749446,-43.27939510345459,1244,M,001,15/01/2026
3301702295814,2295814,UNIDADE BASICA DE SAUDE ENIR ANGELA BICIATI MOREIRA,MUNICIPIO DE DUQUE DE CAXIAS,UBS / Atencao basica,UNIDADE BASICA DE SAUDE,"RUA ANTONIO GUEDES, S/N, ZONA RURAL, SANTO ANTONIO SERRA - CEP 25253550",SANTO ANTONIO SERRA,25253550,DUQUE DE CAXIAS,330170,,,-22.604245220701358,-43.27518939971924,1244,M,001,15/01/2026
3301700978221,0978221,UNIDADE BASICA DE SAUDE FATIMA DE OLIVEIRA THOMAZ,PREFEITURA MUNICIPAL DE DUQUE DE CAXIAS,UBS / Atencao basica,UNIDADE BASICA DE SAUDE,"AVENIDA PEDRO LESSA, S/N, OLAVO BILAC - CEP 25035800",OLAVO BILAC,25035800,DUQUE DE CAXIAS,330170,,,-22.756945,-43.311689,1244,M,001,05/02/2026
3301700978272,0978272,UNIDADE BASICA DE SAUDE JOSE CARLOS GIANES,PREFEITURA MUNICIPAL DE DUQUE DE CAXIAS,UBS / Atencao basica,UNIDADE BASICA DE SAUDE,"RUA BONSUCESSO, S/N, VILA CANNA - CEP 25255160",VILA CANNA,25255160,DUQUE DE CAXIAS,330170,,,-22.626372,-43.281691,1244,M,001,15/01/2026
3301700978248,0978248,UNIDADE BASICA DE SAUDE NAIR BORGES FERNANDES,PREFEITURA MUNICIPAL DE DUQUE DE CAXIAS,UBS / Atencao basica,UNIDADE BASICA DE SAUDE,"RUA SOLIMOES, S/N, FIGUEIRA - CEP 25265007",FIGUEIRA,25265007,DUQUE DE CAXIAS,330170,,,-22.691721,-43.288198,1244,M,001,15/01/2026
3301704872908,4872908,UNIDADE BASICA DE SAUDE NILZA MARIA CARDOSO RODRIGUES,PREFEITURA MUNICIPAL DE DUQUE DE CAXIAS,UBS / Atencao basica,UNIDADE BASICA DE SAUDE,"AVENIDA GENERAL SOLON RIBEIRO, 35, LOJA A, ENGENHO DO PORTO - CEP 25015210",ENGENHO DO PORTO,25015210,DUQUE DE CAXIAS,330170,,,-22.7902188,-43.3197162,1244,M,001,15/01/2026
3301702883325,2883325,UNIDADE BASICA DE SAUDE RURAL,UNIDADE BASICA DE SAUDE RURAL,UBS / Atencao basica,UNIDADE BASICA DE SAUDE,"RUA TABULEIRO, S/N, XEREM - CEP 25250000",XEREM,25250000,DUQUE DE CAXIAS,330170,,,-22.6036032,-43.4124367,1244,M,001,13/11/2025
3301702277670,2277670,UNIDADE BASICA DE SAUDE SARAPUI,MUNICIPIO DE DUQUE DE CAXIAS,UBS / Atencao basica,UNIDADE BASICA DE SAUDE,"AV PELOTAS, S/N, SARAPUI - CEP 25050100",SARAPUI,25050100,DUQUE DE CAXIAS,330170,2126500804,,-22.754936,-43.290504,1244,M,001,15/01/2026
3301704650514,4650514,UNIDADE BASICA DE SAUDE SENHOR BENEDITO NASCIMENTO,PREFEITURA MUNICIPAL DE DUQUE DE CAXIAS,UBS / Atencao basica,UNIDADE BASICA DE SAUDE,"RUA SAO LUIS, 300, PILAR - CEP 25225750",PILAR,25225750,DUQUE DE CAXIAS,330170,,,-22.709029,-43.311375,1244,M,001,13/11/2025
3301704650506,4650506,UNIDADE BASICA DE SAUDE VEREADOR ADILSON RIBEIRO BRAGA,PREFEITURA MUNICIPAL DE DUQUE DE CAXIAS,UBS / Atencao basica,UNIDADE BASICA DE SAUDE,"RUA MATURIM, S/N, BOM RETIRO - CEP 25265008",BOM RETIRO,25265008,DUQUE DE CAXIAS,330170,,,-22.7004334,-43.2583461,1244,M,001,15/01/2026
3301703466027,3466027,UNIDADE DE SAUDE DA FAMILIA CARLOS ROBERTO ZAGARI KOELER,MUNICIPIO DE DUQUE DE CAXIAS,UBS / Atencao basica,UNIDADE BASICA DE SAUDE,"RUA JOAO OLINTO MACHADO, S/N, JARDIM LEAL - CEP 25070260",JARDIM LEAL,25070260,DUQUE DE CAXIAS,330170,,,-22.75750366659393,-43.31488609313965,1244,M,001,15/01/2026
3301702283506,2283506,UNIDADE DE SAUDE DA FAMILIA CIDADE DOS MENINOS,MUNICIPIO DE DUQUE DE CAXIAS,UBS / Atencao basica,UNIDADE BASICA DE SAUDE,"AV DARCY VARGAS, S/N, KM17, CIDADE DOS MENINOS - CEP 25235190",CIDADE DOS MENINOS,25235190,DUQUE DE CAXIAS,330170,,,-22.687637007568075,-43.32158088684082,1244,M,001,15/01/2026
3301702778645,2778645,UNIDADE DE SAUDE DA FAMILIA CRISTOVAO COLOMBO,MUNICIPIO DE DUQUE DE CAXIAS,UBS / Atencao basica,UNIDADE BASICA DE SAUDE,"R ZUMBI DOS PALMARES, S/N, ZONA RURAL, CRISTOVAO COLOMBO - CEP 25272590",CRISTOVAO COLOMBO,25272590,DUQUE DE CAXIAS,330170,,,-22.612505463826423,-43.20918560028076,1244,M,001,15/01/2026
3301706444547,6444547,UNIDADE DE SAUDE DA FAMILIA DOIS IRMAOS,MUNICIPIO DE DUQUE DE CAXIAS,UBS / Atencao basica,UNIDADE BASICA DE SAUDE,"RUA DA ASSEMBLEIA, S/N, PARQUE BEIRA MAR - CEP 25070260",PARQUE BEIRA MAR,25070260,DUQUE DE CAXIAS,330170,,,-22.795806309723154,-43.286733627319336,1244,M,001,15/01/2026
3301703375900,3375900,UNIDADE DE SAUDE DA FAMILIA ENFERMEIRA ALAIDE RAMOS,PREFEITURA MUNICIPAL DE DUQUE DE CAXIAS,UBS / Atencao basica,UNIDADE BASICA DE SAUDE,"RUA VIOLETA, S/N, JARDIM ANHANGA - CEP 25264015",JARDIM ANHANGA,25264015,DUQUE DE CAXIAS,330170,,,-22.6452038,-43.2346099,1244,M,001,15/01/2026
3301702295865,2295865,UNIDADE DE SAUDE DA FAMILIA IMBARIE,MUNICIPIO DE DUQUE DE CAXIAS,UBS / Atencao basica,UNIDADE BASICA DE SAUDE,"RUA VENCESLAU BRAS, 15, ZONA RURAL, IMBARIE - CEP 25266000",IMBARIE,25266000,DUQUE DE CAXIAS,330170,,,-22.647363374070196,-43.214850425720215,1244,M,001,15/01/2026
3301702778602,2778602,UNIDADE DE SAUDE DA FAMILIA JARDIM ANHANGA,MUNICIPIO DE DUQUE DE CAXIAS,UBS / Atencao basica,UNIDADE BASICA DE SAUDE,"RUA PACOTY, 20, ZONA RURAL, JD ANHANGA - CEP 25264580",JD ANHANGA,25264580,DUQUE DE CAXIAS,330170,,,-22.645937542116798,-43.232359886169434,1244,M,001,15/01/2026
3301702283638,2283638,UNIDADE DE SAUDE DA FAMILIA JARDIM GRAMACHO,MUNICIPIO DE DUQUE DE CAXIAS,UBS / Atencao basica,UNIDADE BASICA DE SAUDE,"AV PISTOIA, S/N, JARDIM GRAMACHO - CEP 25056370",JARDIM GRAMACHO,25056370,DUQUE DE CAXIAS,330170,2127756525,,-22.756791325565832,-43.284287452697754,1244,M,001,15/01/2026
3301707827997,7827997,UNIDADE DE SAUDE DA FAMILIA JARDIM GRAMACHO IV,MUNICIPIO DE DUQUE DE CAXIAS,UBS / Atencao basica,UNIDADE BASICA DE SAUDE,"RUA JUNDIAI, S/N, LT 24 QD 75, JARDIM GRAMACHO - CEP 25051070",JARDIM GRAMACHO,25051070,DUQUE DE CAXIAS,330170,,,-22.762529522710352,-43.295509815216064,1244,M,001,13/11/2025
3301702283514,2283514,UNIDADE DE SAUDE DA FAMILIA JARDIM OLIMPO,MUNICIPIO DE DUQUE DE CAXIAS,UBS / Atencao basica,UNIDADE BASICA DE SAUDE,"RUA MAURICIA, S/N, ZONA RURAL, JARDIM OLIMPO - CEP 25070260",JARDIM OLIMPO,25070260,DUQUE DE CAXIAS,330170,,,-22.6233568,-43.2878365,1244,M,001,05/02/2026
3301705922461,5922461,UNIDADE DE SAUDE DA FAMILIA MANGUEIRINHA,MUNICIPIO DE DUQUE DE CAXIAS,UBS / Atencao basica,UNIDADE BASICA DE SAUDE,"RUA DA MINA, S/N, CENTENARIO - CEP 25070260",CENTENARIO,25070260,DUQUE DE CAXIAS,330170,,,-22.77844186460471,-43.31927955150604,1244,M,001,15/01/2026
3301706531474,6531474,UNIDADE DE SAUDE DA FAMILIA MANOEL BARCELOS,MUNICIPIO DE DUQUE DE CAXIAS,UBS / Atencao basica,UNIDADE BASICA DE SAUDE,"RUA ALBINO IMPARATO, 675, PARQUE FELICIDADE - CEP 25070260",PARQUE FELICIDADE,25070260,DUQUE DE CAXIAS,330170,,,-22.784075289145296,-43.29662561416626,1244,M,001,15/01/2026
3301703488772,3488772,UNIDADE DE SAUDE DA FAMILIA MARIA DALVA PEREIRA GOMES,MUNICIPIO DE DUQUE DE CAXIAS,UBS / Atencao basica,UNIDADE BASICA DE SAUDE,"RUA JOAO RIBEIRO, S/N, CENTENARIO - CEP 25070260",CENTENARIO,25070260,DUQUE DE CAXIAS,330170,,,-22.774253,-43.314956,1244,M,001,15/01/2026
3301702283549,2283549,UNIDADE DE SAUDE DA FAMILIA NELSON CHAVES DE ARAUJO,MUNICIPIO DE DUQUE DE CAXIAS,UBS / Atencao basica,UNIDADE BASICA DE SAUDE,"RUA NOSSA SENHORA APARECIDA, S/N, PILAR - CEP 25235000",PILAR,25235000,DUQUE DE CAXIAS,330170,26778748,,-22.704254,-43.303446,1244,M,001,15/01/2026
3301702283611,2283611,UNIDADE DE SAUDE DA FAMILIA NOVA CAMPINAS,MUNICIPIO DE DUQUE DE CAXIAS,UBS / Atencao basica,UNIDADE BASICA DE SAUDE,"RUA SEIS, S/N, ZONA RURAL, NOVA CAMPINA - CEP 25267020",NOVA CAMPINA,25267020,DUQUE DE CAXIAS,330170,,,-22.64383837369023,-43.25145721435547,1244,M,001,15/01/2026
3301703466035,3466035,UNIDADE DE SAUDE DA FAMILIA OTACILIO DA SILVA,MUNICIPIO DE DUQUE DE CAXIAS,UBS / Atencao basica,UNIDADE BASICA DE SAUDE,"RUA AQUIDABAN, S/N, OLAVO BILAC - CEP 25070260",OLAVO BILAC,25070260,DUQUE DE CAXIAS,330170,,,-22.763518842676692,-43.32304000854492,1244,M,001,15/01/2026
3301702778599,2778599,UNIDADE DE SAUDE DA FAMILIA PARADA ANGELICA,MUNICIPIO DE DUQUE DE CAXIAS,UBS / Atencao basica,UNIDADE BASICA DE SAUDE,"RUA EVARISTO DE MORAES, 187, ZONA RURAL, PARADA ANGELICA - CEP 25272310",PARADA ANGELICA,25272310,DUQUE DE CAXIAS,330170,,,-22.618170475737468,-43.20304870605469,1244,M,001,15/01/2026
3301707010915,7010915,UNIDADE DE SAUDE DA FAMILIA PARADA MORABI,MUNICIPIO DE DUQUE DE CAXIAS,UBS / Atencao basica,UNIDADE BASICA DE SAUDE,"AV ANHANGA, S/N, PARADA MORABI - CEP 25265190",PARADA MORABI,25265190,DUQUE DE CAXIAS,330170,,,-22.65912592274558,-43.230814933776855,1244,M,001,15/01/2026
3301702283468,2283468,UNIDADE DE SAUDE DA FAMILIA PARQUE COMERCIAL,MUNICIPIO DE DUQUE DE CAXIAS,UBS / Atencao basica,UNIDADE BASICA DE SAUDE,"RUA JOAO RAIMUNDO, 72, QUADRA 02, SAO BENTO - CEP 25041400",SAO BENTO,25041400,DUQUE DE CAXIAS,330170,,,-22.7395982,-43.3222467,1244,M,001,15/01/2026
3301702283581,2283581,UNIDADE DE SAUDE DA FAMILIA PARQUE ELDORADO,MUNICIPIO DE DUQUE DE CAXIAS,UBS / Atencao basica,UNIDADE BASICA DE SAUDE,"RUA VANISIA, 1, ZONA RURAL, PARQUE ELDORADO - CEP 25070260",PARQUE ELDORADO,25070260,DUQUE DE CAXIAS,330170,,,-22.646095968620443,-43.28420162200928,1244,M,001,15/01/2026
3301705038685,5038685,UNIDADE DE SAUDE DA FAMILIA PARQUE PAULISTA,MUNICIPIO DE DUQUE DE CAXIAS,UBS / Atencao basica,UNIDADE BASICA DE SAUDE,"AVENIDA AUTOMOVEL CLUBE, S/N, ANEXO, PARQUE EQUITATIVA - CEP 25267130",PARQUE EQUITATIVA,25267130,DUQUE DE CAXIAS,330170,,,-22.6351499,-43.2658554,1244,M,001,15/01/2026
3301702283484,2283484,UNIDADE DE SAUDE DA FAMILIA PILAR,MUNICIPIO DE DUQUE DE CAXIAS,UBS / Atencao basica,UNIDADE BASICA DE SAUDE,"PRACA WILMA DE JESUS, S/N, PILAR - CEP 25235210",PILAR,25235210,DUQUE DE CAXIAS,330170,,,-22.695311,-43.294817,1244,M,001,15/01/2026
3301702283522,2283522,UNIDADE DE SAUDE DA FAMILIA SANTA LUCIA,MUNICIPIO DE DUQUE DE CAXIAS,UBS / Atencao basica,UNIDADE BASICA DE SAUDE,"AV AUTOMOVEL CLUB, 56, ZONA RURAL, SANTA LUCIA - CEP 25075090",SANTA LUCIA,25075090,DUQUE DE CAXIAS,330170,,,-22.622448791603052,-43.21596622467041,1244,M,001,15/01/2026
3301705306949,5306949,UNIDADE DE SAUDE DA FAMILIA SAO BENTO,MUNICIPIO DE DUQUE DE CAXIAS,UBS / Atencao basica,UNIDADE BASICA DE SAUDE,"AV UNIAO, 10, LOTE 01, SAO BENTO - CEP 25070260",SAO BENTO,25070260,DUQUE DE CAXIAS,330170,,,-22.724356088191065,-43.30387830734253,1244,M,001,15/01/2026
3301706371221,6371221,UNIDADE DE SAUDE DA FAMILIA SEBASTIAO DE SOUZA ALVES,MUNICIPIO DE DUQUE DE CAXIAS,UBS / Atencao basica,UNIDADE BASICA DE SAUDE,"RUA FRANCISCO ALVES, S/N, PARQUE BEIRA MAR - CEP 25070260",PARQUE BEIRA MAR,25070260,DUQUE DE CAXIAS,330170,,,-22.792562081210935,-43.28830003738403,1244,M,001,15/01/2026
3301702283565,2283565,UNIDADE DE SAUDE DA FAMILIA TREVO DAS MISSOES,MUNICIPIO DE DUQUE DE CAXIAS,UBS / Atencao basica,UNIDADE BASICA DE SAUDE,"AV HUM, S/N, TREVO DAS MISSOES - CEP 25086450",TREVO DAS MISSOES,25086450,DUQUE DE CAXIAS,330170,,,-22.806290178813427,-43.28589677810669,1244,M,001,15/01/2026
3301702277883,2277883,UNIDADE DE SAUDE DA FAMILIA VILA URUSSAI,MUNICIPIO DE DUQUE DE CAXIAS,UBS / Atencao basica,UNIDADE BASICA DE SAUDE,"RUA PRESIDENTE ROOSEVELT, S/N, VILA URUSSAY - CEP 25211090",VILA URUSSAY,25211090,DUQUE DE CAXIAS,330170,,,-22.6744117691284,-43.257808685302734,1244,M,001,15/01/2026
3301802277042,2277042,UNIDADE DE SAUDE DA FAMILIA DA AGUADA,SMS ENGENHEIRO PAULO DE FRONTIN,UBS / Atencao basica,UNIDADE BASICA DE SAUDE,"ESTRADA DE SACRA FAMILIA, 1795, AGUADA - CEP 26650000",AGUADA,26650000,ENGENHEIRO PAULO DE FRONTIN,330180,24631666,sms-epf@ig.com.br,-22.549897504837357,-43.677799701690674,1244,M,001,07/05/2025
3301806854850,6854850,UNIDADE DE SAUDE DA FAMILIA DA BARREIRA,SECRETARIA MUNICIPAL DE SAUDE ENGENHEIRO PAULO DE FRONTIN,UBS / Atencao basica,UNIDADE BASICA DE SAUDE,"RUA LUCIA, 20, BARREIRA - CEP 26650000",BARREIRA,26650000,ENGENHEIRO PAULO DE FRONTIN,330180,2424633932,smsepf@gmail.com,-22.55008576759002,-43.677756786346436,1244,M,001,07/05/2025
3301802277123,2277123,UNIDADE DE SAUDE DA FAMILIA DE SACRA FAMILIA,SMS ENGENHEIRO PAULO DE FRONTIN,UBS / Atencao basica,UNIDADE BASICA DE SAUDE,"RUA ROGER MALHARDES, 250, SACRA FAMILIA - CEP 26650000",SACRA FAMILIA,26650000,ENGENHEIRO PAULO DE FRONTIN,330180,24681264,sms-epf@ig.com.br,-22.54987768769057,-43.67818593978882,1244,M,001,07/05/2025
3301803381625,3381625,UNIDADE DE SAUDE DA FAMILIA DO CENTRO,SECRETARIA MUNICIPAL DE SAUDE DE ENGENHEIRO PAULO DE FRONTIN,UBS / Atencao basica,UNIDADE BASICA DE SAUDE,"RUA SANTA IGNES, 121, JARDIM NOVO RODEIRO - CEP 26650000",JARDIM NOVO RODEIRO,26650000,ENGENHEIRO PAULO DE FRONTIN,330180,24631666,sms-epf@ig.com.br,-22.5491333,-43.6874463,1244,M,001,05/08/2024
3301802277115,2277115,UNIDADE DE SAUDE DA FAMILIA DO RAMALHO,SMS ENGENHEIRO PAULO DE FRONTIN,UBS / Atencao basica,UNIDADE BASICA DE SAUDE,"ESTRADA RJ 127, 20998, RAMALHO - CEP 26650000",RAMALHO,26650000,ENGENHEIRO PAULO DE FRONTIN,330180,24631666,sms-epf@ig.com.br,-22.550412749655187,-43.677992820739746,1244,M,001,07/05/2025
3301802283409,2283409,UNIDADE DE SAUDE DA FAMILIA MORRO AZUL,SMS ENGENHEIRO PAULO DE FRONTIN,UBS / Atencao basica,UNIDADE BASICA DE SAUDE,"RUA DUVALDINO FERREIRA DE SOUZA, 282, MORRO AZUL - CEP 26650000",MORRO AZUL,26650000,ENGENHEIRO PAULO DE FRONTIN,330180,24631666,sms-epf@ig.com.br,-22.549560612954693,-43.6787223815918,1244,M,001,07/05/2025
3301857303130,7303130,CENTRO DE SAUDE MENTAL DE GUAPIMIRIM,CENTRO DE SAUDE MENTAL DE GUAPIMIRIM,UBS / Atencao basica,UNIDADE DE ATENCAO PSICOSSOCIAL,"RUA ROGERIO CORTEZ, 180, PAIOL - CEP 25945886",PAIOL,25945886,GUAPIMIRIM,330185,,,-22.5233321,-42.9847477,1244,M,017,26/03/2025
3301852290243,2290243,CLINICA DE SAUDE DA FAMILIA AMELIA DE OLIVEIRA MACEDO,PREFEITURA MUNICIPAL DE GUAPIMIRIM,UBS / Atencao basica,UNIDADE BASICA DE SAUDE,"R AGUAS DA PREFEITURA, 180, LT LIMA TEIXEIRA, PARADA IDEAL - CEP 25942652",PARADA IDEAL,25942652,GUAPIMIRIM,330185,,,-22.580079,-43.007076,1244,M,001,08/10/2025
3301852743493,2743493,CLINICA DE SAUDE DA FAMILIA DA QUINTA MARIANA,PREFEITURA MUNICIPAL DE GUAPIMIRIM,UBS / Atencao basica,UNIDADE BASICA DE SAUDE,"RUA PETRONIO PACINTO, 959, QUINTA MARIANA - CEP 25946568",QUINTA MARIANA,25946568,GUAPIMIRIM,330185,,secsaudeguapi@hotmail.com,-22.5366411,-42.975536,1244,M,001,10/10/2025
3301856870643,6870643,CLINICA DE SAUDE DA FAMILIA DA RUA 11 MARCUS ALBERTO DA SILV,PREFEITURA MUNICIPAL DE GUAPIMIRIM,UBS / Atencao basica,UNIDADE BASICA DE SAUDE,"RUA 11, 475, VALE DAS PEDRINHAS - CEP 25941630",VALE DAS PEDRINHAS,25941630,GUAPIMIRIM,330185,,,-22.6505467,-43.430206652,1244,M,001,24/02/2026
3301859133550,9133550,CLINICA DE SAUDE DA FAMILIA DO STATUS,PREFEITURA MUNICIPAL DE GUAPIMIRIM,UBS / Atencao basica,UNIDADE BASICA DE SAUDE,"ESMERALDINO SALVINO, 121, STATUS, PARADA MODELO - CEP 25940575",PARADA MODELO,25940575,GUAPIMIRIM,330185,,,-22.549352,-42.961036,1244,M,001,28/07/2025
3301852296136,2296136,CLINICA DE SAUDE DA FAMILIA DO VALE DAS PEDRINHAS,PREFEITURA MUNICIPAL DE GUAPIMIRIM,UBS / Atencao basica,UNIDADE BASICA DE SAUDE,"RUA ANTONIO RAPOSO TAVARES, S/N, VALE DAS PEDRINHAS - CEP 25940310",VALE DAS PEDRINHAS,25940310,GUAPIMIRIM,330185,,,-22.6633863,-42.9952804,1244,M,001,10/10/2025
3301856835309,6835309,CLINICA DE SAUDE DA FAMILIA ENIO CORDEIRO,PREFEITURA MUNICIPAL DE GUAPIMIRIM,UBS / Atencao basica,UNIDADE BASICA DE SAUDE,"ROD SANTOS DUMOND, 340, PQ SANTA EUGENIA - CEP 25943320",PQ SANTA EUGENIA,25943320,GUAPIMIRIM,330185,,,-22.5581472,-42.9966969,1244,M,001,19/09/2025
3301852296144,2296144,CLINICA DE SAUDE DA FAMILIA MOACIR FIDELIS DE ALVARENGA,PREFEITURA MUNICIPAL DE GUAPIMIRIM,UBS / Atencao basica,UNIDADE BASICA DE SAUDE,"ESTR DO PARAISO, 610, KM 11, ORINDI - CEP 25947790",ORINDI,25947790,GUAPIMIRIM,330185,,,-22.5435429,-42.8940017,1244,M,001,26/02/2026
3301852290294,2290294,CLINICA DE SAUDE DA FAMILIA NATIVO CASSIANO DA SILVA,PREFEITURA MUNICIPAL DE GUAPIMIRIM,UBS / Atencao basica,UNIDADE BASICA DE SAUDE,"ESTRADA RIO FRIBURGO, S/N, KM 0, PARADA MODELO - CEP 25943548",PARADA MODELO,25943548,GUAPIMIRIM,330185,,,-22.5348,-42.9896,1244,M,001,10/10/2025
3301854465318,4465318,CLINICA DE SAUDE DA FAMILIA SEBASTIAO MEDEIROS DA SILVA,MUNICIPIO DE GUAPIMIRIM,UBS / Atencao basica,UNIDADE BASICA DE SAUDE,"PROFESSOR ROCHA FARIA, 335, CENTRO - CEP 25946079",CENTRO,25946079,GUAPIMIRIM,330185,,,-22.5186941,-42.977456,1244,M,001,28/07/2025
3301852290278,2290278,CLINICA DE SAUDE DA FAMILIA VEREADOR ELISEU D OLIVEIRA ALVES,PREFEITURA MUNICIPAL DE GUAPIMIRIM,UBS / Atencao basica,UNIDADE BASICA DE SAUDE,"RUA DANIEL MEDEIROS ALVES, 37, VILA OLIMPIA - CEP 25940208",VILA OLIMPIA,25940208,GUAPIMIRIM,330185,,,-22.6661503,-43.0225146,1244,M,001,24/02/2026
3301872286335,2286335,CENTRO DE SAUDE DA MULHER E CRIANCA JARDELMA COUTINHO MATTOS,PREFEITURA MUNICIPAL DE IGUABA GRANDE,UBS / Atencao basica,AMBULATORIO,"AVENIDA PAULINO RODRIGUES DE SOUZA, S/N, CENTRO, PARQUE TAMARIZ - CEP 28961206",PARQUE TAMARIZ,28961206,IGUABA GRANDE,330187,(22)26241528,,-22.847550211327324,-42.229546308517456,1244,M,016,09/03/2026
3301877771274,7771274,USF BOA VISTA EUCLIDES DA SILVA,PREFEITURA MUNICIPAL DE IGUABA GRANDE,UBS / Atencao basica,UNIDADE BASICA DE SAUDE,"AVENIDA CARLOS DA SILVA JARDIM, S/N, BOA VISTA - CEP 28963570",BOA VISTA,28963570,IGUABA GRANDE,330187,,,-22.828936538364395,-42.22777605056763,1244,M,001,17/12/2025
3301877533195,7533195,USF CENTRO ALCINO PRIMO DE MEDEIROS,PREFEITURA MUNICIPAL DE IGUABA GRANDE,UBS / Atencao basica,UNIDADE BASICA DE SAUDE,"RUA VEREADOR EDESIO CANELLAS, S/N, ESTACAO - CEP 28960354",ESTACAO,28960354,IGUABA GRANDE,330187,2226244327,,-22.835264978502256,-42.223849296569824,1244,M,001,17/12/2025
3301872295938,2295938,USF IGUABA PEQUENA ENFERMEIRA STELLA VIGNA MACIEL,PREFEITURA MUNICIPAL DE IGUABA GRANDE,UBS / Atencao basica,UNIDADE BASICA DE SAUDE,"RUA CAROLINA, S/N, IGUABA PEQUENA - CEP 28961637",IGUABA PEQUENA,28961637,IGUABA GRANDE,330187,2226241172,,-22.85539537091434,-42.23397731781006,1244,M,001,17/12/2025
3301872295946,2295946,USF NOVA IGUABA SR NARCIANILO P DE MACEDO,PREFEITURA MUNICIPAL DE IGUABA GRANDE,UBS / Atencao basica,UNIDADE BASICA DE SAUDE,"ESTRADA VEREADOR ADILSON LESSA, S/N, CIDADE NOVA - CEP 28968250",CIDADE NOVA,28968250,IGUABA GRANDE,330187,2226240822,,-22.833326924972933,-42.20747709274292,1244,M,001,17/12/2025
3301872286327,2286327,USF PEDREIRA SAMUEL PEREIRA DE SOUZA,PREFEITURA MUNICIPAL DE IGUABA GRANDE,UBS / Atencao basica,UNIDADE BASICA DE SAUDE,"RUA DA PEDREIRA, S/N, LOTE 622 QUADRA 38, PARQUE TAMARIZ - CEP 28962236",PARQUE TAMARIZ,28962236,IGUABA GRANDE,330187,2226245127,,-22.83379660884711,-42.23616063594818,1244,M,001,17/12/2025
3301875363330,5363330,USF SAO MIGUEL ZECA DO RAIO X,MUNICIPIO DE IGUABA GRANDE,UBS / Atencao basica,UNIDADE BASICA DE SAUDE,"RUA MISSOES MUNDIAIS, S/N, SAO MIGUEL - CEP 28965624",SAO MIGUEL,28965624,IGUABA GRANDE,330187,,,-22.8275287,-42.2138809,1244,M,001,17/12/2025
3301872286319,2286319,USF SAPEATIBA MIRIM JOAO PEDRO DA SILVA LESSA,PREFEITURA MUNICIPAL DE IGUABA GRANDE,UBS / Atencao basica,UNIDADE BASICA DE SAUDE,"RUA CEZARIO PINTO RIBEIRO DUARTE, S/N, SAPEATIBA MIRIM - CEP 28967268",SAPEATIBA MIRIM,28967268,IGUABA GRANDE,330187,2226242123,,-22.810226366681658,-42.18829393386841,1244,M,001,04/12/2025
3301872696517,2696517,USF UBAS DOUTOR SYLVIO DE OLIVEIRA,PREFEITURA MUNICIPAL DE IGUABA GRANDE,UBS / Atencao basica,UNIDADE BASICA DE SAUDE,"RUA N SRA DE NAZARETH, 2001, CASA, CAPIVARA - CEP 28968714",CAPIVARA,28968714,IGUABA GRANDE,330187,2226249573,,-22.842819168529317,-42.198143005371094,1244,M,001,17/12/2025
3301872286300,2286300,USF VILA NOVA ARLINDO TAVARES E SILVA,PREFEITURA MUNICIPAL DE IGUABA GRANDE,UBS / Atencao basica,UNIDADE BASICA DE SAUDE,"ESTRADA DO ARRASTAO, S/N, VILA NOVA - CEP 28965495",VILA NOVA,28965495,IGUABA GRANDE,330187,2259574514,,-22.809989011841218,-42.232035398483276,1244,M,001,17/12/2025
3301906054919,6054919,CENTRO DE SAUDE MANILHA,CENTRO CLINICO PORTO E XAVIER LTDA,UBS / Atencao basica,AMBULATORIO,"AV PREFEITO MILTON RODRIGUES, 118, SOBRELOJAS 15 E 16, MANILHA - CEP 24855264",MANILHA,24855264,ITABORAI,330190,21 3639-8373,csmanilha@gmail.com,-22.772972,-42.922608,2062,M,016,17/04/2023
3301903988694,3988694,CSN CENTRO DE SAUDE DE NITEROI FILIAL,CSN CENTRO DE SAUDE DE NITEROI LTDA,UBS / Atencao basica,AMBULATORIO,"AVENIDA 22 DE MAIO 5700, 5700, SALA 301 PARTE, CENTRO - CEP 24800065",CENTRO,24800065,ITABORAI,330190,,,-22.746971,-42.8574496,2062,M,016,08/04/2026
3301909290648,9290648,UBS ALVARO AVELLAR CARVALHO UBS SAMBAETIBA,PREFEITURA MUNICIPAL DE ITABORAI,UBS / Atencao basica,UNIDADE BASICA DE SAUDE,"RODOVIA RJ 116, S/N, KM7, SAMBAETIBA CENTRO - CEP 24842000",SAMBAETIBA CENTRO,24842000,ITABORAI,330190,(21)2745-1796,esf@itaborai.rj.gov.br,-22.680945,-42.778776,1244,M,001,02/12/2025
3301902290308,2290308,UBS ENGENHO VELHO,PREFEITURA MUNICIPAL DE ITABORAI,UBS / Atencao basica,UNIDADE BASICA DE SAUDE,"RUA MANOEL LAURINDO, S/N, QD 08, ENGENHO VELHO - CEP 24803030",ENGENHO VELHO,24803030,ITABORAI,330190,(21)3637-2764,esf@itaborai.rj.gov.br,-22.731875,-42.811102,1244,M,001,06/11/2025
3301906379982,6379982,UBS PICOS,PREFEITURA MUNICIPAL DE ITABORAI,UBS / Atencao basica,UNIDADE BASICA DE SAUDE,"RUA EUGENIO COSTA, S/N, PICOS - CEP 24806100",PICOS,24806100,ITABORAI,330190,(21)3637-0122,esf@itaborai.rj.gov.br,-22.764144,-42.804086,1244,M,001,06/11/2025
3301902268981,2268981,UBS PREFEITO MILTON RODRIGUES DA ROCHA UBS CENTRO,PREFEITURA MUNICIPAL DE ITABORAI,UBS / Atencao basica,UNIDADE BASICA DE SAUDE,"AVENIDA VEREADOR HERMINIO MOREIRA, 206, CENTRO - CEP 24800201",CENTRO,24800201,ITABORAI,330190,(21)26351399,pspmrr.sms.ita@gmail.com,-22.742919,-42.85891,1244,M,001,06/11/2025
3301902294141,2294141,UBS VILA RICA,PREFEITURA MUNICIPAL DE ITABORAI,UBS / Atencao basica,UNIDADE BASICA DE SAUDE,"RUA TURMALINA, 78, VILA RICA - CEP 24801160",VILA RICA,24801160,ITABORAI,330190,(21) 2645-0310,esf@itaborai.rj.gov.br,-22.72319,-42.848255,1244,M,001,06/11/2025
3301902269155,2269155,USF AMERICO DAMASIO DE SALLES USF JARDIM PLANALTO,PREFEITURA MUNICIPAL DE ITABORAI,UBS / Atencao basica,UNIDADE BASICA DE SAUDE,"RUA WALDEMAR BEZERRA, S/N, LT 267 QD 19, MANILHA - CEP 24855080",MANILHA,24855080,ITABORAI,330190,(21)26359683,esf@itaborai.rj.gov.br,-22.773191,-42.923691,1244,M,001,06/11/2025
3301902269015,2269015,USF ANTONIO BRAVO PECCINI USF ITAMBI,PREFEITURA MUNICIPAL DE ITABORAI,UBS / Atencao basica,UNIDADE BASICA DE SAUDE,"RUA RUI BARBOSA, S/N, ITAMBI - CEP 24868028",ITAMBI,24868028,ITABORAI,330190,(21) 2736-4909,esf@itaborai.rj.gov.br,-22.728452,-42.951385,1244,M,001,06/11/2025
3301906114717,6114717,USF BELARMINA MARIA DA SILVA USF VALE DO SOL,PREFEITURA MUNICIPAL DE ITABORAI,UBS / Atencao basica,UNIDADE BASICA DE SAUDE,"AVENIDA LAURINDO GONZALEZ, S/N, ESQ ALAMEDA 02, RETIRO SAO JOAQUIM - CEP 24813060",RETIRO SAO JOAQUIM,24813060,ITABORAI,330190,(021) 2635-8743,esf@itaborai.rj.gov.br,-22.761421,-42.904379,1244,M,001,06/11/2025
3301902693895,2693895,USF CIRLEI RODRIGUES VIANA LELEI USF SANTO ANTONIO,PREFEITURA MUNICIPAL DE ITABORAI,UBS / Atencao basica,UNIDADE BASICA DE SAUDE,"RUA QUATORZE, S/N, QD 09, VILA GABRIELA - CEP 24856056",VILA GABRIELA,24856056,ITABORAI,330190,(21)2635-8749,esf@itaborai.rj.gov.br,-22.757313,-42.91523,1244,M,001,06/11/2025
3301902269082,2269082,USF DIMAS MONTEIRO NOGUEIRA USF VISCONDE,PREFEITURA MUNICIPAL DE ITABORAI,UBS / Atencao basica,UNIDADE BASICA DE SAUDE,"AV PRESIDENTE MEDICI, S/N, VISCONDE - CEP 24875045",VISCONDE,24875045,ITABORAI,330190,(21) 2736-1174,esf@itaborai.rj.gov.br,-22.712356,-42.899795,1244,M,001,06/11/2025
3301902294168,2294168,USF DINIZ MACHADO DE MIRANDA USF AGRO BRASIL,PREFEITURA MUNICIPAL DE ITABORAI,UBS / Atencao basica,UNIDADE BASICA DE SAUDE,"RODOVIA RJ116, S/N, KM 9 5, PARQUE NOVA FRIBURGO - CEP 24843000",PARQUE NOVA FRIBURGO,24843000,ITABORAI,330190,(21) 2736 6271,esf@itaborai.rj.gov.br,-22.663323,-42.768681,1244,M,001,06/11/2025
3301902294184,2294184,USF DR ARISTEU DE OLIVEIRA PINTO USF SAO JOSE,PREFEITURA MUNICIPAL DE ITABORAI,UBS / Atencao basica,UNIDADE BASICA DE SAUDE,"PRACA NUNO DUARTE, S/N, SAO JOSE - CEP 24852642",SAO JOSE,24852642,ITABORAI,330190,(21)26391342,esf@itaborai.rj.gov.br,-22.83684,-42.88235,1244,M,001,06/11/2025
3301908007462,8007462,USF EDITH MARIA DE OLIVEIRA USF SAO JOAQUIM,PREFEITURA MUNICIPAL DE ITABORAI,UBS / Atencao basica,UNIDADE BASICA DE SAUDE,"RUA JOSE LEANDRO, S/N, RETIRO SAO JOAQUIM - CEP 24813129",RETIRO SAO JOAQUIM,24813129,ITABORAI,330190,(21)3639-0486,esf@itaborai.rj.gov.br,-22.752668,-42.893384,1244,M,001,06/11/2025
3301903337138,3337138,USF ELIANOPOLIS,PREFEITURA MUNICIPAL DE ITABORAI,UBS / Atencao basica,UNIDADE BASICA DE SAUDE,"RUA SETE, S/N, LOTE 88, SANTO ANTONIO - CEP 24856528",SANTO ANTONIO,24856528,ITABORAI,330190,(21) 2635-9546,esf@itaborai.rj.gov.br,-22.764516,-42.921176,1244,M,001,06/11/2025
3301903378780,3378780,USF GRANDE RIO,PREFEITURA MUNICIPAL DE ITABORAI,UBS / Atencao basica,UNIDADE BASICA DE SAUDE,"RUA VINTE E SEIS, S/N, LT 37 QD 59, JOAO CAETANO - CEP 24866516",JOAO CAETANO,24866516,ITABORAI,330190,(21) 2736 4329,esf@itaborai.rj.gov.br,-22.727468,-42.938172,1244,M,001,06/11/2025
3301908013446,8013446,USF GRANJAS CABUCU,PREFEITURA MUNICIPAL DE ITABORAI,UBS / Atencao basica,UNIDADE BASICA DE SAUDE,"AV PREFEITO MILTON RODRIGUES DA ROCHA, 1523, GRANJAS CABUCU - CEP 24860452",GRANJAS CABUCU,24860452,ITABORAI,330190,(21) 36381231,esf@itaborai.rj.gov.br,-22.783531,-42.917833,1244,M,001,06/11/2025
3301902269120,2269120,USF JORGE JOSE DA SILVA TIO JORGE USF BAIRRO AMARAL,PREFEITURA MUNICIPAL DE ITABORAI,UBS / Atencao basica,UNIDADE BASICA DE SAUDE,"ESTRADA PREFEITO JOAO BATISTA CAFFARO, S/N, QD M, GRANDE RIO - CEP 24866157",GRANDE RIO,24866157,ITABORAI,330190,(21)27365701,usf@itaborai.rj.gov.br,-22.716562,-42.933733,1244,M,001,06/11/2025
3301908007438,8007438,USF JOSE EDNALDO MENDES USF SANTO EXPEDITO,PREFEITURA MUNICIPAL DE ITABORAI,UBS / Atencao basica,UNIDADE BASICA DE SAUDE,"RUA DESEMBARGADOR AUGUSTO GALVAO, 242, SANTO EXPEDITO - CEP 24812400",SANTO EXPEDITO,24812400,ITABORAI,330190,(21) 2639-4028,esf@itaborai.rj.gov.br,-22.756672,-42.883415,1244,M,001,06/11/2025
3301902269147,2269147,USF LIZETE FERNANDES DE SOUZA USF RETA VELHA,PREFEITURA MUNICIPAL DE ITABORAI,UBS / Atencao basica,UNIDADE BASICA DE SAUDE,"RUA DOIS, S/N, PCA C S TAVARES, ESPERANCA - CEP 24802375",ESPERANCA,24802375,ITABORAI,330190,(21) 3637 0398,esf@itaborai.rj.gov.br,-22.728571,-42.828075,1244,M,001,06/11/2025
3301902269139,2269139,USF LUIS JOSE DE MARINS USF SAO MIGUEL,PREFEITURA MUNICIPAL DE ITABORAI,UBS / Atencao basica,UNIDADE BASICA DE SAUDE,"ESTRADA DO SAPE, S/N, SAO MIGUEL - CEP 24861016",SAO MIGUEL,24861016,ITABORAI,330190,(21)26351399,esf@itaborai.rj.gov.br,-22.78934,-42.89634,1244,M,001,06/11/2025
3301908007454,8007454,USF MANGUEIRA,PREFEITURA MUNICIPAL DE ITABORAI,UBS / Atencao basica,UNIDADE BASICA DE SAUDE,"ESTRADA ADEMAR FERREIRA TORRES, 43, CASA 03, BADURECO - CEP 24810468",BADURECO,24810468,ITABORAI,330190,(21) 2736-9004,esf@itaborai.rj.gov.br,-22.788032,-42.874927,1244,M,001,06/11/2025
3301908007446,8007446,USF MARIA APARECIDA DA S PEREIRA USF JOAQUIM DE OLIVEIRA,PREFEITURA MUNICIPAL DE ITABORAI,UBS / Atencao basica,UNIDADE BASICA DE SAUDE,"RUA VINTE E DOIS, S/N, LOTE 1 2 E 3, JOAQUIM DE OLIVEIRA - CEP 24813544",JOAQUIM DE OLIVEIRA,24813544,ITABORAI,330190,(21)26351010,esf@itaborai.rj.gov.br,-22.743679,-42.883468,1244,M,001,06/11/2025
3301902294176,2294176,USF MARIA DO ROSARIO OLIVEIRA USF APOLO,PREFEITURA MUNICIPAL DE ITABORAI,UBS / Atencao basica,UNIDADE BASICA DE SAUDE,"RUA ACEBIADES GOMES PEREIRA, S/N, LOTE 48 QUADRA 40, APOLO - CEP 24858560",APOLO,24858560,ITABORAI,330190,(21) 2621-5311,esf@itaborai.rj.gov.br,-22.780177,-42.94119,1244,M,001,06/11/2025
3301902269023,2269023,USF MARIA FERREIRA DOS SANTOS USF NOVA CIDADE,PREFEITURA MUNICIPAL DE ITABORAI,UBS / Atencao basica,UNIDADE BASICA DE SAUDE,"AVENIDA AMERICO CARDOSO, S/N, NOVA CIDADE - CEP 24800770",NOVA CIDADE,24800770,ITABORAI,330190,(21) 2635-4026,esf@itaborai.rj.gov.br,-22.751586,-42.849386,1244,M,001,06/11/2025
3301902269201,2269201,USF OTACILIO JOSE RAFAEL USF ALDEIA DA PRATA,PREFEITURA MUNICIPAL DE ITABORAI,UBS / Atencao basica,UNIDADE BASICA DE SAUDE,"RUA TRES, S/N, ALDEIA DA PRATA - CEP 24858032",ALDEIA DA PRATA,24858032,ITABORAI,330190,(21)2736-9244,esf@itaborai.rj.gov.br,-22.771136,-42.939977,1244,M,001,06/11/2025
3301903337111,3337111,USF PASTOR JOSE MENDEL USF MONTE VERDE,PREFEITURA MUNICIPAL DE ITABORAI,UBS / Atencao basica,UNIDADE BASICA DE SAUDE,"RUA N, S/N, QUADRA 18 LOTE 10, MONTE VERDE - CEP 24857592",MONTE VERDE,24857592,ITABORAI,330190,(21)3638-5558,esf@itaborai.rj.gov.br,-22.761668,-42.929978,1244,M,001,06/11/2025
3301903568210,3568210,USF PLANALTO DO MARAMBAIA,PREFEITURA MUNICIPAL DE ITABORAI,UBS / Atencao basica,UNIDADE BASICA DE SAUDE,"RUA ANAPOLIS, S/N, LT 09 QUADRA 14, MARAMBAIA - CEP 24859396",MARAMBAIA,24859396,ITABORAI,330190,(21) 3310-1650,esf@itaborai.rj.gov.br,-22.792571,-42.940825,1244,M,001,02/12/2025
3301902269090,2269090,USF PORTO DAS CAIXAS,PREFEITURA MUNICIPAL DE ITABORAI,UBS / Atencao basica,UNIDADE BASICA DE SAUDE,"RUA TENENTE JOAQUIM RABELO DE MATOS, 353, PORTO DAS CAIXAS - CEP 24830068",PORTO DAS CAIXAS,24830068,ITABORAI,330190,(21) 3639-4007,esf@itaborai.rj.gov.br,-22.69835,-42.87591,1244,M,001,06/11/2025
3301902290324,2290324,USF RETA NOVA,PREFEITURA MUNICIPAL DE ITABORAI,UBS / Atencao basica,UNIDADE BASICA DE SAUDE,"AVENIDA JOSE MARIA NANCI, S/N, QUADRA 42, ESPERANCA - CEP 24802740",ESPERANCA,24802740,ITABORAI,330190,(21) 3637 2750,esf@itaborai.rj.gov.br,-22.717405,-42.818153,1244,M,001,06/11/2025
3301902269236,2269236,USF SADDY RIBEIRO GOMES USF AMPLIACAO I,PREFEITURA MUNICIPAL DE ITABORAI,UBS / Atencao basica,UNIDADE BASICA DE SAUDE,"AV PAPA JOAO XXIII, S/N, AMPLIACAO - CEP 24808064",AMPLIACAO,24808064,ITABORAI,330190,(21)2645-6078,esf@itaborai.rj.gov.br,-22.759165,-42.864328,1244,M,001,06/11/2025
3301905995116,5995116,USF VALDOBER DE SOUZA MACHADO USF AMPLIACAO II,PREFEITURA MUNICIPAL DE ITABORAI,UBS / Atencao basica,UNIDADE BASICA DE SAUDE,"RUA MIGUEL ANGELO XIMENES, S/N, LOTE 06 QUADRA 53, AMPLIACAO II - CEP 24808408",AMPLIACAO II,24808408,ITABORAI,330190,(21)2639-2814,esf@itaborai.rj.gov.br,-22.757248,-42.853107,1244,M,001,06/11/2025
3301902269104,2269104,USF VALTAIR FELICIO DA SILVA USF MARAMBAIA,PREFEITURA MUNICIPAL DE ITABORAI,UBS / Atencao basica,UNIDADE BASICA DE SAUDE,"AV CABO JOSE RODRIGUES, S/N, MARAMBAIA - CEP 24859488",MARAMBAIA,24859488,ITABORAI,330190,(21)3310-0800,esf@itaborai.rj.gov.br,-22.79672,-42.93521,1244,M,001,06/11/2025
3301902290316,2290316,USF VER EUGENIO MARINS COUTINHO USF QUISSAMA,PREFEITURA MUNICIPAL DE ITABORAI,UBS / Atencao basica,UNIDADE BASICA DE SAUDE,"RUA CESAR XARA, 666, QUISSAMA - CEP 24804415",QUISSAMA,24804415,ITABORAI,330190,(21) 2645-8711,esf@itaborai.rj.gov.br,-22.743058,-42.834599,1244,M,001,06/11/2025
3301902269031,2269031,USF VER MARIO SCOTELARO RODRIGUES USF PACHECOS,PREFEITURA MUNICIPAL DE ITABORAI,UBS / Atencao basica,UNIDADE BASICA DE SAUDE,"RDV RJ 114 KM 13, S/N, PACHECOS - CEP 24846000",PACHECOS,24846000,ITABORAI,330190,(21) 2736 3354,esf@itaborai.rj.gov.br,-22.82099,-42.7851,1244,M,001,06/11/2025
3301902294125,2294125,USF VILA BRASIL,PREFEITURA MUNICIPAL DE ITABORAI,UBS / Atencao basica,UNIDADE BASICA DE SAUDE,"RUA SANTA CATARINA, S/N, LT14 QD 24, VILA BRASIL - CEP 24859088",VILA BRASIL,24859088,ITABORAI,330190,(21)33102608,esf@itaborai.rj.gov.br,-22.782492,-42.930643,1244,M,001,02/12/2025
3301902269198,2269198,USF VIRGILIO RIBEIRO LOPES USF CABUCU,PREFEITURA MUNICIPAL DE ITABORAI,UBS / Atencao basica,UNIDADE BASICA DE SAUDE,"ESTRADA VEREADOR ANTONIO CICERO, S/N, CABUCU - CEP 24851612",CABUCU,24851612,ITABORAI,330190,(21) 2736-7231,esf@iaborai.rj.gov.br,-22.817694,-42.892246,1244,M,001,06/11/2025
3301902294133,2294133,USF WANDERLEY VIEIRA DE ALMEIDA USF AREAL,PREFEITURA MUNICIPAL DE ITABORAI,UBS / Atencao basica,UNIDADE BASICA DE SAUDE,"AV CARLOS LACERDA, S/N, LT1801, AREAL - CEP 24804132",AREAL,24804132,ITABORAI,330190,(21) 2635-7466,esf@itaborai.rj.gov.br,-22.727241,-42.852991,1244,M,001,02/12/2025
3302003890015,3890015,CARLA ROBERTA ANGRILLI TABOSA,CARLA ROBERTA ANGRILLI TABOSA,UBS / Atencao basica,UNIDADE BASICA DE SAUDE,"AV PAULO DE FRONTIN, 108, SALA 101, CENTRO - CEP 23815490",CENTRO,23815490,ITAGUAI,330200,26882579 - 26880019,,-22.8718579,-43.7779313,4000,M,001,22/01/2026
3302000680702,0680702,CLINICA DO SORRISO,CLINICA DO SORRISO LLM EIRELI ME,UBS / Atencao basica,UNIDADE BASICA DE SAUDE,"RUA DR CURVELO CAVALCANTI, 573, SALA J QD 004 L 017, JARDIM RAISA - CEP 23815292",JARDIM RAISA,23815292,ITAGUAI,330200,2137823093,clinicadosorrisollm@gmail.com,-22.85123,-43.7123,2062,M,001,27/06/2025
3302000746177,0746177,DENTAL IMAGEM,M A RADIOLOGIA E IMAGENS ODONTOLOGICAS LTDA,UBS / Atencao basica,UNIDADE BASICA DE SAUDE,"ESTRADA ARI PARREIRAS, 67, LOJA A, CENTRO - CEP 23815541",CENTRO,23815541,ITAGUAI,330200,21981667808,,-22.86547,-43.76547,2062,M,001,13/08/2025
3302005540437,5540437,ESPACO PSIQUE G T Q LTDA,ESPACO PSIQUE G T Q LTDA,UBS / Atencao basica,UNIDADE BASICA DE SAUDE,"AVENIDA DEPUTADO OCTAVIO CABRAL, 740, APT 801 BLC 02 E, JARDIM AMERICA - CEP 23810304",JARDIM AMERICA,23810304,ITAGUAI,330200,,gabriellaquintanilha98@gmail.com,-22.870845,-43.768101,2240,M,001,29/04/2025
3302000394939,0394939,ITAGUAI CONSTRUCOES NAVAIS S A,ITAGUAI CONSTRUCOES NAVAIS S A,UBS / Atencao basica,UNIDADE BASICA DE SAUDE,"GENERAL EUCLIDES DE OLIVEIRA FIGUEIREDO, 500, BRISA MAR - CEP 23825410",BRISA MAR,23825410,ITAGUAI,330200,21 36161508,marcio.almeida@icnavais.com,-22.8555,-43.7788,2054,M,001,30/04/2025
3302000754579,0754579,JESSICA ALVES PEREIRA REGASSI,J ALVES PEREIRA REGASSI,UBS / Atencao basica,UNIDADE BASICA DE SAUDE,"ESTRADA ARY PARREIRAS, 399, LT2 QD4 SALA311, SAO FRANCISCO XAVIER - CEP 23820301",SAO FRANCISCO XAVIER,23820301,ITAGUAI,330200,21986691170,contato@jessicaalvesnutricionista.com.br,-22.81818,-43.71818,2135,M,001,25/09/2025
3302005872154,5872154,ULTRA SONOGRAFIA DR BENIVALDO,ULTRA SONOGRAFIA DR BENIVALDO,UBS / Atencao basica,UNIDADE BASICA DE SAUDE,"RUA PARAIBA, 06, QD 16, PARQUE INDEPENDENCIA - CEP 23820560",PARQUE INDEPENDENCIA,23820560,ITAGUAI,330200,2126881052,benivaldo.binda@terra.com.br,-22.81811,-43.81811,4000,M,001,16/07/2025
3302003971228,3971228,UNIDADE DE SAUDE DA FAMILA MONTE SERRAT,MUNICIPIO DE ITAGUAI,UBS / Atencao basica,UNIDADE BASICA DE SAUDE,"RUA KAISER ABRAHAO ESQ MAL OLYMPO SILVEIR, 9, MONTE SERRAT - CEP 23810250",MONTE SERRAT,23810250,ITAGUAI,330200,,,-22.852202,-43.775505,1244,M,001,27/03/2026
3302005416698,5416698,UNIDADE SAUDE DA FAMILIA ADAILTON NUNES DOS SANTOS,UNIDADE SAUDE DA FAMILIA ADAILTON NUNES DOS SANTOS,UBS / Atencao basica,UNIDADE BASICA DE SAUDE,"RUA GENECILDO AGUIAR VIEIRA, 1801, TEIXEIRA - CEP 23819010",TEIXEIRA,23819010,ITAGUAI,330200,2126885528,,-22.838943249081066,-43.79620313644409,1244,M,001,08/04/2026
3302002284650,2284650,UNIDADE SAUDE DA FAMILIA BRISAMAR,UNIDADE SAUDE DA FAMILIA BRISAMAR,UBS / Atencao basica,UNIDADE BASICA DE SAUDE,"RUA TRANSVERSAL QUARENTA, 40, LT 04 E 05 QD 101, BRISA MAR - CEP 23826135",BRISA MAR,23826135,ITAGUAI,330200,2137829000,,-22.85234,-43.77567,1244,M,001,27/03/2026
3302007481004,7481004,UNIDADE SAUDE DA FAMILIA CENTRO,MUNICIPIO DE ITAGUAI,UBS / Atencao basica,UNIDADE BASICA DE SAUDE,"RUA JURACI VIDAL CLEMENTE, 00, CENTRO - CEP 23810790",CENTRO,23810790,ITAGUAI,330200,2126872701,sms.itaguai@itaguai.rj.gov.br,-22.866,-43.778,1244,M,001,27/03/2026
3302007530277,7530277,UNIDADE SAUDE DA FAMILIA CHAPERO,MUNICIPIO DE ITAGUAI,UBS / Atencao basica,UNIDADE BASICA DE SAUDE,"RUA ARISTOTELINA SILVA LINO GLEBA B, S/N, CHAPERO - CEP 23831330",CHAPERO,23831330,ITAGUAI,330200,2126872138,,-22.80356049432649,-43.77974510192871,1244,M,001,27/03/2026
3302002284685,2284685,UNIDADE SAUDE DA FAMILIA COROA GRANDE,MUNICIPIO DE ITAGUAI,UBS / Atencao basica,UNIDADE BASICA DE SAUDE,"RUA AMARAL PEIXOTO, S/N, QD52 LT14 E 15, COROA GRANDE - CEP 23826970",COROA GRANDE,23826970,ITAGUAI,330200,2126888730,,-22.9041690473302,-43.86945962905884,1244,M,001,06/02/2026
3302000373621,0373621,UNIDADE SAUDE DA FAMILIA DR ADALBERTO PAULO WAACK,MUNICIPIO DE ITAGUAI,UBS / Atencao basica,UNIDADE BASICA DE SAUDE,"RUA ANTONIO MANOEL PEREIRA, S/N, PIRANEMA - CEP 23815000",PIRANEMA,23815000,ITAGUAI,330200,,direcaodeatencaobasica@gmail.com,-22.8521,-43.7754,1244,M,001,21/10/2025
3302003988449,3988449,UNIDADE SAUDE DA FAMILIA DR EVARISTO PAULO MINOMO,UNIDADE SAUDE DA FAMILIA DR EVARISTO PAULO MINOMO,UBS / Atencao basica,UNIDADE BASICA DE SAUDE,"RUA ALZIRA SANTIAGO, 15, QUADRA 14, VILA MARGARIDA - CEP 23821030",VILA MARGARIDA,23821030,ITAGUAI,330200,,,-22.8711832,-43.7919653,1244,M,001,27/03/2026
3302002284987,2284987,UNIDADE SAUDE DA FAMILIA DR MARCO AURELIO COUTO SILVA,UNIDADE SAUDE DA FAMILIA DR MARCO AURELIO COUTO SILVA,UBS / Atencao basica,UNIDADE BASICA DE SAUDE,"RUA ELVIRA MAIA COELHO, 21, GLEBA A, CHAPERO - CEP 23830312",CHAPERO,23830312,ITAGUAI,330200,(21)26888625,,-22.852123,-43.775123,1244,M,001,27/03/2026
3302006221483,6221483,UNIDADE SAUDE DA FAMILIA DR VIRTO VIEIRA DE SOUZA,MUNICIPIO DE ITAGUAI,UBS / Atencao basica,UNIDADE BASICA DE SAUDE,"RUA JOAO PLAZA GONZALES, S/N, LT 1 2 E 3 QD9, ENGENHO - CEP 23820370",ENGENHO,23820370,ITAGUAI,330200,2126880902,,-22.865261734107484,-43.789894580841064,1244,M,001,27/03/2026
3302003957322,3957322,UNIDADE SAUDE DA FAMILIA GILBERTO OLIVEIRA TORRES,UNIDADE SAUDE DA FAMILIA GILBERTO OLIVEIRA TORRES,UBS / Atencao basica,UNIDADE BASICA DE SAUDE,"RUA NOSSA SENHORA DAS GRACAS, S/N, LT 2 E 3 QD 120, CALIFORNIA - CEP 23811310",CALIFORNIA,23811310,ITAGUAI,330200,2137811028,,-22.85022,-43.77055,1244,M,001,27/03/2026
3302002285053,2285053,UNIDADE SAUDE DA FAMILIA ILHA DA MADEIRA,MUNICIPIO DE ITAGUAI,UBS / Atencao basica,UNIDADE BASICA DE SAUDE,"RUA PREFEITO WILSON PEDRO FRANCISCO, 21, ILHA DA MADEIRA - CEP 23826640",ILHA DA MADEIRA,23826640,ITAGUAI,330200,,,-22.919009945270236,-43.85039448738098,1244,M,001,06/02/2026
3302002285061,2285061,UNIDADE SAUDE DA FAMILIA MANGUEIRA,MUNICIPIO DE ITAGUAI,UBS / Atencao basica,UNIDADE BASICA DE SAUDE,"AV BAHIA, S/N, LT 15 E 16 QD17, VILA IBIRAPITANGA - CEP 23811140",VILA IBIRAPITANGA,23811140,ITAGUAI,330200,2137811180,,-22.85222211,-43.775555511,1244,M,001,27/03/2026
3302005416701,5416701,UNIDADE SAUDE DA FAMILIA MAZOMBA,MUNICIPIO DE ITAGUAI,UBS / Atencao basica,UNIDADE BASICA DE SAUDE,"RUA DIACONO MANOEL CLEMENTINO, 700, MAZOMBA - CEP 23830250",MAZOMBA,23830250,ITAGUAI,330200,,,-22.87125,-43.775,1244,M,001,25/03/2026
3302002285096,2285096,UNIDADE SAUDE DA FAMILIA ODNIT MAIA,MUNICIPIO DE ITAGUAI,UBS / Atencao basica,UNIDADE BASICA DE SAUDE,"RUA ESTADOS UNIDOS, S/N, JARDIM AMERICA - CEP 23810100",JARDIM AMERICA,23810100,ITAGUAI,330200,2173007300,,-22.869176445231602,-43.76148462295532,1244,M,001,27/03/2026
3302004226097,4226097,UNIDADE SAUDE DA FAMILIA ROMILDO RIBEIRO DA SILVA,MUNICIPIO DE ITAGUAI,UBS / Atencao basica,UNIDADE BASICA DE SAUDE,"ESTRADA ENGENHEIRO IVAN MUNDIN, S/N, LT 17 18 E19 QD 34, LEANDRO - CEP 23830250",LEANDRO,23830250,ITAGUAI,330200,,,-22.8520102,-43.7750505,1244,M,001,06/02/2026
3302002284642,2284642,UNIDADE SAUDE DA FAMILIA SACO DA PRATA,MUNICIPIO DE ITAGUAI,UBS / Atencao basica,UNIDADE BASICA DE SAUDE,"ESTRADA BOM JARDIM, S/N, SACO DA PRATA - CEP 23815000",SACO DA PRATA,23815000,ITAGUAI,330200,,,-22.852101112,-43.775101112,1244,M,001,27/03/2026
3302002284677,2284677,UNIDADE SAUDE DA FAMILIA SANTA CANDIDA,MUNICIPIO DE ITAGUAI,UBS / Atencao basica,UNIDADE BASICA DE SAUDE,"RUA JOAO VENANCIO DE FREITAS, 01, SANTA CANDIDA - CEP 23830640",SANTA CANDIDA,23830640,ITAGUAI,330200,2126871418,,-22.845923779441666,-43.82025718688965,1244,M,001,27/03/2026
3302006287956,6287956,UNIDADE SAUDE DA FAMILIA VISTA ALEGRE,MUNICIPIO DE ITAGUAI,UBS / Atencao basica,UNIDADE BASICA DE SAUDE,"EST TEIXEIRAS, S/N, LOTE14 E 15 QUADRA52, VISTA ALEGRE - CEP 23820275",VISTA ALEGRE,23820275,ITAGUAI,330200,2137811323,,-22.852987,-43.775987,1244,M,001,27/03/2026
3302052272156,2272156,CENTRO MUNICIPAL DE SAUDE ORAL,MUNICIPIO DE ITALVA,UBS / Atencao basica,UNIDADE BASICA DE SAUDE,"AV JOSE LUIS MARINHO, S/N, CENTRO - CEP 28250000",CENTRO,28250000,ITALVA,330205,2227832860,italvasaude@gmail.com,-21.420092735790394,-41.69164538383484,1244,M,001,04/08/2025
3302052272164,2272164,ESF DR CARLOS ANTONIO DESLANDES,MUNICIPIO DE ITALVA,UBS / Atencao basica,UNIDADE BASICA DE SAUDE,"CIMENTO PARAISO, S/N, CIMENTO PARAISO - CEP 28250000",CIMENTO PARAISO,28250000,ITALVA,330205,,italvasaude@gmail.com,-21.37367718536609,-41.69655919075012,1244,M,001,01/10/2025
3302052272121,2272121,ESF DR FREDERICO TERRA TANUS,MUNICIPIO DE ITALVA,UBS / Atencao basica,UNIDADE BASICA DE SAUDE,"SAMBRA, S/N, ZONA RURAL - CEP 28250000",ZONA RURAL,28250000,ITALVA,330205,,italvasaude@gmail.com,-21.422669558174356,-41.69291138648987,1244,M,001,01/10/2025
3302055452961,5452961,ESF EDYR TERRA DOS SANTOS,MUNICIPIO DE ITALVA,UBS / Atencao basica,UNIDADE BASICA DE SAUDE,"AVENIDA ERIVELTO ALVES MARINHO, 307, SAO CAETANO - CEP 28250000",SAO CAETANO,28250000,ITALVA,330205,,,-21.4243,-41.6855,1244,M,001,06/02/2026
3302054752546,4752546,ESF JOSE POZES PEREIRA,MUNICIPIO DE ITALVA,UBS / Atencao basica,UNIDADE BASICA DE SAUDE,"RUA JOAO MERIDA PADRON, 21, NOVA CIDADE - CEP 28250000",NOVA CIDADE,28250000,ITALVA,330205,,,-21.43891798313689,-41.70567234650962,1244,M,001,06/06/2025
3302054752503,4752503,ESF LIZARB SEPULVEDA RANGEL,SECRETARIA MUNICIPAL DE SAUDE DE ITALVA,UBS / Atencao basica,UNIDADE BASICA DE SAUDE,"RUA SAO SEBASTIAO, S/N, SALDANHA DA GAMA - CEP 28250000",SALDANHA DA GAMA,28250000,ITALVA,330205,,,-21.419739195668107,-41.68874978883746,1244,M,001,11/12/2025
3302056166717,6166717,ESF ORLANDO MADUREIRA,MUNICIPIO DE ITALVA,UBS / Atencao basica,UNIDADE BASICA DE SAUDE,"RUA OLIVIA FARIA, 144, MORRO GRANDE - CEP 28250000",MORRO GRANDE,28250000,ITALVA,330205,,,-21.4242576,-41.692953,1244,M,001,22/07/2025
3302050882801,0882801,ESF PR JACY PAULO DE ALMEIDA RANGEL,MUNICIPIO DE ITALVA,UBS / Atencao basica,UNIDADE BASICA DE SAUDE,"RUA 12 DE JUNHO, 395, BOA VISTA - CEP 28250000",BOA VISTA,28250000,ITALVA,330205,,,-21.435672828492564,-41.70032501220703,1244,M,001,01/10/2025
3302052272172,2272172,ESF VICE PREFEITO ETELVINO JONAS DE SOUZA,MUNICIPIO DE ITALVA,UBS / Atencao basica,UNIDADE BASICA DE SAUDE,"RUA JOSE CORREA FILHO, S/N, PQ INDUSTRIAL - CEP 28250000",PQ INDUSTRIAL,28250000,ITALVA,330205,,,-21.41252180858721,-41.691269874572754,1244,M,001,08/05/2025
3302052272105,2272105,UNIDADE BASICA DE SAUDE SAO PEDRO PARAISO,MUNICIPIO DE ITALVA,UBS / Atencao basica,UNIDADE BASICA DE SAUDE,"USINA SAO PEDRO, S/N, ZONA RURAL, SAO PEDRO - CEP 28250000",SAO PEDRO,28250000,ITALVA,330205,,,-21.368306955207334,-41.72149300575256,1244,M,001,08/05/2025
3302052272180,2272180,UOM UNIDADE MOVEL TERRESTRE,MUNICIPIO DE ITALVA,UBS / Atencao basica,UNIDADE BASICA DE SAUDE,"AV JOSE LUIZ MARINHO, S/N, CENTRO - CEP 28250000",CENTRO,28250000,ITALVA,330205,,,-21.42368770767413,-41.69309898366502,1244,M,001,08/05/2025
3302102290359,2290359,ATENCAO PRIMARIA DE CEL TEIXEIRA,MUNICIPIO DE ITAOCARA,UBS / Atencao basica,UNIDADE BASICA DE SAUDE,"BATATAL 6 DISTRITO, S/N, CENTRO - CEP 28570000",CENTRO,28570000,ITAOCARA,330210,(24)38612475,,-21.714494,-42.129985,1244,M,001,22/01/2026
3302102290383,2290383,ATENCAO PRIMARIA DE CONCEICAO,MUNICIPIO DE ITAOCARA,UBS / Atencao basica,UNIDADE BASICA DE SAUDE,"PRACA AID FIGUEIRA CARRIELLO CONCEICAO, 01, 4 DISTRITO, CENTRO - CEP 28570000",CENTRO,28570000,ITAOCARA,330210,(24)38612475,,-21.735933,-42.045093,1244,M,001,27/01/2025
3302102290367,2290367,ATENCAO PRIMARIA DE VALAO DO PAPAGAIO,MUNICIPIO DE ITAOCARA,UBS / Atencao basica,UNIDADE BASICA DE SAUDE,"VALAO DO PAPAGAIO, S/N, PORTELA 3 DISTRITO, CENTRO - CEP 28570000",CENTRO,28570000,ITAOCARA,330210,(24)38612475,,-21.656476,-41.999593,1244,M,001,22/01/2026
3302102290413,2290413,CENTRO DE SAUDE DE ITAOCARA,MUNICIPIO DE ITAOCARA,UBS / Atencao basica,AMBULATORIO,"RUA PASTOR JOSE HENRIQUE DA MATA, 550, CAXIAS - CEP 28570000",CAXIAS,28570000,ITAOCARA,330210,2238612475,itaocarasaude@bol.com.br,-21.6712306,-42.0807709,1244,M,016,24/10/2025
3302107638655,7638655,ESTRATEGIA DA SAUDE DA FAMILIA DO FLORESTAL,MUNICIPIO DE ITAOCARA,UBS / Atencao basica,UNIDADE BASICA DE SAUDE,"RUA AUGUSTO CALDEIRA, 155, FLORESTAL - CEP 28570000",FLORESTAL,28570000,ITAOCARA,330210,,,-21.669978,-42.072676,1244,M,001,07/05/2025
3302107575009,7575009,ESTRATEGIA DE SAUDE DA FAMILIA DA CIDADE NOVA,MUNICIPIO DE ITAOCARA,UBS / Atencao basica,UNIDADE BASICA DE SAUDE,"RUA ALDEIA DA PEDRA, 83, CIDADE NOVA - CEP 28570000",CIDADE NOVA,28570000,ITAOCARA,330210,,,-21.669406,-42.069885,1244,M,001,22/01/2026
3302102290405,2290405,ESTRATEGIA DE SAUDE DA FAMILIA DE ESTRADA NOVA,MUNICIPIO DE ITAOCARA,UBS / Atencao basica,UNIDADE BASICA DE SAUDE,"RUA FRANCISCO FERREIRA PINTO, 121, 5 DISTRITO, CENTRO - CEP 28570000",CENTRO,28570000,ITAOCARA,330210,(24)38612475,,-21.807042,-42.136102,1244,M,001,22/01/2026
3302102290391,2290391,ESTRATEGIA DE SAUDE DA FAMILIA DE JAGUAREMBE,MUNICIPIO DE ITAOCARA,UBS / Atencao basica,UNIDADE BASICA DE SAUDE,"RUA CAP LESSA JAGUAREMBE, 73, 4 DISTRITO, CENTRO - CEP 28570000",CENTRO,28570000,ITAOCARA,330210,(24)38612475,,-21.724592992051363,-41.99369304394415,1244,M,001,23/07/2025
3302102290332,2290332,ESTRATEGIA DE SAUDE DA FAMILIA DE LARANJAIS,MUNICIPIO DE ITAOCARA,UBS / Atencao basica,UNIDADE BASICA DE SAUDE,"RUA NILO PECANHA, 508, 2 DISTRITO, LARANJAIS - CEP 28570000",LARANJAIS,28570000,ITAOCARA,330210,(24)38612475,,-21.76268865353241,-42.17743239068184,1244,M,001,23/07/2025
3302102290375,2290375,ESTRATEGIA DE SAUDE DA FAMILIA DE PORTELA,MUNICIPIO DE ITAOCARA,UBS / Atencao basica,UNIDADE BASICA DE SAUDE,"RUA CORREIA DA ROCHA, 86, PORTELA 3 DISTRITO, CENTRO - CEP 28570000",CENTRO,28570000,ITAOCARA,330210,(24)38612475,,-21.671536311609024,-42.07528405999374,1244,M,001,22/01/2026
3302107574827,7574827,ESTRATEGIA DE SAUDE DA FAMILIA DO BNH,MUNICIPIO DE ITAOCARA,UBS / Atencao basica,UNIDADE BASICA DE SAUDE,"RUA GLICERIA JORGE DE OLIVEIRA, 749, BNH - CEP 28570000",BNH,28570000,ITAOCARA,330210,,,-21.67455574255676,-42.07187377533903,1244,M,001,22/01/2026
3302202279207,2279207,CENTRO DE SAUDE DR RAUL TRAVASSOS,SECRETARIA MUNICIPAL DE SAUDE DE ITAPERUNA,UBS / Atencao basica,AMBULATORIO,"RUA 10 DE MAIO, 893, CENTRO - CEP 28300000",CENTRO,28300000,ITAPERUNA,330220,(24)38221950,smsitaperuna@itanetrj.com.br,-21.201406,-41.89189,1244,M,016,25/08/2025
3302200666823,0666823,CENTRO DE SAUDE E MEDICINA ESPECIALIZADA LTDA,CENTRO DE SAUDE E MEDICINA ESPECIALIZADA LTDA,UBS / Atencao basica,AMBULATORIO,"PADRE JOAO BATISTA, 50, CIDADE NOVA - CEP 28300000",CIDADE NOVA,28300000,ITAPERUNA,330220,22 38243240,fiscal.contabilmed@gmail.com,-21.2104783,-42.118263,2062,M,016,05/04/2021
3302206364071,6364071,EMULTI 01,EMULTI 01,UBS / Atencao basica,UNIDADE BASICA DE SAUDE,"RUA MARGARIDA O BOECHAT, 52, AEROPORTO - CEP 28300000",AEROPORTO,28300000,ITAPERUNA,330220,,,-21.214899,-41.87598,1244,M,001,24/04/2025
3302206330495,6330495,EMULTI 02,EMULTI 02,UBS / Atencao basica,UNIDADE BASICA DE SAUDE,"AVENIDA PRESIDENTE DUTRA, 1850, PRESIDENTE COSTA E S - CEP 28300000",PRESIDENTE COSTA E S,28300000,ITAPERUNA,330220,,,-21.2003825,-41.9024689,1244,M,001,06/09/2024
3302202982641,2982641,UBS CORREGO DA CHICA,UBS CORREGO DA CHICA,UBS / Atencao basica,UNIDADE BASICA DE SAUDE,"AVENIDA JOSE DE SOUZA CARVALHAL, S/N, CASA, CORREGO DA CHICA - CEP 28300000",CORREGO DA CHICA,28300000,ITAPERUNA,330220,,,-21.327999,-41.670468,1244,M,001,24/04/2025
3302202278944,2278944,UNIDADE BASICA DE SAUDE DE ITAJARA,SECRETARIA MUNICIPAL DE ITAPERUNA,UBS / Atencao basica,UNIDADE BASICA DE SAUDE,"PRACA DR JOSE BRUNO GARCIA DA SILVEIRA, 28, ITAJARA - CEP 28300000",ITAJARA,28300000,ITAPERUNA,330220,(24)38245599,,-21.312552,-42.02549,1244,M,001,05/03/2026
3302200852686,0852686,UNIDADE BASICA DE SAUDE DE NOSSA SENHORA DA PENHA,UNIDADE BASICA DE SAUDE DE NOSSA SENHORA DA PENHA,UBS / Atencao basica,UNIDADE BASICA DE SAUDE,"RUA RAUL PINHEIRO, S/N, NOSSA SENHORA DA PEN - CEP 28330000",NOSSA SENHORA DA PEN,28330000,ITAPERUNA,330220,,,-21.296585,-41.753938,1244,M,001,24/04/2025
3302200852937,0852937,UNIDADE BASICA DE SAUDE DO CORREGO SECO,UNIDADE BASICA DE SAUDE DO CORREGO SECO,UBS / Atencao basica,UNIDADE BASICA DE SAUDE,"RODOVIA LUCIO MEIRA, S/N, CORREGO SECO - CEP 28300000",CORREGO SECO,28300000,ITAPERUNA,330220,,,-21.206325,-41.72392,1244,M,001,05/09/2025
3302202279045,2279045,UNIDADE DE SAUDE DA FAMILIA BOA FORTUNA,SECRETARIA MUNICIPAL DE SAUDE,UBS / Atencao basica,UNIDADE BASICA DE SAUDE,"RUA ESTACIO DE SA, 40, BOA FORTUNA - CEP 28300000",BOA FORTUNA,28300000,ITAPERUNA,330220,(22)38245599,,-21.2088275,-41.8662431,1244,M,001,31/10/2025
3302203360466,3360466,UNIDADE DE SAUDE DA FAMILIA BOA VISTA,SECRETARIA MUNICIPAL DE SAUDE DE ITAPERUNA,UBS / Atencao basica,UNIDADE BASICA DE SAUDE,"LUZIA VIEIRA HENRIQUE, 230, MATADOURO - CEP 28300000",MATADOURO,28300000,ITAPERUNA,330220,,,-21.220693,-41.881078,1244,M,001,05/03/2026
3302203022846,3022846,UNIDADE DE SAUDE DA FAMILIA COSTA E SILVA,SECRETARIA MUNICIPAL DE SAUDE DE ITAPERUNA,UBS / Atencao basica,UNIDADE BASICA DE SAUDE,"AVENIDA JOAO BEDIM, 552, LOTEAMENTO JOAO BEDI - CEP 28300000",LOTEAMENTO JOAO BEDI,28300000,ITAPERUNA,330220,,,-21.192883,-41.914752,1244,M,001,05/03/2026
3302202279053,2279053,UNIDADE DE SAUDE DA FAMILIA DA CEHAB,SECRETARIA MUNICIPAL DE SAUDE,UBS / Atencao basica,UNIDADE BASICA DE SAUDE,"JOSE DA SILVEIRA GOULART, 000, CEHAB - CEP 28300000",CEHAB,28300000,ITAPERUNA,330220,(22)38245599,,-21.194551,-41.894792,1244,M,001,31/10/2025
3302202279266,2279266,UNIDADE DE SAUDE DA FAMILIA DE ARE,SECRETARIA MUNICIPAL DE SAUDE,UBS / Atencao basica,UNIDADE BASICA DE SAUDE,"RUA PROJETADA, 1, NOSSA SENHORA DA PEN - CEP 28300000",NOSSA SENHORA DA PEN,28300000,ITAPERUNA,330220,(22)38245599,,-21.276649,-41.787738,1244,M,001,31/10/2025
3302202279096,2279096,UNIDADE DE SAUDE DA FAMILIA DE JARDIM SURUBI,SECRETARIA MUNICIPAL DE SAUDE,UBS / Atencao basica,UNIDADE BASICA DE SAUDE,"RUA MOACIR CHAVES CARNEIRO, 00, JARDIM SURUBI - CEP 28300000",JARDIM SURUBI,28300000,ITAPERUNA,330220,(22)38245599,,-21.208904,-41.918204,1244,M,001,31/10/2025
3302202279010,2279010,UNIDADE DE SAUDE DA FAMILIA DE RETIRO DO MURIAE,SECRETARIA MUNICIPAL DE SAUDE,UBS / Atencao basica,UNIDADE BASICA DE SAUDE,"AVENIDA CORONEL MACARIO, 00, RETIRO DO MURIAE - CEP 28300000",RETIRO DO MURIAE,28300000,ITAPERUNA,330220,(24)38245599,,-21.20419796291729,-41.89280033111572,1244,M,001,05/03/2026
3302202279231,2279231,UNIDADE DE SAUDE DA FAMILIA DE SAO FRANCISCO,SECRETARIA MUNICIPAL DE SAUDE,UBS / Atencao basica,UNIDADE BASICA DE SAUDE,"RUA FRANCISCO COTA DO ALMO, 18, SAO FRANCISCO - CEP 28300000",SAO FRANCISCO,28300000,ITAPERUNA,330220,(22)38245599,,-21.220982,-41.895159,1244,M,001,31/10/2025
3302202279061,2279061,UNIDADE DE SAUDE DA FAMILIA DE SAO MATEUS,SECRETARIA MUNICIPAL DE SAUDE,UBS / Atencao basica,UNIDADE BASICA DE SAUDE,"RUA HONORIO IZALTINO, S/N, SAO MATEUS - CEP 28300000",SAO MATEUS,28300000,ITAPERUNA,330220,(22)38245599,,-21.188806,-41.879033,1244,M,001,31/10/2025
3302202279002,2279002,UNIDADE DE SAUDE DA FAMILIA DO AEROPORTO,SECRETARIA MUNICIPAL DE SAUDE DE ITAPERUNA,UBS / Atencao basica,UNIDADE BASICA DE SAUDE,"GIL VIEIRA LEITE, S/N, AEROPORTO - CEP 28300000",AEROPORTO,28300000,ITAPERUNA,330220,(22)38245599,,-21.211048,-41.874052,1244,M,001,31/10/2025
3302202279029,2279029,UNIDADE DE SAUDE DA FAMILIA DO CARULAS,SECRETARIA MUNICIPAL DE SAUDE,UBS / Atencao basica,UNIDADE BASICA DE SAUDE,"RAFAEL VASCONCELOS, 485, CARULAS - CEP 28300000",CARULAS,28300000,ITAPERUNA,330220,(22)38201536,,-21.2270966,-41.8838917,1244,M,001,05/03/2026
3302202279185,2279185,UNIDADE DE SAUDE DA FAMILIA DO FITEIRO,SECRETARIA MUNICIPAL DE SAUDE,UBS / Atencao basica,UNIDADE BASICA DE SAUDE,"RUA ALVARO LANNES, 448, FITEIRO - CEP 28300000",FITEIRO,28300000,ITAPERUNA,330220,(22)38245599,,-21.211579,-41.892485,1244,M,001,31/10/2025
3302202279193,2279193,UNIDADE DE SAUDE DA FAMILIA DO HORTO FLORESTAL,SECRETARIA MUNICIPAL DE SAUDE,UBS / Atencao basica,UNIDADE BASICA DE SAUDE,"RUA ORLANDO RAELI, 40, HORTO FLORESTAL - CEP 28300000",HORTO FLORESTAL,28300000,ITAPERUNA,330220,(22)38201536,,-21.204551,-41.882666,1244,M,001,31/10/2025
3302202279088,2279088,UNIDADE DE SAUDE DA FAMILIA FARMACEUTICO JULIO COSTA,SECRETARIA MUNICIPAL DE SAUDE,UBS / Atencao basica,UNIDADE BASICA DE SAUDE,"RUA JOSE ROSMANINHO JUNIOR, S/N, COM VENANCIO, BELA VISTA - CEP 28300000",BELA VISTA,28300000,ITAPERUNA,330220,(22)38245599,,-21.180236,-41.103844,1244,M,001,05/03/2026
3302202279126,2279126,UNIDADE DE SAUDE DA FAMILIA FRIGORIFICO,SECRETARIA MUNICIPAL DE SAUDE,UBS / Atencao basica,UNIDADE BASICA DE SAUDE,"RUA ZOELO SOLA, 199, FRIGORIFICO - CEP 28300000",FRIGORIFICO,28300000,ITAPERUNA,330220,(22)38245599,,-21.230475,-41.878518,1244,M,001,31/10/2025
3302203022862,3022862,UNIDADE DE SAUDE DA FAMILIA GUARITA,SECRETARIA MUNICIPAL DE SAUDE DE ITAPERUNA,UBS / Atencao basica,UNIDADE BASICA DE SAUDE,"ESTRADA MN ARTHUR JOSE PEREIRA, 100, COLIBRI, GUARITA - CEP 28300000",GUARITA,28300000,ITAPERUNA,330220,,,-21.2024421,-41.8763634,1244,M,001,31/10/2025
3302202278952,2278952,UNIDADE DE SAUDE DA FAMILIA ITELVINA BASTOS FRANCA RAPOSO,SECRETARIA MUNICIPAL DE SAUDE,UBS / Atencao basica,UNIDADE BASICA DE SAUDE,"AVENIDA CORONEL BALBINO, S/N, RAPOSO - CEP 28333000",RAPOSO,28333000,ITAPERUNA,330220,(22)38245599,,-21.101797,-42.115541,1244,M,001,05/03/2026
3302204035186,4035186,UNIDADE DE SAUDE DA FAMILIA LIONS CIDADE NOVA,UNIDADE DE SAUDE DA FAMILIA LIONS CIDADE NOVA,UBS / Atencao basica,UNIDADE BASICA DE SAUDE,"PEDRO ALVES DE OLIVEIRA, 215, LOJA 1, CIDADE NOVA - CEP 28300000",CIDADE NOVA,28300000,ITAPERUNA,330220,,,-21.198663,-41.901529,1244,M,001,31/10/2025
3302202278936,2278936,UNIDADE DE SAUDE DA FAMILIA RUITER ROSA,SECRETARIA MUCIPAL DE SAUDE DE ITAPERUNA,UBS / Atencao basica,UNIDADE BASICA DE SAUDE,"RUA SENADOR SA TINOCO, S/N, BOA VENTURA - CEP 28300000",BOA VENTURA,28300000,ITAPERUNA,330220,(22)28245599,,-21.319466,-41.628045,1244,M,001,05/03/2026
3302209397272,9397272,UNIDADE DE SAUDE DA FAMILIA SAO MANOEL,SECRETARIA MUNICIPAL DE SAUDE,UBS / Atencao basica,UNIDADE BASICA DE SAUDE,"RUA MORVAN ALVES MOREIRA, 220, SAO MANOEL - CEP 28300000",SAO MANOEL,28300000,ITAPERUNA,330220,,,-21.186365,-41.894887,1244,M,001,31/10/2025
3302203763846,3763846,UNIDADE DE SAUDE DA FAMILIA VINHOSA CENTRO,UNIDADE DE SAUDE DA FAMILIA VINHOSA CENTRO,UBS / Atencao basica,UNIDADE BASICA DE SAUDE,"RUA SATIRO GARIBALDI, 207, CENTRO - CEP 28300000",CENTRO,28300000,ITAPERUNA,330220,,,-21.202214,-41.889212,1244,M,001,24/04/2025
3302209667490,9667490,UNIDADE DE SAUDE PRISIONAL DE ITAPERUNA,PREFEITURA MUNICIPAL DE ITAPERUNA,UBS / Atencao basica,UNIDADE BASICA DE SAUDE,"RUA PADRE HUMBERTO LINDERLAUF, 100, FRIGORIFICO - CEP 28300000",FRIGORIFICO,28300000,ITAPERUNA,330220,3822-1599,,-21.232405,-41.880238,1244,M,001,24/04/2025
3302257606273,7606273,E MULTI ITATIAIA,SECRETARIA MUNICIPAL DE SAUDE DE ITATIAIA,UBS / Atencao basica,UNIDADE BASICA DE SAUDE,"RUA SANTA CRUZ, 40, 2 ANDAR, VILA ODETE - CEP 27580000",VILA ODETE,27580000,ITATIAIA,330225,(24) 3352-1512,emultitatiaia@gmail.com,-22.5008439,-44.5664184,1244,M,001,10/04/2026
3302256950221,6950221,USF CAMPO ALEGRE,USF CAMPO ALEGRE,UBS / Atencao basica,UNIDADE BASICA DE SAUDE,"AV CEL NAPOLEAO DUARTE, 657, CAMPO ALEGRE - CEP 27580000",CAMPO ALEGRE,27580000,ITATIAIA,330225,(24) 3352-7004,esfcampoalegre01@gmail.com,-22.49053239835425,-44.57082509994507,1244,M,001,10/04/2026
3302252288117,2288117,USF CAMPO ALEGRE II,SECRETARIA MUNICIPAL DE SAUDE DE ITATIAIA,UBS / Atencao basica,UNIDADE BASICA DE SAUDE,"RUA NAPOLEAO DUARTE, S/N, CAMPO ALEGRE - CEP 27580000",CAMPO ALEGRE,27580000,ITATIAIA,330225,(24) 3352-6980,esf2campoalegre@gmail.com,-22.490631526622188,-44.57404375076294,1244,M,001,10/04/2026
3302257587457,7587457,USF CENTRO,SECRETRAIA MUNICIPAL DE SAUDE DE ITATIAIA,UBS / Atencao basica,UNIDADE BASICA DE SAUDE,"AVENIDA DOS EXPEDICIONARIOS, 194, CENTRO - CEP 27580000",CENTRO,27580000,ITATIAIA,330225,(24) 3352-1979,ubscentrosms@gmail.com,-22.4934744,-44.5665207,1244,M,001,10/04/2026
3302252288133,2288133,USF DE MAROMBA,SECRETARIA MUNICIPAL DE SAUDE DE ITATIAIA,UBS / Atencao basica,UNIDADE BASICA DE SAUDE,"PRACA DA MAROMBA, S/N, MAROMBA - CEP 27580000",MAROMBA,27580000,ITATIAIA,330225,(24) 3387-1276,esfmaromba@gmail.com,-22.490029,-44.6379515,1244,M,001,10/04/2026
3302252288141,2288141,USF DE SAUDE VILA ESPERANCA,SECRETARIA MUNICIPAL DE SAUDE DE ITATIAIA,UBS / Atencao basica,UNIDADE BASICA DE SAUDE,"RUA JULIANA CAMPOS NEVES, 1753, VILA ESPERANCA - CEP 27580000",VILA ESPERANCA,27580000,ITATIAIA,330225,(24) 3352-6575,esfvilaesperancaitatiaia@gmail.com,-22.5012939,-44.5844958,1244,M,001,10/04/2026
3302252288125,2288125,USF DE VILA FLORIDA,SECRETARIA MUNICIPAL DE SAUDE DE ITATIAIA,UBS / Atencao basica,UNIDADE BASICA DE SAUDE,"RUA DAS MARGARIDAS, S/N, VILA FLORIDA - CEP 27580000",VILA FLORIDA,27580000,ITATIAIA,330225,(24) 3357-3080,usf.vilaflorida@itatiaia.rj.gov.br,-22.5023472,-44.6166232,1244,M,001,10/04/2026
3302252288184,2288184,USF MARECHAL JARDIM,SECRETARIA MUNICIPAL DE SAUDE DE ITATIAIA,UBS / Atencao basica,UNIDADE BASICA DE SAUDE,"AV DOS ILHEUS, S/N, MARECHAL JARDIM - CEP 27580000",MARECHAL JARDIM,27580000,ITATIAIA,330225,(24) 3360-9059,esfmarechaljardim@gmail.com,-22.4688778,-44.5060693,1244,M,001,10/04/2026
3302257304196,7304196,USF PENEDO,USF PENEDO,UBS / Atencao basica,UNIDADE BASICA DE SAUDE,"RUA TUPI, S/N, PENEDO - CEP 27580000",PENEDO,27580000,ITATIAIA,330225,(24) 3351-1960,esfpenedo@gmail.com,-22.4445121,-44.5201009,1244,M,001,10/04/2026
3302257234813,7234813,USF VILA MAGNOLIA,USF VILA MAGNOLIA,UBS / Atencao basica,UNIDADE BASICA DE SAUDE,"RUA DO CRUZEIRO, S/N, VILA MAGNOLIA - CEP 27580000",VILA MAGNOLIA,27580000,ITATIAIA,330225,(24) 3352-3345,psf.vmag@gmail.com,-22.5617351,-45.0178668262032,1244,M,001,10/04/2026
3302254722965,4722965,USF VILA ODETE,USF VILA ODETE,UBS / Atencao basica,UNIDADE BASICA DE SAUDE,"RUA SANTA CRUZ, 40, VILA ODETE - CEP 27580000",VILA ODETE,27580000,ITATIAIA,330225,(24) 3352-1267,esfvilaodete@gmail.com,-22.5009272,-44.5640194,1244,M,001,10/04/2026
3302279552200,9552200,ACADEMIA DA SAUDE DO SAO JORGE,MUNICIPIO DE JAPERI,UBS / Atencao basica,UNIDADE BASICA DE SAUDE,"RUA VEREADOR FRANCISCO COSTA FILHO, S/N, SAO JORGE - CEP 26445267",SAO JORGE,26445267,JAPERI,330227,,atencaobasica.japeri@gmail.com,-22.66605624548435,-43.609886169433594,1244,M,001,27/12/2024
3302279558284,9558284,ACADEMIA DE SAUDE DO CHACRINHA,MUNICIPIO DE JAPERI,UBS / Atencao basica,UNIDADE BASICA DE SAUDE,"AVENIDA JOAO SALGADO DOS SANTOS, S/N, BLOCO A, CHACRINHA - CEP 26440570",CHACRINHA,26440570,JAPERI,330227,,atencaobasica.japeri@gmail.com,-22.645734557891906,-43.64684700965881,1244,M,001,21/12/2018
3302277006063,7006063,NASF JAPERI,MUNICIPIO DE JAPERI,UBS / Atencao basica,UNIDADE BASICA DE SAUDE,"RUA BRAULI DIAS GUIMARAES, S/N, CHACRINHA - CEP 26440400",CHACRINHA,26440400,JAPERI,330227,,,-22.6463846,-43.6414154,1244,M,001,02/08/2022
3302273274489,3274489,SEAP AMB CASA DE CUSTODIA COTRIN NETO,SUPERINTENCIA DE SAUDE S E ADMINISTRACAO PENITENCIARIA,UBS / Atencao basica,UNIDADE BASICA DE SAUDE,"RUA FLORENCA, S/N, BELO HORIZONTE - CEP 26410280",BELO HORIZONTE,26410280,JAPERI,330227,(21)22031468,,-22.67328320917332,-43.58375072479248,1023,M,001,02/10/2025
3302277680872,7680872,SEAP CGSP AMB PEN MILTON DIAS MOREIRA,SECRETARIA DE ESTADO DE ADMINISTRACAO PENITENCIARIA,UBS / Atencao basica,UNIDADE BASICA DE SAUDE,"RUA FLORENCA, S/N, JARDIM BELO HORIZONT - CEP 26465162",JARDIM BELO HORIZONT,26465162,JAPERI,330227,2136911259,,-22.6748671503402,-43.58383655548096,1023,M,001,02/10/2025
3302277681046,7681046,SEAP CGSP PRESIDIO JOAO CARLOS DA SILVA,SECRETARIA DE ESTADO DE ADMINISTRACAO PENITENCIARIA,UBS / Atencao basica,UNIDADE BASICA DE SAUDE,"RUA FLORENCA, S/N, JARDIM BELO HORIZONT - CEP 26465162",JARDIM BELO HORIZONT,26465162,JAPERI,330227,36910481,,-22.674768154553217,-43.58227014541626,1023,M,001,25/09/2025
3302274169182,4169182,SUBSECRETARIA DE VIGILANCIA EM SAUDE,MUNICIPIO DE JAPERI,UBS / Atencao basica,UNIDADE DE VIGILANCIA DE ZOONOSES,"AVENIDA TANCREDO NEVES, S/N, ANEXO 1, MUCAJA - CEP 26420243",MUCAJA,26420243,JAPERI,330227,,vigilanciaemsaude.japeri@gmail.com,-22.69276,-43.6240864,1244,M,021,28/01/2026
3302272281473,2281473,UNIDADE SAUDE DA FAMILIA ALECRIM,MUNICIPIO DE JAPERI,UBS / Atencao basica,UNIDADE BASICA DE SAUDE,"RUA MARIA ALICE, S/N, ENG PEDREIRA, ALECRIM - CEP 26435350",ALECRIM,26435350,JAPERI,330227,2126641861,,-22.67926249125382,-43.596346378326416,1244,M,001,04/01/2026
3302275349834,5349834,UNIDADE SAUDE DA FAMILIA BENEDICTA ROSA DA CONCEICAO,MUNICIPIO DE JAPERI,UBS / Atencao basica,UNIDADE BASICA DE SAUDE,"RUA BRASIL, S/N, LAGOA DO SAPO - CEP 26435350",LAGOA DO SAPO,26435350,JAPERI,330227,2126641861,,-22.649504569593464,-43.661950528621674,1244,M,001,04/01/2026
3302272281511,2281511,UNIDADE SAUDE DA FAMILIA CHACRINHA,MUNICIPIO DE JAPERI,UBS / Atencao basica,UNIDADE BASICA DE SAUDE,"AV JOAO SALGADO DOS SANTOS, S/N, CHACRINHA - CEP 26440520",CHACRINHA,26440520,JAPERI,330227,2126703184,,-22.644535,-43.6463075,1244,M,001,04/01/2026
3302272281538,2281538,UNIDADE SAUDE DA FAMILIA DELAMARE,MUNICIPIO DE JAPERI,UBS / Atencao basica,UNIDADE BASICA DE SAUDE,"RUA PINARE, S/N, DELAMARE, ENG PEDREIRA - CEP 26460350",ENG PEDREIRA,26460350,JAPERI,330227,2124197121,,-22.688977,-43.585804,1244,M,001,04/01/2026
3302276597386,6597386,UNIDADE SAUDE DA FAMILIA GUANDU,MUNICIPIO DE JAPERI,UBS / Atencao basica,UNIDADE BASICA DE SAUDE,"RUA ECLIPSE, 22, GUANDU - CEP 26420090",GUANDU,26420090,JAPERI,330227,,,-22.6887345,-43.6325696,1244,M,001,04/01/2026
3302274761723,4761723,UNIDADE SAUDE DA FAMILIA MARABA,MUNICIPIO DE JAPERI,UBS / Atencao basica,UNIDADE BASICA DE SAUDE,"AVENIDA TANCREDO NEVES, 2342, PARQUE GUANDU - CEP 26420243",PARQUE GUANDU,26420243,JAPERI,330227,,aps.japeri@gmail.com,-22.7084127,-43.6295709,1244,M,001,03/03/2026
3302272281503,2281503,UNIDADE SAUDE DA FAMILIA NOVA BELEM,MUNICIPIO DE JAPERI,UBS / Atencao basica,UNIDADE BASICA DE SAUDE,"RUA AUGUSTO CARVALHO DIAS, S/N, NOVA BELEM - CEP 26433340",NOVA BELEM,26433340,JAPERI,330227,2126641190,,-22.65395765427291,-43.655312061309814,1244,M,001,04/01/2026
3302275527503,5527503,UNIDADE SAUDE DA FAMILIA SANTA AMELIA,MUNICIPIO DE JAPERI,UBS / Atencao basica,UNIDADE BASICA DE SAUDE,"RUA LAURA CARDOSO, 01, STA AMELIA - CEP 26480240",STA AMELIA,26480240,JAPERI,330227,2126641861,japerisaude@yahoo.com.br,-22.6672331,-43.5833833,1244,M,001,04/01/2026
3302275349796,5349796,UNIDADE SAUDE DA FAMILIA SAO SEBASTIAO,MUNICIPIO DE JAPERI,UBS / Atencao basica,UNIDADE BASICA DE SAUDE,"RUA MOACIR FERREIRA, 14, SAO SEBASTIAO, ENG PEDREIRA - CEP 26420380",ENG PEDREIRA,26420380,JAPERI,330227,2126641190,,-22.683825973154008,-43.5797917842865,1244,M,001,04/01/2026
3302275527511,5527511,UNIDADE SAUDE DA FAMILIA VILA CENTRAL,MUNICIPIO DE JAPERI,UBS / Atencao basica,UNIDADE BASICA DE SAUDE,"RUA CLAIR ANTUNES, S/N, VL CENTRAL - CEP 26435350",VL CENTRAL,26435350,JAPERI,330227,2126641861,japerisaude@yahoo.com.br,-22.6880478,-43.6018342,1244,M,001,04/01/2026
3302302283956,2283956,CENTRO DE SAUDE,SECRETARIA MUNICIPAL DE SAUDE DE LAJE DO MURIAE,UBS / Atencao basica,UNIDADE BASICA DE SAUDE,"RUA GERONCIO FERREIRA, 180, CENTRO - CEP 28350200",CENTRO,28350200,LAJE DO MURIAE,330230,2238292378,,-21.20884403478672,-42.11945503950119,1244,M,001,17/11/2025
3302302799227,2799227,MODULO I PSF,SECRETARIA MUNICIPAL DE SAUDE DE LAJE DO MURIAE,UBS / Atencao basica,UNIDADE BASICA DE SAUDE,"RUA VICENCIA TEIXEIRA MASINI, 100, CASA, QUEROSENE - CEP 28350350",QUEROSENE,28350350,LAJE DO MURIAE,330230,2238292378,smslajesaude@gmail.com,-21.20571832975966,-42.130701541900635,1244,M,001,17/11/2025
3302305467993,5467993,MODULO II DO PSF,SECRETARIA MUNICIPAL DE SAUDE,UBS / Atencao basica,UNIDADE BASICA DE SAUDE,"GERONCIO FERREIRA, S/N, SANTO ANTONIO - CEP 28350200",SANTO ANTONIO,28350200,LAJE DO MURIAE,330230,2238292413,smslajesaude@gmail.com,-21.20891655035801,-42.119358479976654,1244,M,001,17/11/2025
3302305468000,5468000,MODULO III DO PSF,SECRETARIA MUNICIPAL DE SAUDE,UBS / Atencao basica,UNIDADE BASICA DE SAUDE,"RUA LEOPOLDINA, S/N, ZONA RURAL, AREIA BRANCA - CEP 28350899",AREIA BRANCA,28350899,LAJE DO MURIAE,330230,22-38292434,,-21.205738334482216,-42.130916118621826,1244,M,001,17/11/2025
3302302945576,2945576,MODULO IV PSF,SECRETARIA MUNICIPAL DE SAUDE DE LAJE DO MURIAE,UBS / Atencao basica,UNIDADE BASICA DE SAUDE,"RUA VANTENILDE MACHADO, S/N, CASA, BOA VISTA - CEP 28350040",BOA VISTA,28350040,LAJE DO MURIAE,330230,,smslajesaude@gmail.com,-21.205728332121264,-42.13111460208893,1244,M,001,17/11/2025
3302402276909,2276909,CENTRO DE SAUDE MOACYR SANTOS,MUNICIPIO DE MACAE,UBS / Atencao basica,UNIDADE BASICA DE SAUDE,"RUA MARECHAL RONDON, 390, MIRAMAR - CEP 27943260",MIRAMAR,27943260,MACAE,330240,27621660/27621661,CEM.MOACYRSANTOS@MACAE.RJ.GOV.BR,-22.377077,-41.7855375,1244,M,001,09/04/2026
3302405567262,5567262,CONSULTORIO ODONTOLOGICO NA SEC DE SERV PUBLICOS,CONSULTORIO ODONTOLOGICO NA SEC DE SERV PUBLICOS,UBS / Atencao basica,UNIDADE BASICA DE SAUDE,"RODOVIA CHRISTIANO JOSE DA SILVA JR, S/N, KM4, VIRGEM SANTA - CEP 27948010",VIRGEM SANTA,27948010,MACAE,330240,,,-22.3581766,-41.8084926,1244,M,001,02/06/2025
3302406561098,6561098,EQUIPE MULTIPROFISSIONAL APS MACAE,EQUIPE MULTIPROFISSIONAL APS MACAE,UBS / Atencao basica,UNIDADE BASICA DE SAUDE,"RUA DO ACUDE, 175, GRANJA DOS CAVALEIRO - CEP 27930400",GRANJA DOS CAVALEIRO,27930400,MACAE,330240,2227636330,,-22.4017432,-41.8104257,1244,M,001,01/08/2024
3302402290553,2290553,ESF AJUDA A,MUNICIPIO DE MACAE,UBS / Atencao basica,UNIDADE BASICA DE SAUDE,"RUA NOVE, S/N, QD 03, AJUDA - CEP 27910000",AJUDA,27910000,MACAE,330240,(22) 27630414,esf.ajudaa@macae.rj.gov.br,-22.322255,-41.756464,1244,M,001,01/12/2025
3302402702916,2702916,ESF AJUDA B,MUNICIPIO DE MACAE,UBS / Atencao basica,UNIDADE BASICA DE SAUDE,"ESTRADA DO INCRA, S/N, AJUDA DE BAIXO - CEP 27910000",AJUDA DE BAIXO,27910000,MACAE,330240,,esf.ajudab@macae.rj.gov.br,-22.3224717,-41.753866,1244,M,001,04/08/2025
3302406189954,6189954,ESF AJUDA C,MUNICIPIO DE MACAE,UBS / Atencao basica,UNIDADE BASICA DE SAUDE,"RUA FLAVIO BATISTA, S/N, LOT ATLANTICO NORTE, AJUDA DE CIMA - CEP 27910000",AJUDA DE CIMA,27910000,MACAE,330240,,esf.ajudac@macae.rj.gov.br,-22.3136442,-41.7526355,1244,M,001,22/01/2026
3302400855650,0855650,ESF AREIA BRANCA,MUNICIPIO DE MACAE,UBS / Atencao basica,UNIDADE BASICA DE SAUDE,"RUA PRINCIPAL, S/N, AREIA BRANCA - CEP 27910000",AREIA BRANCA,27910000,MACAE,330240,(22) 2796-9100,esf.areiabranca@macae.rj.gov.br,-22.34753553043205,-42.04261779785156,1244,M,001,18/04/2024
3302405464641,5464641,ESF AROEIRA,MUNICIPIO DE MACAE,UBS / Atencao basica,UNIDADE BASICA DE SAUDE,"RUA FRANCISCO MACHADO, 235, AROEIRA - CEP 27946410",AROEIRA,27946410,MACAE,330240,,esf.aroeira@macae.rj.gov.br,-22.3699095,-41.7980072,1244,M,001,18/04/2024
3302402276747,2276747,ESF ATERRADO DO IMBURO,MUNICIPIO DE MACAE,UBS / Atencao basica,UNIDADE BASICA DE SAUDE,"RUA PRINCIPAL, S/N, ATERRADO DO IMBURO - CEP 27971250",ATERRADO DO IMBURO,27971250,MACAE,330240,,esf.aterradodoimburo@macae.rj.gov.br,-22.2995729,-41.8235962,1244,M,001,05/11/2025
3302405484529,5484529,ESF BARRA BRASILIA AB,MUNICIPIO DE MACAE,UBS / Atencao basica,UNIDADE BASICA DE SAUDE,"ROD AMARAL PEIXOTO, 938, BARRA ANTIGO ITAU, BARRA DE MACAE - CEP 27961214",BARRA DE MACAE,27961214,MACAE,330240,,esf.barrabrasiliaa@macae.rj.gov.br,-22.365673671195164,-41.774632930755615,1244,M,001,23/02/2026
3302400855642,0855642,ESF BICUDA GRANDE,MUNICIPIO DE MACAE,UBS / Atencao basica,UNIDADE BASICA DE SAUDE,"RUA PRINCIPAL, S/N, BICUDA GRANDE - CEP 27910000",BICUDA GRANDE,27910000,MACAE,330240,(22) 2759-0189,esf.bicudagrande@macae.rj.gov.br,-22.3891256,-42.1040726,1244,M,001,09/04/2026
3302402276836,2276836,ESF BICUDA PEQUENA,MUNICIPIO DE MACAE,UBS / Atencao basica,UNIDADE BASICA DE SAUDE,"RUA PRINCIPAL, S/N, BICUDA PEQUENA - CEP 27990000",BICUDA PEQUENA,27990000,MACAE,330240,(22) 2759-0453,esf.bicudapequena@macae.rj.gov.br,-22.3768808,-42.2808469,1244,M,001,04/08/2025
3302400858692,0858692,ESF BOSQUE AZUL,MUNICIPIO DE MACAE,UBS / Atencao basica,UNIDADE BASICA DE SAUDE,"RUA ARI DE CARVALHO, S/N, BOSQUE AZUL - CEP 27910000",BOSQUE AZUL,27910000,MACAE,330240,(22),esf.bosqueazul@macae.rj.gov.br,-22.32530614353455,-41.76349639892578,1244,M,001,22/01/2026
3302402276771,2276771,ESF BOTAFOGO,MUNICIPIO DE MACAE,UBS / Atencao basica,UNIDADE BASICA DE SAUDE,"RUA LELITA SALES, S/N, BOTAFOGO - CEP 27946130",BOTAFOGO,27946130,MACAE,330240,(22) 2759 0495,esf.botafogo@macae.rj.gov.br,-22.3623451,-41.7985861,1244,M,001,04/08/2025
3302405482070,5482070,ESF CAJUEIROS,MUNICIPIO DE MACAE,UBS / Atencao basica,UNIDADE BASICA DE SAUDE,"RUA MACIEL ALVES MOREIRA, 51, CAJUEIROS - CEP 27916140",CAJUEIROS,27916140,MACAE,330240,(22)8829-1788,esf.cajueiros@macae.rj.gov.br,-22.3817197,-41.780612,1244,M,001,09/04/2026
3302407009402,7009402,ESF CAMPO DO OESTE,MUNICIPIO DE MACAE,UBS / Atencao basica,UNIDADE BASICA DE SAUDE,"RUA VENEZUELA, 132, CAMPO DO OESTE - CEP 27940140",CAMPO DO OESTE,27940140,MACAE,330240,,esf.campodooeste@macae.rj.gov.br,-22.3876322,-41.7858754,1244,M,001,02/09/2025
3302404213866,4213866,ESF CENTRO,MUNICIPIO DE MACAE,UBS / Atencao basica,UNIDADE BASICA DE SAUDE,"RUA DOUTOR TELIO BARRETO, 310, CENTRO - CEP 27910060",CENTRO,27910060,MACAE,330240,(22) 992874844,ESF.CENTRO@MACAE.RJ.GOV.BR,-22.37009870158422,-41.781606674194336,1244,M,001,09/04/2026
3302402276682,2276682,ESF CORREGO DO OURO AB,MUNICIPIO DE MACAE,UBS / Atencao basica,UNIDADE BASICA DE SAUDE,"AVENIDA MIGUEL PEIXOTO GUIMARAES, S/N, CORREGO DO OURO - CEP 27980000",CORREGO DO OURO,27980000,MACAE,330240,(22) 27653695,ESF.CORREGODOOUROA@MACAE.RJ.GOV.BR,-22.265308829217968,-41.981635093688965,1244,M,001,09/04/2026
3302402276798,2276798,ESF ENGENHO DA PRAIA,MUNICIPIO DE MACAE,UBS / Atencao basica,UNIDADE BASICA DE SAUDE,"RUA CEARA, 551, ENGENHO DA PRAIA - CEP 27966056",ENGENHO DA PRAIA,27966056,MACAE,330240,,ESF.ENGENHODAPRAIA@MACAE.RJ.GOV.BR,-22.3131565,-41.7221116,1244,M,001,09/04/2026
3302402276704,2276704,ESF FRADE BOA ALEGRIA,MUNICIPIO DE MACAE,UBS / Atencao basica,UNIDADE BASICA DE SAUDE,"RUA PRINCIPAL DO FRADE, S/N, FRADE - CEP 27910000",FRADE,27910000,MACAE,330240,(22) 2793-4394,ESF.FRADE@MACAE.RJ.GOV.BR,-22.3694683,-41.7831292,1244,M,001,09/04/2026
3302402277018,2277018,ESF FRONTEIRA AB,MUNICIPIO DE MACAE,UBS / Atencao basica,UNIDADE BASICA DE SAUDE,"AVENIDA AMARAL PEIXOTO, S/N, FRONTEIRA - CEP 27910000",FRONTEIRA,27910000,MACAE,330240,(22) 27724276,ESF.FRONTEIRAA@MACAE.RJ.GOV.BR,-22.356549,-41.7730049,1244,M,001,09/04/2026
3302402276607,2276607,ESF GLICERIO,MUNICIPIO DE MACAE,UBS / Atencao basica,UNIDADE BASICA DE SAUDE,"RUA LAURO GONCALVES PACHECO, S/N, GLICERIO - CEP 27985000",GLICERIO,27985000,MACAE,330240,(22) 992885948,ESF.GLICERIO@MACAE.RJ.GOV.BR,-22.237666,-42.055303,1244,M,001,09/04/2026
3302409390944,9390944,ESF HORTO,MUNICIPIO DE MACAE,UBS / Atencao basica,UNIDADE BASICA DE SAUDE,"ESTRADA ADERSON FERREIRA FILHO, S/N, HORTO - CEP 27910000",HORTO,27910000,MACAE,330240,,ESF.HORTO@MACAE.RJ.GOV.BR,-22.3680306,-41.8603756,1244,M,001,09/04/2026
3302409742387,9742387,ESF IMBETIBA,MUNICIPIO DE MACAE,UBS / Atencao basica,UNIDADE BASICA DE SAUDE,"RUA DOUTOR ZAMENHOFF, 150, IMBETIBA - CEP 27913290",IMBETIBA,27913290,MACAE,330240,,ESF.IMBETIBA@MACAE.RJ.GOV.BR,-22.3810403,-41.7767512,1244,M,001,17/02/2026
3302407689314,7689314,ESF JARDIM FRANCO,MUNICIPIO DE MACAE,UBS / Atencao basica,UNIDADE BASICA DE SAUDE,"RUA DOIS, S/N, JARDIM FRANCO - CEP 27910000",JARDIM FRANCO,27910000,MACAE,330240,,ESF.JARDIMFRANCO@MACAE.RJ.GOV.BR,-22.8073782,-42.1224674,1244,M,001,18/04/2024
3302402276992,2276992,ESF LAGOMAR AD,MUNICIPIO DE MACAE,UBS / Atencao basica,UNIDADE BASICA DE SAUDE,"AVENIDA QUISSAMA, S/N, LAGOMAR - CEP 27910000",LAGOMAR,27910000,MACAE,330240,(22) 27651222,ESF.LAGOMARA@MACAE.RJ.GOV.BR,-22.30907347650611,-41.71627074480057,1244,M,001,09/04/2026
3302405483662,5483662,ESF LAGOMAR BC,MUNICIPIO DE MACAE,UBS / Atencao basica,UNIDADE BASICA DE SAUDE,"RUA W 18, 39, QD 21 SENTIDO PRAIA, LAGOMAR - CEP 27910000",LAGOMAR,27910000,MACAE,330240,,ESF.LAGOMARB@MACAE.RJ.GOV.BR,-22.4085439,-41.8403395,1244,M,001,09/04/2026
3302402276658,2276658,ESF MALVINAS AC,MUNICIPIO DE MACAE,UBS / Atencao basica,UNIDADE BASICA DE SAUDE,"RUA MARIA JOSE MAHON SANTOS, 0, MALVINAS - CEP 27946240",MALVINAS,27946240,MACAE,330240,,ESF.MALVINASA@MACAE.RJ.GOV.BR,-22.347551,-41.7956247,1244,M,001,09/04/2026
3302402276631,2276631,ESF MALVINAS B,MUNICIPIO DE MACAE,UBS / Atencao basica,UNIDADE BASICA DE SAUDE,"RUA MARIA JOSE MAHON SANTOS, 540, MALVINAS - CEP 27946240",MALVINAS,27946240,MACAE,330240,,ESF.MALVINASB@MACAE.RJ.GOV.BR,-22.349892,-41.7855562,1244,M,001,09/04/2026
3302402276623,2276623,ESF MORRO DE SAO JORGE,MUNICIPIO DE MACAE,UBS / Atencao basica,UNIDADE BASICA DE SAUDE,"RUA ABILIO CORREA BORGES, 182, MORRO DO SAO JORGE - CEP 27945430",MORRO DO SAO JORGE,27945430,MACAE,330240,(22) 259-7524,ESF.MORRODESAOJORGE@MACAE.RJ.GOV.BR,-22.3714519,-41.7983787,1244,M,001,09/04/2026
3302409390952,9390952,ESF NOVA ESPERANCA AB,MUNICIPIO DE MACAE,UBS / Atencao basica,UNIDADE BASICA DE SAUDE,"RUA SAO MATEUS, S/N, NOVA ESPERANCA - CEP 27910000",NOVA ESPERANCA,27910000,MACAE,330240,,ESF.NOVAESPERANCAA@MACAE.RJ.GOV.BR,-22.7520486,-41.9656825,1244,M,001,22/01/2026
3302402276690,2276690,ESF NOVA HOLANDA AB,MUNICIPIO DE MACAE,UBS / Atencao basica,UNIDADE BASICA DE SAUDE,"RUA NOVE, S/N, NOVA HOLANDA - CEP 27910000",NOVA HOLANDA,27910000,MACAE,330240,(22) 8829-1522,ESF.NOVAHOLANDAA@MACAE.RJ.GOV.BR,-22.8065376,-42.1233257,1244,M,001,09/04/2026
3302402276739,2276739,ESF PRAIA CAMPISTA,MUNICIPIO DE MACAE,UBS / Atencao basica,UNIDADE BASICA DE SAUDE,"RUA LUIZA LIRIO DO VALE, 158, PRAIA CAMPISTA - CEP 27923470",PRAIA CAMPISTA,27923470,MACAE,330240,,ESF.PRAIACAMPISTA@MACAE.RJ.GOV.BR,-22.3943146,-41.7882155,1244,M,001,09/04/2026
3302409835482,9835482,ESF SANA,MUNICIPIO DE MACAE,UBS / Atencao basica,UNIDADE BASICA DE SAUDE,"RUA JOSE DE JESUS JUNIOR, S/N, SANA - CEP 27995000",SANA,27995000,MACAE,330240,,ESF.SANA@MACAE.RJ.GOV.BR,-22.3244999,-42.1866132,1244,M,001,09/04/2026
3302402276720,2276720,ESF TRAPICHE,MUNICIPIO DE MACAE,UBS / Atencao basica,UNIDADE BASICA DE SAUDE,"RUA PROJETADA, 533, TRAPICHE - CEP 27985000",TRAPICHE,27985000,MACAE,330240,(22) 2770-7110,ESF.TRAPICHE@MACAE.RJ.GOV.BR,-22.8009567,-42.1169626,1244,M,001,09/04/2026
3302406189172,6189172,ESF VIRGEM SANTA,MUNICIPIO DE MACAE,UBS / Atencao basica,UNIDADE BASICA DE SAUDE,"RUA PRINCIPAL, S/N, VIRGEM SANTA - CEP 27948000",VIRGEM SANTA,27948000,MACAE,330240,,ESF.VIRGEMSANTA@MACAE.RJ.GOV.BR,-22.3391631,-41.7761612,1244,M,001,09/04/2026
3302402276933,2276933,ESF VISCONDE,MUNICIPIO DE MACAE,UBS / Atencao basica,UNIDADE BASICA DE SAUDE,"RUA ZILDA ZAROUR, S/N, NOVO VISCONDE - CEP 27910000",NOVO VISCONDE,27910000,MACAE,330240,(22) 992310763,ESF.VISCONDE@MACAE.RJ.GOV.BR,-22.3862038,-41.7878525,1244,M,001,03/02/2026
3302409574875,9574875,MENTALE CENTRO DE SAUDE MENTAL,MENTALE CENTRO DE SAUDE MENTAL LTDA,UBS / Atencao basica,AMBULATORIO,"RUA VINTE E NOVE DE JULHO, 34, IMBETIBA - CEP 27913270",IMBETIBA,27913270,MACAE,330240,(22) 2142-0941,sharley@mentalemacae.com.br,-22.3807477,-41.774163,2062,M,016,27/06/2024
3302402276569,2276569,UBS AROEIRA,MUNICIPIO DE MACAE,UBS / Atencao basica,AMBULATORIO,"RUA FRANCISCO ALVES MACHADO, 235, AROEIRA - CEP 27946410",AROEIRA,27946410,MACAE,330240,(22) 27537804,UBSAROEIRA@MACAE.RJ.GOV.BR,-22.368183851435074,-41.7931991815567,1244,M,016,09/04/2026
3302402276925,2276925,UBS BARRAMARES BARRETO,MUNICIPIO DE MACAE,UBS / Atencao basica,UNIDADE BASICA DE SAUDE,"RUA RAUL SEIXAS, S/N, LOT BARRAMARES, SAO JOSE BARRETO - CEP 27910000",SAO JOSE BARRETO,27910000,MACAE,330240,(22) 2796-1323,UBSBARRAMARES@MACAE.RJ.GOV.BR,-22.331891,-41.7388448,1244,M,001,22/01/2026
3302402276593,2276593,UBS COLONIA DOS PESCADORES Z3,MUNICIPIO DE MACAE,UBS / Atencao basica,UNIDADE BASICA DE SAUDE,"RUA DR JULIO OLIVIER, 148, CENTRO - CEP 27913162",CENTRO,27913162,MACAE,330240,(22)27721700,,-22.37630938142664,-41.77383899688721,1244,M,001,18/11/2024
3302402276577,2276577,UBS IMBOASSICA,MUNICIPIO DE MACAE,UBS / Atencao basica,UNIDADE BASICA DE SAUDE,"RUA ISMAEL BATISTA FILHO, 39, IMBOASSICA - CEP 27925534",IMBOASSICA,27925534,MACAE,330240,(22) 991046443,UBS.IMBOASSICA@MACAE.RJ.GOV.BR,-22.41229,-41.86503,1244,M,001,09/04/2026
3302404072332,4072332,UBS IMBURO,MUNICIPIO DE MACAE,UBS / Atencao basica,UNIDADE BASICA DE SAUDE,"ESTRADA DO IMBURO, S/N, HORTO MUNICIPAL, IMBURO - CEP 27979000",IMBURO,27979000,MACAE,330240,,UBS.IMBURO@MACAE.RJ.GOV.BR,-22.3103117,-41.7576693,1244,M,001,09/04/2026
3302402938383,2938383,UBS LAGOMAR,MUNICIPIO DE MACAE,UBS / Atencao basica,AMBULATORIO,"AVENIDA DOUTOR PERY GONCALVES SANTOS, 748, LAGOMAR - CEP 27966780",LAGOMAR,27966780,MACAE,330240,,UBSLAGOMAR@MACAE.RJ.GOV.BR,-22.302659,-41.708651,1244,M,016,22/01/2026
3302402276917,2276917,UBS MORRO DE SANTANA,MUNICIPIO DE MACAE,UBS / Atencao basica,UNIDADE BASICA DE SAUDE,"RUA LEOPOLDINA NEVES PINHEIRO, S/N, AROEIRA - CEP 27943220",AROEIRA,27943220,MACAE,330240,(22) 2796-1378,UBSMORRODESANTANA@MACAE.RJ.GOV.BR,-22.3730354154075,-41.78875207901001,1244,M,001,09/04/2026
3302402276976,2276976,UBS NOVO CAVALEIROS,MUNICIPIO DE MACAE,UBS / Atencao basica,UNIDADE BASICA DE SAUDE,"RUA VENUS, 49, NOVO CAVALEIRO - CEP 27930160",NOVO CAVALEIRO,27930160,MACAE,330240,(22) 27636335,UBSNOVOCAVALEIROS@MACAE.RJ.GOV.BR,-22.402776071459712,-41.810102462768555,1244,M,001,09/04/2026
3302404213874,4213874,UBS NOVO HORIZONTE,UBS NOVO HORIZONTE,UBS / Atencao basica,UNIDADE BASICA DE SAUDE,"RUA DOS JURITIS, 50, RIVIERA FLUMINENSE - CEP 27937290",RIVIERA FLUMINENSE,27937290,MACAE,330240,(22) 27654528,UBS.NOVOHORIZONTE@MACAE.RJ.GOV.BR,-22.8542841,-42.244007,1244,M,001,09/04/2026
3302402702932,2702932,UNIDADE ODONTOLOGICA PESTALOZI DE MACAE,MUNICIPIO DE MACAE,UBS / Atencao basica,UNIDADE BASICA DE SAUDE,"RUA GERALDO MENECUCE DE OLIVEIRA, 412, PQ AEROPORTO - CEP 27910000",PQ AEROPORTO,27910000,MACAE,330240,,,-22.328005615230442,-41.73311233520508,1244,M,001,11/07/2023
3302459381449,9381449,ESTRATEGIA DE SAUDE DA FAMILIA DA BARREIRA ELISA FIGUEIRA,MUNICIPIO DE MACUCO,UBS / Atencao basica,UNIDADE BASICA DE SAUDE,"RUA HENRIQUE PEDRO COUBE, S/N, BARREIRA - CEP 28545000",BARREIRA,28545000,MACUCO,330245,,smsmacucorj@gmail.com,-21.991199455571596,-42.25139807429332,1244,M,001,11/06/2024
3302452290618,2290618,ESTRATEGIA DE SAUDE DA FAMILIA DA RETA,PREFEITURA MUNICIPAL DE MACUCO,UBS / Atencao basica,UNIDADE BASICA DE SAUDE,"RUA JOSE MALAQUIAS, S/N, RETA - CEP 28545000",RETA,28545000,MACUCO,330245,,smsmacuco@ig.com.br,-21.990009295018233,-42.257816791534424,1244,M,001,02/04/2025
3302455833205,5833205,ESTRATEGIA DE SAUDE DA FAMILIA DA VOLTA DO UMBIGO,PREFEITURA MUNICIPAL DE MACUCO,UBS / Atencao basica,UNIDADE BASICA DE SAUDE,"RUA CAETANO BORETTO, S/N, VOLTA DO UMBIGO - CEP 28545000",VOLTA DO UMBIGO,28545000,MACUCO,330245,2225541408,smsmacucorj@gmail.com,-21.9847252,-42.2454878,1244,M,001,08/08/2024
3302452290596,2290596,UBS CENTRO,MUNICIPIO DE MACUCO,UBS / Atencao basica,UNIDADE BASICA DE SAUDE,"RUA FRANCISCO LOPES MARTINS, 235, 2 PISO, CENTRO - CEP 28545000",CENTRO,28545000,MACUCO,330245,(22)25541135,smsmacuco@ig.com.br,-21.984000392034176,-42.25223779678345,1244,M,001,06/04/2026
3302500938157,0938157,EAGESP,MUNICIPIO DE MAGE,UBS / Atencao basica,UNIDADE BASICA DE SAUDE,"RUA PAPA PIO XII, 035, ED PRAN ANEXO, FIGUEIRA - CEP 25901550",FIGUEIRA,25901550,MAGE,330250,,,-22.6527234,-43.0376328,1244,M,001,17/03/2026
3302503308774,3308774,UBS MARIA DO SOCORRO RAMOS LIMA,MUNICIPIO DE MAGE,UBS / Atencao basica,UNIDADE BASICA DE SAUDE,"RUA DO CANAL, S/N, MAURIMARCIA - CEP 25930655",MAURIMARCIA,25930655,MAGE,330250,,,-22.629524411044613,-43.16483631859177,1244,M,001,17/03/2026
3302504642635,4642635,UBS RITA DE CASSIA GOMES RAMOS,MUNICIPIO DE MAGE,UBS / Atencao basica,UNIDADE BASICA DE SAUDE,"AVENIDA DO CANAL, S/N, VILA SERRANA, FRAGOSO - CEP 25930715",FRAGOSO,25930715,MAGE,330250,,,-22.5891546,-43.1980569,1244,M,001,17/03/2026
3302502278510,2278510,UNIDADE BASICA DE SAUDE DA GUARANI,MUNICIPIO DE MAGE,UBS / Atencao basica,UNIDADE BASICA DE SAUDE,"RUA JANETE, 08, INHOMIRIM, GUARANI - CEP 25931242",GUARANI,25931242,MAGE,330250,(21)26592290,,-22.6192963,-43.1599786,1244,M,001,17/03/2026
3302502278480,2278480,UNIDADE BASICA DE SAUDE DE NOVA MARILIA,MUNICIPIO DE MAGE,UBS / Atencao basica,UNIDADE BASICA DE SAUDE,"RUA ROBERTO BUSSINGER, S/N, NOVA MARILIA - CEP 25902061",NOVA MARILIA,25902061,MAGE,330250,(21)26332481,,-22.6356614,-43.0213748,1244,M,001,09/04/2026
3302505436443,5436443,UNIDADE BASICA DE SAUDE UBS TIPO III,MUNICIPIO DE MAGE,UBS / Atencao basica,UNIDADE BASICA DE SAUDE,"RUA PROJETADA B, S/N, TRAV PROJETADA A, JARDIM NOVO HORIZONT - CEP 25937072",JARDIM NOVO HORIZONT,25937072,MAGE,330250,,,-22.668810247687695,-43.0613331355444,1244,M,001,17/03/2026
3302508008566,8008566,UNIDADE DE SAUDE DA FAMILIA BRITADOR,MUNICIPIO DE MAGE,UBS / Atencao basica,UNIDADE BASICA DE SAUDE,"RUA OTHAN LINCH BEZERRA DE MELO, S/N, SANTO ALEIXO - CEP 25912206",SANTO ALEIXO,25912206,MAGE,330250,,,-22.65393785210378,-43.04027080535889,1244,M,001,17/03/2026
3302506200508,6200508,UNIDADE DE SAUDE DA FAMILIA CACHOEIRA GRANDE,MUNICIPIO DE MAGE,UBS / Atencao basica,UNIDADE BASICA DE SAUDE,"RUA JOAO AGUIAR ESQUINA ESTR ANT ALEM BERGARA, S/N, RIO DO OURO, CACHOEIRA GRANDE - CEP 25917210",CACHOEIRA GRANDE,25917210,MAGE,330250,,,-22.6088873,-43.1466212,1244,M,001,17/03/2026
3302502278472,2278472,UNIDADE DE SAUDE DA FAMILIA DA BARBUDA,MUNICIPIO DE MAGE,UBS / Atencao basica,UNIDADE BASICA DE SAUDE,"RUA MANOEL BOTELHO REGO, 178, BARBUDA - CEP 25900856",BARBUDA,25900856,MAGE,330250,,,-22.667462,-43.0356458,1244,M,001,10/04/2026
3302502278529,2278529,UNIDADE DE SAUDE DA FAMILIA DA CAPELA,MUNICIPIO DE MAGE,UBS / Atencao basica,UNIDADE BASICA DE SAUDE,"RUA SANTA ROSA, S/N, RIO DO OURO, CAPELA - CEP 25916050",CAPELA,25916050,MAGE,330250,2136301080,,-22.5845218,-43.0654654,1244,M,001,17/03/2026
3302505023335,5023335,UNIDADE DE SAUDE DA FAMILIA DA ILHA,MUNICIPIO DE MAGE,UBS / Atencao basica,UNIDADE BASICA DE SAUDE,"RUA ARISTIDES PORTUGAL, 353, FUNDOS, ILHA - CEP 25932650",ILHA,25932650,MAGE,330250,,,-22.5960518,-43.1739687,1244,M,001,17/03/2026
3302502298538,2298538,UNIDADE DE SAUDE DA FAMILIA DA LAGOA,MUNICIPIO DE MAGE,UBS / Atencao basica,UNIDADE BASICA DE SAUDE,"RUA CONDE DE BOA VISTA, 195, LAGOA, LAGOA - CEP 25903760",LAGOA,25903760,MAGE,330250,,,-22.6456753,-43.0459438,1244,M,001,17/03/2026
3302505816815,5816815,UNIDADE DE SAUDE DA FAMILIA DA RUA DA GUIA,MUNICIPIO DE MAGE,UBS / Atencao basica,UNIDADE BASICA DE SAUDE,"RUA NOSSA SENHORA DA GUIA, 1250, HORTO - CEP 25931686",HORTO,25931686,MAGE,330250,,,-22.6227397,-43.1742588,1244,M,001,17/03/2026
3302502278448,2278448,UNIDADE DE SAUDE DA FAMILIA DE ANDORINHAS,MUNICIPIO DE MAGE,UBS / Atencao basica,UNIDADE BASICA DE SAUDE,"RUA WALDEMAR COLOMBO GARCIA, S/N, SANTO ALEIXO, ANDORINHAS - CEP 25911246",ANDORINHAS,25911246,MAGE,330250,2136301971,,-22.5473916,-43.0447238,1244,M,001,24/03/2026
3302502278464,2278464,UNIDADE DE SAUDE DA FAMILIA DE BARAO DE IRIRI,MUNICIPIO DE MAGE,UBS / Atencao basica,UNIDADE BASICA DE SAUDE,"RUA DO CARMO, 1703, MAGE - CEP 25906790",MAGE,25906790,MAGE,330250,(21)26154461,,-22.676231,-43.0944347,1244,M,001,17/03/2026
3302502278499,2278499,UNIDADE DE SAUDE DA FAMILIA DE CITROLANDIA,MUNICIPIO DE MAGE,UBS / Atencao basica,UNIDADE BASICA DE SAUDE,"RUA SAO GERALDO, S/N, CITROLANDIA - CEP 25902775",CITROLANDIA,25902775,MAGE,330250,(21)26337043,,-22.5942468,-43.0184877,1244,M,001,17/03/2026
3302502298449,2298449,UNIDADE DE SAUDE DA FAMILIA DE JARDIM ESMERALDA,MUNICIPIO DE MAGE,UBS / Atencao basica,UNIDADE BASICA DE SAUDE,"RUA SAPOTIZEIRO, S/N, JARDIM ESMERALDA - CEP 25908713",JARDIM ESMERALDA,25908713,MAGE,330250,,,-22.648393132385202,-43.0409574508667,1244,M,001,17/03/2026
3302505023009,5023009,UNIDADE DE SAUDE DA FAMILIA DE JARDIM NAZARENO,MUNICIPIO DE MAGE,UBS / Atencao basica,UNIDADE BASICA DE SAUDE,"ALAMEDA LUIZINHA, 178, JARDIM NAZARENO - CEP 25936360",JARDIM NAZARENO,25936360,MAGE,330250,,,-22.65090808657759,-43.03964853286743,1244,M,001,07/04/2026
3302502298562,2298562,UNIDADE DE SAUDE DA FAMILIA DE PAU GRANDE,MUNICIPIO DE MAGE,UBS / Atencao basica,UNIDADE BASICA DE SAUDE,"RUA ANTONIO RIBEIRO SEABRA, S/N, PAU GRANDE - CEP 25933275",PAU GRANDE,25933275,MAGE,330250,,,-22.652076435452482,-43.040313720703125,1244,M,001,17/03/2026
3302505022967,5022967,UNIDADE DE SAUDE DA FAMILIA DE PIEDADE,MUNICIPIO DE MAGE,UBS / Atencao basica,UNIDADE BASICA DE SAUDE,"ESTRADA DA PIEDADE, 397, PIEDADE - CEP 25905860",PIEDADE,25905860,MAGE,330250,,,-22.6779485,-43.0653472,1244,M,001,17/03/2026
3302506788971,6788971,UNIDADE DE SAUDE DA FAMILIA DO ANIL,MUNICIPIO DE MAGE,UBS / Atencao basica,UNIDADE BASICA DE SAUDE,"AVENIDA ROBERTO SILVEIRA, S/N, MAUA - CEP 25926390",MAUA,25926390,MAGE,330250,,,-22.60573987760703,-43.186485044482524,1244,M,001,17/03/2026
3302500880124,0880124,UNIDADE DE SAUDE DA FAMILIA DO BAIRRO DA PONTE PRETA,MUNICIPIO DE MAGE,UBS / Atencao basica,UNIDADE BASICA DE SAUDE,"LOTE 3 QUADRA 3, S/N, VILA INHOMIRIM, VILA RECREIO - CEP 25937860",VILA RECREIO,25937860,MAGE,330250,,,-22.6408978,-43.2086179,1244,M,001,17/03/2026
3302503945650,3945650,UNIDADE DE SAUDE DA FAMILIA DO BURACO DA ONCA,MUNICIPIO DE MAGE,UBS / Atencao basica,UNIDADE BASICA DE SAUDE,"AVENIDA ROBERTO SILVEIRA, 560, BURACO DA ONCA - CEP 25935514",BURACO DA ONCA,25935514,MAGE,330250,,,-22.712084499175067,-43.16753625869751,1244,M,001,17/03/2026
3302502278693,2278693,UNIDADE DE SAUDE DA FAMILIA DO NOVO HORIZONTE,MUNICIPIO DE MAGE,UBS / Atencao basica,UNIDADE BASICA DE SAUDE,"RUA NOVE, 129, JARDIM NOVO HORIZONT - CEP 25937048",JARDIM NOVO HORIZONT,25937048,MAGE,330250,,,-22.6268094,-43.1790367,1244,M,001,10/04/2026
3302502298503,2298503,UNIDADE DE SAUDE DA FAMILIA DO PARQUE CACULA,MUNICIPIO DE MAGE,UBS / Atencao basica,UNIDADE BASICA DE SAUDE,"RUA SANTA CECILIA, 90, PARQUE CACULA - CEP 25936710",PARQUE CACULA,25936710,MAGE,330250,2126332481,,-22.6138309,-43.198535,1244,M,001,17/03/2026
3302505814200,5814200,UNIDADE DE SAUDE DA FAMILIA DO PARQUE ESTRELA,MUNICIPIO DE MAGE,UBS / Atencao basica,UNIDADE BASICA DE SAUDE,"RUA ONZE DE JULHO, S/N, PARQUE ESTRELA - CEP 25938300",PARQUE ESTRELA,25938300,MAGE,330250,,,-22.6490205,-43.211285,1244,M,001,31/03/2026
3302506788963,6788963,UNIDADE DE SAUDE DA FAMILIA GUARANI II,MUNICIPIO DE MAGE,UBS / Atencao basica,UNIDADE BASICA DE SAUDE,"RUA GUARANY, 1243, LOJA B CENTRO, PIABETA - CEP 25931782",PIABETA,25931782,MAGE,330250,,,-22.5646688,-43.054289499999996,1244,M,001,10/04/2026
3302507056419,7056419,UNIDADE DE SAUDE DA FAMILIA GUARANI III,MUNICIPIO DE MAGE,UBS / Atencao basica,UNIDADE BASICA DE SAUDE,"RUA PROFESSORA BRANDINA DE PAIVA, 107, PIABETA - CEP 25931822",PIABETA,25931822,MAGE,330250,,,-22.6072825,-43.1778359,1244,M,001,17/03/2026
3302505023319,5023319,UNIDADE DE SAUDE DA FAMILIA JARDIM BELA FLORESTA,MUNICIPIO DE MAGE,UBS / Atencao basica,UNIDADE BASICA DE SAUDE,"RUA N, 16, JARDIM BELA FLORESTA - CEP 25903487",JARDIM BELA FLORESTA,25903487,MAGE,330250,,,-22.6475533,-43.0365393,1244,M,001,17/03/2026
3302505815010,5815010,UNIDADE DE SAUDE DA FAMILIA MARIA CONGA,MUNICIPIO DE MAGE,UBS / Atencao basica,UNIDADE BASICA DE SAUDE,"RUA MUNICIPAL, 205, VILA ESPERANCA - CEP 25901200",VILA ESPERANCA,25901200,MAGE,330250,,,-22.6597491,-43.024941,1244,M,001,17/03/2026
3302505472741,5472741,UNIDADE DE SAUDE DA FAMILIA MESSIAS ANTONIO NASCIMENTO,MUNICIPIO DE MAGE,UBS / Atencao basica,UNIDADE BASICA DE SAUDE,"RUA PROFESSOR JOSE LEANDRO, 1005, CANAL - CEP 25900660",CANAL,25900660,MAGE,330250,,,-22.653264576653985,-43.03986310958862,1244,M,001,17/03/2026
3302500879150,0879150,UNIDADE DE SAUDE DA FAMILIA PARQUE PARANHOS,MUNICIPIO DE MAGE,UBS / Atencao basica,UNIDADE BASICA DE SAUDE,"TRAVESSA CINCO, S/N, JARDIM PARADINHOS - CEP 25903587",JARDIM PARADINHOS,25903587,MAGE,330250,,,-22.6312113,-43.1946972,1244,M,001,17/03/2026
3302508008574,8008574,UNIDADE DE SAUDE DA FAMILIA RIO DO OURO,MUNICIPIO DE MAGE,UBS / Atencao basica,UNIDADE BASICA DE SAUDE,"RUA PROFESSOR DILERMANO REIS, S/N, CENTRO RIO DO OURO - CEP 25916440",CENTRO RIO DO OURO,25916440,MAGE,330250,,,-22.65395765427291,-43.04022789001465,1244,M,001,17/03/2026
3302505023351,5023351,UNIDADE DE SAUDE DA FAMILIA SACO,MUNICIPIO DE MAGE,UBS / Atencao basica,UNIDADE BASICA DE SAUDE,"RUA JOSE BOREL, S/N, SACO - CEP 25901747",SACO,25901747,MAGE,330250,,,-22.65069025772164,-43.04372549057007,1244,M,001,17/03/2026
3302502278707,2278707,UNIDADE DE SAUDE DA FAMILIA SANTA DALILA,MUNICIPIO DE MAGE,UBS / Atencao basica,UNIDADE BASICA DE SAUDE,"RUA MAESTRO FRANCHESCO CAMPOS, 05, SURUI - CEP 25903587",SURUI,25903587,MAGE,330250,,,-22.652175447612006,-43.04172992706299,1244,M,001,17/03/2026
3302506216366,6216366,UNIDADE DE SAUDE DA FAMILIA SAO FRANCISCO DO GOIA,MUNICIPIO DE MAGE,UBS / Atencao basica,UNIDADE BASICA DE SAUDE,"ESTRADA DE SAO FRANCISCO, S/N, GOYA - CEP 25925240",GOYA,25925240,MAGE,330250,,,-22.5737183,-43.1876259,1244,M,001,07/04/2026
3302502298546,2298546,UNIDADE DE SAUDE DA FAMILIA VILA NOVA,MUNICIPIO DE MAGE,UBS / Atencao basica,UNIDADE BASICA DE SAUDE,"RUA SAQUAREMA, 271, MAGE, VILA NOVA - CEP 25901384",VILA NOVA,25901384,MAGE,330250,,,-22.56970988,-43.0605092,1244,M,001,17/03/2026
3302502298465,2298465,UNIDADE DE SAUDE DA FAMILIA VILA SERRANA I,MUNICIPIO DE MAGE,UBS / Atencao basica,UNIDADE BASICA DE SAUDE,"RUA DO SAPATEIRO, S/N, VILA SERRANA - CEP 25935430",VILA SERRANA,25935430,MAGE,330250,2136332481,,-22.5894984,-43.1908236,1244,M,001,17/03/2026
3302503338169,3338169,UNIDADE DE SAUDE DE FAMILIA PARQUE BONNEVILLE,MUNICIPIO DE MAGE,UBS / Atencao basica,UNIDADE BASICA DE SAUDE,"RUA PRESIDENTE GETULIO VARGAS, S/N, PARQUE BONNEVILLE - CEP 25907132",PARQUE BONNEVILLE,25907132,MAGE,330250,,,-22.7041053,-43.1471357,1244,M,001,17/03/2026
3302503367037,3367037,UNIDADE DE SAUDE DE FAMILIA PARQUE MAITA,MUNICIPIO DE MAGE,UBS / Atencao basica,UNIDADE BASICA DE SAUDE,"RUA DOUTOR HILDEBRANDO DE ARAUJO GOES, 11035, PARQUE MAITA - CEP 25936880",PARQUE MAITA,25936880,MAGE,330250,,,-22.64801687543463,-43.03962707519531,1244,M,001,17/03/2026
3302505527546,5527546,UNIDADE SAUDE DA FAMILIA CANTINHO DA VOVO,MUNICIPIO DE MAGE,UBS / Atencao basica,UNIDADE BASICA DE SAUDE,"ESTRDA REAL DE MAUA, S/N, CASA 9, CANTINHO DA VOVO - CEP 25927112",CANTINHO DA VOVO,25927112,MAGE,330250,,,-22.716993266831697,-43.18592548370361,1244,M,001,17/03/2026
3302505472687,5472687,UNIDADE SAUDE DA FAMILIA DA CONCEICAO,MUNICIPIO DE MAGE,UBS / Atencao basica,UNIDADE BASICA DE SAUDE,"ESTRADA DA CONCEICAO, S/N, CAMPINHO - CEP 25918010",CAMPINHO,25918010,MAGE,330250,,,-22.646898,-43.1195378,1244,M,001,17/03/2026
3302505526442,5526442,UNIDADE SAUDE DA FAMILIA DA FLEXEIRA,MUNICIPIO DE MAGE,UBS / Atencao basica,UNIDADE BASICA DE SAUDE,"RUA PAULO LEITAO, 161, FLEXEIRAS - CEP 25900210",FLEXEIRAS,25900210,MAGE,330250,,,-22.6545024,-43.0471103,1244,M,001,17/03/2026
3302505527554,5527554,UNIDADE SAUDE DA FAMILIA DO LEQUE AZUL,MUNICIPIO DE MAGE,UBS / Atencao basica,UNIDADE BASICA DE SAUDE,"ESTRADA NOVA DE MAUA, S/N, PRAIA DE MAUA - CEP 25924090",PRAIA DE MAUA,25924090,MAGE,330250,,,-22.698221,-43.1616174,1244,M,001,17/03/2026
3302505527562,5527562,UNIDADE SAUDE DA FAMILIA PARQUE SANTANA,MUNICIPIO DE MAGE,UBS / Atencao basica,UNIDADE BASICA DE SAUDE,"AVENIDA MAUA, S/N, PIABETA, PARQUE SANTANA - CEP 25937196",PARQUE SANTANA,25937196,MAGE,330250,,,-22.63367873732465,-43.181891441345215,1244,M,001,17/03/2026
3302505472709,5472709,UNIDADE SAUDE DE FAMILIA BECO DO SACI,MUNICIPIO DE MAGE,UBS / Atencao basica,UNIDADE BASICA DE SAUDE,"RUA PREFEITO OLIVIO DE MATOS, 45, LOJA, BECO DO SACI - CEP 25935750",BECO DO SACI,25935750,MAGE,330250,,,-22.652096237890092,-43.04170846939087,1244,M,001,17/03/2026
3302505472733,5472733,UNIDADE SAUDE DE FAMILIA CACHOEIRINHA,MUNICIPIO DE MAGE,UBS / Atencao basica,UNIDADE BASICA DE SAUDE,"ESTRADA MUNICIPAL ANTONIO ALEM BERGARA, 3150, CACHOEIRINHA, STO ALEIXO - CEP 25916070",STO ALEIXO,25916070,MAGE,330250,,,-22.65177939854546,-43.04366111755371,1244,M,001,17/03/2026
3302502298481,2298481,UNIDADE SAUDE DE FAMILIA DO PARTIDO,MUNICIPIO DE MAGE,UBS / Atencao basica,UNIDADE BASICA DE SAUDE,"RUA JOSE ZARZUR, 142, LT 13 21 Q20 QDF, SURUI PARTIDO - CEP 25922384",SURUI PARTIDO,25922384,MAGE,330250,(21)26332481,sms-mage@bol.com.br,-22.6648829,-43.1377245,1244,M,001,09/04/2026
3302505472660,5472660,UNIDADE SAUDE DE FAMILIA VILA CARVALHO,MUNICIPIO DE MAGE,UBS / Atencao basica,UNIDADE BASICA DE SAUDE,"RUA PREFEITO OLIVIO DE MATOS, 458, VILA CARVALHO - CEP 25935750",VILA CARVALHO,25935750,MAGE,330250,,,-22.653502203660356,-43.04123640060425,1244,M,001,17/03/2026
3302506211674,6211674,USF BNH DE SANTO ALEIXO,MUNICIPIO DE MAGE,UBS / Atencao basica,UNIDADE BASICA DE SAUDE,"RUA 13, S/N, VILAR DE SANTO ALEIX - CEP 25908818",VILAR DE SANTO ALEIX,25908818,MAGE,330250,,,-22.6069727,-43.0509008,1244,M,001,17/03/2026
3302503954412,3954412,USF DA FIGUEIRA,MUNICIPIO DE MAGE,UBS / Atencao basica,UNIDADE BASICA DE SAUDE,"AVENIDA ROBERTO SILVEIRA, S/N, GUIA DE PACOBAIBA, PRAIA DO IMPERADOR - CEP 25926390",PRAIA DO IMPERADOR,25926390,MAGE,330250,,,-22.7067328,-43.1606109,1244,M,001,17/03/2026
3302500911003,0911003,USF DE RAIZ DA SERRA,MUNICIPIO DE MAGE,UBS / Atencao basica,UNIDADE BASICA DE SAUDE,"PRACA CORONEL ANGELO MENDES DE MORAIS, S/N, RAIZ DA SERRA - CEP 25933580",RAIZ DA SERRA,25933580,MAGE,330250,,,-22.687742,-43.1319487,1244,M,001,17/03/2026
3302502858207,2858207,USF DO SERTAO SR ANTONIO MARTINS DA SILVA,MUNICIPIO DE MAGE,UBS / Atencao basica,UNIDADE BASICA DE SAUDE,"ESTRADA DO SERTAO, 1105, PQ DOM PEDRO II, MAGE - CEP 25903587",MAGE,25903587,MAGE,330250,,,-22.579402,-43.0298829,1244,M,001,17/03/2026
3302502298473,2298473,USF DO YPIRANGA DR MAURICIO TOCCI LOURES,MUNICIPIO DE MAGE,UBS / Atencao basica,UNIDADE BASICA DE SAUDE,"ESTRADA REAL DE MAUA, S/N, YPIRANGA - CEP 25927112",YPIRANGA,25927112,MAGE,330250,,,-22.71827980988108,-43.189358711242676,1244,M,001,17/03/2026
3302504716361,4716361,USF HORTENCIA DE ABREU WALTER,MUNICIPIO DE MAGE,UBS / Atencao basica,UNIDADE BASICA DE SAUDE,"RUA CAPITAO JOSE DE PAULA, 26, SURUI - CEP 25922440",SURUI,25922440,MAGE,330250,,,-22.6623634,-43.1330092,1244,M,001,17/03/2026
3302504025660,4025660,USF SERGIO ESTEVES,MUNICIPIO DE MAGE,UBS / Atencao basica,UNIDADE BASICA DE SAUDE,"EXPEDICIONARIO OTACILIO DE SOUZA, 653, FRAGOSO - CEP 25933135",FRAGOSO,25933135,MAGE,330250,,,-22.5960422,-43.1843718,1244,M,001,17/03/2026
3302608152411,8152411,CF CONCEICAO DE JACAREI,MUNICIPIO DE MANGARATIBA,UBS / Atencao basica,UNIDADE BASICA DE SAUDE,"RUA CRISTOVAO FRANCISCO CEIA, 121, CASA 03, CONCEICAO DE JACAREI - CEP 23860000",CONCEICAO DE JACAREI,23860000,MANGARATIBA,330260,,,-23.023775781932837,-44.160504171990894,1244,M,001,13/03/2026
3302602266679,2266679,CF IBICUI ORMINDA CAMACHO,SECRETARIA MUNICIPAL DE SAUDE,UBS / Atencao basica,UNIDADE BASICA DE SAUDE,"RUA ANGELO FERRO, S/N, IBICUI - CEP 23860000",IBICUI,23860000,MANGARATIBA,330260,(21)27891364,saudemang@bol.com.br,-22.960531,-44.026134,1244,M,001,26/02/2026
3302606026230,6026230,CF MURIQUI,SECRETARIA MUNICIPAL DE SAUDE,UBS / Atencao basica,UNIDADE BASICA DE SAUDE,"RUA MARIO VALE, 221, MURIQUI - CEP 23870000",MURIQUI,23870000,MANGARATIBA,330260,2127801408,informacao.saude2021*gmail.com,-22.924782204928256,-43.94055727116397,1244,M,001,26/02/2026
3302606026249,6026249,E S F ITACURUCA,SECRETARIA MUNICIPAL DE SAUDE,UBS / Atencao basica,UNIDADE BASICA DE SAUDE,"RUA DA IGUALDADE, S/N, ITACURUCA - CEP 23880000",ITACURUCA,23880000,MANGARATIBA,330260,2126807066,,-22.929017,-43.909698,1244,M,001,22/09/2025
3302602266695,2266695,E S F JAGUANUM JOSEPHINA DE MATTOS,SECRETARIA MUNICIPAL DE SAUDE,UBS / Atencao basica,UNIDADE BASICA DE SAUDE,"PRAIA DA CATITA, S/N, ILHA DE JAGUANUM, ITACURUCA - CEP 23880000",ITACURUCA,23880000,MANGARATIBA,330260,2127891364,saudemang@bol.com.br,-23.008468,-43.931799,1244,M,001,22/09/2025
3302605827760,5827760,E S F SAO SEBASTIAO,SECRETARIA MUNICIPAL DE SAUDE,UBS / Atencao basica,UNIDADE BASICA DE SAUDE,"RUA JOAO BONDIM, S/N, MURIQUI - CEP 23870000",MURIQUI,23870000,MANGARATIBA,330260,21 378990004,,-22.916775,-43.938074,1244,M,001,22/09/2025
3302606026257,6026257,ESF CONCEICAO DE JACAREI CENTRO,SECRETARIA MUNICIPAL DE SAUDE,UBS / Atencao basica,UNIDADE BASICA DE SAUDE,"RUA ADALBERTO PEREIRA PINTO, 77, CONCEICAO DE JACAREI - CEP 23885000",CONCEICAO DE JACAREI,23885000,MANGARATIBA,330260,02126850139,,-23.029694264631832,-44.16335945875674,1244,M,001,30/01/2026
3302606060188,6060188,ESF INGAIBA,SECRETARIA MUNICIPAL DE SAUDE,UBS / Atencao basica,UNIDADE BASICA DE SAUDE,"ESTRADA SAO JOAO MARCOS FAZENDA BATATAL, S/N, LOTE 1, INGAIBA - CEP 23860000",INGAIBA,23860000,MANGARATIBA,330260,21-27896011,,-22.9496756,-44.1383439,1244,M,001,09/12/2025
3302606060161,6060161,ESF ITACURUBITIBA,SECRETARIA MUNICIPAL DE SAUDE,UBS / Atencao basica,UNIDADE BASICA DE SAUDE,"RUA JOSE RAMALHO, S/N, ITACURUBITIBA - CEP 23860000",ITACURUBITIBA,23860000,MANGARATIBA,330260,2127896011,,-23.0138448,-44.1085127,1244,M,001,22/09/2025
3302607020104,7020104,ESF MANGARATIBA CENTRO,SECRETARIA MUNICIPAL DE SAUDE,UBS / Atencao basica,UNIDADE BASICA DE SAUDE,"RUA RUBIAO JUNIOR, 20, CENTRO - CEP 23860000",CENTRO,23860000,MANGARATIBA,330260,27899000,informacao.saude2021@gmail.com,-22.96182997488285,-44.040724290424606,1244,M,001,05/06/2025
3302600997161,0997161,ESF NOVA MANGARATIBA,SECRETARIA MUNICIPAL DE SAUDE,UBS / Atencao basica,UNIDADE BASICA DE SAUDE,"RUA DO CRAVO, S/N, LOTE 29 30, ACAMPAMENTO NOVA MA - CEP 23860000",ACAMPAMENTO NOVA MA,23860000,MANGARATIBA,330260,,informacao.saude2021@gmail.com,-22.93604632196722,-44.036658280221125,1244,M,001,25/08/2025
3302606026265,6026265,ESF PRAIA DO SACO,SECRETARIA MUNICIPAL DE SAUDE,UBS / Atencao basica,UNIDADE BASICA DE SAUDE,"AVENIDA FREI AFONSO JORGE BRAGA, 1380, PRAIA DO SACO - CEP 23860000",PRAIA DO SACO,23860000,MANGARATIBA,330260,2137892817,informacao.saude2021@gmail.com,-22.9396092,-44.0438088,1244,M,001,22/09/2025
3302606060153,6060153,ESF PRAIA GRANDE,SECRETARIA MUNICIPAL DE SAUDE,UBS / Atencao basica,UNIDADE BASICA DE SAUDE,"RUA H, S/N, PRAIA GRANDE - CEP 23860000",PRAIA GRANDE,23860000,MANGARATIBA,330260,2127896011,,-22.9306922,-43.9752796,1244,M,001,22/09/2025
3302602266628,2266628,ESF SERRA DO PILOTO,SECRETARIA MUNICIPAL DE SAUDE,UBS / Atencao basica,UNIDADE BASICA DE SAUDE,"ESTRADA SAO JOAO MARCOS, S/N, SERRA DO PILOTO - CEP 23860000",SERRA DO PILOTO,23860000,MANGARATIBA,330260,2127891365,saudemang@bol.com.br,-22.8601883,-44.0014577,1244,M,001,22/09/2025
3302606429033,6429033,NUCLEO DE APOIO A SAUDE DA FAMILIA DE MANGARATIBA,SECRETARIA MUNICIPAL DE SAUDE,UBS / Atencao basica,UNIDADE BASICA DE SAUDE,"RUA JOAO BONDIM, 00, MURIQUI - CEP 23870000",MURIQUI,23870000,MANGARATIBA,330260,,,-22.9381596393164,-44.066162109375,1244,M,001,05/06/2025
3302700209724,0209724,ODONTOMOVEL MARICA,MUNICIPIO DE MARICA,UBS / Atencao basica,UNIDADE BASICA DE SAUDE,"AV ROBERTO SILVEIRA, 46, CENTRO - CEP 24900440",CENTRO,24900440,MARICA,330270,,,-22.9166434,-42.8157568,1244,M,001,02/10/2025
3302702266911,2266911,UNIDADE DE SAUDE DA FAMILIA BAIRRO DA AMIZADE,MUNICIPIO DE MARICA,UBS / Atencao basica,UNIDADE BASICA DE SAUDE,"RUA ELIETE ROCHA SANTOS, 28, QD 90, BAIRRO AMIZADE - CEP 24902165",BAIRRO AMIZADE,24902165,MARICA,330270,2126347965,gerencia.esfbairrodaamizade@gmail.com,-22.918891,-42.819106,1244,M,001,17/03/2026
3302702266865,2266865,UNIDADE DE SAUDE DA FAMILIA BAMBUI,MUNICIPIO DE MARICA,UBS / Atencao basica,UNIDADE BASICA DE SAUDE,"AV DO CONTORNO, S/N, BAMBUI - CEP 24920710",BAMBUI,24920710,MARICA,330270,(21)26483602,gerencia.usfbambui@gmail.com,-22.93623,-42.75593,1244,M,001,23/02/2026
3302702266768,2266768,UNIDADE DE SAUDE DA FAMILIA BARRA,MUNICIPIO DE MARICA,UBS / Atencao basica,UNIDADE BASICA DE SAUDE,"R QUATRO, 420, ZACARIAS - CEP 24915415",ZACARIAS,24915415,MARICA,330270,2126489116,postodabarra01@gmail.com,-22.95457,-42.81135,1244,M,001,23/02/2026
3302709343075,9343075,UNIDADE DE SAUDE DA FAMILIA CARLOS ALBERTO SOARES DE FREITAS,MUNICIPIO DE MARICA,UBS / Atencao basica,UNIDADE BASICA DE SAUDE,"RUA LEONARDO JOSE ANTUNES, S/N, INOA - CEP 24943255",INOA,24943255,MARICA,330270,,gerencia.psfmcmvinoa@gmail.com,-22.9089104,-42.9268512,1244,M,001,09/03/2026
3302709343091,9343091,UNIDADE DE SAUDE DA FAMILIA CARLOS MARIGHELLA MCMV ITAIPUACU,MUNICIPIO DE MARICA,UBS / Atencao basica,UNIDADE BASICA DE SAUDE,"RUA AUSTRIA, S/N, ITAIPUACU - CEP 24900010",ITAIPUACU,24900010,MARICA,330270,,gerencia.usfcarlosmarighella@gmail.com,-22.94489,-42.95471,1244,M,001,23/02/2026
3302706289851,6289851,UNIDADE DE SAUDE DA FAMILIA CHACARA DE INOA,MUNICIPIO DE MARICA,UBS / Atencao basica,UNIDADE BASICA DE SAUDE,"RODOVIA AMARAL PEIXOTO, 16, KM 16, CHACARA DE INOA - CEP 24941525",CHACARA DE INOA,24941525,MARICA,330270,21-26364944,gerencia.usfchacaradeinoa@gmail.com,-22.936074845,-42.905709743,1244,M,001,28/10/2025
3302709082379,9082379,UNIDADE DE SAUDE DA FAMILIA CORDERINHO,MUNICIPIO DE MARICA,UBS / Atencao basica,UNIDADE BASICA DE SAUDE,"RUA NOVE, S/N, QUADRA 15, CORDERINHO - CEP 24921628",CORDERINHO,24921628,MARICA,330270,2126347965,gerencia.usfcordeirinho@gmail.com,-22.95692875029,-43.0004131793,1244,M,001,23/02/2026
3302702266849,2266849,UNIDADE DE SAUDE DA FAMILIA ESPRAIADO,MUNICIPIO DE MARICA,UBS / Atencao basica,UNIDADE BASICA DE SAUDE,"EST GUALBERTO BATISTA DE MACEDO, S/N, ESPRAIADO - CEP 24928160",ESPRAIADO,24928160,MARICA,330270,(21)26486589,usfespraiado@gmail.com,-22.885832477335033,-42.70591735839844,1244,M,001,23/02/2026
3302703002160,3002160,UNIDADE DE SAUDE DA FAMILIA GUARATIBA,MUNICIPIO DE MARICA,UBS / Atencao basica,UNIDADE BASICA DE SAUDE,"ESTRADA BEIRA DA LAGOA, S/N, GUARATIBA - CEP 24916105",GUARATIBA,24916105,MARICA,330270,(21)26485466,esfguaratiba@gmail.com,-22.9585986,-42.789714,1244,M,001,23/02/2026
3302702266938,2266938,UNIDADE DE SAUDE DA FAMILIA INOA I,MUNICIPIO DE MARICA,UBS / Atencao basica,UNIDADE BASICA DE SAUDE,"RUA CAIO FIGUEIREDO, S/N, INOA - CEP 24942285",INOA,24942285,MARICA,330270,(21)26347965,gerencia.inoa1@gmail.com,-22.9452339,-42.9155302,1244,M,001,23/02/2026
3302702266873,2266873,UNIDADE DE SAUDE DA FAMILIA INOA II,MUNICIPIO DE MARICA,UBS / Atencao basica,AMBULATORIO,"ROD AMARAL PEIXOTO, S/N, KM 14, INOA - CEP 24942375",INOA,24942375,MARICA,330270,(21)26347965,psfinoa2@gmail.com,-22.85227,-42.51506,1244,M,016,23/02/2026
3302702266784,2266784,UNIDADE DE SAUDE DA FAMILIA JARDIM ATLANTICO,MUNICIPIO DE MARICA,UBS / Atencao basica,UNIDADE BASICA DE SAUDE,"RUA TRINTA E SEIS, S/N, LT 01 JD ATLANTICO, ITAIPUACU - CEP 24935545",ITAIPUACU,24935545,MARICA,330270,21-37322002,gerencia.usfjardimatlantico@gmail.com,-22.968034865927116,-42.96229362487793,1244,M,001,23/02/2026
3302702696789,2696789,UNIDADE DE SAUDE DA FAMILIA MUMBUCA,MUNICIPIO DE MARICA,UBS / Atencao basica,UNIDADE BASICA DE SAUDE,"RUA HIPOLITO DE ABREU RANGEL, 2, JD MUMBUCA - CEP 24913850",JD MUMBUCA,24913850,MARICA,330270,(21)26347965,gerencia.usfmumbuca@gmail.com,-22.918871,-42.819085,1244,M,001,02/03/2026
3302702266806,2266806,UNIDADE DE SAUDE DA FAMILIA PONTA GROSSA,MUNICIPIO DE MARICA,UBS / Atencao basica,UNIDADE BASICA DE SAUDE,"RUA IRINEU FERREIRA PINTO, S/N, PONTA GROSSA - CEP 24914345",PONTA GROSSA,24914345,MARICA,330270,(21)26340333,gerencia.usfpontagrossa@gmail.com,-22.921,-42.85601,1244,M,001,23/02/2026
3302702266725,2266725,UNIDADE DE SAUDE DA FAMILIA PONTA NEGRA,MUNICIPIO DE MARICA,UBS / Atencao basica,UNIDADE BASICA DE SAUDE,"ESTRADA UM, S/N, PONTA NEGRA - CEP 24925355",PONTA NEGRA,24925355,MARICA,330270,(21)26486337,gerencia.ubspontanegra@gmail.com,-22.9528510927,-42.700649499,1244,M,001,23/02/2026
3302702266822,2266822,UNIDADE DE SAUDE DA FAMILIA RECANTO,MUNICIPIO DE MARICA,UBS / Atencao basica,UNIDADE BASICA DE SAUDE,"RUA DOMINGOS MONICA BARBOSA, S/N, ITAIPUACU - CEP 24937230",ITAIPUACU,24937230,MARICA,330270,(21)26384876,saude@marica.rj.gov,-22.91889136,-42.81908512,1244,M,001,28/10/2025
3302702266946,2266946,UNIDADE DE SAUDE DA FAMILIA RETIRO,MUNICIPIO DE MARICA,UBS / Atencao basica,UNIDADE BASICA DE SAUDE,"EST DO RETIRO, S/N, RETIRO - CEP 24911850",RETIRO,24911850,MARICA,330270,21-26347965,psfretiro@gmail.com,-22.910879,-42.8687647,1244,M,001,23/02/2026
3302702696797,2696797,UNIDADE DE SAUDE DA FAMILIA SANTA PAULA,MUNICIPIO DE MARICA,UBS / Atencao basica,UNIDADE BASICA DE SAUDE,"CONDOMINIO SITIO SANTA PAULA, S/N, SETOR A, STA PAULA - CEP 24944830",STA PAULA,24944830,MARICA,330270,21-26361314,gerencia.ubssantapaula@gmail.com,-22.895073963731004,-42.92384147644043,1244,M,001,23/02/2026
3302709454225,9454225,UNIDADE DE SAUDE DA FAMILIA SANTA RITA,MUNICIPIO DE MARICA,UBS / Atencao basica,UNIDADE BASICA DE SAUDE,"RUA 36, 433, JARDIM ATLANTICO - CEP 24934030",JARDIM ATLANTICO,24934030,MARICA,330270,26384156,psfsantaritamarica@gmail.com,-22.96548,-42.92697,1244,M,001,23/02/2026
3302706028977,6028977,UNIDADE DE SAUDE DA FAMILIA SAO JOSE I,MUNICIPIO DE MARICA,UBS / Atencao basica,UNIDADE BASICA DE SAUDE,"RUA 18, 01, LOT JARDIM OURO MAR, SAO JOSE DE IMBASSAI - CEP 24931185",SAO JOSE DE IMBASSAI,24931185,MARICA,330270,21-26341592,gerencia.usfsaojose1@gmail.com,-22.9334639,-42.8856932,1244,M,001,23/02/2026
3302702266857,2266857,UNIDADE DE SAUDE DA FAMILIA SAO JOSE II,MUNICIPIO DE MARICA,UBS / Atencao basica,UNIDADE BASICA DE SAUDE,"ESTRADA DA CACHOEIRA, S/N, SAO JOSE - CEP 24931185",SAO JOSE,24931185,MARICA,330270,(21)26341409,gerencia.usfsaojose2@gmail.com,-22.934543341,-42.8903031349,1244,M,001,23/02/2026
3302702696800,2696800,UNIDADE DE SAUDE DA FAMILIA UBATIBA,MUNICIPIO DE MARICA,UBS / Atencao basica,UNIDADE BASICA DE SAUDE,"AV NITEROI, S/N, UBATIBA - CEP 24908765",UBATIBA,24908765,MARICA,330270,2126347965,psfubatiba@gmail.com,-22.8835865,-42.8021331,1244,M,001,23/02/2026
3302704335694,4335694,USF ACS NATHAN DA SILVA NORONHA FIGUEIREDO,MUNICIPIO DE MARICA,UBS / Atencao basica,UNIDADE BASICA DE SAUDE,"RUA 75, S/N, SACO DAS FLORES - CEP 24901652",SACO DAS FLORES,24901652,MARICA,330270,,,-22.964834264388905,-42.93433427810669,1244,M,001,23/02/2026
3302703055779,3055779,USF ELENIR UMBELINO DE MELLO ENFERMEIRA BILLU,MUNICIPIO DE MARICA,UBS / Atencao basica,UNIDADE BASICA DE SAUDE,"RUA ARY SPINDOLA, S/N, QUADRA A LOTE 352, CENTRO - CEP 24900485",CENTRO,24900485,MARICA,330270,,,-22.919405219153614,-42.81071662902832,1244,M,001,23/02/2026
3302705998107,5998107,USF JOSEFA XAVIER LEAL,MUNICIPIO DE MARICA,UBS / Atencao basica,AMBULATORIO,"RUA ALCIDES FRANCISCO DA CRUZ, S/N, ITAIPUACU - CEP 24936770",ITAIPUACU,24936770,MARICA,330270,21 26347965,gerencia.usfbarroco@gmail.com,-22.95933,-42.99477,1244,M,016,23/02/2026
3302704653653,4653653,USF MILTON DOS SANTOS ITAOCAIA,MUNICIPIO DE MARICA,UBS / Atencao basica,UNIDADE BASICA DE SAUDE,"AVANIDA TOCANTINS, S/N, ITAOCAIA VALLEY - CEP 24938780",ITAOCAIA VALLEY,24938780,MARICA,330270,,,-22.928160240032987,-42.96053409576416,1244,M,001,28/10/2025
3302802276453,2276453,CENTRO DE SAUDE AGUA FRIA,FUNDO MUNICIPAL DE SAUDE DE MENDES,UBS / Atencao basica,AMBULATORIO,"RUA OSMAR NASCIMENTO, 125, AGUA FRIA - CEP 26700000",AGUA FRIA,26700000,MENDES,330280,(24)24652244,,-22.53315100109181,-43.73539209365845,1244,M,016,06/04/2026
3302802276410,2276410,CENTRO DE SAUDE OSCAR RUDGE,FUNDO MUNICIPAL DE SAUDE DE MENDES,UBS / Atencao basica,AMBULATORIO,"RUA STELA RUDGE, 79, OSCAR RUDGE - CEP 26700000",OSCAR RUDGE,26700000,MENDES,330280,(24)24207837,,-22.515892050112377,-43.721981048583984,1244,M,016,06/04/2026
3302802276496,2276496,CENTRO DE SAUDE VILA MARIANA,FUNDO MUNICIPAL DE SAUDE DE MENDES,UBS / Atencao basica,AMBULATORIO,"ESTRADA AARAO REIS, 35, VILA MARIANA - CEP 26700000",VILA MARIANA,26700000,MENDES,330280,(24)24207828,,-22.520783048410884,-43.707475662231445,1244,M,016,06/04/2026
3302805529581,5529581,UBS CENTRO,FUNDO MUNICIPAL DE SAUDE DE MENDES,UBS / Atencao basica,UNIDADE BASICA DE SAUDE,"RUA PROFESSOR PAULO SERGIO NADER PEREIRA, 248, CENTRO - CEP 26700000",CENTRO,26700000,MENDES,330280,2424650409,smsmendes@bol.com.br,-22.52620159666575,-43.73016715049744,1244,M,001,06/04/2026
3302802276380,2276380,UBS CINCO LAGOS,FUNDO MUNICIPAL DE SAUDE DE MENDES,UBS / Atencao basica,UNIDADE BASICA DE SAUDE,"RUA DAS PAINEIRAS, 446, CINCO LAGOS - CEP 26700000",CINCO LAGOS,26700000,MENDES,330280,(24)24207864,,-22.489501460158426,-43.72436285018921,1244,M,001,06/04/2026
3302802276402,2276402,UBS HUMBERTO ANTUNES,FUNDO MUNICIPAL DE SAUDE DE MENDES,UBS / Atencao basica,UNIDADE BASICA DE SAUDE,"RUA PINTO DA FONSECA, 306, HUMBERTO ANTUNES - CEP 26700000",HUMBERTO ANTUNES,26700000,MENDES,330280,(24)24207891,,-22.5315059686737,-43.709492683410645,1244,M,001,06/04/2026
3302807505019,7505019,UBS INDEPENDENCIA,FUNDO MUNICIPAL DE SAUDE DE MENDES,UBS / Atencao basica,UNIDADE BASICA DE SAUDE,"AVENIDA GOVERNADOR ROBERTO SILVEIRA, 349, INDEPENDENCIA - CEP 26700000",INDEPENDENCIA,26700000,MENDES,330280,,,-22.52318140782519,-43.742473125457764,1244,M,001,06/04/2026
3302800383457,0383457,UBS MARIA LOPES,MUNICIPIO DE MENDES,UBS / Atencao basica,UNIDADE BASICA DE SAUDE,"RUA FALCAO DIAS, 247, HUMBERTO ANTUNES - CEP 26700000",HUMBERTO ANTUNES,26700000,MENDES,330280,,,-22.5277996,-43.7133122,1244,M,001,06/04/2026
3302802276399,2276399,UBS MARTINS COSTA,FUNDO MUNICIPAL DE SAUDE DE MENDES,UBS / Atencao basica,UNIDADE BASICA DE SAUDE,"ESTRADA PREFEITO RUBENS JOSE DE MACEDO, 4852, MARTINS COSTA - CEP 26700000",MARTINS COSTA,26700000,MENDES,330280,(24)24652244,,-22.549028,-43.765716,1244,M,001,06/04/2026
3302802276364,2276364,UBS MORSING,FUNDO MUNICIPAL DE SAUDE DE MENDES,UBS / Atencao basica,UNIDADE BASICA DE SAUDE,"ESTRADA BARRA DO PIRAI, 112, MORSING - CEP 26700000",MORSING,26700000,MENDES,330280,(24)24207828,,-22.539116556670667,-43.777899742126465,1244,M,001,06/04/2026
3302802276429,2276429,UBS SANTA RITA,FUNDO MUNICIPAL DE SAUDE DE MENDES,UBS / Atencao basica,UNIDADE BASICA DE SAUDE,"PRACA NICANOR ASSIS, 101, SANTA RITA - CEP 26700000",SANTA RITA,26700000,MENDES,330280,(24)24207853,,-22.519861353761517,-43.73437285423279,1244,M,001,06/04/2026
3302802276372,2276372,UBS SANTA ROSA,FUNDO MUNICIPAL DE SAUDE DE MENDES,UBS / Atencao basica,UNIDADE BASICA DE SAUDE,"RUA CINCO, 149, SANTA ROSA - CEP 26700000",SANTA ROSA,26700000,MENDES,330280,(24)24207879,,-22.512447930236576,-43.71292591094971,1244,M,001,06/04/2026
3302852696711,2696711,CENTRO DE VIGILANCIA EM SAUDE,SECRETARIA MUNICIPAL DE SAUDE DE MESQUITA,UBS / Atencao basica,UNIDADE BASICA DE SAUDE,"RUA PARANA, 557, CENTRO - CEP 26553020",CENTRO,26553020,MESQUITA,330285,27965220,,-22.7824592,-43.4306146,1031,M,001,21/01/2026
3302852283867,2283867,CLIMOL,CLIMOL CLINICA MED E ODONT S FRANCISCO DE ASSIS LTDA,UBS / Atencao basica,UNIDADE BASICA DE SAUDE,"AV GETULIO DE MOURA, 1040, JUSCELINO - CEP 26550070",JUSCELINO,26550070,MESQUITA,330285,(21)26970518,climol@climol.com.br,-22.7738528,-43.4323275,2062,M,001,27/07/2022
3302852286122,2286122,COORDENADORIA DE SAUDE COLETIVA,SECRETARIA MUNICIPAL DE SAUDE DE MESQUITA,UBS / Atencao basica,UNIDADE BASICA DE SAUDE,"RUA PARANA, 557, CENTRO - CEP 26553020",CENTRO,26553020,MESQUITA,330285,,,-22.77946569127733,-43.4318733215332,1031,M,001,18/05/2025
3302859809864,9809864,FONOCLINICA CENTRO TERAPEUTICO DA LINGUAGEM,RENATA RABELLO CENTRO TERAPEUTICO LTDA,UBS / Atencao basica,UNIDADE BASICA DE SAUDE,"ARTHUR OLIVEIRA VECHI, 127, APT 101, CENTRO - CEP 26553080",CENTRO,26553080,MESQUITA,330285,21 92183088,RENATA.FONOCLINICA@GMAIL.COM,-22.783125685155596,-43.43320369720459,2062,M,001,07/10/2025
3302856875629,6875629,PROGRAMA MELHOR EM CASA,PROGRAMA MELHOR EM CASA,UBS / Atencao basica,UNIDADE BASICA DE SAUDE,"AV UNIAO, 673, SANTA TEREZINHA - CEP 26554000",SANTA TEREZINHA,26554000,MESQUITA,330285,21 26962039,,-22.7901228,-43.4355138,1031,M,001,25/07/2022
3302852298570,2298570,SEMUS,SECRETARIA MUNICIPAL DE SAUDE DE MESQUITA,UBS / Atencao basica,UNIDADE BASICA DE SAUDE,"R DOM JAIME CAMARA, 163, SANTA TEREZINHA - CEP 26554170",SANTA TEREZINHA,26554170,MESQUITA,330285,(21)27964853,gabinete.saude@mesquita.rj.gov.br,-22.7903491,-43.4362919,1031,M,001,09/06/2025
3302855035414,5035414,UNIDADE DE SAUDE DANILO DAVI SANTOS SILVA,SECRETARIA MUNICIPAL DE SAUDE DE MESQUITA,UBS / Atencao basica,UNIDADE BASICA DE SAUDE,"RUA BICUIBA, 418, BANCO DE AREIA - CEP 26570090",BANCO DE AREIA,26570090,MESQUITA,330285,,,-22.781483645992278,-43.42849373817444,1031,M,001,05/08/2025
3302909152229,9152229,EQUIPE MULTIPROFISSIONAL,MUNICIPIO DE MIGUEL PEREIRA,UBS / Atencao basica,UNIDADE BASICA DE SAUDE,"RUA DR LUIZ PAMPLONA, 179, FUNDOS, CENTRO - CEP 26900000",CENTRO,26900000,MIGUEL PEREIRA,330290,24 2484 5557,,-22.460017344171824,-43.47292184829712,1244,M,001,28/05/2025
3302909758712,9758712,UNIDADE DE SAUDE DA FAMILIA DA PRACA DA PONTE II,MUNICIPIO DE MIGUEL PEREIRA,UBS / Atencao basica,UNIDADE BASICA DE SAUDE,"RUA JOAQUIN NICOLAU, 180, PRACA DA PONTE - CEP 26900000",PRACA DA PONTE,26900000,MIGUEL PEREIRA,330290,24 24830919,,-22.444846541566267,-43.449050188064575,1244,M,001,03/03/2026
3302902294257,2294257,UNIDADE DE SAUDE DA FAMILIA DE GOVERNADOR PORTELA,SECRETARIA MUNICIPAL DE SAUDE DE MIGUEL PEREIRA,UBS / Atencao basica,UNIDADE BASICA DE SAUDE,"RUA CORONEL JOAQUIM RIBEIRO DE AVELLAR, 35, GOVERNADOR PORTELA - CEP 26910000",GOVERNADOR PORTELA,26910000,MIGUEL PEREIRA,330290,24 24830110,,-22.47889424626745,-43.50055932998657,1244,M,001,26/01/2026
3302909216227,9216227,UNIDADE DE SAUDE DA FAMILIA DE GOVERNADOR PORTELA II,MUNICIPIO DE MIGUEL PEREIRA,UBS / Atencao basica,UNIDADE BASICA DE SAUDE,"RUA CORONEL JOAQUIM RIBEIRO DE AVELLAR, 47, GOVERNADOR PORTELA - CEP 26900000",GOVERNADOR PORTELA,26900000,MIGUEL PEREIRA,330290,24 24844384,,-22.476485205012953,-43.49783420562744,1244,M,001,01/10/2025
3302902294206,2294206,UNIDADE DE SAUDE DA FAMILIA DE SAO JUDAS TADEU,SECRETARIA MUNICIPAL DE SAUDE DE MIGUEL PEREIRA,UBS / Atencao basica,UNIDADE BASICA DE SAUDE,"RUA CONDE PEREIRA CARNEIRO, S/N, SAO JUDAS TADEU - CEP 26900000",SAO JUDAS TADEU,26900000,MIGUEL PEREIRA,330290,(24)2483-8594,,-22.448257637909467,-43.46569061279297,1244,M,001,01/10/2025
3302907191219,7191219,UNIDADE DE SAUDE DA FAMILIA DE VERA CRUZ,SECRETARIA MUNICIPAL DE SAUDE DE MIGUEL PEREIRA,UBS / Atencao basica,UNIDADE BASICA DE SAUDE,"RUA LOURDES SEBASTIANI, S/N, VERA CRUZ - CEP 26900000",VERA CRUZ,26900000,MIGUEL PEREIRA,330290,24 24846583,,-22.48709260347756,-43.43539237976074,1244,M,001,01/10/2025
3302909956808,9956808,UNIDADE DE SAUDE DA FAMILIA DO CUPIDO,MUNICIPIO DE MIGUEL PEREIRA,UBS / Atencao basica,UNIDADE BASICA DE SAUDE,"RUA HAMILTON ALEXANDRE, 40, FRENTE, CENTRO - CEP 26900000",CENTRO,26900000,MIGUEL PEREIRA,330290,24 24830084,,-22.453017167009744,-43.472771644592285,1244,M,001,01/10/2025
3302902294230,2294230,UNIDADE DE SAUDE DA FAMILIA DO PANTANAL,SECRETARIA MUNICIPAL DE SAUDE DE MIGUEL PEREIRA,UBS / Atencao basica,UNIDADE BASICA DE SAUDE,"EST IZALTINO MOREIRA TELLES, 899, PANTANAL - CEP 26900000",PANTANAL,26900000,MIGUEL PEREIRA,330290,(24)2483-8665,,-22.452243754647938,-43.49013090133667,1244,M,001,01/10/2025
3302909956816,9956816,UNIDADE DE SAUDE DA FAMILIA DO PLANTE CAFE,MUNICIPIO DE MIGUEL PEREIRA,UBS / Atencao basica,UNIDADE BASICA DE SAUDE,"RUA MACHADO BITENCOURT, 892, CENTRO - CEP 26900000",CENTRO,26900000,MIGUEL PEREIRA,330290,24 24842782,,-22.45323530817791,-43.47272872924805,1244,M,001,01/10/2025
3302907191200,7191200,UNIDADE DE SAUDE DA FAMILIA MANGUEIRAS,SECRETARIA MUNICIPAL DE SAUDE DE MIGUEL PEREIRA,UBS / Atencao basica,UNIDADE BASICA DE SAUDE,"TRAVESSA ALBA VALERIA, 14, MANGUEIRAS - CEP 26900000",MANGUEIRAS,26900000,MIGUEL PEREIRA,330290,24 24832029,,-22.53509330329763,-43.56823682785034,1244,M,001,01/10/2025
3302902283204,2283204,UNIDADE DE SAUDE DA FAMILIA PRACA DA PONTE,SECRETARIA MUNICIPAL DE SAUDE DE MIGUEL PEREIRA,UBS / Atencao basica,UNIDADE BASICA DE SAUDE,"AVENIDA FREDERICO WANGLER, 548, PRACA DA PONTE - CEP 26900000",PRACA DA PONTE,26900000,MIGUEL PEREIRA,330290,(24)2483-0048,,-22.440404057770575,-43.46208572387695,1244,M,001,01/10/2025
3302902294214,2294214,UNIDADE DE SAUDE DA FAMILIA VILA SELMA,SECRETARIA MUNICIPAL DE SAUDE DE MIGUEL PEREIRA,UBS / Atencao basica,UNIDADE BASICA DE SAUDE,"PRACA DOS TROPEIROS, S/N, RETIRO DAS PALMEIRAS - CEP 26900000",RETIRO DAS PALMEIRAS,26900000,MIGUEL PEREIRA,330290,(24)24838469,,-22.47177109564739,-43.479761481285095,1244,M,001,01/10/2025
3302902294192,2294192,UNIDADE DE SAUDE DA FAMILIA VILA SUISSA,SECRETARIA MUNICIPAL DE SAUDE DE MIGUEL PEREIRA,UBS / Atencao basica,UNIDADE BASICA DE SAUDE,"AVENIDA LAURITA, 485, VILA SUISSA - CEP 26900000",VILA SUISSA,26900000,MIGUEL PEREIRA,330290,(24)2484-2352,,-22.44324012411549,-43.4809684753418,1244,M,001,01/10/2025
3302902283069,2283069,UNIDADE MUNICIPAL DE SAUDE HILTON VILELA DA COSTA,SECRETARIA MUNICIPAL DE SAUDE DE MIGUEL PEREIRA,UBS / Atencao basica,UNIDADE BASICA DE SAUDE,"EST MANOEL GUILHERME, S/N, SAO JOSE DAS ROLINHA - CEP 26900000",SAO JOSE DAS ROLINHA,26900000,MIGUEL PEREIRA,330290,(24)24842799,,-22.438916587208286,-43.48461627960205,1244,M,001,13/01/2026
3303004438302,4438302,ESF CENTRAL,MUNICIPIO DE MIRACEMA,UBS / Atencao basica,UNIDADE BASICA DE SAUDE,"AVENIDA EFREM ASSED KIK, S/N, CENTRO - CEP 28460000",CENTRO,28460000,MIRACEMA,330300,,,-21.415718026241592,-42.201093435287476,1244,M,001,10/03/2026
3303002298589,2298589,USF DA CEHAB,MUNICIPIO DE MIRACEMA,UBS / Atencao basica,UNIDADE BASICA DE SAUDE,"RUA CELSO MOREIRA TOSTES, S/N, CEHAB - CEP 28460000",CEHAB,28460000,MIRACEMA,330300,2238520355,saudemiracema@ig.com.br,-21.40729,-42.20275,1244,M,001,10/03/2026
3303002285827,2285827,USF EDSON ALVIM BASTOS,MUNICIPIO DE MIRACEMA,UBS / Atencao basica,UNIDADE BASICA DE SAUDE,"RUA CEL PEDRO BASTOS, S/N, VENDA DAS FLORES - CEP 28460000",VENDA DAS FLORES,28460000,MIRACEMA,330300,2238502041,saudemiracema@ig.com.br,-21.33413,-42.1372,1244,M,001,10/03/2026
3303003386945,3386945,USF FREDERICO GUILHERME BARROSO,MUNICIPIO DE MIRACEMA,UBS / Atencao basica,UNIDADE BASICA DE SAUDE,"RUA JOAQUIM ROSA DA GAMA, S/N, PONTILHAO DO ROSA - CEP 28460000",PONTILHAO DO ROSA,28460000,MIRACEMA,330300,2238526776,saudemiracema@ig.com.br,-21.42354,-42.20532,1244,M,001,10/03/2026
3303007723407,7723407,USF JARDIM BEVERLY,SMS DE MIRACEMA,UBS / Atencao basica,UNIDADE BASICA DE SAUDE,"RUA ROSARIO MERCANTE, 100, JARDIM BEVERLY - CEP 28460000",JARDIM BEVERLY,28460000,MIRACEMA,330300,,,-21.40169,-42.18413,1244,M,001,10/03/2026
3303002285878,2285878,USF JOSE ADELINO DA COSTA,MUNICIPIO DE MIRACEMA,UBS / Atencao basica,UNIDADE BASICA DE SAUDE,"RUA GUARARA, S/N, PARAISO DO TOBIAS - CEP 28460000",PARAISO DO TOBIAS,28460000,MIRACEMA,330300,2238501113,saudemiracema@ig.com.br,-21.43025,-42.10217,1244,M,001,10/03/2026
3303009156100,9156100,USF JOSE ROBERTO GONCALVES,MUNICIPIO DE MIRACEMA,UBS / Atencao basica,UNIDADE BASICA DE SAUDE,"RUA DEODATO LINHARES, S/N, NOSSA SENHORA APAREC - CEP 28460000",NOSSA SENHORA APAREC,28460000,MIRACEMA,330300,2238520422,,-21.40486,-42.19639,1244,M,001,10/03/2026
3303003282449,3282449,USF MARIA DA GLORIA M PADILHA,MUNICIPIO DE MIRACEMA,UBS / Atencao basica,UNIDADE BASICA DE SAUDE,"RUA WANDER GAMA, S/N, N SRA DE FATIMA - CEP 28460000",N SRA DE FATIMA,28460000,MIRACEMA,330300,2238527582,saude@miracema.rj.gov.br,-21.40917,-42.19848,1244,M,001,10/03/2026
3303002285924,2285924,USF SCILIO TARDIN FAVER,MUNICIPIO DE MIRACEMA,UBS / Atencao basica,UNIDADE BASICA DE SAUDE,"RUA PROJETADA DA CAIXA DAGUA, 230, MORRO DA JOVE - CEP 28460000",MORRO DA JOVE,28460000,MIRACEMA,330300,2438523283,saudemiracema@ig.com.br,-21.40467,-42.19235,1244,M,001,10/03/2026
3303107922841,7922841,CENTRO DE SAUDE COLETIVA E VIGILANCIA EM SAUDE,PREFEITURA MUNICIPAL DE NATIVIDADE,UBS / Atencao basica,UNIDADE DE VIGILANCIA DE ZOONOSES,"RUA GOVERNADOR ROBERTO SILVEIRA, 269, ALTOS, SINDICATO - CEP 28380000",SINDICATO,28380000,NATIVIDADE,330310,2238411632,viginat@gmail.com,-21.039966489991272,-41.98002576828003,1244,M,021,03/02/2026
3303204550854,4550854,CAMIM NILOPOLIS,CLINICA DE ASSISTENCIA MEDICA SAUDE PS LTDA,UBS / Atencao basica,UNIDADE BASICA DE SAUDE,"RUA PROFESSOR ALFREDO GONCALVES FILGUEIRAS, 100, LOJA 225 E 226, CENTRO - CEP 26525060",CENTRO,26525060,NILOPOLIS,330320,21 24714580,,-22.807514,-43.416609,2062,M,001,19/09/2025
3303202290804,2290804,CIEP PROF STELLA DE QUEIROZ PINHEIRO,NILOPOLIS PREFEITURA,UBS / Atencao basica,UNIDADE BASICA DE SAUDE,"RUA DR RUFINO G FERREIRA, S/N, NOVA CIDADE - CEP 26530170",NOVA CIDADE,26530170,NILOPOLIS,330320,(21)27915779,,-22.80147,-43.41641,1244,M,001,05/12/2025
3303205842662,5842662,DIMAGEM DIAGNOSTICO POR IMAGEM LTDA NILOPOLIS,DIMAGEM DIAGNOSTICO POR IMAGEM LTDA,UBS / Atencao basica,UNIDADE BASICA DE SAUDE,"AV GETULIO VARGAS, 1640, CENTRO - CEP 26510010",CENTRO,26510010,NILOPOLIS,330320,,GLAUCOFERREIRAMACEDO@GMAIL.COM,-22.807283999716937,-43.41843325921725,2062,M,001,26/03/2026
3303209523995,9523995,POLICLINICA MUNICIPAL JORGE DAVID,MUNICIPIO DE NILOPOLIS,UBS / Atencao basica,UNIDADE BASICA DE SAUDE,"RUA SENADOR FERNANDO MENDES, S/N, ANEXO 1 COMPLEXO, CENTRO - CEP 26540080",CENTRO,26540080,NILOPOLIS,330320,,,-22.80994353451319,-43.412392919092376,1244,M,001,05/12/2025
3303202290642,2290642,POSTO MEDICO SANITARIO CABRAL,NILOPOLIS PREFEITURA,UBS / Atencao basica,UNIDADE BASICA DE SAUDE,"RUA ROLDAO GONCALVES, S/N, CABRAL - CEP 26515020",CABRAL,26515020,NILOPOLIS,330320,(21)37601143,,-22.8065488,-43.4315707,1244,M,001,05/12/2025
3303202290820,2290820,POSTO MEDICO SANITARIO NOVA CIDADE,NILOPOLIS PREFEITURA,UBS / Atencao basica,UNIDADE BASICA DE SAUDE,"RUA MARECHAL DEODORO, 555, NOVA CIDADE - CEP 26535330",NOVA CIDADE,26535330,NILOPOLIS,330320,,a.santos7491@ig.com.br,-22.7956252,-43.4148292,1244,M,001,05/12/2025
3303202290650,2290650,POSTO MEDICO SANITARIO NOVA OLINDA,NILOPOLIS PREFEITURA,UBS / Atencao basica,UNIDADE BASICA DE SAUDE,"RUA AMADEU LARA, S/N, OLINDA - CEP 26545160",OLINDA,26545160,NILOPOLIS,330320,(21)27916074,,-22.8073116,-43.407859,1244,M,001,05/12/2025
3303202293870,2293870,SUB POSTO PAIOL,NILOPOLIS PREFEITURA,UBS / Atencao basica,UNIDADE BASICA DE SAUDE,"RUA JOSE COUTO GUIMARAES, 1290, PAIOL - CEP 26545010",PAIOL,26545010,NILOPOLIS,330320,2137624053,,-22.8136667,-43.4020914,1244,M,001,19/02/2025
3303202290669,2290669,UNIDADE BASICA POSTO CHATUBA,NILOPOLIS PREFEITURA,UBS / Atencao basica,UNIDADE BASICA DE SAUDE,"RUA MARQUES CANARIO, 940, CHATUBA - CEP 26520770",CHATUBA,26520770,NILOPOLIS,330320,(21)27915143,,-22.8170302,-43.4315027,1244,M,001,05/12/2025
3303207068026,7068026,UNIDADE DE SAUDE DA FAMILIA CABUIS,NILOPOLIS PREFEITURA,UBS / Atencao basica,UNIDADE BASICA DE SAUDE,"GENERAL MENA BARRETO, S/N, CENTRO - CEP 26535330",CENTRO,26535330,NILOPOLIS,330320,,,-22.8064265,-43.412587,1244,M,001,05/12/2025
3303206899749,6899749,UNIDADE DE SAUDE DA FAMILIA MANOEL REIS,NILOPOLIS PREFEITURA,UBS / Atencao basica,UNIDADE BASICA DE SAUDE,"RUA ANTONIO JOAO MENDONCA, S/N, MANOEL REIS - CEP 26515591",MANOEL REIS,26515591,NILOPOLIS,330320,02127915883,semusa.ssnil@gmail.com,-22.8119822,-43.4145983,1244,M,001,05/12/2025
3303304954998,4954998,CAROLYNE MACHADO PSICOLOGIA LTDA,CAROLYNE MACHADO PSICOLOGIA LTDA,UBS / Atencao basica,UNIDADE BASICA DE SAUDE,"RUA GAVIAO PEIXOTO, 148, SALA 1105, ICARAI - CEP 24230091",ICARAI,24230091,NITEROI,330330,2165800934,CAROLYNEMACHADOPSICOLOGIA@GMAIL.COM,-22.90378,-43.11026,2062,M,001,26/01/2026
3303304824237,4824237,CENTRO DE SAUDE OCEANICO,CMO SERVICOS MEDICOS E DIAGNOSTICOS LTDA,UBS / Atencao basica,AMBULATORIO,"AVENIDA ALMIRANTE TAMANDARE, 521, PIRATININGA - CEP 24350380",PIRATININGA,24350380,NITEROI,330330,(21) 3620-3940,cso@centrodesaudeoceanico.com.br,-22.9454609,-43.0576488,2062,M,016,16/08/2025
3303306367429,6367429,CENTRO DE TRATAMENTO DE DOENCAS VASCULARES,CENTRO DE TRATAMENTO DE DOENCAS VASCULARES LTDA,UBS / Atencao basica,UNIDADE BASICA DE SAUDE,"RUA ATOR PAULO GUSTAVO, 26, SALA 1 115, ICARAI - CEP 24230060",ICARAI,24230060,NITEROI,330330,21 27227606,vieira.n@gmail.com,-22.90324916638436,-43.11481420442994,2062,M,001,22/09/2025
3303304400429,4400429,CLINICA MENTHALOS,DRA CHRISTIANE RAMOS SERVICOS MEDICOS LTDA,UBS / Atencao basica,UNIDADE BASICA DE SAUDE,"NORONHA TORREZAO, 24, SALA 1305, SANTA ROSA - CEP 24240182",SANTA ROSA,24240182,NITEROI,330330,41 32486244,CLIENTES@ESCRITAX.COM.BR,-22.8980242,-43.103064,2062,M,001,15/08/2025
3303306841260,6841260,CROM,CENTRO CLINICO DE REABILITACAO OROMIOFUNCIONAL LTDA,UBS / Atencao basica,UNIDADE BASICA DE SAUDE,"RUA GAVIAO PEIXOTO, 148, SALA 903, ICARAI - CEP 24230092",ICARAI,24230092,NITEROI,330330,,mariatheresakalil@gmail.com,-22.9037341,-43.1100306,2062,M,001,22/10/2025
3303306827128,6827128,CROM CENTRO DE REABILITACAO OROMIOFUNCIONAL,CENTRO CLINICO DE REABILITACAO OROMIOFUNCIONAL LTDA,UBS / Atencao basica,UNIDADE BASICA DE SAUDE,"CEL MOREIRA CESAR, 229, SALA 1809, ICARAI - CEP 24230052",ICARAI,24230052,NITEROI,330330,21 27145807,ODONTOK@GMAIL.COM,-22.826512944250577,-43.05175506230748,2062,M,001,27/02/2026
3303303551660,3551660,CSN CENTRO DE SAUDE DE NITEROI MATRIZ,CSN CENTRO DE SAUDE DE NITEROI LTDA,UBS / Atencao basica,AMBULATORIO,"RUA DOUTOR CELESTINO, 103, PARTE, CENTRO - CEP 24020094",CENTRO,24020094,NITEROI,330330,,,-22.894816951642937,-43.11580150461124,2062,M,016,04/11/2025
3303304661354,4661354,ESPACO DE PSICOLOGIA E SAUDE ICARAI LTDA,ESPACO DE PSICOLOGIA E SAUDE ICARAI LTDA,UBS / Atencao basica,UNIDADE BASICA DE SAUDE,"TV CAPITAO ZEFERINO, 27, SALA 1301 SALA 1302, ICARAI - CEP 24220230",ICARAI,24220230,NITEROI,330330,(21) 6413-9024,HELEINESA@GMAIL.COM,-22.9041,-43.11043,2062,M,001,26/01/2026
3303304208293,4208293,ESPACO RESSIGNIFICAR E VIVER,INSTITUTO DE PSICOLOGIA RESSIGNIFICAR E VIVER LTDA,UBS / Atencao basica,UNIDADE BASICA DE SAUDE,"R GAVIAO PEIXOTO, 124, SALA 404, ICARAI - CEP 24230103",ICARAI,24230103,NITEROI,330330,2197264516,SIMONE.RCSILVAPSI@GMAIL.COM,-22.90362,-43.11095,2062,M,001,26/01/2026
3303304699661,4699661,ESPLENDA CENTRO DE SAUDE INTEGRADO,ESPLENDA CENTRO DE SAUDE INTEGRADO LTDA,UBS / Atencao basica,AMBULATORIO,"RUA GAVIAO PEIXOTO, 417, ICARAI - CEP 24230093",ICARAI,24230093,NITEROI,330330,,clinicaesplendaadm@gmail.com,-22.905194398830876,-43.10859203338623,2062,M,016,15/01/2026
3303308120145,8120145,INFUSIOMED,CENTRO DE SAUDE INFUSIOMED LTDA,UBS / Atencao basica,AMBULATORIO,"AL SAO BOAVENTURA, 527, TERREO, FONSECA - CEP 24130001",FONSECA,24130001,NITEROI,330330,,,-22.8793856,-43.0929542,2062,M,016,29/01/2026
3303304208307,4208307,IPND AVALIACAO NEUROPSICOLOGICA,INSTITUTO DE PSICOLOGIA NEUROPSICOLOGIA E DESENVOLVIMENTO H,UBS / Atencao basica,UNIDADE BASICA DE SAUDE,"R GAVIAO PEIXOTO, 124, 1605 S, ICARAI - CEP 24230101",ICARAI,24230101,NITEROI,330330,2182219039,SORAYAMCARVALHO@GMAIL.COM,-22.90366,-43.11097,2062,M,001,26/01/2026
3303305778468,5778468,LEVE SAUDE NITEROI,LEVA SAUDE CLINICA MEDICA S A,UBS / Atencao basica,UNIDADE BASICA DE SAUDE,"RUA AURELINO LEAL, 45, LOJA E SOBRADO, CENTRO - CEP 24020110",CENTRO,24020110,NITEROI,330330,21-22222222,CONTABILIDADE@LEVESAUDE.COM.BR,-22.895630703367072,-43.122320017813436,2054,M,001,23/09/2025
3303300012955,0012955,MMF ABEL SANTAMARIA,FUNDACAO ESTATAL DE SAUDE DE NITEROI FESAUDE,UBS / Atencao basica,UNIDADE BASICA DE SAUDE,"TRAVESSA CARMITA, S/N, CHARITAS - CEP 24370470",CHARITAS,24370470,NITEROI,330330,(21)3613-2157,mmfpreventorio1@fesaude.niteroi.rj.gov.br,-22.93377958,-43.09745968,1279,M,001,24/02/2026
3303305985358,5985358,MMF ALBERTO RICARDO HATIN,FUNDACAO ESTATAL DE SAUDE DE NITEROI FESAUDE,UBS / Atencao basica,UNIDADE BASICA DE SAUDE,"RUA MANUEL PACHECO DE CARVALHO, 107, PIRATININGA - CEP 24350401",PIRATININGA,24350401,NITEROI,330330,(21)3613-2165,mmfcafuba3@fesaude.niteroi.rj.gov.br,-22.94237544,-43.05641968,1279,M,001,24/02/2026
3303302298775,2298775,MMF ANTONIO NICO LOPEZ,FUNDACAO ESTATAL DE SAUDE DE NITEROI FESAUDE,UBS / Atencao basica,UNIDADE BASICA DE SAUDE,"AVENIDA PROFESSOR JOAO BRASIL, 1726, ENGENHOCA - CEP 24110491",ENGENHOCA,24110491,NITEROI,330330,(21)3613-2142,mmfnovabrasilia@fesaude.niteroi.rj.gov.br,-22.86661118,-43.08968536,1279,M,001,24/02/2026
3303300012963,0012963,MMF CAMILO CIENFUEGOS,FUNDACAO ESTATAL DE SAUDE DE NITEROI FESAUDE,UBS / Atencao basica,UNIDADE BASICA DE SAUDE,"RUA MARIO VIANA, 790, SANTA ROSA - CEP 24241002",SANTA ROSA,24241002,NITEROI,330330,(21)3613-2177,mmfviradouro@fesaude.niteroi.rj.gov.br,-22.90594315,-43.08569214,1279,M,001,24/02/2026
3303300012971,0012971,MMF CARLOS JUAN FINLAY,FUNDACAO ESTATAL DE SAUDE DE NITEROI FESAUDE,UBS / Atencao basica,UNIDADE BASICA DE SAUDE,"RUA ANTONIO BAPTISTA, 8, VITAL BRASIL - CEP 24230480",VITAL BRASIL,24230480,NITEROI,330330,(21)3613-2172,mmfvitalbrazil@fesaude.niteroi.rj.gov.br,-22.90682137,-43.09339168,1279,M,001,24/02/2026
3303302282232,2282232,MMF CARLOS RAFAEL RODRIGUEZ,FUNDACAO ESTATAL DE SAUDE DE NITEROI FESAUDE,UBS / Atencao basica,UNIDADE BASICA DE SAUDE,"AVENIDA MACHADO, S/N, BARRETO - CEP 24111000",BARRETO,24111000,NITEROI,330330,(21)3613-2159,mmfmaritimos@fesaude.niteroi.rj.gov.br,-22.86535392,-43.09531787,1279,M,001,24/02/2026
3303300012939,0012939,MMF CELIA SANCHEZ,FUNDACAO ESTATAL DE SAUDE DE NITEROI FESAUDE,UBS / Atencao basica,UNIDADE BASICA DE SAUDE,"RUA JORNALISTA SARDO FILHO, 196, ILHA DA CONCEICAO - CEP 24050100",ILHA DA CONCEICAO,24050100,NITEROI,330330,(21)3613-2145,mmfilhadaconceicao@fesaude.niteroi.rj.gov.br,-22.87255049,-43.11622445,1279,M,001,24/02/2026
3303309069321,9069321,MMF COLONIA,FUNDACAO ESTATAL DE SAUDE DE NITEROI FESAUDE,UBS / Atencao basica,UNIDADE BASICA DE SAUDE,"PRAIA DA ITAIPU, S/N, COLONIA DOS PESCADOS, ITAIPU - CEP 24340330",ITAIPU,24340330,NITEROI,330330,(21)3613-2161,mmfcolonia@fesaude.niteroi.rj.gov.br,-22.97115582,-43.04523604,1279,M,001,24/02/2026
3303303069184,3069184,MMF COM MANUEL PINEIRO LOSADA,FUNDACAO ESTATAL DE SAUDE DE NITEROI FESAUDE,UBS / Atencao basica,UNIDADE BASICA DE SAUDE,"RUA ASTOR DA COSTA MENEZES, S/N, MARAVISTA - CEP 24342410",MARAVISTA,24342410,NITEROI,330330,(21)3613-2162,mmfmaravista@fesaude.niteroi.rj.gov.br,-22.93688958,-43.03185168,1279,M,001,24/02/2026
3303307971249,7971249,MMF DEPUTADO JOSE SALLY,FUNDACAO ESTATAL DE SAUDE DE NITEROI FESAUDE,UBS / Atencao basica,UNIDADE BASICA DE SAUDE,"LOTEAMENTO BENTO PESTANA, S/N, BALDEADOR - CEP 24140150",BALDEADOR,24140150,NITEROI,330330,(21)3613-2151,mmfbaldeador@fesaude.niteroi.rj.gov.br,-22.86903693,-43.06939654,1279,M,001,27/01/2026
3303308013004,8013004,MMF DR ABELARDO RAMIREZ,FUNDACAO ESTATAL DE SAUDE DE NITEROI FESAUDE,UBS / Atencao basica,UNIDADE BASICA DE SAUDE,"RUA AURORA RIBEIRO, 05, MARIA PAULA - CEP 24320610",MARIA PAULA,24320610,NITEROI,330330,(21)3613-2176,mmfmatapaca@fesaude.niteroi.rj.gov.br,-22.88205458,-43.03139568,1279,M,001,24/02/2026
3303302298813,2298813,MMF DR ALOISIO BRAZIL,FUNDACAO ESTATAL DE SAUDE DE NITEROI FESAUDE,UBS / Atencao basica,UNIDADE BASICA DE SAUDE,"AVENIDA PASTOR JOSE GOMES DE SOUZA, S/N, CARAMUJO - CEP 24140390",CARAMUJO,24140390,NITEROI,330330,(21)3613-2156,mmfcaramujo@fesaude.niteroi.rj.gov.br,-22.88376314,-43.06240112,1279,M,001,24/02/2026
3303307504853,7504853,MMF DR ANTONIO PECANHA,FUNDACAO ESTATAL DE SAUDE DE NITEROI FESAUDE,UBS / Atencao basica,UNIDADE BASICA DE SAUDE,"RUA TEIXEIRA DE FREITAS, 380, FONSECA - CEP 24130616",FONSECA,24130616,NITEROI,330330,(21)3613-2150,mmfteixeiradefreitas@fesaude.niteroi.rj.gov.br,-22.87455133,-43.07505405,1279,M,001,24/02/2026
3303309973877,9973877,MMF DR CLAUDIO DO AMARAL,FUNDACAO ESTATAL DE SAUDE DE NITEROI FESAUDE,UBS / Atencao basica,UNIDADE BASICA DE SAUDE,"AVENIDA PROFESSOR JOAO BRASIL, S/N, ENGENHOCA - CEP 24130081",ENGENHOCA,24130081,NITEROI,330330,(21)3613-2152,mmfcoronelleoncio@fesaude.niteroi.rj.gov.br,-22.87255178,-43.09441458,1279,M,001,24/02/2026
3303309079696,9079696,MMF DR GERALDO CHINI,FUNDACAO ESTATAL DE SAUDE DE NITEROI FESAUDE,UBS / Atencao basica,UNIDADE BASICA DE SAUDE,"RUA E, S/N, SAPE - CEP 24315610",SAPE,24315610,NITEROI,330330,(21)3613-2184,mmfsape@fesaude.niteroi.rj.gov.br,-22.8952434,-43.05725484,1279,M,001,24/02/2026
3303309046836,9046836,MMF DR JOAO VASCONCELLOS,FUNDACAO ESTATAL DE SAUDE DE NITEROI FESAUDE,UBS / Atencao basica,UNIDADE BASICA DE SAUDE,"RUA DR MARTINS TORRES, 281, SANTA ROSA - CEP 24240705",SANTA ROSA,24240705,NITEROI,330330,(21)3613-2179,mmfmartinstorres@fesaude.niteroi.rj.gov.br,-22.8986573,-43.091194,1279,M,001,24/02/2026
3303304747526,4747526,MMF DR JOSE LUIZ DE O CORTES,FUNDACAO ESTATAL DE SAUDE DE NITEROI FESAUDE,UBS / Atencao basica,UNIDADE BASICA DE SAUDE,"TRAVESSA DONA JULIA, 29, FONSECA - CEP 24120075",FONSECA,24120075,NITEROI,330330,(21)3613-2187,,-22.8827233,-43.0976141,1279,M,001,24/02/2026
3303306644988,6644988,MMF DR OMAR MARINHO VIEIRA,FUNDACAO ESTATAL DE SAUDE DE NITEROI FESAUDE,UBS / Atencao basica,UNIDADE BASICA DE SAUDE,"ESTRADA ALARICO DE SOUZA, S/N, SANTA ROSA - CEP 24315000",SANTA ROSA,24315000,NITEROI,330330,(21)3613-2173,mmfalarico@fesaude.niteroi.rj.gov.br,-22.90072931,-43.08616959,1279,M,001,24/02/2026
3303300012696,0012696,MMF DR TOBIAS TOSTES MACHADO,FUNDACAO ESTATAL DE SAUDE DE NITEROI FESAUDE,UBS / Atencao basica,UNIDADE BASICA DE SAUDE,"ESTRADA VELHA DE MARICA, S/N, RIO DO OURO - CEP 24330000",RIO DO OURO,24330000,NITEROI,330330,(21)3613-2178,mmfvarzeadasmocas@fesaude.niteroi.rj.gov.br,-22.90335158,-42.98564868,1279,M,001,24/02/2026
3303305985374,5985374,MMF DR WILSON DE OLIVEIRA,FUNDACAO ESTATAL DE SAUDE DE NITEROI FESAUDE,UBS / Atencao basica,UNIDADE BASICA DE SAUDE,"RUA COSTA MONTEIRO, S/N, ITITIOCA - CEP 24315070",ITITIOCA,24315070,NITEROI,330330,(21)3613-2180,mmfititioca@fesaude.niteroi.rj.gov.br,-22.89559642,-43.07763126,1279,M,001,24/02/2026
3303300480894,0480894,MMF ENOC JOAQUIM DE OLIVEIRA,FUNDACAO ESTATAL DE SAUDE DE NITEROI FESAUDE,UBS / Atencao basica,UNIDADE BASICA DE SAUDE,"ESTRADA FREI ORLANDO, 169, JACARE PIRATININGA - CEP 24350200",JACARE PIRATININGA,24350200,NITEROI,330330,(21)3613-2141,mmfjacare@fesaude.niteroi.rj.gov.br,-22.92643297,-43.04240771,1279,M,001,24/02/2026
3303302282224,2282224,MMF ERNESTO CHE GUEVARA I,FUNDACAO ESTATAL DE SAUDE DE NITEROI FESAUDE,UBS / Atencao basica,UNIDADE BASICA DE SAUDE,"AVENIDA DOUTOR RAUL DE OLIVEIRA RODRIGUES, 03, PIRATININGA - CEP 24350630",PIRATININGA,24350630,NITEROI,330330,(21)3613-2163,mmfcafuba1@fesaude.niteroi.rj.gov.br,-22.93728505,-43.06993686,1279,M,001,24/02/2026
3303302298805,2298805,MMF ERNESTO CHE GUEVARA II,FUNDACAO ESTATAL DE SAUDE DE NITEROI FESAUDE,UBS / Atencao basica,UNIDADE BASICA DE SAUDE,"RUA DEPUTADO JOSE LUIZ ERTHAL, S/N, LT 56 QD 69, CAFUBA - CEP 24350050",CAFUBA,24350050,NITEROI,330330,(21)3613-2164,mmfcafuba2@fesaude.niteroi.rj.gov.br,-22.93446221,-43.07147579,1279,M,001,05/02/2026
3303307596162,7596162,MMF FAUSTINO PEREZ,FUNDACAO ESTATAL DE SAUDE DE NITEROI FESAUDE,UBS / Atencao basica,UNIDADE BASICA DE SAUDE,"DANIEL RIENTE, 29, QD2, CARAMUJO - CEP 24140555",CARAMUJO,24140555,NITEROI,330330,(21) 9 7034 -2123,mmfmorrodoceu@fesaude.niteroi.rj.gov.br,-22.89369,-43.06783,1279,M,001,24/02/2026
3303300012947,0012947,MMF FRANK PAIS GARCIA,FUNDACAO ESTATAL DE SAUDE DE NITEROI FESAUDE,UBS / Atencao basica,UNIDADE BASICA DE SAUDE,"ALAMEDA PARIS, S/N, SAO FRANCISCO - CEP 24360018",SAO FRANCISCO,24360018,NITEROI,330330,(21)3613-2154,mmfcavalao@fesaude.niteroi.rj.gov.br,-22.91166658,-43.09984515,1279,M,001,24/02/2026
3303302298821,2298821,MMF HAIDEE SANTAMARIA,FUNDACAO ESTATAL DE SAUDE DE NITEROI FESAUDE,UBS / Atencao basica,UNIDADE BASICA DE SAUDE,"AV NELSON DE OLIVEIRA E SILVA, 63, CANTAGALO - CEP 24322385",CANTAGALO,24322385,NITEROI,330330,(21)3613-2166,mmfcantagalo@fesaude.niteroi.rj.gov.br,-22.91109753,-43.04732515,1279,M,001,24/02/2026
3303309632298,9632298,MMF ITALO GOMES,FUNDACAO ESTATAL DE SAUDE DE NITEROI FESAUDE,UBS / Atencao basica,UNIDADE BASICA DE SAUDE,"RUA INDIGENA, 200, SAO LOURENCO - CEP 24060037",SAO LOURENCO,24060037,NITEROI,330330,(21)3613-2160,mmfboavista@fesaude.niteroi.rj.gov.br,-22.88809807,-43.10982704,1279,M,001,03/03/2026
3303308156964,8156964,MMF JARDIM DAS PAINEIRAS,FUNDACAO ESTATAL DE SAUDE DE NITEROI,UBS / Atencao basica,UNIDADE BASICA DE SAUDE,"ESTR GUILHERMINA BASTOS, 804, BADU - CEP 24320370",BADU,24320370,NITEROI,330330,,,-22.9038305,-43.0517909,1279,M,001,01/04/2026
3303300013064,0013064,MMF JESUS MONTANE,FUNDACAO ESTATAL DE SAUDE DE NITEROI FESAUDE,UBS / Atencao basica,UNIDADE BASICA DE SAUDE,"RUA ONZE DE AGOSTO, 04, INGA - CEP 24210280",INGA,24210280,NITEROI,330330,(21)3613-2155,mmfpalacio@fesaude.niteroi.rj.gov.br,-22.90423298,-43.12629567,1279,M,001,24/02/2026
3303307161093,7161093,MMF JOAO SAMPAIO,FUNDACAO ESTATAL DE SAUDE DE NITEROI FESAUDE,UBS / Atencao basica,UNIDADE BASICA DE SAUDE,"RUA JOSE BENTO VIEIRA FERREIRA, S/N, LARGO DA BATALHA - CEP 24310050",LARGO DA BATALHA,24310050,NITEROI,330330,(21)3613-2181,mmfmaceio@fesaude.niteroi.rj.gov.br,-22.90971615,-43.06898179,1279,M,001,24/02/2026
3303300013021,0013021,MMF JORGE LUIZ CAMACHO RODRIGUES,FUNDACAO ESTATAL DE SAUDE DE NITEROI FESAUDE,UBS / Atencao basica,UNIDADE BASICA DE SAUDE,"RUA MARUI GRANDE, 15, BARRETO - CEP 24110814",BARRETO,24110814,NITEROI,330330,(21)3613-2146,mmfmarui@fesaude.niteroi.rj.gov.br,-22.86627116,-43.10791881,1279,M,001,24/02/2026
3303302282216,2282216,MMF JOSE ANTONIO ECHEVERRIA BIANCHI,FUNDACAO ESTATAL DE SAUDE DE NITEROI FESAUDE,UBS / Atencao basica,UNIDADE BASICA DE SAUDE,"RUA LIONS CLUBE, 37, SANTA ROSA - CEP 24230525",SANTA ROSA,24230525,NITEROI,330330,(21)3613-2174,mmfsouzasoares@fesaude.niteroi.rj.gov.br,-22.90624858,-43.09008568,1279,M,001,24/02/2026
3303307746733,7746733,MMF JOSE MARTI I,FUNDACAO ESTATAL DE SAUDE DE NITEROI FESAUDE,UBS / Atencao basica,UNIDADE BASICA DE SAUDE,"RUA ALBINO PEREIRA, 615, GROTA DO SURUCUCU, SAO FRANCISCO - CEP 24365170",SAO FRANCISCO,24365170,NITEROI,330330,(21)3613-2167,mmfgrota1@fesaude.niteroi.rj.gov.br,-22.90897169,-43.07595704,1279,M,001,05/02/2026
3303302298872,2298872,MMF JOSE MARTI II,FUNDACAO ESTATAL DE SAUDE DE NITEROI FESAUDE,UBS / Atencao basica,UNIDADE BASICA DE SAUDE,"RUA ASCENDINO PEREIRA, 335, SAO FRANCISCO - CEP 24365160",SAO FRANCISCO,24365160,NITEROI,330330,(21)3613-2169,mmfgrota2@fesaude.niteroi.rj.gov.br,-22.91211236,-43.08059687,1279,M,001,24/02/2026
3303302298791,2298791,MMF JOSE SUARES BLANCO,FUNDACAO ESTATAL DE SAUDE DE NITEROI FESAUDE,UBS / Atencao basica,UNIDADE BASICA DE SAUDE,"TRAVESSA JONATHAS BOTELHO, 133, CUBANGO - CEP 24240415",CUBANGO,24240415,NITEROI,330330,(21)3613-2175,mmfjonathasbotelho@fesaude.niteroi.rj.gov.br,-22.89213509,-43.0924259,1279,M,001,24/02/2026
3303302298783,2298783,MMF JULIO DIAS GONZALES,FUNDACAO ESTATAL DE SAUDE DE NITEROI FESAUDE,UBS / Atencao basica,UNIDADE BASICA DE SAUDE,"RUA GENERAL CASTRIOTO, 81, BARRETO - CEP 24110160",BARRETO,24110160,NITEROI,330330,(21)3613-2147,mmfleopoldina@fesaude.niteroi.rj.gov.br,-22.86972019,-43.10685347,1279,M,001,24/02/2026
3303309314237,9314237,MMF MARIA TEREZA BARBOSA RANGEL VO TEREZA,FUNDACAO ESTATAL DE SAUDE DE NITEROI FESAUDE,UBS / Atencao basica,UNIDADE BASICA DE SAUDE,"PRACA DOUTOR VITORINO, S/N, PONTA DA AREIA - CEP 24040030",PONTA DA AREIA,24040030,NITEROI,330330,(21)3613-2148,mmfpontadareia@fesaude.niteroi.rj.gov.br,-22.88322237,-43.12490026,1279,M,001,24/02/2026
3303300012920,0012920,MMF MARIO MUNOZ MONROY,FUNDACAO ESTATAL DE SAUDE DE NITEROI FESAUDE,UBS / Atencao basica,UNIDADE BASICA DE SAUDE,"AVENIDA CARLOS ERMELINDO MARINS, S/N, JURUJUBA - CEP 24370195",JURUJUBA,24370195,NITEROI,330330,(21)3613-2170,mmfjurujuba@fesaude.niteroi.rj.gov.br,-22.93307476,-43.11481393,1279,M,001,24/02/2026
3303300012831,0012831,MMF PROFESSOR DR BARROS TERRA,FUNDACAO ESTATAL DE SAUDE DE NITEROI FESAUDE,UBS / Atencao basica,UNIDADE BASICA DE SAUDE,"ESTRADA ALCEBIADES PINTO, S/N, CANTAGALO - CEP 24320150",CANTAGALO,24320150,NITEROI,330330,(21)3613-2182,mmfbadu@fesaude.niteroi.rj.gov.br,-22.90834408,-43.04999352,1279,M,001,24/02/2026
3303304645650,4645650,MMF PROFESSORA DRA SATIE MIZUBUTI,FUNDACAO ESTATAL DE SAUDE DE NITEROI FESAUDE,UBS / Atencao basica,UNIDADE BASICA DE SAUDE,"TRAVESSA DO HOLOFOTE, 34, D, SANTANA - CEP 24110010",SANTANA,24110010,NITEROI,330330,,,-22.8795478,-43.106856,1279,M,001,03/03/2026
3303306746667,6746667,MMF RAUL CARLOS PARETO JR,FUNDACAO ESTATAL DE SAUDE DE NITEROI FESAUDE,UBS / Atencao basica,UNIDADE BASICA DE SAUDE,"RUA SA BARRETO, 107, FONSECA - CEP 24120297",FONSECA,24120297,NITEROI,330330,(21)3613-2149,mmfbernardino@fesaude.niteroi.rj.gov.br,-22.88382807,-43.08290174,1279,M,001,24/02/2026
3303305985331,5985331,MMF SALVADOR ALLENDE,FUNDACAO ESTATAL DE SAUDE DE NITEROI FESAUDE,UBS / Atencao basica,UNIDADE BASICA DE SAUDE,"RUA PADRE JOSE EUGER, S/N, ATALAIA - CEP 24315010",ATALAIA,24315010,NITEROI,330330,(21)3613-2183,mmfatalaia@fesaude.niteroi.rj.gov.br,-22.89961654,-43.07966825,1279,M,001,24/02/2026
3303307312458,7312458,MMF TAYSSA ERMINDA ALVES,FUNDACAO ESTATAL DE SAUDE DE NITEROI FESAUDE,UBS / Atencao basica,UNIDADE BASICA DE SAUDE,"ESTRADA DO VICOSO JARDIM, S/N, VICOSO JARDIM - CEP 24140169",VICOSO JARDIM,24140169,NITEROI,330330,(21)3613-2144,mmfvicosojardim@fesaude.niteroi.rj.gov.br,-22.8931484,-43.08315829,1279,M,001,03/03/2026
3303305985366,5985366,MMF VILMA ESPIN,FUNDACAO ESTATAL DE SAUDE DE NITEROI FESAUDE,UBS / Atencao basica,UNIDADE BASICA DE SAUDE,"RUA TENENTE OSORIO, S/N, FONSECA - CEP 24130209",FONSECA,24130209,NITEROI,330330,(21)3613-2153,mmfvilaipiranga@fesaude.niteroi.rj.gov.br,-22.87845607,-43.09211268,1279,M,001,24/02/2026
3303300013013,0013013,MMF WILLIAN SOLER,FUNDACAO ESTATAL DE SAUDE DE NITEROI FESAUDE,UBS / Atencao basica,UNIDADE BASICA DE SAUDE,"AVENIDA IRENE LOPES SODRE, S/N, PR DO ENG DO MATO, ENGENHO DO MATO - CEP 24346040",ENGENHO DO MATO,24346040,NITEROI,330330,(21)3613-2171,mmfengenhodomato@fesaude.niteroi.rj.gov.br,-22.93468856,-43.00862585,1279,M,001,24/02/2026
3303307906064,7906064,MX BASTOS SERVICOS MEDICOS LTDA,MX BASTOS SERVICOS MEDICOS LTDA,UBS / Atencao basica,UNIDADE BASICA DE SAUDE,"R DOUTOR CELESTINO, 122, SALA 1229, CENTRO - CEP 24020094",CENTRO,24020094,NITEROI,330330,(21) 3619-9605,DRA.MARCELLEGERIATRIA@GMAIL.COM,-22.895565203940812,-43.115598561591106,2062,M,001,05/09/2025
3303304822609,4822609,NS ANESTESIA,NUNES VALICE SERVICOS MEDICOS LTDA ME,UBS / Atencao basica,UNIDADE BASICA DE SAUDE,"AV SETE DE SETEMBRO, 317, SALA 302, NITEROI - CEP 24230251",NITEROI,24230251,NITEROI,330330,21 981011145,DHNUNES1@GMAIL.COM,-22.90246,-43.09949,2062,M,001,26/01/2026
3303304610776,4610776,NUCLEO DE PSICOLOGIA REBECCA OLIVEIRA,ESPACO INTEGRADO DE TERAPIAS COGNITIVAS LTDA,UBS / Atencao basica,UNIDADE BASICA DE SAUDE,"ATOR PAULO GUSTAVO, 26, SALA 806, ICARAI - CEP 24230060",ICARAI,24230060,NITEROI,330330,21 92213571,PSIREBECCAOLIVEIRA@HOTMAIL.COM,-22.90712,-43.11303,2062,M,001,17/07/2025
3303305746744,5746744,NUTRICIONISTA CAROL CHIDIDI,CAROLINE CHIDIDI NUTRICAO E SAUDE LTDA,UBS / Atencao basica,UNIDADE BASICA DE SAUDE,"RUA DONA EMILIA, 30, CASA 02 PONTO DE RE, SAO FRANCISCO - CEP 24360450",SAO FRANCISCO,24360450,NITEROI,330330,2188072598,comea@contabilidadecomea.com.br,-22.9198919,-43.0870697,2062,M,001,28/07/2025
3303304903390,4903390,RESSIGNIFICAR PSICOLOGIA,RESSIGNIFICAR PSICOLOGIA E TERAPIA ALIMENTAR LTDA,UBS / Atencao basica,UNIDADE BASICA DE SAUDE,"R DOUTOR OLIVEIRA BOTELHO, 9, SALA 504, SAO FRANCISCO - CEP 24360500",SAO FRANCISCO,24360500,NITEROI,330330,21969795515,allinebusch@gmail.com,-22.91775,-43.08579,2062,M,001,22/09/2025
3303304007166,4007166,UBS CARLOS ANTONIO DA SILVA,FUNDACAO MUNICIPAL DE SAUDE,UBS / Atencao basica,UNIDADE BASICA DE SAUDE,"AVENIDA JANSEN DE MELO, S/N, SAO LOURENCO - CEP 24030221",SAO LOURENCO,24030221,NITEROI,330330,,prcas14@gmail.com,-22.887476,-43.115244,1155,M,001,08/07/2025
3303304065409,4065409,UBS DE ITAIPU,FUNDACAO MUNICIPAL DE SAUDE DE NITEROI,UBS / Atencao basica,UNIDADE BASICA DE SAUDE,"AVENIDA IRENE LOPES SODRE, S/N, ENGENHO DO MATO - CEP 24346040",ENGENHO DO MATO,24346040,NITEROI,330330,21 26096368,pcitaipu2@gmail.com,-22.934118,-43.012795217,1155,M,001,05/02/2026
3303304064194,4064194,UBS DE PIRATININGA,FUNDACAO MUNICIPAL DE SAUDE DE NITEROI,UBS / Atencao basica,UNIDADE BASICA DE SAUDE,"RUA DOUTOR MARCOLINO GOMES CANDAU, 111, PIRATININGA - CEP 24342340",PIRATININGA,24342340,NITEROI,330330,,,-22.9522782,-43.0930994,1155,M,001,13/11/2025
3303304065417,4065417,UBS DR GUILHERME TAYLOR MARCH,FUNDACAO MUNICIPAL DE SAUDE DE NITEROI,UBS / Atencao basica,UNIDADE BASICA DE SAUDE,"RUA DESEMBARGADOR LIMA CASTRO, 238, FONSECA - CEP 24120350",FONSECA,24120350,NITEROI,330330,(21)26264170,prgtm@gmail.com,-22.886316806152145,-43.08655500411987,1155,M,001,04/03/2026
3303304326571,4326571,UBS DR JOAO DA SILVA VIZELLA,FUNDACAO MUNICIPAL DE SAUDE NITEROI,UBS / Atencao basica,UNIDADE BASICA DE SAUDE,"RUA DR LUIZ PALMIER, 726, BARRETO - CEP 24110310",BARRETO,24110310,NITEROI,330330,2196955-6564,prbadm726@gmail.com,-22.865068961327466,-43.09935450553894,1155,M,001,10/10/2025
3303304054938,4054938,UBS DR SERGIO AROUCA,FUNDACAO MUNCIPAL DE SAUDE DE NITEROI,UBS / Atencao basica,UNIDADE BASICA DE SAUDE,"PRACA VITAL BRAZIL, S/N, SANTA ROSA - CEP 24230265",SANTA ROSA,24230265,NITEROI,330330,,prsa.santarosa@gmail.com,-22.905414,-43.097598,1155,M,001,05/08/2025
3303300012785,0012785,UBS ENGENHOCA,FUNDACAO MUNICIPAL DE SAUDE DE NITEROI,UBS / Atencao basica,UNIDADE BASICA DE SAUDE,"RUA VEREADOR JOSE VICENTE SOBRINHO, 724, ENGENHOCA - CEP 24110441",ENGENHOCA,24110441,NITEROI,330330,(21)26288656,ubsengenhoca@gmail.com,-22.871133758490327,-43.09852838516235,1155,M,001,03/10/2025
3303304064208,4064208,UBS LARGO DA BATALHA,FUNDACAO MUNICIPAL DE SAUDE DE NITEROI,UBS / Atencao basica,UNIDADE BASICA DE SAUDE,"RUA REVERENDO ARMANDO FERREIRA, 30, LARGO DA BATALHA - CEP 24310090",LARGO DA BATALHA,24310090,NITEROI,330330,2127101053,,-22.91757120791453,-43.16726187467574,1155,M,001,01/12/2025
3303300012874,0012874,UBS MORRO DO ESTADO,FUNDACAO MUNICIPAL DE SAUDE DE NITEROI,UBS / Atencao basica,UNIDADE BASICA DE SAUDE,"ARAUJO PIMENTA, S/N, MORRO DO ESTADO - CEP 24210070",MORRO DO ESTADO,24210070,NITEROI,330330,,,-22.899715,-43.1214981,1155,M,001,04/03/2026
3303300012807,0012807,UBS SANTA BARBARA,FUNDACAO MUNICIPAL DE SAUDE DE NITEROI,UBS / Atencao basica,UNIDADE BASICA DE SAUDE,"RUA JANDIRA PEREIRA, 625, SANTA BARBARA - CEP 24141400",SANTA BARBARA,24141400,NITEROI,330330,(21)26276303,ubsantabarbara.saude@gmail.com,-22.8766449,-43.0490753,1155,M,001,01/09/2025
3303300013048,0013048,UNIDADE BASICA DE SAUDE DO CENTRO,FUNDACAO MUNICIPAL DE SAUDE DE NITEROI,UBS / Atencao basica,UNIDADE BASICA DE SAUDE,"RUA VISCONDE URUGUAI, 531, 3 4 ANDAR, CENTRO - CEP 24030077",CENTRO,24030077,NITEROI,330330,(21)26208226,ubscentroniteroi@gmaill.com,-22.8920525,-43.1244336,1155,M,001,21/08/2025
3303402271877,2271877,POLICLINICA CENTRO DR SYLVIO HENRIQUE BRAUNE,MUNICIPIO DE NOVA FRIBURGO,UBS / Atencao basica,UNIDADE BASICA DE SAUDE,"RUA PLINIO CASADO, S/N, VILA AMELIA - CEP 28610000",VILA AMELIA,28610000,NOVA FRIBURGO,330340,22 2522-6416,,-22.290281737285632,-42.54136200000001,1244,M,001,09/04/2026
3303409931678,9931678,SUBSECRETARIA DE ATENCAO BASICA,MUNICIPIO DE NOVA FRIBURGO,UBS / Atencao basica,UNIDADE BASICA DE SAUDE,"AVENIDA ALBERTO BRAUNE, 224, SALA 221, CENTRO - CEP 28613000",CENTRO,28613000,NOVA FRIBURGO,330340,22 25220661,,-22.285686039075053,-42.53167269056614,1244,M,001,07/01/2026
3303407317255,7317255,SUBSECRETARIA DE VIGILANCIA EM SAUDE DE NOVA FRIBURGO,MUNICIPIO DE NOVA FRIBURGO,UBS / Atencao basica,LABORATORIO DE SAUDE PUBLICA,"RUA AUGUSTO CARDOSO, 62, CENTRO - CEP 28613000",CENTRO,28613000,NOVA FRIBURGO,330340,22-2523-1889,fmsnf.vigilanciaemsaude@gmail.com,-22.2832905,-42.5328514880895,1244,M,022,10/03/2026
3303402271842,2271842,UNIDADE BASICA DE SAUDE ARIOSTO BENTO DE MELLO,MUNICIPIO DE NOVA FRIBURGO,UBS / Atencao basica,UNIDADE BASICA DE SAUDE,"RUA DARCILIA DOS SANTOS, S/N, CORDOEIRA - CEP 28613750",CORDOEIRA,28613750,NOVA FRIBURGO,330340,22 2522-2448,postosaudecordoeira@gmail.com,-22.290747062402406,-42.52710490527621,1244,M,001,10/04/2026
3303403861465,3861465,UNIDADE BASICA DE SAUDE SAO GERALDO JOSE COPERTINO NOGUEIRA,MUNICIPIO DE NOVA FRIBURGO,UBS / Atencao basica,UNIDADE BASICA DE SAUDE,"RUA ANTONIO AUGUSTO DOS REIS JUNIOR, S/N, SAO GERALDO - CEP 28630000",SAO GERALDO,28630000,NOVA FRIBURGO,330340,22-2519-6091,,-22.239687221935874,-42.55084484603573,1244,M,001,23/02/2026
3303409007172,9007172,USF CONQUISTA,MUNICIPIO DE NOVA FRIBURGO,UBS / Atencao basica,UNIDADE BASICA DE SAUDE,"AVENIDA ANTONIO MARIO DE AZEVEDO, S/N, CONQUISTA - CEP 28610000",CONQUISTA,28610000,NOVA FRIBURGO,330340,22 2542-3129,esfconquista22@gmail.com,-22.27341047349555,-42.57818103597544,1244,M,001,16/06/2025
3303402271737,2271737,USF DE AMPARO,MUNICIPIO DE NOVA FRIBURGO,UBS / Atencao basica,UNIDADE BASICA DE SAUDE,"RUA RIVAIL GRIPP, S/N, AMPARO - CEP 28605970",AMPARO,28605970,NOVA FRIBURGO,330340,(22)25411365,esfamparo@fmsnf.rj.gov.br,-22.255231636907816,-42.45929760529399,1244,M,001,08/04/2026
3303402271729,2271729,USF DE CAMPO DO COELHO,MUNICIPIO DE NOVA FRIBURGO,UBS / Atencao basica,UNIDADE BASICA DE SAUDE,"RUA JONES MENDES MUNIZ, S/N, CAMPO DO COELHO - CEP 28630595",CAMPO DO COELHO,28630595,NOVA FRIBURGO,330340,22 2543-1267,esfcoelho@hotmail.com,-22.267812378796496,-42.6156096206329,1244,M,001,16/01/2026
3303402271702,2271702,USF DE CENTENARIO,MUNICIPIO DE NOVA FRIBURGO,UBS / Atencao basica,UNIDADE BASICA DE SAUDE,"ESTRADA SAO LOURENCO, S/N, CENTENARIO - CEP 28630990",CENTENARIO,28630990,NOVA FRIBURGO,330340,22 2523-9869,saudecentenario@gmail.com,-22.30848531761763,-42.667480728836,1244,M,001,21/07/2025
3303409006001,9006001,USF DE CORDOEIRA,MUNICIPIO DE NOVA FRIBURGO,UBS / Atencao basica,UNIDADE BASICA DE SAUDE,"RUA MANOEL CRISTIANO BUSSINGER, 29, CORDOEIRA - CEP 28613730",CORDOEIRA,28613730,NOVA FRIBURGO,330340,,cordoeiraesf@gmail.com,-22.29112321171108,-42.52826049023932,1244,M,001,17/03/2026
3303402289008,2289008,USF DE LUMIAR,MUNICIPIO DE NOVA FRIBURGO,UBS / Atencao basica,UNIDADE BASICA DE SAUDE,"RUA GUILHERME HENRIQUE SPITZ, S/N, LUMIAR - CEP 28616045",LUMIAR,28616045,NOVA FRIBURGO,330340,22 2522-4266,esflumiar22@gmail.com,-22.34755579594561,-42.32594960372968,1244,M,001,17/06/2025
3303402271745,2271745,USF DE MURY,MUNICIPIO DE NOVA FRIBURGO,UBS / Atencao basica,UNIDADE BASICA DE SAUDE,"AVENIDA HAMBURGO, S/N, MURY - CEP 28615970",MURY,28615970,NOVA FRIBURGO,330340,22 2542-1045,esfmury@gmail.com,-22.32637689071287,-42.51853364605814,1244,M,001,09/04/2026
3303403275728,3275728,USF DE NOVA SUICA,MUNICIPIO DE NOVA FRIBURGO,UBS / Atencao basica,UNIDADE BASICA DE SAUDE,"RUA MOISES MORAES FILHO, S/N, NOVA SUICA - CEP 28605990",NOVA SUICA,28605990,NOVA FRIBURGO,330340,22 2521-7569,novasuicaesf@gmail.com,-22.28049,-42.50311,1244,M,001,17/04/2025
3303405085292,5085292,USF DE OLARIA I,MUNICIPIO DE NOVA FRIBURGO,UBS / Atencao basica,UNIDADE BASICA DE SAUDE,"RUA XINGU, 82, OLARIA - CEP 28620310",OLARIA,28620310,NOVA FRIBURGO,330340,22 2528-0438,esfolaria1xingu@gmail.com,-22.3109196,-42.5344168,1244,M,001,23/01/2026
3303405098270,5098270,USF DE OLARIA II,MUNICIPIO DE NOVA FRIBURGO,UBS / Atencao basica,UNIDADE BASICA DE SAUDE,"RUA ESPIRITO SANTO, 09, OLARIA - CEP 28623660",OLARIA,28623660,NOVA FRIBURGO,330340,22 2522-8302,esfolaria2@gmail.com,-22.3013381,-42.5399416,1244,M,001,27/03/2025
3303405085039,5085039,USF DE RIO BONITO,MUNICIPIO DE NOVA FRIBURGO,UBS / Atencao basica,UNIDADE BASICA DE SAUDE,"ESTRADA RIO BONITO, S/N, PRACA, LUMIAR - CEP 28615991",LUMIAR,28615991,NOVA FRIBURGO,330340,22 99948-1120,fernandadearaujo2013@gmail.com,-22.337023038326862,-42.328633963102014,1244,M,001,25/04/2025
3303402271788,2271788,USF DE RIOGRANDINA,MUNICIPIO DE NOVA FRIBURGO,UBS / Atencao basica,UNIDADE BASICA DE SAUDE,"RUA FRANCISCO CAETANO DA SILVA, S/N, RIOGRANDINA - CEP 28634410",RIOGRANDINA,28634410,NOVA FRIBURGO,330340,22 2540-1251,esfriograndina@gmail.com,-22.19466716496728,-42.50354007707695,1244,M,001,26/02/2026
3303402271710,2271710,USF DE SAO LOURENCO,MUNICIPIO DE NOVA FRIBURGO,UBS / Atencao basica,UNIDADE BASICA DE SAUDE,"ESTRADA DE SAO LOURENCO, S/N, SAO LOURENCO - CEP 28630990",SAO LOURENCO,28630990,NOVA FRIBURGO,330340,22 2520-6114,esfpostosl@outlook.com,-22.308559740929578,-42.667534377073686,1244,M,001,16/01/2026
3303402271761,2271761,USF DE SAO PEDRO DA SERRA,MUNICIPIO DE NOVA FRIBURGO,UBS / Atencao basica,UNIDADE BASICA DE SAUDE,"RUA RODRIGUES ALVES, S/N, SAO PEDRO DA SERRA - CEP 28616155",SAO PEDRO DA SERRA,28616155,NOVA FRIBURGO,330340,(22)25423330,esfsaopedro@fmsnf.rj.gov.br,-22.314741568722763,-42.33246663263508,1244,M,001,03/09/2025
3303402271796,2271796,USF DE STUCKY,MUNICIPIO DE NOVA FRIBURGO,UBS / Atencao basica,UNIDADE BASICA DE SAUDE,"ESTRADA ACEDIMIRO BUSSINGER, S/N, STUCKY - CEP 28615445",STUCKY,28615445,NOVA FRIBURGO,330340,,esfstucky@gmail.com,-22.35081626921042,-42.40235983289207,1244,M,001,25/04/2025
3303402271753,2271753,USF DE VARGEM ALTA,MUNICIPIO DE NOVA FRIBURGO,UBS / Atencao basica,UNIDADE BASICA DE SAUDE,"ESTRADA JOAO HERINGER, S/N, VARGEM ALTA - CEP 28611990",VARGEM ALTA,28611990,NOVA FRIBURGO,330340,22 2525-9249 / 9707,esfvargemalta@gmail.com,-22.294470882712535,-42.39075990405769,1244,M,001,16/01/2026
3303405124433,5124433,USF DE VARGINHA,MUNICIPIO DE NOVA FRIBURGO,UBS / Atencao basica,UNIDADE BASICA DE SAUDE,"RUA FRANCISCO LOPES, 178, VARGINHA - CEP 28616200",VARGINHA,28616200,NOVA FRIBURGO,330340,,esfvarginha@fmsnf.rj.gov.br,-22.292762415241395,-42.505025057672206,1244,M,001,29/12/2025
3303405171474,5171474,USF OLARIA III,MUNICIPIO DE NOVA FRIBURGO,UBS / Atencao basica,UNIDADE BASICA DE SAUDE,"RUA AGUSTO NICOLAU RODRIGUES, 59, OLARIA - CEP 28623000",OLARIA,28623000,NOVA FRIBURGO,330340,,esfolaria3@fmsnf.rj.gov.br,-22.311046367057457,-42.53897277522097,1244,M,001,01/08/2025
3303409763341,9763341,USF TERRA NOVA,MUNICIPIO DE NOVA FRIBURGO,UBS / Atencao basica,UNIDADE BASICA DE SAUDE,"RUA EUGENIA DE ALMEIDA MAIA, 110, MAIAS, CONSELHEIRO PAULINO - CEP 28635530",CONSELHEIRO PAULINO,28635530,NOVA FRIBURGO,330340,22 2522-6426,terranovasaude2018@gmail.com,-22.220847568924246,-42.514988385010284,1244,M,001,08/04/2026
3303504341635,4341635,BIANCO CIRURGIA PLASTICA E OFTALMOLOGIA,FM CLINICA DE CIRURGIA PLASTICA E OFTALMOLOGIA LTDA,UBS / Atencao basica,UNIDADE BASICA DE SAUDE,"AV DOUTOR MARIO GUIMARAES, 428, SALA 416, CENTRO - CEP 26255230",CENTRO,26255230,NOVA IGUACU,330350,,,-22.7573474,-43.4613477,2062,M,001,03/10/2023
3303505160286,5160286,CENTRO DE APOIO E VALORIZACAO DA MULHER,SECRETARIA MUNICIPAL DE SAUDE DE NOVA IGUACU,UBS / Atencao basica,UNIDADE BASICA DE SAUDE,"RUA NOSSA SENHORA DE FATIMA, 70, CALIFORNIA - CEP 26220660",CALIFORNIA,26220660,NOVA IGUACU,330350,26680797,coord.cavmulher@afne.org.br,-22.757497088198686,-43.438342340009875,1244,M,001,30/03/2026
3303502284170,2284170,CENTRO DE SAUDE DR VASCO BARCELOS,SECRETARIA MUNICIPAL DE SAUDE DE NOVA IGUACU,UBS / Atencao basica,AMBULATORIO,"RUA BERNARDINO DE MELO, 1895, CENTRO - CEP 26255140",CENTRO,26255140,NOVA IGUACU,330350,(21) 2698-2440,coord.vascobarcelos@afne.org.br,-22.76133096028218,-43.44988790000001,1244,M,016,30/03/2026
3303503070190,3070190,CENTRO DE SAUDE INTEGRATIVA FISIOAPAS,ANA PAULA ARAUJO DA SILVA,UBS / Atencao basica,AMBULATORIO,"AVENIDA ABILIO AUGUSTO TAVORA, S/N, LOTE 07 QD 04, CABUCU - CEP 26291200",CABUCU,26291200,NOVA IGUACU,330350,999578256,fisioapas3@gmail.com,-22.8276336,-43.6003182,4000,M,016,08/09/2022
3303507828373,7828373,CENTRO DE SAUDE IRCLIN,CENTRO DE SAUDE IRCLIN LTDA EPP,UBS / Atencao basica,AMBULATORIO,"GENI SARAIVA, 586, AO LADO DO VIANENSE, PONTO CHIC - CEP 26031482",PONTO CHIC,26031482,NOVA IGUACU,330350,,,-22.7278117,-43.46856833943464,2062,M,016,02/08/2022
3303505432057,5432057,CVS CENTRO DE VIGILANCIA EM SAUDE,SECRETARIA MUNICIPAL DE SAUDE DE NOVA IGUACU,UBS / Atencao basica,UNIDADE BASICA DE SAUDE,"RUA JOSE DE ASSIS FERREIRA, 128, CHACRINHA - CEP 26285590",CHACRINHA,26285590,NOVA IGUACU,330350,21 2667-5843,vigisanitaria.ni@gmail.com,-22.75404671484079,-43.45643112052934,1244,M,001,26/03/2025
3303505342791,5342791,FONO DO AUTISMO,FONO DO AUTISMO LTDA,UBS / Atencao basica,UNIDADE BASICA DE SAUDE,"AV DOUTOR MARIO GUIMARAES, 318, VITALITY CENTER 304, CENTRO - CEP 26255230",CENTRO,26255230,NOVA IGUACU,330350,(21) 6969-3969,FONODOAUTISMO@GMAIL.COM,-22.759614,-43.4575254,2062,M,001,04/04/2025
3303509472991,9472991,POLICLINICA DE MIGUEL COUTO,SECRETARIA MUNICIPAL DE SAUDE DE NOVA IGUACU,UBS / Atencao basica,UNIDADE BASICA DE SAUDE,"RUA DIGOMAR SIMOES E SOUZA, 50, ENTRADA B, MIGUEL COUTO - CEP 26070269",MIGUEL COUTO,26070269,NOVA IGUACU,330350,,,-22.707642935385678,-43.425932147371846,1244,M,001,26/02/2026
3303509406530,9406530,POLICLINICA DE VILA DE CAVA,SECRETARIA MUNICIPAL DE SAUDE DE NOVA IGUACU,UBS / Atencao basica,UNIDADE BASICA DE SAUDE,"RUA ALVARO GONCALVES, 103, VILA DE CAVA - CEP 26052300",VILA DE CAVA,26052300,NOVA IGUACU,330350,,,-22.6822898,-43.4419619,1244,M,001,01/04/2026
3303509537503,9537503,POLICLINICA SANTA RITA,SECRETARIA MUNICIPAL DE SAUDE DE NOVA IGUACU,UBS / Atencao basica,UNIDADE BASICA DE SAUDE,"RUA PHILOMENO COELHO, 347, B, JARDIM SANTA RITA - CEP 26050110",JARDIM SANTA RITA,26050110,NOVA IGUACU,330350,26580911,coord.santarita@afne.org.br,-22.6916701,-43.4673832,1244,M,001,10/10/2025
3303508038651,8038651,TH2,TH2 SAUDE LTDA,UBS / Atencao basica,UNIDADE BASICA DE SAUDE,"R AFRANIO PEIXOTO, 99, BLOCO B APT 1801, CENTRO - CEP 26255330",CENTRO,26255330,NOVA IGUACU,330350,21988984856,THIAGOCUNHATOMAS@GMAIL.COM,-22.7620675,-43.4573961,2062,M,001,14/11/2025
3303603560678,3560678,CENTRO MUNICIPAL DE SAUDE COLETIVA 1 DE MAIO,MUNICIPIO DE PARACAMBI,UBS / Atencao basica,UNIDADE BASICA DE SAUDE,"RUA NATAL, 69, AREA RURAL, BNH - CEP 26600000",BNH,26600000,PARACAMBI,330360,(21)36932715,semus.pbi@ig.com.br,-22.60066,-43.6954,1244,M,001,08/12/2025
3303602295636,2295636,CENTRO MUNICIPAL DE SAUDE COLETIVA BOM JARDIM,MUNICIPIO DE PARACAMBI,UBS / Atencao basica,AMBULATORIO,"ESTRADA MAURICIO S GUIMARAES, 980, BOM JARDIM - CEP 26600000",BOM JARDIM,26600000,PARACAMBI,330360,(21)26833618,,-22.63396,-43.70012,1244,M,016,08/12/2025
3303603560627,3560627,CENTRO MUNICIPAL DE SAUDE COLETIVA CHACRINHA,MUNICIPIO DE PARACAMBI,UBS / Atencao basica,UNIDADE BASICA DE SAUDE,"RUA JOSE LUIZ AMORIM, 141, AREA RURAL, LAGES - CEP 26600000",LAGES,26600000,PARACAMBI,330360,(21)36932715,semus.pbi@ig.com.br,-22.60913,-43.71039,1244,M,001,30/10/2025
3303602279495,2279495,CENTRO MUNICIPAL DE SAUDE COLETIVA DE LAGES,MUNICIPIO DE PARACAMBI,UBS / Atencao basica,AMBULATORIO,"RUA PREFEITO HELIO FERREIRA DA SILVA, 116, LAGES - CEP 26600000",LAGES,26600000,PARACAMBI,330360,(21)26834848,,-22.62369,-43.7051,1244,M,016,08/12/2025
3303602279398,2279398,CENTRO MUNICIPAL DE SAUDE COLETIVA DE PARACAMBI,MUNICIPIO DE PARACAMBI,UBS / Atencao basica,AMBULATORIO,"R GETULIO VARGAS, 16, CENTRO - CEP 26600000",CENTRO,26600000,PARACAMBI,330360,(21)26832421,,-22.608335,-43.70946,1244,M,016,05/12/2025
3303603142922,3142922,MSC AMAPA,MUNICIPIO DE PARACAMBI,UBS / Atencao basica,UNIDADE BASICA DE SAUDE,"RUA CIPRIANO RODRIGUES CABRAL, 355, AMAPA - CEP 26600000",AMAPA,26600000,PARACAMBI,330360,(21)26833618,semus.pbi@ig.com.br,-22.6198083,-43.717888,1244,M,001,31/10/2025
3303602279371,2279371,MSC CASCATA,MUNICIPIO DE PARACAMBI,UBS / Atencao basica,UNIDADE BASICA DE SAUDE,"RUA VICENTE CICARINO, 299, AREA RURAL, CASCATA - CEP 26600000",CASCATA,26600000,PARACAMBI,330360,(21)26832587,,-22.59802,-43.71482,1244,M,001,31/10/2025
3303602279452,2279452,MSC FAZENDA DO SABUGO,MUNICIPIO DE PARACAMBI,UBS / Atencao basica,UNIDADE BASICA DE SAUDE,"ESTRADA DA FLORESTA, 100, SABUGO - CEP 26600000",SABUGO,26600000,PARACAMBI,330360,(21)26832587,,-22.6183725,-43.7228445,1244,M,001,31/10/2025
3303602279320,2279320,MSC FLORESTA,MUNICIPIO DE PARACAMBI,UBS / Atencao basica,UNIDADE BASICA DE SAUDE,"RUA CAPITAO BRAGA, 100, AREA RURAL, FLORESTA - CEP 26600000",FLORESTA,26600000,PARACAMBI,330360,(21)26833618,,-22.62574,-43.70246,1244,M,001,31/10/2025
3303602279444,2279444,MSC GUARAJUBA,MUNICIPIO DE PARACAMBI,UBS / Atencao basica,UNIDADE BASICA DE SAUDE,"R SAO PAULO, S/N, GUARAJUBA - CEP 26600000",GUARAJUBA,26600000,PARACAMBI,330360,(21)26832587,,-22.6355179,-43.7142328,1244,M,001,08/12/2025
3303602279347,2279347,MSC JARDIM NOVA ERA,MUNICIPIO DE PARACAMBI,UBS / Atencao basica,UNIDADE BASICA DE SAUDE,"RUA DOS ANTURIOS, 65, JARDIM NOVA ERA - CEP 26600000",JARDIM NOVA ERA,26600000,PARACAMBI,330360,(21)26832587,,-22.59587,-43.68547,1244,M,001,31/10/2025
3303602295644,2295644,MSC LAGES I,MUNICIPIO DE PARACAMBI,UBS / Atencao basica,UNIDADE BASICA DE SAUDE,"RUA PREFEITO HELIO FERREIRA DA SILVA, 116, LAGES - CEP 26600000",LAGES,26600000,PARACAMBI,330360,,,-22.6216838,-43.7036093,1244,M,001,31/10/2025
3303702276232,2276232,UBS BARAO DE ANGRA UNIDADE JOAO FRANCISCO PEREIRA,MUNICIPIO DE PARAIBA DO SUL,UBS / Atencao basica,UNIDADE BASICA DE SAUDE,"TRAVESSA MILTON DE ANDRADE, S/N, BARAO DE ANGRA - CEP 25850000",BARAO DE ANGRA,25850000,PARAIBA DO SUL,330370,( ),,-22.1405228,-43.2587862,1244,M,001,07/10/2025
3303702294281,2294281,UBS BELA VISTA UNIDADE MARIA ELISA ALMEIDA COELHO,MUNICIPIO DE PARAIBA DO SUL,UBS / Atencao basica,UNIDADE BASICA DE SAUDE,"RUA BRENO NAZARIO TEIXEIRA, S/N, BELA VISTA - CEP 25850000",BELA VISTA,25850000,PARAIBA DO SUL,330370,,,-22.1748953,-43.2997195,1244,M,001,09/10/2025
3303702276194,2276194,UBS CENTRO UNIDADE AGNEL MENDONCA DE A MAFRA,MUNICIPIO DE PARAIBA DO SUL,UBS / Atencao basica,UNIDADE BASICA DE SAUDE,"RANGEL PESTANA, 0, CENTRO - CEP 25850000",CENTRO,25850000,PARAIBA DO SUL,330370,,,-22.1577282,-43.2822226,1244,M,001,30/11/2025
3303709430717,9430717,UBS ELDORADO,MUNICIPIO DE PARAIBA DO SUL,UBS / Atencao basica,UNIDADE BASICA DE SAUDE,"ESTRADA PREFEITO ANTONIO DA CRUZ BARROS, 459, ELDORADO - CEP 25850000",ELDORADO,25850000,PARAIBA DO SUL,330370,24 22633149,,-22.1421676,-43.2865727,1244,M,001,07/10/2025
3303704466144,4466144,UBS GLORIA VALDENIR GOMES MORAES,MUNICIPIO DE PARAIBA DO SUL,UBS / Atencao basica,UNIDADE BASICA DE SAUDE,"PRACA MARECHAL CASTELO BRANCO, 15, GLORIA - CEP 25850000",GLORIA,25850000,PARAIBA DO SUL,330370,,,-22.2131317,-43.3203336,1244,M,001,22/10/2025
3303702276046,2276046,UBS INCONFIDENCIA UNIDADE SEBASTIAO TAVARES DOS REIS,MUNICIPIO DE PARAIBA DO SUL,UBS / Atencao basica,UNIDADE BASICA DE SAUDE,"RUA FRANCISCO BENTO ARGON, S/N, INCONFIDENCIA - CEP 25850000",INCONFIDENCIA,25850000,PARAIBA DO SUL,330370,,,-22.2522255,-43.1929443,1244,M,001,07/10/2025
3303702276208,2276208,UBS INEMA UNIDADE MARIA ANTONIA NOGUEIRA,MUNICIPIO DE PARAIBA DO SUL,UBS / Atencao basica,UNIDADE BASICA DE SAUDE,"PRACA SEBASTIAO MENEZES, S/N, INEMA - CEP 25850000",INEMA,25850000,PARAIBA DO SUL,330370,,,-22.1954391,-43.3227136,1244,M,001,07/10/2025
3303702276119,2276119,UBS LAVAPES UNIDADE RUY CESAR SOARES,MUNICIPIO DE PARAIBA DO SUL,UBS / Atencao basica,UNIDADE BASICA DE SAUDE,"RUA MOREIRA CESAR, 240, LAVA PES - CEP 25850000",LAVA PES,25850000,PARAIBA DO SUL,330370,,,-22.1530276,-43.2894907,1244,M,001,07/10/2025
3303702290952,2290952,UBS LIBERDADE UNIDADE DR ANTONIO DIAS DA COSTA,MUNICIPIO DE PARAIBA DO SUL,UBS / Atencao basica,UNIDADE BASICA DE SAUDE,"AVENIDA PAULO PEDRO DE LACERDA, 814, LIBERDADE - CEP 25850000",LIBERDADE,25850000,PARAIBA DO SUL,330370,,,-22.1719319,-43.311306,1244,M,001,07/10/2025
3303702276135,2276135,UBS LIMOEIRO UNIDADE ETELVINA PAULINO,MUNICIPIO DE PARAIBA DO SUL,UBS / Atencao basica,UNIDADE BASICA DE SAUDE,"RUA LEONOR DE SOUZA BARROS, S/N, LIMOEIRO - CEP 25850000",LIMOEIRO,25850000,PARAIBA DO SUL,330370,,,-22.1407604,-43.2842338,1244,M,001,07/10/2025
3303702276062,2276062,UBS MORRO DA ALEGRIA UNIDADE ALCIDES FERREIRA,MUNICIPIO DE PARAIBA DO SUL,UBS / Atencao basica,UNIDADE BASICA DE SAUDE,"RUA CELIA DA GAMA CRUZ, 313, GRAMA - CEP 25850000",GRAMA,25850000,PARAIBA DO SUL,330370,,,-22.1678529,-43.2902903,1244,M,001,07/10/2025
3303702276216,2276216,UBS PALHAS LILIAN SALGADO,MUNICIPIO DE PARAIBA DO SUL,UBS / Atencao basica,UNIDADE BASICA DE SAUDE,"AV PREFEITO BENTO GONCALVES PEREIRA, 10, CENTRO - CEP 25850000",CENTRO,25850000,PARAIBA DO SUL,330370,,,-22.1678525,-43.2980152,1244,M,001,30/11/2025
3303700222305,0222305,UBS PARQUE MORONE RAFAEL DA SILVA RODRIGUES CARUBA,MUNICIPIO DE PARAIBA DO SUL,UBS / Atencao basica,UNIDADE BASICA DE SAUDE,"RUA VENEZUELA, 1, PARQUE MORONE - CEP 25850000",PARQUE MORONE,25850000,PARAIBA DO SUL,330370,,,-22.1487784,-43.2849433,1244,M,001,07/10/2025
3303702276100,2276100,UBS PARQUE NIAGARA UNIDADE LUIS CLAUDIO L DIAS,MUNICIPIO DE PARAIBA DO SUL,UBS / Atencao basica,UNIDADE BASICA DE SAUDE,"RUA ITAPUA, 01, JATOBA - CEP 25850000",JATOBA,25850000,PARAIBA DO SUL,330370,,,-22.1708247,-43.298229,1244,M,001,07/10/2025
3303702276054,2276054,UBS QUEIMA SANGUE UNIDADE ANTONIO JOSE RESENDE,MUNICIPIO DE PARAIBA DO SUL,UBS / Atencao basica,UNIDADE BASICA DE SAUDE,"ESTRADA DO BELA VISTA, 48, QUEIMA SANGUE - CEP 25850000",QUEIMA SANGUE,25850000,PARAIBA DO SUL,330370,,,-22.189218,-43.2539729,1244,M,001,07/10/2025
3303702696290,2696290,UBS SANTA JOSEFA UNIDADE WALDYR FERREIRA BARBOSA,MUNICIPIO DE PARAIBA DO SUL,UBS / Atencao basica,UNIDADE BASICA DE SAUDE,"ESTRADA VIEIRA CORTEZ, S/N, SANTA JOSEFA - CEP 25850000",SANTA JOSEFA,25850000,PARAIBA DO SUL,330370,,,-22.169358,-43.3040503,1244,M,001,07/10/2025
3303702276151,2276151,UBS SANTO ANTONIO VEREADOR JADIR CORDEIRO,MUNICIPIO DE PARAIBA DO SUL,UBS / Atencao basica,UNIDADE BASICA DE SAUDE,"RUA QUIRINO FRANCISCO PINHEIRO, 0, SANTO ANTONIO - CEP 25850000",SANTO ANTONIO,25850000,PARAIBA DO SUL,330370,,,-22.1917934,-43.3184262,1244,M,001,07/10/2025
3303702290960,2290960,UBS SARDOAL UNIDADE ABILIO GARCIA DA ROSA FILHO,MUNICIPIO DE PARAIBA DO SUL,UBS / Atencao basica,UNIDADE BASICA DE SAUDE,"RUA NOBERTO JOSE DA SILVA LEAL, 3334, SARDOAL - CEP 25850000",SARDOAL,25850000,PARAIBA DO SUL,330370,,,-22.3319988,-43.2759856,1244,M,001,11/12/2025
3303700453692,0453692,UBS VIEIRA CORTEZ CARMEM VICENTE COSTA,MUNICIPIO DE PARAIBA DO SUL,UBS / Atencao basica,UNIDADE BASICA DE SAUDE,"RUA JOSE VICENTE SEXTO, 570, VIERA CORTEZ - CEP 25850000",VIERA CORTEZ,25850000,PARAIBA DO SUL,330370,,,-22.1743084,-43.3380499,1244,M,001,02/09/2025
3303702290979,2290979,UBS WERNECK UNIDADE PEDRO ALVES DE SOUZA,MUNICIPIO DE PARAIBA DO SUL,UBS / Atencao basica,UNIDADE BASICA DE SAUDE,"ESTRADA DE MATOZINHOS, S/N, WERNECK - CEP 25860000",WERNECK,25860000,PARAIBA DO SUL,330370,,,-22.2404549,-43.2877563,1244,M,001,11/12/2025
3303807453248,7453248,ALDEIA INDIGENA PARATY MIRIM,DISTRITO SANITARIO ESPECIAL INDIGENA LITORAL SUL MS,UBS / Atencao basica,UNIDADE BASICA DE SAUDE,"PARATY MIRIM, 00, PARATY MIRIM - CEP 23970000",PARATY MIRIM,23970000,PARATY,330380,24 33711186,dseilitoral.sesai@saude.gov.br,-23.2422432,-44.6374083,1015,M,001,22/09/2025
3303802290987,2290987,CENTRO DE SAUDE DR DERLY HELLENA,SECRETARIA MUNICIPAL DE SAUDE DE PARATY,UBS / Atencao basica,AMBULATORIO,"RUA DOUTOR DERLY ELLENA, S/N, PATITIBA - CEP 23970000",PATITIBA,23970000,PARATY,330380,2433711266,hmspa.faturamento@pmparaty.rj.gov.br,-23.218184716854676,-44.71946507692337,1244,M,016,27/03/2026
3303802296675,2296675,UNIDADE DE SAUDE DA FAMILIA DA BARRA GRANDE,SECRETARIA MUNICIPAL DE SAUDE DE PARATY,UBS / Atencao basica,UNIDADE BASICA DE SAUDE,"RUA NOSSA SENHORA DA CONCEICAO, S/N, BARRA GRANDE - CEP 23970000",BARRA GRANDE,23970000,PARATY,330380,2433712855,,-23.099845526313672,-44.7086101770401,1244,M,001,05/02/2026
3303802296810,2296810,UNIDADE DE SAUDE DA FAMILIA DA ILHA DAS COBRAS,SECRETARIA MUNICIPAL DE SAUDE DE PARATY,UBS / Atencao basica,UNIDADE BASICA DE SAUDE,"RUA BEIRA MAR, S/N, ILHA DAS COBRAS - CEP 23970000",ILHA DAS COBRAS,23970000,PARATY,330380,2433712855,,-23.22578262715451,-44.71271670760529,1244,M,001,05/11/2025
3303802296802,2296802,UNIDADE DE SAUDE DA FAMILIA DA MANGUEIRA,SECRETARIA MUNICIPAL DE SAUDE DE PARATY,UBS / Atencao basica,UNIDADE BASICA DE SAUDE,"RUA DONA MARIA, 61, MANGUEIRA - CEP 23970000",MANGUEIRA,23970000,PARATY,330380,2433712855,,-23.225079352981034,-44.721917371448036,1244,M,001,05/11/2025
3303804670485,4670485,UNIDADE DE SAUDE DA FAMILIA DE TARITUBA,MUNICIPIO DE PARATI,UBS / Atencao basica,UNIDADE BASICA DE SAUDE,"AVENIDA DOS BULHOES, 111, TARITUBA - CEP 23970000",TARITUBA,23970000,PARATY,330380,,,-23.04575457955622,-44.612324237823486,1244,M,001,05/11/2025
3303802696614,2696614,UNIDADE DE SAUDE DA FAMILIA DE TRINDADE,SECRETARIA MUNICIPAL DE SAUDE DE PARATY,UBS / Atencao basica,UNIDADE BASICA DE SAUDE,"AVENIDADE PRINCIPAL, S/N, TRINDADE - CEP 23970000",TRINDADE,23970000,PARATY,330380,2433712855,,-23.351298495628804,-44.723474979400635,1244,M,001,05/11/2025
3303805830575,5830575,UNIDADE DE SAUDE DA FAMILIA DO CONDADO,MUNICIPIO DE PARATY,UBS / Atencao basica,AMBULATORIO,"RUA DO CEDRO, 1, CONDADO - CEP 23970000",CONDADO,23970000,PARATY,330380,,,-23.218709756053766,-44.74512577056885,1244,M,016,04/03/2026
3303802296640,2296640,UNIDADE DE SAUDE DA FAMILIA DO CORISCO,SECRETARIA MUNICIPAL DE SAUDE DE PARATY,UBS / Atencao basica,UNIDADE BASICA DE SAUDE,"ESTRADA DO CORISCO, S/N, CORISCO - CEP 23970000",CORISCO,23970000,PARATY,330380,(24)33711266,,-23.246918354579932,-44.7854366291304,1244,M,001,05/11/2025
3303809783458,9783458,UNIDADE DE SAUDE DA FAMILIA DO JABAQUARA,UNIDADE DE SAUDE DA FAMILIA DO JABAQUARA,UBS / Atencao basica,UNIDADE BASICA DE SAUDE,"RUA DOM MANOEL, 185, JABAQUARA - CEP 23970000",JABAQUARA,23970000,PARATY,330380,,,-23.208632587102816,-44.71834659576416,1244,M,001,05/11/2025
3303803909816,3909816,UNIDADE DE SAUDE DA FAMILIA DO PANTANAL,SECRETARIA MUNICIPAL DE SAUDE DE PARATY,UBS / Atencao basica,UNIDADE BASICA DE SAUDE,"RUA DOS JACARANDAS, 168, PANTANAL - CEP 23970000",PANTANAL,23970000,PARATY,330380,2433712855,,-23.22578895628575,-44.75438475608826,1244,M,001,04/03/2026
3303802296667,2296667,UNIDADE DE SAUDE DA FAMILIA DO PARATIMIRIM,SECRETARIA MUNICIPAL DE SAUDE DE PARATY,UBS / Atencao basica,UNIDADE BASICA DE SAUDE,"ESTRADA DO PARATY MIRIM, S/N, PARATIMIRIM - CEP 23970000",PARATIMIRIM,23970000,PARATY,330380,2433712855,,-23.263388378598183,-44.66497518092514,1244,M,001,05/11/2025
3303802296659,2296659,UNIDADE DE SAUDE DA FAMILIA DO PATRIMONIO,SECRETARIA MUNICIPAL DE SAUDE DE PARATY,UBS / Atencao basica,UNIDADE BASICA DE SAUDE,"BR 101 KM202, S/N, PATRIMONIO - CEP 23970000",PATRIMONIO,23970000,PARATY,330380,2433712855,,-23.31766614150332,-44.721479415893555,1244,M,001,05/02/2026
3303802296683,2296683,UNIDADE DE SAUDE DA FAMILIA DO TAQUARI,SECRETARIA MUNICIPAL DE SAUDE DE PARATY,UBS / Atencao basica,UNIDADE BASICA DE SAUDE,"TAQUARI, S/N, TAQUARI - CEP 23970000",TAQUARI,23970000,PARATY,330380,2433712855,,-23.0489138,-44.6747582,1244,M,001,02/12/2025
3303859423907,9423907,CLINICA MED LIFE,FERNANDA MACEDO BERNARDES DANTAS,UBS / Atencao basica,UNIDADE BASICA DE SAUDE,"RUA DR SEBASTIAO LACERDA, 61, CENTRO - CEP 26950000",CENTRO,26950000,PATY DO ALFERES,330385,(24) 2485 1927,,-22.42617326932717,-43.422871828079224,4000,M,001,21/07/2022
3303857666594,7666594,CLINICA PATY TRANS,CLINICA PATY TRANS LTDA ME,UBS / Atencao basica,UNIDADE BASICA DE SAUDE,"RUA CORONEL MANOEL BERNARDES, 412, LOJA 2, CENTRO - CEP 26950000",CENTRO,26950000,PATY DO ALFERES,330385,,,-22.429857547223463,-43.42117130756378,2240,M,001,12/12/2023
3303859348867,9348867,ESPACO SAUDE,ELISANGELA LISBOA CURITIBA ME,UBS / Atencao basica,UNIDADE BASICA DE SAUDE,"EMB PASCHOAL CARLOS MAGNO, 890, 892, CAMINHO DA GRUTA - CEP 26950000",CAMINHO DA GRUTA,26950000,PATY DO ALFERES,330385,24 24852091,,-22.409785,-43.420953,2135,M,001,03/03/2026
3303859738266,9738266,ESTRATEGIA DE SAUDE DA FAMILIA ARCOZELO,SMS DE PATY DO ALFERES,UBS / Atencao basica,UNIDADE BASICA DE SAUDE,"AVENIDA PASCHOAL CARLOS MAGNO, 250, ARCOZELO - CEP 26950000",ARCOZELO,26950000,PATY DO ALFERES,330385,(24) 24859070,,-22.41769360420406,-43.420329093933105,1031,M,001,19/09/2025
3303859738274,9738274,ESTRATEGIA DE SAUDE DA FAMILIA AVELAR,SMS DE PATY DO ALFERES,UBS / Atencao basica,UNIDADE BASICA DE SAUDE,"RUA BARAO DE CAPIVARI, S/N, AVELAR - CEP 26980000",AVELAR,26980000,PATY DO ALFERES,330385,,,-22.320482,-43.402145,1031,M,001,30/06/2025
3303852295520,2295520,ESTRATEGIA DE SAUDE DA FAMILIA BELA VISTA,SMS DE PATY DO ALFERES,UBS / Atencao basica,UNIDADE BASICA DE SAUDE,"EST BATATAL, S/N, CASA, BELA VISTA - CEP 26980000",BELA VISTA,26980000,PATY DO ALFERES,330385,(24)24851627,smspaty@gmail.com,-22.405445,-43.447377,1031,M,001,30/06/2025
3303852295539,2295539,ESTRATEGIA DE SAUDE DA FAMILIA CENTRO I,SMS DE PATY DO ALFERES,UBS / Atencao basica,UNIDADE BASICA DE SAUDE,"RUA CAP ZENOBIO, 42, BLOCO, CENTRO - CEP 26950000",CENTRO,26950000,PATY DO ALFERES,330385,(24)24851623,,-22.4251517698518,-43.421831130981445,1031,M,001,06/11/2025
3303850979813,0979813,ESTRATEGIA DE SAUDE DA FAMILIA CENTRO II,SMS DE PATY DO ALFERES,UBS / Atencao basica,UNIDADE BASICA DE SAUDE,"RUA DR LEOPOLDO, 77, ESPERANCA - CEP 26950000",ESPERANCA,26950000,PATY DO ALFERES,330385,,,-22.43258,-43.42504,1031,M,001,19/09/2025
3303852277247,2277247,ESTRATEGIA DE SAUDE DA FAMILIA COQUEIROS,SMS DE PATY DO ALFERES,UBS / Atencao basica,UNIDADE BASICA DE SAUDE,"RUA ANTONIO LOPES DE MELLO, 173, CASA, COQUEIROS - CEP 26950000",COQUEIROS,26950000,PATY DO ALFERES,330385,(24)24851627,smspaty@gmail.com,-22.41896310749546,-43.37505340576172,1031,M,001,24/02/2026
3303852295474,2295474,ESTRATEGIA DE SAUDE DA FAMILIA GRANJA,SMS DE PATY DO ALFERES,UBS / Atencao basica,UNIDADE BASICA DE SAUDE,"RUA PACHECO, 100, CASA, GRANJA CALIFORNIA - CEP 26980000",GRANJA CALIFORNIA,26980000,PATY DO ALFERES,330385,(24)24851627,smspaty@gmail.com,-22.33185,-43.41813,1031,M,001,15/08/2025
3303852295555,2295555,ESTRATEGIA DE SAUDE DA FAMILIA HORIZONTE,SMS DE PATY DO ALFERES,UBS / Atencao basica,UNIDADE BASICA DE SAUDE,"EST DO GUARIBU, 4661, CASA, HORIZONTE - CEP 26980000",HORIZONTE,26980000,PATY DO ALFERES,330385,,smspaty@gmail.com,-22.337644,-43.473117,1031,M,001,30/06/2025
3303852277204,2277204,ESTRATEGIA DE SAUDE DA FAMILIA MARAVILHA,SMS DE PATY DO ALFERES,UBS / Atencao basica,UNIDADE BASICA DE SAUDE,"EST DA BOA VISTA, 23, CASA, MARAVILHA - CEP 26950000",MARAVILHA,26950000,PATY DO ALFERES,330385,(24)24851627,smspaty@gmail.com,-22.407485,-43.385255,1031,M,001,30/06/2025
3303852277190,2277190,ESTRATEGIA DE SAUDE DA FAMILIA PALMARES,SMS DE PATY DO ALFERES,UBS / Atencao basica,UNIDADE BASICA DE SAUDE,"RUA FRANCISCO KLAUSS WERNECK, 7301, CASA, PALMARES - CEP 26950000",PALMARES,26950000,PATY DO ALFERES,330385,(24)24857035,smspaty@gmail.com,-22.451815,-43.407818,1031,M,001,30/06/2025
3303852277182,2277182,ESTRATEGIA DE SAUDE DA FAMILIA PEDRAS RUIVAS,SMS DE PATY DO ALFERES,UBS / Atencao basica,UNIDADE BASICA DE SAUDE,"RUA SANTOS DUMONT, 590, CASA, PEDRAS RUIVAS - CEP 26950000",PEDRAS RUIVAS,26950000,PATY DO ALFERES,330385,(24)24851627,smspaty@gmail.com,-22.440996,-43.439164,1031,M,001,30/06/2025
3303852277239,2277239,ESTRATEGIA DE SAUDE DA FAMILIA POAIA,SMS DE PATY DO ALFERES,UBS / Atencao basica,UNIDADE BASICA DE SAUDE,"RUA VIUVA BASTOS, 1457, CASA, POAIA - CEP 26950000",POAIA,26950000,PATY DO ALFERES,330385,(24)24851060,smspaty@gmail.com,-22.41082,-43.43463,1031,M,001,30/06/2025
3303852295504,2295504,ESTRATEGIA DE SAUDE DA FAMILIA SERTAO DOS COENTROS,SMS DE PATY DO ALFERES,UBS / Atencao basica,UNIDADE BASICA DE SAUDE,"EST DA CAPIVARA, 5730, CASA, SERTAO DOS COENTROS - CEP 26950000",SERTAO DOS COENTROS,26950000,PATY DO ALFERES,330385,(24)24851627,smspaty@gmail.com,-22.379034,-43.383152,1031,M,001,06/11/2025
3303852295512,2295512,ESTRATEGIA DE SAUDE DA FAMILIA VISTA ALEGRE,SMS DE PATY DO ALFERES,UBS / Atencao basica,UNIDADE BASICA DE SAUDE,"ESTRADA SERTAO DO CALIXTO, S/N, CASA, VISTA ALEGRE - CEP 26950000",VISTA ALEGRE,26950000,PATY DO ALFERES,330385,(24)24852737,smspaty@gmail.com,-22.318447,-43.380837,1031,M,001,30/06/2025
3303909016481,9016481,ACADEMIA DA SAUDE CASTELO S MANOEL GERALDO MENDES DA SILVA,MUNICIPIO DE PETROPOLIS,UBS / Atencao basica,UNIDADE BASICA DE SAUDE,"RUA CAPITAO JOAO AMANCIO DE SOUZA COUTINHO, S/N, CASTELO SAO MANOEL, CORREAS - CEP 25720210",CORREAS,25720210,PETROPOLIS,330390,,,-22.43081,-43.14232,1244,M,001,09/07/2025
3303907945280,7945280,ACADEMIA DA SAUDE CREMERIE JACOB JOSE HAMMES,PREFEITURA DE PETROPOLIS,UBS / Atencao basica,UNIDADE BASICA DE SAUDE,"ESTRADA DA INDEPENDENCIA, S/N, PARQUE MUN CREMERIE, INDEPENDENCIA - CEP 25645343",INDEPENDENCIA,25645343,PETROPOLIS,330390,,,-22.43081,-43.20702,1244,M,001,04/07/2025
3303907971974,7971974,ACADEMIA DA SAUDE ITAIPAVA TELE SANTANA,POLO ACADEMIA DA SAUDE,UBS / Atencao basica,UNIDADE BASICA DE SAUDE,"ESTRADA UNIAO E INDUSTRIA, 10000, ITAIPAVA - CEP 25730745",ITAIPAVA,25730745,PETROPOLIS,330390,,,-22.40212,-43.13468,1244,M,001,18/07/2025
3303907929803,7929803,ACADEMIA DA SAUDE VALE DO CARANGOLA,MUNICIPIO DE PETROPOLIS,UBS / Atencao basica,UNIDADE BASICA DE SAUDE,"RUA WALDEMAR VIEIRA AFONSO, S/N, VALE DO CARANGOLA - CEP 25715402",VALE DO CARANGOLA,25715402,PETROPOLIS,330390,,,-22.44891,-43.17246,1244,M,001,30/06/2025
3303906033458,6033458,AMBULATORIO DE ESPECIALIDADES JOAO CORREIA DE LIMA,SECRETARIA MUNICIPAL DE SAUDE DE PETROPOLIS,UBS / Atencao basica,UNIDADE BASICA DE SAUDE,"ESTRADA UNIAO E INDUSTRIA, 32964, CASA A, POSSE - CEP 25770000",POSSE,25770000,PETROPOLIS,330390,2422591998,,-22.285258,-43.092868,1244,M,001,25/11/2024
3303902275597,2275597,CENTRO DE SAUDE COLETIVA PROFESSOR MANOEL JOSE FERREIRA,MUNICIPIO DE PETROPOLIS,UBS / Atencao basica,AMBULATORIO,"RUA SANTOS DUMONT, 100, CENTRO - CEP 25625090",CENTRO,25625090,PETROPOLIS,330390,(24) 2237-3616,ssacsc@petropolis.rj.gov.br,-22.508552750259746,-43.1677508354187,1244,M,016,07/04/2026
3303902276003,2276003,CENTRO DE SAUDE ITAMARATI DR JORGE FERREIRA MACHADO,MUNICIPIO DE PETROPOLIS,UBS / Atencao basica,UNIDADE BASICA DE SAUDE,"RUA BERNARDO PROENCA, 32, ITAMARATI - CEP 25710082",ITAMARATI,25710082,PETROPOLIS,330390,(24)22435432,,-22.481496558556216,-43.152955770492554,1244,M,001,23/03/2026
3303902766736,2766736,UBS 24 DE MAIO,MUNICIPIO DE PETROPOLIS,UBS / Atencao basica,UNIDADE BASICA DE SAUDE,"RUA 24 DE MAIO, 197, ALTO DA SERRA - CEP 25640550",ALTO DA SERRA,25640550,PETROPOLIS,330390,2422438713,,-22.5171365,-43.1772616,1244,M,001,01/07/2025
3303902766744,2766744,UBS AGUAS LINDAS,MUNICIPIO DE PETROPOLIS,UBS / Atencao basica,UNIDADE BASICA DE SAUDE,"ESTRADA DO PALMITAL, 768, NOGUEIRA - CEP 25730500",NOGUEIRA,25730500,PETROPOLIS,330390,(24)22362353,,-22.41293,-43.11753,1244,M,001,01/07/2025
3303903340635,3340635,UBS ALTO DA SERRA FREI LEAO,MUNICIPIO DE PETROPOLIS,UBS / Atencao basica,UNIDADE BASICA DE SAUDE,"RUA TEREZA, 2024, ALTO DA SERRA - CEP 25635530",ALTO DA SERRA,25635530,PETROPOLIS,330390,2231-3686,,-22.528836286864557,-43.17249950804357,1244,M,001,13/08/2025
3303902275899,2275899,UBS ALTO INDEPENDENCIA PERPETUA DE PAULA MOREIRA,MUNICIPIO DE PETROPOLIS,UBS / Atencao basica,UNIDADE BASICA DE SAUDE,"RUA ANGELO JOAO BRAND, S/N, ALTO INDEPENDENCIA - CEP 25645240",ALTO INDEPENDENCIA,25645240,PETROPOLIS,330390,2422438386,,-22.54893,-43.21259,1244,M,001,06/11/2025
3303902275686,2275686,UBS ALTO SIMERIA,MUNICIPIO DE PETROPOLIS,UBS / Atencao basica,UNIDADE BASICA DE SAUDE,"RUA MANOEL FRANCISCO DE PAULA, S/N, ALTO SIMERIA - CEP 25645000",ALTO SIMERIA,25645000,PETROPOLIS,330390,2422426980,,-22.54508,-43.20348,1244,M,001,04/07/2025
3303906757677,6757677,UBS AMAZONAS,MUNICIPIO DE PETROPOLIS,UBS / Atencao basica,UNIDADE BASICA DE SAUDE,"RUA ALAGOAS, S/N, ESQ RUA AMAZONAS, QUITANDINHA - CEP 25650170",QUITANDINHA,25650170,PETROPOLIS,330390,2249-6917,,-22.532835,-43.22885,1244,M,001,04/10/2023
3303902275937,2275937,UBS ARARAS GERALDO FERNANDES TAVARES DE SOUZA,MUNICIPIO DE PETROPOLIS,UBS / Atencao basica,UNIDADE BASICA DE SAUDE,"ESTRADA BERNARDO COUTINHO, 2256, ARARAS - CEP 25725032",ARARAS,25725032,PETROPOLIS,330390,(24)22251320,,-22.4220508,-43.1732275,1244,M,001,12/08/2025
3303902275856,2275856,UBS BAIRRO CASTRIOTO,MUNICIPIO DE PETROPOLIS,UBS / Atencao basica,UNIDADE BASICA DE SAUDE,"RUA SANTA RITA DE CASSIA, 114, BAIRRO CASTRIOTO - CEP 25665300",BAIRRO CASTRIOTO,25665300,PETROPOLIS,330390,(24)22465440,,-22.5057,-43.21624,1244,M,001,04/07/2025
3303904204867,4204867,UBS BAIRRO DA GLORIA SEBASTIAO ISMERIO CARDOSO,MUNICIPIO DE PETROPOLIS,UBS / Atencao basica,UNIDADE BASICA DE SAUDE,"R E AC EST GLORIA, 685, GLORIA - CEP 25720260",GLORIA,25720260,PETROPOLIS,330390,24992080898,ubsbairrodagloria@alcidescarneiro.com,-22.492191,-43.13653,1244,M,001,09/12/2025
3303903616851,3616851,UBS BATAILLARD,MUNICIPIO DE PETROPOLIS,UBS / Atencao basica,UNIDADE BASICA DE SAUDE,"RUA BATAILLARD, 35, PQ RES MOSELA, MOSELA - CEP 25675160",MOSELA,25675160,PETROPOLIS,330390,2422466481,,-22.488669720415054,-43.19722721707084,1244,M,001,04/07/2025
3303905578485,5578485,UBS BINGEN MIRALDA JUSTEN CABRAL DA PONTE,MUNICIPIO DE PETROPOLIS,UBS / Atencao basica,UNIDADE BASICA DE SAUDE,"VILA PEDRO WINTER, 15, BINGEN - CEP 25665030",BINGEN,25665030,PETROPOLIS,330390,,,-22.51008,-43.21218,1244,M,001,20/03/2026
3303902275910,2275910,UBS BOA ESPERANCA,MUNICIPIO DE PETROPOLIS,UBS / Atencao basica,UNIDADE BASICA DE SAUDE,"ESTRADA MINISTRO SALGADO FILHO, S/N, BOA ESPERANCA - CEP 25745690",BOA ESPERANCA,25745690,PETROPOLIS,330390,2422227675,,-22.382357,-43.077326,1244,M,001,04/07/2025
3303903049825,3049825,UBS BOA VISTA,MUNICIPIO DE PETROPOLIS,UBS / Atencao basica,UNIDADE BASICA DE SAUDE,"RUA HENRIQUE JOAO DA CRUZ, 300, MORRO DA BOA VISTA, BOA VISTA - CEP 25716240",BOA VISTA,25716240,PETROPOLIS,330390,(24)22475511,,-22.47645,-43.15651,1244,M,001,13/08/2025
3303902275716,2275716,UBS BONFIM,MUNICIPIO DE PETROPOLIS,UBS / Atencao basica,UNIDADE BASICA DE SAUDE,"ESTRADA DO BONFIM, S/N, CORREAS - CEP 25730010",CORREAS,25730010,PETROPOLIS,330390,2422360268,,-22.40402238,-43.090969,1244,M,001,04/07/2025
3303903049795,3049795,UBS BREJAL ARLINDO DE CARVALHO,MUNICIPIO DE PETROPOLIS,UBS / Atencao basica,UNIDADE BASICA DE SAUDE,"ESTRADA DO BREJAL, S/N, KM 6, POSSE - CEP 25770090",POSSE,25770090,PETROPOLIS,330390,2422592016,,-22.2618416,-43.026366,1244,M,001,12/08/2025
3303902275872,2275872,UBS CARANGOLA,MUNICIPIO DE PETROPOLIS,UBS / Atencao basica,UNIDADE BASICA DE SAUDE,"ESTRADA DO CARANGOLA, 860, CARANGOLA - CEP 25715221",CARANGOLA,25715221,PETROPOLIS,330390,2422474573,,-22.4736353,-43.1579393,1244,M,001,13/08/2025
3303905997674,5997674,UBS CASTELO SAO MANOEL DR SERGIO LUIS BASTOS,MUNICIPIO DE PETROPOLIS,UBS / Atencao basica,UNIDADE BASICA DE SAUDE,"RUA DIONEZIA CORREA TORRES PIRES DO COUTO, 10, CORREAS - CEP 25720210",CORREAS,25720210,PETROPOLIS,330390,2422911394,,-22.4357202,-43.139565,1244,M,001,30/06/2025
3303900265217,0265217,UBS CAXAMBU LUZITANO JAIR SIMOES,MUNICIPIO DE PETROPOLIS,UBS / Atencao basica,UNIDADE BASICA DE SAUDE,"RUA FLAVIO CAVALCANTI, 154, CAXAMBU - CEP 25615060",CAXAMBU,25615060,PETROPOLIS,330390,,,-22.5053641,-43.1543825,1244,M,001,14/07/2025
3303902275791,2275791,UBS CAXAMBU SANTA IZABEL DR RUBENS DE CASTRO BOMTEMPO,MUNICIPIO DE PETROPOLIS,UBS / Atencao basica,UNIDADE BASICA DE SAUDE,"RUA JOSE ALMEIDA AMADO, S/N, CAXAMBU - CEP 25615000",CAXAMBU,25615000,PETROPOLIS,330390,(24)22355561,,-22.50575,-43.1376,1244,M,001,12/08/2025
3303902275740,2275740,UBS COMUNIDADE 1 DE MAIO,MUNICIPIO DE PETROPOLIS,UBS / Atencao basica,UNIDADE BASICA DE SAUDE,"RUA NOURIVAL BRAGA DA SILVA, S/N, MADAME MACHADO - CEP 25745706",MADAME MACHADO,25745706,PETROPOLIS,330390,2422226454,,-22.40297,-43.09741,1244,M,001,04/07/2025
3303902275724,2275724,UBS COMUNIDADE MENINO JESUS DE PRAGA,MUNICIPIO DE PETROPOLIS,UBS / Atencao basica,UNIDADE BASICA DE SAUDE,"RUA JOAO XAVIER, 269, DUARTE DA SILVEIRA - CEP 25665400",DUARTE DA SILVEIRA,25665400,PETROPOLIS,330390,2422489522,,-22.49762,-43.22299,1244,M,001,04/07/2025
3303902275783,2275783,UBS COMUNIDADE SAO JOAO BATISTA,MUNICIPIO DE PETROPOLIS,UBS / Atencao basica,UNIDADE BASICA DE SAUDE,"RUA LUIZ WINTER, 560, DUARTE DA SILVEIRA - CEP 25665431",DUARTE DA SILVEIRA,25665431,PETROPOLIS,330390,(24)22489604,,-22.498,-43.23283,1244,M,001,04/07/2025
3303904850890,4850890,UBS CORREAS,MUNICIPIO DE PETROPOLIS,UBS / Atencao basica,UNIDADE BASICA DE SAUDE,"ESTRADA UNIAO INDUSTRIA, 4672, CORREAS - CEP 25720111",CORREAS,25720111,PETROPOLIS,330390,2236-6600,,-22.4393,-43.13908,1244,M,001,15/09/2025
3303902275708,2275708,UBS DR THOUZET,MUNICIPIO DE PETROPOLIS,UBS / Atencao basica,UNIDADE BASICA DE SAUDE,"RUA DR THOUZET, 609, QUITANDINHA - CEP 25650060",QUITANDINHA,25650060,PETROPOLIS,330390,(24)22479590,,-22.52860129,-43.203408,1244,M,001,13/08/2025
3303902275996,2275996,UBS ESTRADA DA SAUDADE,MUNICIPIO DE PETROPOLIS,UBS / Atencao basica,UNIDADE BASICA DE SAUDE,"ESTRADA DA SAUDADE, 160, ESTRADA DA SAUDADE - CEP 25610100",ESTRADA DA SAUDADE,25610100,PETROPOLIS,330390,(24)22201371,,-22.4935517,-43.162709,1244,M,001,13/08/2025
3303902275953,2275953,UBS FAZENDA INGLESA,MUNICIPIO DE PETROPOLIS,UBS / Atencao basica,UNIDADE BASICA DE SAUDE,"ESTRADA DA FAZENDA INGLESA, S/N, FAZENDA INGLESA - CEP 25725073",FAZENDA INGLESA,25725073,PETROPOLIS,330390,2422466229,,-22.4672442,-43.2234511,1244,M,001,12/08/2025
3303902275902,2275902,UBS ITAIPAVA,MUNICIPIO DE PETROPOLIS,UBS / Atencao basica,UNIDADE BASICA DE SAUDE,"ESTRADA PHILUVIO CERQUEIRA RODRIGUES, S/N, AGUAS DO IMPERADOR, ITAIPAVA - CEP 25745071",ITAIPAVA,25745071,PETROPOLIS,330390,(2422911356,,-22.386248051164873,-43.13126543426618,1244,M,001,23/03/2026
3303902766752,2766752,UBS JARDIM SALVADOR,MUNICIPIO DE PETROPOLIS,UBS / Atencao basica,UNIDADE BASICA DE SAUDE,"RUA RICARDO SALVINI, 69, ROSEIRAL - CEP 25720000",ROSEIRAL,25720000,PETROPOLIS,330390,2247-7952,,-22.4640047,-43.14975325,1244,M,001,12/08/2025
3303902275732,2275732,UBS LAJINHA PADRE QUINHA,MUNICIPIO DE PETROPOLIS,UBS / Atencao basica,UNIDADE BASICA DE SAUDE,"ESTRADA PHILUVIO CERQUEIRA RODRIGUES, S/N, AO LADO AGUAS IMPERA, ITAIPAVA - CEP 25745071",ITAIPAVA,25745071,PETROPOLIS,330390,2422225196,,-22.386238130880884,-43.131190332416374,1244,M,001,13/08/2025
3303903049809,3049809,UBS MACHADO FAGUNDES,MUNICIPIO DE PETROPOLIS,UBS / Atencao basica,UNIDADE BASICA DE SAUDE,"RUA DR PAULO HUDGE, 238, CASCATINHA - CEP 25716130",CASCATINHA,25716130,PETROPOLIS,330390,(24)22488752,,-22.481072,-43.155631,1244,M,001,13/08/2025
3303902275988,2275988,UBS MEIO DA SERRA DR WILLIAM JORGE DA SILVA SEABRA,MUNICIPIO DE PETROPOLIS,UBS / Atencao basica,UNIDADE BASICA DE SAUDE,"ESTRADA VELHA DA ESTRELA, S/N, PROX VILA DA COMETA, MEIO DA SERRA - CEP 25635114",MEIO DA SERRA,25635114,PETROPOLIS,330390,(24)22350816,,-22.5503899,-43.1834165,1244,M,001,30/06/2025
3303902766760,2766760,UBS MOINHO PRETO,MUNICIPIO DE PETROPOLIS,UBS / Atencao basica,UNIDADE BASICA DE SAUDE,"RUA JOAO XAVIER, 2109, A, MOINHO PRETO - CEP 25665440",MOINHO PRETO,25665440,PETROPOLIS,330390,2247-4707,,-22.491341,-43.2188766,1244,M,001,12/08/2025
3303902275945,2275945,UBS MORIN,MUNICIPIO DE PETROPOLIS,UBS / Atencao basica,UNIDADE BASICA DE SAUDE,"RUA PEDRO IVO, 81, MORIN - CEP 25630480",MORIN,25630480,PETROPOLIS,330390,2422439825,,-22.5232335,-43.1583191,1244,M,001,13/08/2025
3303906574106,6574106,UBS MOSELA DR JOAO WERNECK DE CARVALHO,MUNICIPIO DE PETROPOLIS,UBS / Atencao basica,UNIDADE BASICA DE SAUDE,"RUA MOSELA, 744, MOSELA - CEP 25675015",MOSELA,25675015,PETROPOLIS,330390,2422496909,,-22.498302228,-43.19647225539999,1244,M,001,30/06/2025
3303903049817,3049817,UBS NOVA CASCATINHA,MUNICIPIO DE PETROPOLIS,UBS / Atencao basica,UNIDADE BASICA DE SAUDE,"RUA HIVIO NALIATO, 951, SAMAMBAIA - CEP 25710193",SAMAMBAIA,25710193,PETROPOLIS,330390,2422801694,,-22.469879,-43.1478226,1244,M,001,13/08/2025
3303904488040,4488040,UBS OSWALDO CRUZ TEREZINHA JESUS DE SOUZA,MUNICIPIO DE PETROPOLIS,UBS / Atencao basica,UNIDADE BASICA DE SAUDE,"RUA NOSSA SENHORA APARECIDA, S/N, VALPARAISO - CEP 25685191",VALPARAISO,25685191,PETROPOLIS,330390,,,-22.512121,-43.191048,1244,M,001,16/07/2025
3303906970435,6970435,UBS PEDRAS BRANCAS,SECRETARIA MUNICIPAL DE SAUDE,UBS / Atencao basica,UNIDADE BASICA DE SAUDE,"RUA PEDRAS BRANCAS, 1190, MOSELA - CEP 25670221",MOSELA,25670221,PETROPOLIS,330390,2235-4078,,-22.4921677,-43.21255455,1244,M,001,13/08/2025
3303902276011,2276011,UBS PEDRO DO RIO DR JORGE CHIMELI,MUNICIPIO DE PETROPOLIS,UBS / Atencao basica,UNIDADE BASICA DE SAUDE,"ESTRADA UNIAO INDUSTRIA, 19691, PEDRO DO RIO - CEP 25750971",PEDRO DO RIO,25750971,PETROPOLIS,330390,2422232035,ubspedrodorio@gmail.com,-22.1952,-43.0739,1244,M,001,13/08/2025
3303902275767,2275767,UBS POSSE GENEROSA ROSA BARROS,MUNICIPIO DE PETROPOLIS,UBS / Atencao basica,UNIDADE BASICA DE SAUDE,"ESTRADA UNIAO INDUSTRIA, 33530, POSSE - CEP 25770000",POSSE,25770000,PETROPOLIS,330390,2422592251,,-22.251245275518375,-43.075667113719405,1244,M,001,22/10/2025
3303902275880,2275880,UBS QUITANDINHA DRA ZILDA ARNS,MUNICIPIO DE PETROPOLIS,UBS / Atencao basica,UNIDADE BASICA DE SAUDE,"RUA GENERAL RONDON, 490, QUITANDINHA - CEP 25650028",QUITANDINHA,25650028,PETROPOLIS,330390,(24)22469195,,-22.5335231,-43.2004746,1244,M,001,06/04/2026
3303902275775,2275775,UBS RETIRO DR LATUF GIBRAIL NETO,MUNICIPIO DE PETROPOLIS,UBS / Atencao basica,UNIDADE BASICA DE SAUDE,"AVENIDA BARAO DO RIO BRANCO, S/N, PROX SACOLAO, RETIRO - CEP 25680275",RETIRO,25680275,PETROPOLIS,330390,(24)22316707,,-22.3864218,-43.165464,1244,M,001,30/06/2025
3303905662370,5662370,UBS SANTISSIMA TRINDADE,MUNICIPIO DE PETROPOLIS,UBS / Atencao basica,UNIDADE BASICA DE SAUDE,"RUA PRESIDENTE NEREU RAMOS, 101, VALPARAISO - CEP 25655367",VALPARAISO,25655367,PETROPOLIS,330390,2248-8497,,-22.5232188,-43.1987674,1244,M,001,12/08/2025
3303902275864,2275864,UBS SAO SEBASTIAO,MUNICIPIO DE PETROPOLIS,UBS / Atencao basica,UNIDADE BASICA DE SAUDE,"RUA SAO SEBASTIAO, 625, SAO SEBASTIAO - CEP 25645210",SAO SEBASTIAO,25645210,PETROPOLIS,330390,2422917569,,-22.537729,-43.19191,1244,M,001,12/08/2025
3303903370240,3370240,UBS SARGENTO BOENING,MUNICIPIO DE PETROPOLIS,UBS / Atencao basica,UNIDADE BASICA DE SAUDE,"RUA PAULO RIBEIRO AGUIAR, 908, CASTELANEA - CEP 25635417",CASTELANEA,25635417,PETROPOLIS,330390,(24)22910691,,-22.511041,-43.17793,1244,M,001,12/08/2025
3303902275848,2275848,UBS SECRETARIO JOANNA GERTRUDES DE JESUS MARCHIORI,MUNICIPIO DE PETROPOLIS,UBS / Atencao basica,UNIDADE BASICA DE SAUDE,"RUA VISCONDE DE SAO BERNARDES, 320, SECRETARIO - CEP 25755400",SECRETARIO,25755400,PETROPOLIS,330390,2422281420,,-22.32709874090586,-43.18078951892532,1244,M,001,12/08/2025
3303902275805,2275805,UBS VALE DAS VIDEIRAS,MUNICIPIO DE PETROPOLIS,UBS / Atencao basica,UNIDADE BASICA DE SAUDE,"ESTRADA ALMIRANTE PAULO MARTINS MEIRA, 8201, ARARAS - CEP 25725029",ARARAS,25725029,PETROPOLIS,330390,2422253341,,-22.487334,-43.178271,1244,M,001,04/07/2025
3303902275759,2275759,UBS VALE DO CARANGOLA,MUNICIPIO DE PETROPOLIS,UBS / Atencao basica,UNIDADE BASICA DE SAUDE,"R WALDEMAR VIEIRA AFONSO, 07, CARANGOLA - CEP 25715402",CARANGOLA,25715402,PETROPOLIS,330390,2422918254,,-22.4488796,-43.1724971,1244,M,001,06/10/2025
3303904447166,4447166,UBS VICENZO RIVETTI MANOEL FRANCISCO ASSUMPCAO,MUNICIPIO DE PETROPOLIS,UBS / Atencao basica,UNIDADE BASICA DE SAUDE,"ESTRADA VICENZO RIVETTI, 750, CARANGOLA - CEP 25715363",CARANGOLA,25715363,PETROPOLIS,330390,24 992547002,ubsvicenzorivetti@alcidescarneiro.com,-22.27115,-43.09516,1244,M,001,09/09/2025
3303902275813,2275813,UBS VILA FELIPE,MUNICIPIO DE PETROPOLIS,UBS / Atencao basica,UNIDADE BASICA DE SAUDE,"RUA HERMINIO SCHMIDIT, S/N, VILA FELIPE - CEP 25635370",VILA FELIPE,25635370,PETROPOLIS,330390,2422469057,,-22.510577,-43.1778202,1244,M,001,13/08/2025
3303902275678,2275678,UBS VILA RICA NEILA FORTUNA LIMA PAIXAO,MUNICIPIO DE PETROPOLIS,UBS / Atencao basica,UNIDADE BASICA DE SAUDE,"RUA A, S/N, AO LADO DA QUADRA 28, PEDRO DO RIO - CEP 25685110",PEDRO DO RIO,25685110,PETROPOLIS,330390,(24)22235405,,-22.32395714744626,-43.13683346203014,1244,M,001,12/08/2025
3303902275694,2275694,UBS VILA SAUDE,MUNICIPIO DE PETROPOLIS,UBS / Atencao basica,UNIDADE BASICA DE SAUDE,"RUA SANTA CATARINA, 23, LOTE, QUITANDINHA - CEP 25685110",QUITANDINHA,25685110,PETROPOLIS,330390,2235-0359,,-22.5225811,-43.2124171,1244,M,001,12/08/2025
3303950392669,0392669,CENTRO DE SAUDE RENASCER,CENTRO DE SAUDE RENASCER LTDA,UBS / Atencao basica,AMBULATORIO,"WALTER VALIM BOTELHO, 107, LOJA 04, VALE DO SOL - CEP 27197707",VALE DO SOL,27197707,PINHEIRAL,330395,24 33481048,LEGALIZACAO@STARITACONTABILIDADE.COM.BR,-22.503140944037163,-44.014105796813965,2062,M,016,01/04/2026
3303952271117,2271117,UNIDADE DA SAUDE DA FAMILIA PARQUE MAIRA,MUNICIPIO DE PINHEIRAL,UBS / Atencao basica,UNIDADE BASICA DE SAUDE,"RUA 9 DE NOVEMBRO, 100, PARQUE MAIRA - CEP 27197846",PARQUE MAIRA,27197846,PINHEIRAL,330395,(24) 3356 4916/3188,abpinheiral@gmail.com,-22.487855908280295,-44.02526378631592,1244,M,001,04/03/2026
3303952271095,2271095,UNIDADE DE SAUDE DA FAMILIA ACIOLLY RIBEIRO DO NASCIMENTO,MUNICIPIO DE PINHEIRAL,UBS / Atencao basica,UNIDADE BASICA DE SAUDE,"RUA TANCREDO NEVES, 48, CENTRO - CEP 27197041",CENTRO,27197041,PINHEIRAL,330395,(24) 3356 5843/3188,abpinheiral@gmail.com,-22.514261678882008,-44.00054454803467,1244,M,001,24/03/2026
3303952294494,2294494,UNIDADE DE SAUDE DA FAMILIA AREA RURAL,MUNICIPIO DE PINHEIRAL,UBS / Atencao basica,UNIDADE BASICA DE SAUDE,"RODOVIA BENJAMIN CONSTANT, 4705, KM 5, ZONA RURAL - CEP 27199420",ZONA RURAL,27199420,PINHEIRAL,330395,(24) 3356 3490/3188,abpinheiral@gmail.com,-22.58288910534355,-44.01826858520508,1244,M,001,14/01/2026
3303956018009,6018009,UNIDADE DE SAUDE DA FAMILIA DA PALMEIRAS,MUNICIPIO DE PINHEIRAL,UBS / Atencao basica,UNIDADE BASICA DE SAUDE,"RUA AVELINO GUABIROBA, 53, PALMEIRAS - CEP 27197231",PALMEIRAS,27197231,PINHEIRAL,330395,(24) 3356 3584/3188,abpinheiral@gmail.com,-22.517725575328907,-44.00989472866058,1244,M,001,04/03/2026
3303958068356,8068356,UNIDADE DE SAUDE DA FAMILIA JARDIM REAL,MUNICIPIO DE PINHEIRAL,UBS / Atencao basica,AMBULATORIO,"AVENIDA A, 22, JARDIM BELA VISTA - CEP 27197618",JARDIM BELA VISTA,27197618,PINHEIRAL,330395,33563490,abppinheiral@gmail.com,-22.506768661720322,-44.01472806930542,1244,M,016,14/01/2026
3303952294532,2294532,UNIDADE DE SAUDE DA FAMILIA SAO JORGE,MUNICIPIO DE PINHEIRAL,UBS / Atencao basica,UNIDADE BASICA DE SAUDE,"AVENIDA NILTON PENNA BOTELHO, 436, SAO JORGE - CEP 27197520",SAO JORGE,27197520,PINHEIRAL,330395,(24) 3356 5673/3188,abpinheiral@gmail.com,-22.503398653897808,-44.010093212127686,1244,M,001,04/03/2026
3303959730648,9730648,UNIDADE DE SAUDE DA FAMILIA TRES POCOS,MUNICIPIO DE PINHEIRAL,UBS / Atencao basica,UNIDADE BASICA DE SAUDE,"RUA EUCLIDES VICENTINI, 5135, TRES POCOS - CEP 27197886",TRES POCOS,27197886,PINHEIRAL,330395,24 3356 5637/3188,abpinheiral@gmail.com,-22.49944374586965,-44.030799865722656,1244,M,001,04/03/2026
3303952294516,2294516,UNIDADE SAUDE DA FAMILIA BELA VISTA,MUNICIPIO DE PINHEIRAL,UBS / Atencao basica,UNIDADE BASICA DE SAUDE,"RUA JOSE RIBEIRO DE CARVALHO, S/N, CENTRO - CEP 27197037",CENTRO,27197037,PINHEIRAL,330395,(24) 3356 3177,abpinheiral@gmail.com,-22.511962277653044,-44.00341987609863,1244,M,001,04/03/2026
3303952294508,2294508,UNIDADE SAUDE DA FAMILIA DO CRUZEIRO,MUNICIPIO DE PINHEIRAL,UBS / Atencao basica,UNIDADE BASICA DE SAUDE,"RUA FRANCISCO ABREU, 287, CRUZEIRO I - CEP 27197136",CRUZEIRO I,27197136,PINHEIRAL,330395,(24) 3356 3653,abpinheiral@gmail.com,-22.51882072338168,-44.00698184967041,1244,M,001,04/03/2026
3303952294524,2294524,UNIDADE SAUDE DA FAMILIA IPE,MUNICIPIO DE PINHEIRAL,UBS / Atencao basica,UNIDADE BASICA DE SAUDE,"ROD BENJAMIN CONSTANT, 347, PARAISO - CEP 27198400",PARAISO,27198400,PINHEIRAL,330395,(24 )3356 3643/3490,abpinheiral@gmail.com,-22.515673,-44.000354,1244,M,001,04/03/2026
3303950496073,0496073,UNIDADE SAUDE DA FAMILIA VARJAO,MUNICIPIO DE PINHEIRAL,UBS / Atencao basica,UNIDADE BASICA DE SAUDE,"RUA BOAVENTURA XAVIER BOTELHO, 570, VARJAO, VARJAO - CEP 27197400",VARJAO,27197400,PINHEIRAL,330395,024 3356 5939/3490,abppinheiral@gmail.com,-22.503477949142933,-44.008344411849976,1244,M,001,04/03/2026
3304004260244,4260244,AMALIA AMARAL DA SILVA,AMALIA AMARAL DA SILVA,UBS / Atencao basica,UNIDADE BASICA DE SAUDE,"PRACA SANTANA, 0044, CENTRO - CEP 27175000",CENTRO,27175000,PIRAI,330400,,,-22.628291646818962,-43.89937162399292,4000,M,001,20/01/2026
3304002267101,2267101,CENTRO DE SAUDE DE PIRAI,SECRETARIA MUNICIPAL DE SAUDE DE PIRAI,UBS / Atencao basica,AMBULATORIO,"BULHOES DE CARVALHO, 349, CASA AMARELA - CEP 27175000",CASA AMARELA,27175000,PIRAI,330400,(24)24119300,smspirai@uol.com.br,-22.627994558478644,-43.893985748291016,1031,M,016,27/11/2025
3304003420086,3420086,CENTRO DE SAUDE OCULAR DE BARRA DO PIRAI,CLINICA OFTALMOLOGICA DRA CLAUDIA MARIA F ROCHA LTDA,UBS / Atencao basica,UNIDADE BASICA DE SAUDE,"RUA BARAO DO PIRAI, 484, SALA 06 ED HERMINIO, CENTRO - CEP 27175000",CENTRO,27175000,PIRAI,330400,(24)24311171,caumfr@uol.com.br,-22.62781630516624,-43.89853477478027,2240,M,001,21/01/2025
3304004155629,4155629,CENTRO DE SAUDE UNIDADE BASICA DE SAUDE,SALUTE SERVICOS MEDICOS DE PIRAI LTDA,UBS / Atencao basica,UNIDADE BASICA DE SAUDE,"PRACA DE SANTANA, 44, APT 102, CENTRO - CEP 27175000",CENTRO,27175000,PIRAI,330400,24 24312928,contabilidade.elma@gmail.com,-22.62846989951493,-43.8988995552063,2062,M,001,20/01/2026
3304007693451,7693451,CONSULTORIO DR ALFREDO EUGENIO CURTY,ALFREDO EUGENIO CURTY,UBS / Atencao basica,UNIDADE BASICA DE SAUDE,"RUA SANTOS DUMONT, 151, CASA A, CENTRO - CEP 27175000",CENTRO,27175000,PIRAI,330400,,consultalfredocurty@hotmail.com,-22.629499799454244,-43.896989822387695,4000,M,001,18/09/2024
3304002267071,2267071,UNIDADE DE SAUDE DA FAMILIA HESIO CORDEIRO CASA AMARELA,SECRETARIA MUNICIPAL DE SAUDE DE PIRAI,UBS / Atencao basica,UNIDADE BASICA DE SAUDE,"RUA BULHOES DE CARVALHO, 347, CASA AMARELA - CEP 27175000",CASA AMARELA,27175000,PIRAI,330400,(24)24319997,psfcasaamarela@gmail.com,-22.62612288716952,-43.89256954193115,1031,M,001,01/04/2026
3304002267144,2267144,UNIDADE DE SAUDE DA FAMILIA JULIO MESSIAS FERREIRA VARJAO,SECRETARIA MUNICIPAL DE SAUDE DE PIRAI,UBS / Atencao basica,UNIDADE BASICA DE SAUDE,"RUA VARJAO, 186, VARJAO - CEP 27175000",VARJAO,27175000,PIRAI,330400,(24)24316623,usfvarjao@gmail.com,-22.5737352,-43.9718255,1031,M,001,01/04/2026
3304002267128,2267128,UNIDADE DE SAUDE DA FAMILIA MARIO GOUVEIA CACARIA,SECRETARIA MUNICIPAL DE SAUDE DE PIRAI,UBS / Atencao basica,UNIDADE BASICA DE SAUDE,"ESTRADA DA CACARIA, 590, CACARIA - CEP 27175000",CACARIA,27175000,PIRAI,330400,(24)24317500,usfcacaria@gmail.com,-22.640313282839713,-43.89862060546875,1031,M,001,05/02/2026
3304002267012,2267012,UNIDADE DE SAUDE DA FAMILIA MARIO LUCIO VAZ JAQUEIRA,SECRETARIA MUNICIPAL DE SAUDE DE PIRAI,UBS / Atencao basica,UNIDADE BASICA DE SAUDE,"RUA B, 415, JAQUEIRA - CEP 27175000",JAQUEIRA,27175000,PIRAI,330400,(24)24311170,saudejaqueira@gmail.com,-22.6032969,-44.0295135,1031,M,001,04/02/2026
3304002266997,2266997,UNIDADE DE SAUDE DA FAMILIA NELSON GAMA SANTANESIA,SECRETARIA MUNICIPAL DE SAUDE DE PIRAI,UBS / Atencao basica,UNIDADE BASICA DE SAUDE,"RUA EDSON MOTA, 03, DISTR SANTANESIA, QUEROSENE - CEP 27195000",QUEROSENE,27195000,PIRAI,330400,(24)24111233,esfsantanesia@gmail.comr,-22.520911886958157,-43.81500005722046,1031,M,001,30/10/2025
3304002295598,2295598,UNIDADE DE SAUDE DA FAMILIA RONALDO MOREIRA CASTRO ARROZAL,SECRETARIA MUNICIPAL DE SAUDE DE PIRAI,UBS / Atencao basica,UNIDADE BASICA DE SAUDE,"RUA ISAURA ROSA, 58, ARROZAL - CEP 27185000",ARROZAL,27185000,PIRAI,330400,(24)33331322,psfarrozal@hotmail.co,-22.602719893753264,-44.042344093322754,1031,M,001,01/04/2026
3304002267004,2267004,UNIDADE DE SAUDE DA FAMILIA SEBASTIAO DESTO CAICARAS,SECRETARIA MUNICIPAL DE SAUDE,UBS / Atencao basica,UNIDADE BASICA DE SAUDE,"RUA DA REPRESA, 79, CAICARAS - CEP 27175000",CAICARAS,27175000,PIRAI,330400,(24)24315069,caicarapsf@hotmail.com,-22.62320144451369,-43.88969421386719,1031,M,001,10/12/2025
3304003309525,3309525,UNIDADE SAUDE FAMIL MARIO DA S GONCALVES RIBEIRAO DAS LAJES,SECRETARIA MUNICIPAL DE SAUDE DE PIRAI,UBS / Atencao basica,UNIDADE BASICA DE SAUDE,"RIBEIRAO DAS LAJES, 120, A, RIBEIRAO DAS LAJES - CEP 27175000",RIBEIRAO DAS LAJES,27175000,PIRAI,330400,(24)24319187,caicaraspsf@gmail.com,-22.68407344613807,-43.871519565582275,1031,M,001,15/09/2025
3304002267020,2267020,UNIDADE SAUDE FAMILIA FLORENTINO AVIDO FILHO SERRA DO MATOSO,SECRETARIA MUNICIPAL DE SAUDE DE PIRAI,UBS / Atencao basica,UNIDADE BASICA DE SAUDE,"ESTRADA DO CACADOR, S/N, SERRA DO MATOSO - CEP 27175000",SERRA DO MATOSO,27175000,PIRAI,330400,,smspirai@uol.com.br,-22.784599546849027,-43.84461164474487,1031,M,001,15/09/2025
3304002267152,2267152,UNIDADE SAUDE FAMILIA MANOELA M DA SILVEIRA ROSA MACHADO,SECRETARIA MUNICIPAL DE SAUDE DE PIRAI,UBS / Atencao basica,UNIDADE BASICA DE SAUDE,"RUA D, 49, ROSA MACHADO - CEP 27175000",ROSA MACHADO,27175000,PIRAI,330400,(24)24311009,usfrosamachado@gmail.com,-22.560677610735684,-43.8204288482666,1031,M,001,30/10/2025
3304002295571,2295571,UNIDADE SAUDE FAMILIA MARIA DA GL L P PTE DAS LARANJEIRAS,SECRETARIA MUNICIPAL DE SAUDE DE PIRAI,UBS / Atencao basica,UNIDADE BASICA DE SAUDE,"RUA BEIRA LAGO, 73, P DAS LARANJEIRAS - CEP 27175000",P DAS LARANJEIRAS,27175000,PIRAI,330400,(24)24316450,psfponte@gmail.com,-22.60406693660594,-43.86982440948486,1031,M,001,30/10/2025
3304002800942,2800942,UNIDADE SAUDE FAMILIA MARIA DE LOURDES GAMA FERREIRA PIRAI,SECRETARIA MUNICIPAL DE SAUDE DE PIRAI,UBS / Atencao basica,UNIDADE BASICA DE SAUDE,"RUA HELIO SENA, 31, CENTRO - CEP 27175000",CENTRO,27175000,PIRAI,330400,(24)24119300,usfcentro92@gmail.com,-22.628351064409973,-43.904242515563965,1031,M,001,31/03/2026
3304102283425,2283425,CENTRO MUNICIPAL DE SAUDE COLETIVA E VIGILANCIA EM SAUDE,PREFEITURA MUNICIPAL DE PORCIUNCULA,UBS / Atencao basica,UNIDADE DE VIGILANCIA DE ZOONOSES,"AVENIDA ONZE DE JANEIRO, 198, OLIVIA PERES MOREIRA - CEP 28390000",OLIVIA PERES MOREIRA,28390000,PORCIUNCULA,330410,2238421685,saude@porciuncula,-20.97217939990919,-42.042081356048584,1244,M,021,30/07/2025
3304106387845,6387845,EMULTI,PREFEITURA MUNICIPAL DE PORCIUNCULA,UBS / Atencao basica,UNIDADE BASICA DE SAUDE,"RUA CESAR VIEIRA, 105, CENTRO - CEP 28390000",CENTRO,28390000,PORCIUNCULA,330410,2238421985,saude@porciuncula.rj.gov.br,-20.96472574986954,-42.03969955444336,1244,M,001,02/12/2024
3304105346258,5346258,MODULO PSF CENTRO,PREFEITURA MUNICIPAL DE PORCIUNCULA,UBS / Atencao basica,UNIDADE BASICA DE SAUDE,"RUA PREFEITO SEBASTIAO RODRIGUES FRANCA, 10, CENTRO - CEP 28390000",CENTRO,28390000,PORCIUNCULA,330410,2238421995,saude@porciuncula.rj.gov.br,-20.96404448375244,-42.040836811065674,1244,M,001,24/04/2025
3304102295954,2295954,MODULO PSF CRISTO REI,PREFEITURA MUNICIPAL DE PORCIUNCULA,UBS / Atencao basica,UNIDADE BASICA DE SAUDE,"RUA DEPUTADO CARLOS PINTO FILHO, 204, CRISTO REI - CEP 28390000",CRISTO REI,28390000,PORCIUNCULA,330410,2238421461,saude@porciuncula.rj.gov.br,-20.962341304881306,-42.04465627670288,1244,M,001,24/04/2025
3304105046602,5046602,MODULO PSF JOAO FRANCISCO BRAZ,PREFEITURA MUNICIPAL DE PORCIUNCULA,UBS / Atencao basica,UNIDADE BASICA DE SAUDE,"RUA ELOI VIEIRA LANNES, 02, JOAO FRANCISCO BRAZ - CEP 28390000",JOAO FRANCISCO BRAZ,28390000,PORCIUNCULA,330410,2238421061,saude@porciuncula.rj.gov.br,-20.96654912332411,-42.0352578163147,1244,M,001,24/04/2025
3304102697009,2697009,MODULO PSF OLIVIA PERES ILHA,PREFEITURA MUNICIPAL DE PORCIUNCULA,UBS / Atencao basica,UNIDADE BASICA DE SAUDE,"RUA FRANCISCO GOMES DE ARAUJO, 33, LOTE 33 34 E 35, BOA VISTA - CEP 28390000",BOA VISTA,28390000,PORCIUNCULA,330410,2238421933,saude@porciuncula.rj.gov.br,-20.97104735065217,-42.04242467880249,1244,M,001,24/04/2025
3304103708136,3708136,MODULO PSF PURILANDIA,PREFEITURA MUNICIPAL DE PORCIUNCULA,UBS / Atencao basica,UNIDADE BASICA DE SAUDE,"RUA GERALDINO SILVA, S/N, 2 DISTRITO, PURILANDIA - CEP 28390000",PURILANDIA,28390000,PORCIUNCULA,330410,2238421985,saude@porciuncula.rj.gov.br,-20.929406028745294,-41.95599853992462,1244,M,001,24/04/2025
3304105868963,5868963,MODULO PSF RURAL SANTA CLARA,PREFEITURA MUNICIPAL DE PORCIUNCULA,UBS / Atencao basica,UNIDADE BASICA DE SAUDE,"FORTALEZA, S/N, ZONA RURAL - CEP 28390000",ZONA RURAL,28390000,PORCIUNCULA,330410,2238421311,saude@porciuncula.rj.gov.br,-20.834748245227377,-41.85619354248047,1244,M,001,01/07/2024
3304103533808,3533808,MODULO PSF SANTA CLARA,PREFEITURA MUNICIPAL DE PORCIUNCULA,UBS / Atencao basica,UNIDADE BASICA DE SAUDE,"RUA JOAO ANTONIO DA COSTA, S/N, 3 DISTRITO, SANTA CLARA - CEP 28398000",SANTA CLARA,28398000,PORCIUNCULA,330410,2238441108,saude@porciuncula.rj.gov.br,-20.820483765303212,-41.90466105937958,1244,M,001,24/04/2025
3304100919233,0919233,MODULO PSF SANTA CLARA URBANO,PREFEITURA MUNICIPAL DE PORCIUNCULA,UBS / Atencao basica,UNIDADE BASICA DE SAUDE,"RUA JOAO ANTONIO DA COSTA, S/N, 3 DISTRITO, SANTA CLARA - CEP 28398000",SANTA CLARA,28398000,PORCIUNCULA,330410,,saude@porciuncula.rj.gov.br,-20.82048877941749,-41.90468788146973,1244,M,001,24/04/2025
3304105046599,5046599,MODULO PSF SANTO ANTONIO,PREFEITURA MUNICIPAL DE PORCIUNCULA,UBS / Atencao basica,UNIDADE BASICA DE SAUDE,"RUA ACHILES VIEIRA FOLLY, S/N, SANTO ANTONIO - CEP 28390000",SANTO ANTONIO,28390000,PORCIUNCULA,330410,2238422447,saude@porciuncula.rj.gov.br,-20.97026092200683,-42.04924285411835,1244,M,001,24/04/2025
3304112934280,2934280,ACADEMIA DA SAUDE DO FREITAS SOARES,MUNICIPIO DE PORTO REAL,UBS / Atencao basica,UNIDADE BASICA DE SAUDE,"RUA TRINTA, S/N, FREITAS SOARES - CEP 27570000",FREITAS SOARES,27570000,PORTO REAL,330411,2433534201,,-22.4399231,-44.312468,1244,M,001,05/08/2022
3304110447986,0447986,ACADEMIA DA SAUDE DO NOVO HORIZONTE,MUNICIPIO DE PORTO REAL,UBS / Atencao basica,UNIDADE BASICA DE SAUDE,"FERNANDO BERNARDELLI, S/N, CENTRO - CEP 27570000",CENTRO,27570000,PORTO REAL,330411,24 33838200,,-22.41987555581839,-44.29159641265869,1244,M,001,05/08/2022
3304119241248,9241248,NASF DE PORTO REAL,MUNICIPIO DE PORTO REAL,UBS / Atencao basica,UNIDADE BASICA DE SAUDE,"RUA FERNANDO BERNARDELLI, 1219, CENTRO - CEP 27570000",CENTRO,27570000,PORTO REAL,330411,,,-22.420034241871285,-44.28985834121704,1244,M,001,05/01/2026
3304112296195,2296195,UNIDADE DE SAUDE DA FAMILIA BAIRRO BULHOES,SECRETARIA MUNICIPAL DE SAUDE DE PORTO REAL,UBS / Atencao basica,UNIDADE BASICA DE SAUDE,"RUA H R PRITCHARD, S/N, BULHOES - CEP 27570000",BULHOES,27570000,PORTO REAL,330411,2433534302,,-22.42005407761514,-44.28985834121704,1244,M,001,05/01/2026
3304112296225,2296225,UNIDADE DE SAUDE DA FAMILIA BAIRRO JARDIM DAS ACACIAS,SECRETARIA MUNICIPAL DE SAUDE DE PORTO REAL,UBS / Atencao basica,UNIDADE BASICA DE SAUDE,"RUA VINTE E DOIS, 490, JD DAS ACACIAS - CEP 27570000",JD DAS ACACIAS,27570000,PORTO REAL,330411,2433534302,,-22.4419686,-44.3263413,1244,M,001,05/01/2026
3304112296217,2296217,UNIDADE DE SAUDE DA FAMILIA BAIRRO JARDIM REAL,SECRETARIA MUNICIPAL DE SAUDE DE PORTO REAL,UBS / Atencao basica,UNIDADE BASICA DE SAUDE,"RUA PASQUINO MARETTI, S/N, JARDIM REAL - CEP 27570000",JARDIM REAL,27570000,PORTO REAL,330411,2433534302,,-22.420093749094356,-44.29009437561035,1244,M,001,05/01/2026
3304112296209,2296209,UNIDADE DE SAUDE DA FAMILIA BAIRRO NOVO HORIZONTE,SECRETARIA MUNICIPAL DE SAUDE DE PORTO REAL,UBS / Atencao basica,UNIDADE BASICA DE SAUDE,"RUA DAS FLORES 01, S/N, NOVO HORIZONTE - CEP 27570000",NOVO HORIZONTE,27570000,PORTO REAL,330411,2433534302,,-22.4163954,-44.3054079,1244,M,001,05/01/2026
3304112296233,2296233,UNIDADE DE SAUDE DA FAMILIA BAIRRO SAO JOSE,SECRETARIA MUNICIPAL DE SAUDE DE PORTO REAL,UBS / Atencao basica,UNIDADE BASICA DE SAUDE,"RUA 7 DE SETEMBRO, S/N, SAO JOSE - CEP 27570000",SAO JOSE,27570000,PORTO REAL,330411,2433534302,,-22.4503268,-44.3068268,1244,M,001,05/01/2026
3304117151837,7151837,UNIDADE DE SAUDE DA FAMILIA DO BAIRRO CENTRO,SECRETARIA MUNICIPAL DE PORTO REAL,UBS / Atencao basica,UNIDADE BASICA DE SAUDE,"AVENIDA DOM PEDRO II, 1173, CENTRO - CEP 27570000",CENTRO,27570000,PORTO REAL,330411,,SMS_PR@YAHOO.COM.BR,-22.4164698,-44.2933517,1244,M,001,05/01/2026
3304113853098,3853098,UNIDADE DE SAUDE DA FAMILIA FREITAS SOARES,SECRETARIA MUNICIPAL DE SAUDE DE PORTO REAL,UBS / Atencao basica,UNIDADE BASICA DE SAUDE,"RUA TRINTA, 15, FREITAS SOARES - CEP 27570000",FREITAS SOARES,27570000,PORTO REAL,330411,2433534302,,-22.439868570205356,-44.31258201599121,1244,M,001,05/01/2026
3304114346203,4346203,UNIDADE DE SAUDE DA FAMILIA FREITAS SOARES II,SECRETARIA MUNICIPAL DE SAUDE DE PORTO REAL,UBS / Atencao basica,UNIDADE BASICA DE SAUDE,"RUA TRINTA, S/N, FREITAS SOARES - CEP 27570000",FREITAS SOARES,27570000,PORTO REAL,330411,,,-22.439888403114995,-44.31266784667969,1244,M,001,05/01/2026
3304127858353,7858353,ESF CONSELHEIRA NEUZA PACHECO,SECRETARIA MUNICIPAL DE SAUDE DE QUATIS,UBS / Atencao basica,UNIDADE BASICA DE SAUDE,"RUA ALEXANDRE POLLASTRI, 70, JARDIM POLASTRI - CEP 27420020",JARDIM POLASTRI,27420020,QUATIS,330412,(24)33532672,,-22.41175574781639,-44.26585480169911,1244,M,001,07/04/2026
3304125472776,5472776,PSF III UNIDADE BASICA DE SAUDE DO JARDIM INDEPENDENCIA,SECRETARIA MUNICIPAL DE SAUDE DE QUATIS,UBS / Atencao basica,UNIDADE BASICA DE SAUDE,"RUA APRIGIO BARBOSA LIMA, 186, BONDAROWSK - CEP 27430240",BONDAROWSK,27430240,QUATIS,330412,2433535890,saudequatis@yahoo.com.br,-22.4067785,-44.2556471,1244,M,001,07/04/2026
3304122272393,2272393,UNIDADE BASICA DE SAUDE MIRANDOPOLIS,SECRETARIA MUNICIPAL DE SAUDE DE QUATIS,UBS / Atencao basica,UNIDADE BASICA DE SAUDE,"RUA GENERAL DEMERVAL PEIXOTO, 36, MIRANDOPOLIS - CEP 27430240",MIRANDOPOLIS,27430240,QUATIS,330412,(24)33532672,,-22.410524583883415,-44.26833814448876,1244,M,001,10/03/2026
3304146220169,6220169,ESF VILA AMERICANA,MUNICIPIO DE QUEIMADOS,UBS / Atencao basica,UNIDADE BASICA DE SAUDE,"AVENIDA ANTONIO LUZIARIO, 1689, VILA AMERICANA - CEP 26376010",VILA AMERICANA,26376010,QUEIMADOS,330414,3699-3303,esf.queimados@yahoo.com.br,-22.747766,-43.573,1244,M,001,08/01/2026
3304142297035,2297035,UNIDADE BASICA DE SAUDE BELMIRA VARGAS,MUNICIPIO DE QUEIMADOS,UBS / Atencao basica,UNIDADE BASICA DE SAUDE,"RUA DA BATALHA, S/N, RONCADOR - CEP 26311020",RONCADOR,26311020,QUEIMADOS,330414,36992228,semusqueimados@gmail.com,-22.693278,-43.554536,1244,M,001,08/01/2026
3304142297019,2297019,UNIDADE BASICA DE SAUDE JULIO BARROS,MUNICIPIO DE QUEIMADOS,UBS / Atencao basica,UNIDADE BASICA DE SAUDE,"RUA ALESIA DOS SANTOS NASCIMENTO, S/N, PARAISO - CEP 26385220",PARAISO,26385220,QUEIMADOS,330414,2665-2967,semusqueimados@gmail.com,-22.700319,-43.549808,1244,M,001,06/04/2026
3304142297116,2297116,UNIDADE BASICA DE SAUDE OLIVIO DIAS DE OLIVEIRA,MUNICIPIO DE QUEIMADOS,UBS / Atencao basica,UNIDADE BASICA DE SAUDE,"RUA PATATIVA, S/N, NOVA CIDADE - CEP 26380400",NOVA CIDADE,26380400,QUEIMADOS,330414,(21)27799177,semusqueimados@gmail.com,-22.712622,-43.545864,1244,M,001,08/01/2026
3304144046188,4046188,UNIDADE BASICA DE SAUDE OSWALDO PINTO DE OLIVEIRA,MUNICIPIO DE QUEIMADOS,UBS / Atencao basica,UNIDADE BASICA DE SAUDE,"RUA DA CONQUISTA, S/N, DISTRITO INDUSTRIAL - CEP 26311020",DISTRITO INDUSTRIAL,26311020,QUEIMADOS,330414,26708783,semusqueimados@gmail.com,-22.74565,-43.62058,1244,M,001,08/01/2026
3304152267195,2267195,CENTRO DE SAUDE BENEDITO PINTO DAS CHAGAS,SECRETARIA MUNICIPAL DE SAUDE DE QUISSAMA,UBS / Atencao basica,AMBULATORIO,"AV FRANCISCO DE ASSIS CARNEIRO DA SILVA, 560, ALTO ALEGRE - CEP 28736000",ALTO ALEGRE,28736000,QUISSAMA,330415,2227681390,semsa@quissama.rj.gov.br,-22.108890351697113,-41.463556308616106,1031,M,016,22/12/2025
3304152267284,2267284,UNIDADE DE SAUDE DA FAMILIA DE ALTO GRANDE,SECRETARIA MUNICIPAL DE SAUDE DE QUISSAMA,UBS / Atencao basica,UNIDADE BASICA DE SAUDE,"RUA PRINCIPAL, S/N, ALTO GRANDE - CEP 28735959",ALTO GRANDE,28735959,QUISSAMA,330415,(22)27689300,semsa@quissama.rj.gov.br,-22.063905,-41.479375,1031,M,001,22/12/2025
3304152267276,2267276,UNIDADE DE SAUDE DA FAMILIA DE CAXIAS ANTONIO MANOEL SOUZA,SECRETARIA MUNICIPAL DE SAUDE DE QUISSAMA,UBS / Atencao basica,UNIDADE BASICA DE SAUDE,"RUA DOZE DE SETEMBRO, 837, CAXIAS - CEP 28736154",CAXIAS,28736154,QUISSAMA,330415,(22)27682402,semsa@quissama.rj.gov.br,-22.11446771740026,-41.46709230168782,1031,M,001,22/12/2025
3304157957726,7957726,UNIDADE DE SAUDE DA FAMILIA DE MACHADINHA,SECRETARIA MUNICIPAL DE SAUDE DE QUISSAMA,UBS / Atencao basica,UNIDADE BASICA DE SAUDE,"FAZENDA MACHADINHA, S/N, MACHADINHA - CEP 28735959",MACHADINHA,28735959,QUISSAMA,330415,,,-22.037593,-41.454784,1031,M,001,22/12/2025
3304152812444,2812444,UNIDADE DE SAUDE DA FAMILIA DE MATIAS,SECRETARIA MUNICIPAL DE SAUDE DE QUISSAMA,UBS / Atencao basica,UNIDADE BASICA DE SAUDE,"RUA ANTONIO DE ALMEIDA PEREIRA, S/N, MATIAS - CEP 28735465",MATIAS,28735465,QUISSAMA,330415,(22)27689303,,-22.10185339852008,-41.463775416285465,1031,M,001,22/12/2025
3304152267233,2267233,UNIDADE DE SAUDE DA FAMILIA DE SANTA CATARINA,SECRETAIA MUNICIPAL DE SAUDE DE QUISSAMA,UBS / Atencao basica,UNIDADE BASICA DE SAUDE,"RUA ZEZINHO PEREIRA, S/N, STA CATARINA - CEP 28738505",STA CATARINA,28738505,QUISSAMA,330415,2227689300,semsa@quissama.rj.gov.br,-22.073980358602604,-41.49568779619107,1031,M,001,22/12/2025
3304152298678,2298678,UNIDADE DE SAUDE DA FAMILIA DO CARMO ANTONIO FRANCISCO LISTA,SECRETARIA MUNICIPAL DE SAUDE DE QUISSAMA,UBS / Atencao basica,UNIDADE BASICA DE SAUDE,"AV AMILCAR PEREIRA DA SILVA, 1515, CARMO - CEP 28737220",CARMO,28737220,QUISSAMA,330415,2227686577,,-22.11927821642487,-41.484782695770264,1031,M,001,22/12/2025
3304155073510,5073510,UNIDADE DE SAUDE DA FAMILIA DO CENTRO,SECRETARIA MUNICIPAL DE SAUDE DE QUISSAMA,UBS / Atencao basica,UNIDADE BASICA DE SAUDE,"RUA BARAO DE MONTE CEDRO, S/N, CENTRO - CEP 28735071",CENTRO,28735071,QUISSAMA,330415,2227681649,,-22.107821521744924,-41.4706147340821,1031,M,001,22/12/2025
3304152267241,2267241,UNIDADE DE SAUDE DA FAMILIA LUIS GERALDO PASSOS MORRO ALTO,SECRETARIA MUNICIPAL DE SAUDE DE QUISSAMA,UBS / Atencao basica,UNIDADE BASICA DE SAUDE,"EST DE MORRO ALTO, S/N, MORRO ALTO - CEP 28735959",MORRO ALTO,28735959,QUISSAMA,330415,2227689300,semsa@quissama.rj.gov.br,-22.112956,-41.588015,1031,M,001,22/12/2025
3304152267225,2267225,UNIDADE DE SAUDE DE FAMILIA MARIO B WAGNER,SECRETARIA MUNICIPAL DE SAUDE DE QUISSAMA,UBS / Atencao basica,UNIDADE BASICA DE SAUDE,"AVENIDA ATLANTICA, 462, BARRA DO FURADO - CEP 28736730",BARRA DO FURADO,28736730,QUISSAMA,330415,2227682631,semsa@quissama.rj.gov.br,-22.0998915733261,-41.14376825803972,1031,M,001,22/12/2025
3304202288389,2288389,CENTRO DE SAUDE GRANDE ALEGRIA,SECRETARIA MUNICIPAL DE SAUDE DE RESENDE,UBS / Atencao basica,UNIDADE BASICA DE SAUDE,"AVENIDA DAS MANGUEIRAS, S/N, BLOCO A, CIDADE ALEGRIA - CEP 27525260",CIDADE ALEGRIA,27525260,RESENDE,330420,(24) 3360-5570/4512,postocidadealegria@yahoo.com.br,-22.4801755813829,-44.49232220649719,1244,M,001,23/03/2026
3304202273136,2273136,USF BAIRRO CABRAL,SECRETARIA MUNICIPAL DE SAUDE DE RESENDE,UBS / Atencao basica,UNIDADE BASICA DE SAUDE,"RUA 18, S/N, CABRAL - CEP 27534240",CABRAL,27534240,RESENDE,330420,(24) 3360-6680,psf.cabral@yahoo.com.br,-22.4510613,-44.442313,1244,M,001,08/10/2025
3304207043252,7043252,USF BAIRRO CABRAL ALAMBARI,SECRETARIA MUNICIPAL DE SAUDE DE RESENDE,UBS / Atencao basica,UNIDADE BASICA DE SAUDE,"ESTRADA DA VARGEM GRANDE, 515, CABRAL - CEP 27534160",CABRAL,27534160,RESENDE,330420,(24) 3360-6060,psf.cabral2@yahoo.com.br,-22.452662686879453,-44.44351673126221,1244,M,001,08/10/2025
3304202288656,2288656,USF BAIXADA DA OLARIA,SECRETARIA MUNICIPAL DE SAUDE DE RESENDE,UBS / Atencao basica,UNIDADE BASICA DE SAUDE,"RUA HENRI ANTOINE GROUES ABBE PIERRE, 210, BAIXADA DA OLARIA - CEP 27524296",BAIXADA DA OLARIA,27524296,RESENDE,330420,(24) 3360-5157,psf.baixadadaolaria@yahoo.com.br,-22.472777380621665,-44.48366403579712,1244,M,001,08/10/2025
3304204835182,4835182,USF CENTRO,MUNICIPIO DE RESENDE,UBS / Atencao basica,UNIDADE BASICA DE SAUDE,"RUA TIMBURIBA, 48, CENTRO - CEP 27511050",CENTRO,27511050,RESENDE,330420,,,-22.469121026915904,-44.44597710026406,1244,M,001,26/03/2026
3304207592418,7592418,USF CIDADE ALEGRIA,SECRETARIA MUNICIPAL DE SAUDE DE RESENDE,UBS / Atencao basica,UNIDADE BASICA DE SAUDE,"RUA DAS SAMAMBAIAS, S/N, CIDADE ALEGRIA - CEP 27511970",CIDADE ALEGRIA,27511970,RESENDE,330420,(24) 3381-6935,,-22.479023123836672,-44.49388861656189,1244,M,001,08/10/2025
3304202288516,2288516,USF ENGENHEIRO PASSOS I,SECRETARIA MUNICIPAL DE SAUDE DE RESENDE,UBS / Atencao basica,UNIDADE BASICA DE SAUDE,"AVENIDA DAS CAMELIAS, 130, VILA BELA VISTA, ENGENHEIRO PASSOS - CEP 27511970",ENGENHEIRO PASSOS,27511970,RESENDE,330420,(24) 3357-1870,psf.engpassos@yahoo.com.br,-22.50034575239188,-44.674304723739624,1244,M,001,08/10/2025
3304202288869,2288869,USF FAZENDA DA BARRA I,SECRETARIA MUNICIPAL DE SAUDE DE RESENDE,UBS / Atencao basica,UNIDADE BASICA DE SAUDE,"RUA ISAAC POLITI, 141, FAZENDA DA BARRA I - CEP 27540070",FAZENDA DA BARRA I,27540070,RESENDE,330420,(24) 3360-9765,psf.barra1@yahoo.com.br,-22.459320812636186,-44.41373884677887,1244,M,001,08/10/2025
3304202288443,2288443,USF FAZENDA DA BARRA II,SECRETARIA MUNICIPAL DE SAUDE DE RESENDE,UBS / Atencao basica,UNIDADE BASICA DE SAUDE,"RUA ANNA ALMEIDA DE SOUZA, S/N, FAZENDA DA BARRA II - CEP 27537150",FAZENDA DA BARRA II,27537150,RESENDE,330420,(24) 3381-6108,psf.barra2@yahoo.com.br,-22.489626920520113,-44.47805556144337,1244,M,001,08/10/2025
3304202288451,2288451,USF FAZENDA DA BARRA III,SECRETARIA MUNICIPAL DE SAUDE DE RESENDE,UBS / Atencao basica,UNIDADE BASICA DE SAUDE,"RUA SEBASTIAO PEDROZO DA SILVA, 300, VILA MARIA CANDIDA - CEP 27537250",VILA MARIA CANDIDA,27537250,RESENDE,330420,(24) 3355-7156,psf.barra3@yahoo.com.br,-22.463152932111786,-44.38796550035477,1244,M,001,08/10/2025
3304202288559,2288559,USF FUMACA,SECRETARIA MUNICIPAL DE SAUDE DE RESENDE,UBS / Atencao basica,UNIDADE BASICA DE SAUDE,"RUA LEOPOLDO NUNES TEIXEIRA, 30, FUMACA - CEP 27511970",FUMACA,27511970,RESENDE,330420,(24) 3355-3303,psf.zonarural@yahoo.com.br,-22.296420223272627,-44.3110133865075,1244,M,001,08/10/2025
3304202288397,2288397,USF ITAPUCA,SECRETARIA MUNICIPAL DE SAUDE DE RESENDE,UBS / Atencao basica,UNIDADE BASICA DE SAUDE,"RUA EUZEBIO MANUEL DA GLORIA, S/N, LOTE 14, ITAPUCA - CEP 27524250",ITAPUCA,27524250,RESENDE,330420,(24) 3360-5259,psf.itapuca@yahoo.com.br,-22.46981303250467,-44.47981238365173,1244,M,001,08/10/2025
3304203035085,3035085,USF JARDIM ALEGRIA,SECRETARIA MUNICIPAL DE SAUDE DE RESENDE,UBS / Atencao basica,UNIDADE BASICA DE SAUDE,"RUA F, S/N, JARDIM ALEGRIA - CEP 27525390",JARDIM ALEGRIA,27525390,RESENDE,330420,(24) 3360-1983,psf.beirario@gmail.com,-22.474670961095605,-44.4961953163147,1244,M,001,26/03/2026
3304202288664,2288664,USF JARDIM PRIMAVERA,SECRETARIA MUNICIPAL DE SAUDE DE RESENDE,UBS / Atencao basica,UNIDADE BASICA DE SAUDE,"RUA DOS PINTASSILGOS, S/N, JARDIM PRIMAVERA - CEP 27525430",JARDIM PRIMAVERA,27525430,RESENDE,330420,(24) 3360-7791,unidadesaudejardimprimavera@yahoo.com.br,-22.476886714799058,-44.50740158557892,1244,M,001,08/10/2025
3304207052340,7052340,USF LIBERDADE,SECRETARIA MUNICIPAL DE SAUDE DE RESENDE,UBS / Atencao basica,UNIDADE BASICA DE SAUDE,"RUA BARAO DO RIO BRANCO, 145, LIBERDADE - CEP 27510150",LIBERDADE,27510150,RESENDE,330420,(24) 3360-2890,psf.liberdade@yahoo.com.br,-22.465368870050536,-44.465789794921875,1244,M,001,08/10/2025
3304207659121,7659121,USF MORADA DA BARRA,SECRETARIA MUNICIPAL DE SAUDE DE RESENDE,UBS / Atencao basica,UNIDADE BASICA DE SAUDE,"RUA 15, 249, LOTE 12 QUADRA 07, MORADA DA BARRA - CEP 27511970",MORADA DA BARRA,27511970,RESENDE,330420,(24) 3355-7173,psfmoradabarra@yahoo.com.br,-22.46224324710586,-44.38024878501892,1244,M,001,08/10/2025
3304204698487,4698487,USF MORADA DO CONTORNO,MUNICIPIO DE RESENDE,UBS / Atencao basica,UNIDADE BASICA DE SAUDE,"AVENIDA TOCANTINS, S/N, MORADA DO CONTORNO - CEP 27525662",MORADA DO CONTORNO,27525662,RESENDE,330420,,,-22.479822081055833,-44.504708844201765,1244,M,001,08/10/2025
3304205324025,5324025,USF MORRO DO CRUZEIRO CASTELO BRANCO,SECRETARIA MUNICIPAL DE SAUDE DE RESENDE,UBS / Atencao basica,UNIDADE BASICA DE SAUDE,"RUA SANTA INES, 88, MORRO DO CRUZEIRO - CEP 27535230",MORRO DO CRUZEIRO,27535230,RESENDE,330420,(24) 3354-8756,psf.morrodocruzeiro@yahoo.com.br,-22.45257592587034,-44.43418264389038,1244,M,001,08/10/2025
3304207083386,7083386,USF NOVA ALEGRIA,SECRETARIA MUNICIPAL DE SAUDE DE RESENDE,UBS / Atencao basica,UNIDADE BASICA DE SAUDE,"RUA JOSE ANTONIO FLORENZANO ZE BRAZ, 200, NOVA ALEGRIA - CEP 27525354",NOVA ALEGRIA,27525354,RESENDE,330420,(24) 3355-5003,psf.novaalegria@yahoo.com.br,-22.47720147782969,-44.497099220752716,1244,M,001,11/12/2025
3304202288850,2288850,USF NOVO SURUBI,SECRETARIA MUNICIPAL DE SAUDE DE RESENDE,UBS / Atencao basica,UNIDADE BASICA DE SAUDE,"RUA ARY GUIMARAES, 175, NOVO SURUBI - CEP 27512140",NOVO SURUBI,27512140,RESENDE,330420,(24) 3360-5072,psf.novosurubi@yahoo.com.br,-22.4737763,-44.4407349,1244,M,001,08/10/2025
3304202288435,2288435,USF PARAISO,SECRETARIA MUNICIPAL DE SAUDE DE RESENDE,UBS / Atencao basica,UNIDADE BASICA DE SAUDE,"PRACA ZEFERINO DE OLIVEIRA, 200, PARAISO - CEP 27536260",PARAISO,27536260,RESENDE,330420,(24) 3354-6571,psf.paraiso@yahoo.com.br,-22.45442020534586,-44.4336462020874,1244,M,001,08/10/2025
3304209817778,9817778,USF PARQUE MINAS GERAIS,MUNICIPIO DE RESENDE,UBS / Atencao basica,UNIDADE BASICA DE SAUDE,"AVENIDA SAO JOAO DEL REY, 336, PARQUE MINAS GERAIS - CEP 27540200",PARQUE MINAS GERAIS,27540200,RESENDE,330420,(24) 3387-4036,,-22.46296207226496,-44.40051019191743,1244,M,001,08/10/2025
3304204762282,4762282,USF SANTO AMARO,MUNICIPIO DE RESENDE,UBS / Atencao basica,UNIDADE BASICA DE SAUDE,"RUA CLAUDINO JOSE DE PAULA, 250, SANTO AMARO - CEP 27513320",SANTO AMARO,27513320,RESENDE,330420,,,-22.47959196254953,-44.45230005630148,1244,M,001,08/10/2025
3304202288508,2288508,USF SAO CAETANO,SECRETARIA MUNICIPAL DE SAUDE DE RESENDE,UBS / Atencao basica,UNIDADE BASICA DE SAUDE,"RUA VINICIUS DE MORAES, 23, SAO CAETANO - CEP 27532324",SAO CAETANO,27532324,RESENDE,330420,(24) 3360-5854,psf.saocaetano@yahoo.com.br,-22.459992556632763,-44.47938323020935,1244,M,001,08/10/2025
3304202288524,2288524,USF SERRINHA CAPELINHA,SECRETARIA MUNICIPAL DE SAUDE DE RESENDE,UBS / Atencao basica,UNIDADE BASICA DE SAUDE,"ESTRADA JOAQUIM CRIMINAL DA SILVEIRA, S/N, SERRINHA - CEP 27511970",SERRINHA,27511970,RESENDE,330420,(24) 3381-7086,psf.serrinha@yahoo.com.br,-22.36037535565977,-44.50038492679596,1244,M,001,08/10/2025
3304202288427,2288427,USF SURUBI,SECRETARIA MUNICIPAL DE SAUDE DE RESENDE,UBS / Atencao basica,UNIDADE BASICA DE SAUDE,"RUA RODOLPHO ANNECHINO, 605, LOTE B QUADRA 1, SURUBI - CEP 27512124",SURUBI,27512124,RESENDE,330420,(24) 3354-1935,psf.surubivelho@yahoo.com.br,-22.47240312277819,-44.43315535783768,1244,M,001,08/10/2025
3304202288419,2288419,USF VICENTINA,SECRETARIA MUNICIPAL DE SAUDE DE RESENDE,UBS / Atencao basica,UNIDADE BASICA DE SAUDE,"RUA PREFEITO CLODOMIRO MAIA, 1466, VICENTINA - CEP 27513360",VICENTINA,27513360,RESENDE,330420,(24) 3360-5238,psf.vicentina@yahoo.com.br,-22.477174214918335,-44.44830447435379,1244,M,001,08/10/2025
3304202288583,2288583,USF VISCONDE DE MAUA,SECRETARIA MUNICIPAL DE SAUDE DE RESENDE,UBS / Atencao basica,UNIDADE BASICA DE SAUDE,"RUA PRESIDENTE WENCESLAU BRAZ, S/N, LOTE 55, VISCONDE DE MAUA - CEP 27511970",VISCONDE DE MAUA,27511970,RESENDE,330420,(24) 3387-2022,psf.maua@yahoo.com.br,-22.330605792254808,-44.53604221343994,1244,M,001,08/10/2025
3304306966179,6966179,CENTRO DE SAUDE DO CORACAO,SECRETARIA MUNICIPAL DE SAUDE DE RIO BONITO,UBS / Atencao basica,AMBULATORIO,"AVENIDA MARTINHO ALMEIDA, 222, MANGUEIRINHA - CEP 28800000",MANGUEIRINHA,28800000,RIO BONITO,330430,2127340860,,-22.715419709275057,-42.637338638305664,1244,M,016,12/07/2023
3304305462959,5462959,ESF BOA ESPERANCA,SECRETARIA MUNICIPAL DE SAUDE DE RIO BONITO,UBS / Atencao basica,UNIDADE BASICA DE SAUDE,"RUA ENILTON ALVES DE FIGUEIREDO, S/N, QD 04 LT 10, BOA ESPERANCA - CEP 28800000",BOA ESPERANCA,28800000,RIO BONITO,330430,2127340716,smsriobonito@bol.com.br,-22.789164460369282,-42.5385046005249,1244,M,001,05/02/2025
3304308059446,8059446,ESF CAIXA DAGUA,MUNICIPIO DE RIO BONITO,UBS / Atencao basica,UNIDADE BASICA DE SAUDE,"RUA JETULIO VARGAS, 109, CENTRO - CEP 28800000",CENTRO,28800000,RIO BONITO,330430,,,-22.7099682,-42.625240076,1244,M,001,15/12/2025
3304302285266,2285266,ESF DE BASILIO,SECRETARIA MUNICIPAL DE SAUDE DE RIO BONITO,UBS / Atencao basica,UNIDADE BASICA DE SAUDE,"EST DE BASILIO, S/N, BASILIO - CEP 28800000",BASILIO,28800000,RIO BONITO,330430,(21)27340610,smsriobonito@bol.com.br,-22.720021571968175,-42.691135704517365,1244,M,001,08/07/2024
3304307072015,7072015,ESF DE BELA VISTA CIDADE NOVA BOSQUE CLUBE,SECRETARIA MUNICIPAL DE SAUDE DE RIO BONITO,UBS / Atencao basica,UNIDADE BASICA DE SAUDE,"AVENIDA MANOEL DUARTE, 201, BELA VISTA - CEP 28800000",BELA VISTA,28800000,RIO BONITO,330430,,,-22.7064255,-42.61042,1244,M,001,16/04/2025
3304303193977,3193977,ESF DE BNH IPE,SECRETARIA MUNICIPAL DE SAUDE DE RIO BONITO,UBS / Atencao basica,UNIDADE BASICA DE SAUDE,"TRAVESSA B, S/N, BNH - CEP 28800000",BNH,28800000,RIO BONITO,330430,2127340416,smsriobonito@bol.com.br,-22.719111108188127,-42.63300955295563,1244,M,001,13/05/2025
3304309779442,9779442,ESF DE CAJUEIRO,SECRETARIA MUNICIPAL DE SAUDE,UBS / Atencao basica,UNIDADE BASICA DE SAUDE,"ESTRADA RIO DOS INDIOS DE DENTRO, S/N, PRACA CRUZEIRO - CEP 28800000",PRACA CRUZEIRO,28800000,RIO BONITO,330430,,,-22.78390465766559,-42.52788573503494,1244,M,001,16/04/2025
3304307244290,7244290,ESF DE JACUBA LAVRAS,SECRETARIA MUNICIPAL DE SAUDE DE RIO BONITO,UBS / Atencao basica,UNIDADE BASICA DE SAUDE,"ESTRADA VELHA DE LAVRAS, S/N, JACUBA - CEP 28800000",JACUBA,28800000,RIO BONITO,330430,2127340433,saude@riobonito.rj.gov.br,-22.696228769081678,-42.59347915649414,1244,M,001,30/07/2024
3304307372027,7372027,ESF DE MANGUEIRA,SECRETARIA MUNICIPAL DE SAUDE DE RIO BONITO,UBS / Atencao basica,UNIDADE BASICA DE SAUDE,"ESTRADA VELHA DA POSSE, S/N, MANGUEIRA - CEP 28800000",MANGUEIRA,28800000,RIO BONITO,330430,,,-22.703434,-42.58949,1244,M,001,16/04/2025
3304302285398,2285398,ESF DE NOVA CIDADE,SECRETARIA MUNICIPAL DE SAUDE DE RIO BONITO,UBS / Atencao basica,UNIDADE BASICA DE SAUDE,"EST DE BOA ESPERANCA, S/N, NOVA CIDADE - CEP 28800000",NOVA CIDADE,28800000,RIO BONITO,330430,(21)27340610,smsriobonito@bol.com.br,-22.75827783856789,-42.53827124834061,1244,M,001,08/07/2024
3304302285444,2285444,ESF DE PARQUE ANDREA,SECRETARIA MUNICIPAL DE SAUDE DE RIO BONITO,UBS / Atencao basica,UNIDADE BASICA DE SAUDE,"LOTEAMENTO PARQUE ANDREA, S/N, PARQUE ANDREA - CEP 28800000",PARQUE ANDREA,28800000,RIO BONITO,330430,2127340716,smsriobonito@bol.com.br,-22.78390465766559,-42.52788573503494,1244,M,001,04/06/2025
3304303193969,3193969,ESF DE PARQUE INDIANO,SECRETARIA MUNICIPAL DE SAUDE DE RIO BONITO,UBS / Atencao basica,UNIDADE BASICA DE SAUDE,"RUA ARARIBOIA, 195, PQ INDIANO - CEP 28800000",PQ INDIANO,28800000,RIO BONITO,330430,2127340416,smsriobonito@bol.com.br,-22.7197420008541,-42.68033981323242,1244,M,001,08/07/2024
3304302285452,2285452,ESF DE PRACA CRUZEIRO,SECRETARIA MUNICIPAL DE SAUDE DE RIO BONITO,UBS / Atencao basica,UNIDADE BASICA DE SAUDE,"RUA TEIXEIRA DE SOUZA, S/N, PRACA CRUZEIRO - CEP 28800000",PRACA CRUZEIRO,28800000,RIO BONITO,330430,2127340716,smsriobonito@bol.com.br,-22.71792106351608,-42.644663751125336,1244,M,001,08/07/2024
3304302285436,2285436,ESF DE RIO VERMELHO VICOSA,SECRETARIA MUNICIPAL DE SAUDE DE RIO BONITO,UBS / Atencao basica,UNIDADE BASICA DE SAUDE,"ESTRADA DO RIO VERMELHO, S/N, RIO VERMELHO - CEP 28800000",RIO VERMELHO,28800000,RIO BONITO,330430,2127340610,smsriobonito@bol.com.br,-22.7248904710934,-42.562923431396484,1244,M,001,16/04/2025
3304302285312,2285312,ESF DO BOQUEIRAO,SECRETARIA MUNICIPAL DE SAUDE DE RIO BONITO,UBS / Atencao basica,UNIDADE BASICA DE SAUDE,"RUA HILDA JARDIM FARIA, S/N, BOQUEIRAO - CEP 28800000",BOQUEIRAO,28800000,RIO BONITO,330430,2127340610,smsriobonito@bol.com.br,-22.718759786305444,-42.615612745285034,1244,M,001,08/07/2024
3304302285258,2285258,ESF DO RIO DO OURO,SECRETARIA MUNICIPAL DE SAUDE DE RIO BONITO,UBS / Atencao basica,UNIDADE BASICA DE SAUDE,"RUA GREGORIO PINTO, S/N, RIO DO OURO - CEP 28800000",RIO DO OURO,28800000,RIO BONITO,330430,2127340610,smsriobonito@bol.com.br,-22.705097119034257,-42.60231971740723,1244,M,001,04/06/2025
3304302285339,2285339,ESF DO RIO SECO CATIMBAU MATA,SECRETARIA MUNICIPAL DE SAUDE DE RIO BONITO,UBS / Atencao basica,UNIDADE BASICA DE SAUDE,"ESTRADA DO RIO SECO, S/N, KM 9, RIO SECO - CEP 28800000",RIO SECO,28800000,RIO BONITO,330430,2127340610,smsriobonito@bol.com.br,-22.7449975842989,-42.609100341796875,1244,M,001,28/10/2025
3304305485703,5485703,ESF SAMBE COLINA,SECRETARIA MUNICIPAL DE SAUDE DE RIO BONITO,UBS / Atencao basica,UNIDADE BASICA DE SAUDE,"RUA D LOTEAMENTO CARNEIRO DAS NEVES, 85, GL 01 LTS 08 E 09, SAMBE - CEP 28800000",SAMBE,28800000,RIO BONITO,330430,2127340716,smsriobonito@bol.com.br,-22.688151736561014,-42.530479431152344,1244,M,001,08/07/2024
3304302285282,2285282,ESF SERRA DO SAMBE,SECRETARIA MUNICIPAL DE SAUDE DE RIO BONITO,UBS / Atencao basica,UNIDADE BASICA DE SAUDE,"RUA JOSE MIRANDA DA MOTTA, 625, SERRA DO SAMBE - CEP 28800000",SERRA DO SAMBE,28800000,RIO BONITO,330430,2127340610,smsriobonito@bol.com.br,-22.705829524050426,-42.63240337371826,1244,M,001,08/07/2024
3304304214161,4214161,HAIRTECH,RMM TRICOLOGIA E TRANSPLANTE CAPILAR LTDA,UBS / Atencao basica,UNIDADE BASICA DE SAUDE,"PRESIDENTE ARTHUR BERNARDES, 106, LOJA 02, CENTRO - CEP 28800000",CENTRO,28800000,RIO BONITO,330430,21 38465270,SERCONRB@GMAIL.COM,-22.709581,-42.621788,2062,M,001,21/06/2023
3304406232248,6232248,CENTRO DE SAUDE DE GETULANDIA,SECRETARIA MUNICIPAL DE SAUDE DE RIO CLARO,UBS / Atencao basica,UNIDADE DE REABILITACAO,"RUA NOSSA SENHORA DE FATIMA, 195, 5 DISTRITO - CEP 27465000",5 DISTRITO,27465000,RIO CLARO,330440,(24)33321798,fundorc@ig.com.br,-22.65805664178632,-44.10015106201172,1244,M,015,17/09/2025
3304406232191,6232191,ESF FAZENDA DA GRAMA,SECRETARIA MUNICIPAL DE SAUDE DE RIO CLARO,UBS / Atencao basica,UNIDADE BASICA DE SAUDE,"ESTRADA DA VENDINHA, S/N, FAZENDA DA GRAMA - CEP 27460000",FAZENDA DA GRAMA,27460000,RIO CLARO,330440,(24)33321798,fundorc@ig.com.br,-22.665739438365428,-44.055776596069336,1244,M,001,17/09/2025
3304406232221,6232221,ESF LIDICE MODULO I,SECRETARIA MUNICIPAL DE SAUDE DE RIO CLARO,UBS / Atencao basica,UNIDADE BASICA DE SAUDE,"ROD FRANCISCO SATURNINO BRAGA, 537, LIDICE - CEP 27475000",LIDICE,27475000,RIO CLARO,330440,(24)33321798,gab.sms@rioclaro.rj.gov.br,-22.83314893908126,-44.20005798339844,1244,M,001,17/09/2025
3304406232035,6232035,ESF LIDICE MODULO II,SECRETARIA MUNICIPAL DE SAUDE DE RIO CLARO,UBS / Atencao basica,UNIDADE BASICA DE SAUDE,"RUA AURELIANO PORTUGAL, 120, AO LADO DA ESCOLA, ESTACAO - CEP 27475000",ESTACAO,27475000,RIO CLARO,330440,(24)33321710,gab.sms@rioclaro.rj.gov.br,-22.83599668541157,-44.19731140136719,1244,M,001,17/09/2025
3304406232175,6232175,ESF MACUNDU,SECRETARIA MUNICIPAL DE SAUDE DE RIO CLARO,UBS / Atencao basica,UNIDADE BASICA DE SAUDE,"RUA SAO JOAO MARCOS, S/N, SAO JOAO MARCOS - CEP 27472000",SAO JOAO MARCOS,27472000,RIO CLARO,330440,(24)33321798,fusarc.infdados@rio claro.rj.gov.br,-22.774915291708023,-44.08796310424805,1244,M,001,17/09/2025
3304406232140,6232140,ESF MORRO DO ESTADO,SECRETARIA MUNICIPAL DE SAUDE DE RIO CLARO,UBS / Atencao basica,UNIDADE BASICA DE SAUDE,"RUA REPETIDORA, S/N, VL VELHA - CEP 27460000",VL VELHA,27460000,RIO CLARO,330440,2433321710,fundorc@ig.com.br,-22.730432096634555,-44.15611267089844,1244,M,001,17/09/2025
3304406232124,6232124,ESF PASSA TRES,SECRETARIA MUNICIPAL DE SAUDE DE RIO CLARO,UBS / Atencao basica,UNIDADE BASICA DE SAUDE,"ESTRADA ANTIGA RIO X SAO PAULO KM100, 235, 3 DISTRITO - CEP 27470000",3 DISTRITO,27470000,RIO CLARO,330440,(24)33321798,gab.sms@rioclaro.rj.gov.br,-22.727760269491043,-44.137959480285645,1244,M,001,17/09/2025
3304406232116,6232116,ESF POUSO SECO,SECRETARIA MUNICIPAL DE SAUDE DE RIO CLARO,UBS / Atencao basica,UNIDADE BASICA DE SAUDE,"RUA ALTO DOS NEGROS, S/N, GETULANDIA - CEP 27465000",GETULANDIA,27465000,RIO CLARO,330440,(24)33321710,gab.sms@rioclaro.rj.gov.br,-22.6795990656063,-44.158687591552734,1244,M,001,17/09/2025
3304406232205,6232205,ESF RIO CLARO MODULO I,SECRETARIA MUNICIPAL DE SAUDE DE RIO CLARO,UBS / Atencao basica,UNIDADE BASICA DE SAUDE,"RUA VICENTE PANAINO, S/N, GUARITA - CEP 27460000",GUARITA,27460000,RIO CLARO,330440,(24)33321798,fundorc@ig.com.br,-22.72508839015712,-44.13014888763428,1244,M,001,17/09/2025
3304409022104,9022104,ESF RIO CLARO MODULO II,SECRETARIA MUNICIPAL DE SAUDE DE RIO CLARO,UBS / Atencao basica,UNIDADE BASICA DE SAUDE,"VICENTE PANAINO, S/N, GUARITA - CEP 27460000",GUARITA,27460000,RIO CLARO,330440,024 33321551,,-22.725385268215827,-44.12929058074951,1244,M,001,17/09/2025
3304504306104,4306104,CENTRO DE APOIO A SAUDE DA FAMILIA DE ACAYACA,MUNICIPIO DE RIO DAS FLORES,UBS / Atencao basica,UNIDADE BASICA DE SAUDE,"RUA MANOEL MONTEIRO, S/N, ACAYACA - CEP 27665180",ACAYACA,27665180,RIO DAS FLORES,330450,,,-22.203882,-43.613708,1244,M,001,28/01/2026
3304504928636,4928636,CENTRO DE APOIO A SAUDE DA FAMILIA GUARDA FERNANDES,MUNICIPIO DE RIO DAS FLORES,UBS / Atencao basica,UNIDADE BASICA DE SAUDE,"RUA PREFEITO BENEDITO MACHADO DA FONSECA, S/N, GUARDA FERNANDES - CEP 27660000",GUARDA FERNANDES,27660000,RIO DAS FLORES,330450,,,-22.130171175202864,-43.56285095214844,1244,M,001,17/04/2025
3304502268280,2268280,ESTRATEGIA DA SAUDE DA FAMILIA DE MANOEL DUARTE,PREFEITURA MUNICIPAL DE RIO DAS FLORES,UBS / Atencao basica,UNIDADE BASICA DE SAUDE,"RUA ARQUIMEDES MARQUES DA SILVA, S/N, MANOEL DUARTE - CEP 27690140",MANOEL DUARTE,27690140,RIO DAS FLORES,330450,2424581185,faturamentorf@gmail.com,-22.086857,-43.558576,1244,M,001,28/01/2026
3304502268248,2268248,ESTRATEGIA DA SAUDE DA FAMILIA DE TABOAS,PREFEITURA MUNICIPAL DE RIO DAS FLORES,UBS / Atencao basica,UNIDADE BASICA DE SAUDE,"RUA SAO JOSE, 80, TABOAS - CEP 27665060",TABOAS,27665060,RIO DAS FLORES,330450,2424581185,faturamentorf@gmail.com,-22.209933,-43.625035,1244,M,001,28/01/2026
3304506731767,6731767,ESTRATEGIA DA SAUDE DA FAMILIA ELIAS KALIL RISTUM,PREFEITURA MUNICIPAL DE RIO DAS FLORES,UBS / Atencao basica,UNIDADE BASICA DE SAUDE,"RUA PRIMEIRO DE MAIO, 12, CONJ HAB GOV ANTO - CEP 27660434",CONJ HAB GOV ANTO,27660434,RIO DAS FLORES,330450,24581185,faturamentorf@gmail.com,-22.186338,-43.584435,1244,M,001,28/01/2026
3304505360250,5360250,ESTRATEGIA DA SAUDE DA FAMILIA ROSALIA DA ROSA MACHADO,MUNICIPIO DE RIO DAS FLORES,UBS / Atencao basica,UNIDADE BASICA DE SAUDE,"RUA DR LEONI RAMOS, S/N, CENTRO - CEP 27660112",CENTRO,27660112,RIO DAS FLORES,330450,2424581300,faturamentorf@gmail.com,-22.168081,-43.584296,1244,M,001,28/01/2026
3304522275392,2275392,CENTRO DE SAUDE RIO DAS OSTRAS,PREFEITURA MUNICIPAL DE RIO DAS OSTRAS,UBS / Atencao basica,AMBULATORIO,"RUA GUANABARA, S/N, EXTENSAO DO BOSQUE - CEP 28893158",EXTENSAO DO BOSQUE,28893158,RIO DAS OSTRAS,330452,22 227609094,centrosaude.bosque@riodasostras.rj.gov.br,-22.529631,-41.955321,1244,M,016,01/04/2026
3304525809843,5809843,PURE HEALTH SAUDE EM MOVIMENTO,PURE HEALTH CENTRO DE SAUDE INTEGRADO LTDA,UBS / Atencao basica,UNIDADE DE REABILITACAO,"RUA CACHOEIRAS DE MACACU, 18, LOJA 01, RECREIO - CEP 28895380",RECREIO,28895380,RIO DAS OSTRAS,330452,22 999665882,clinicapurehealth@gmail.com,-22.5050084,-41.9287919,2062,M,015,13/08/2025
3304522275317,2275317,UNIDADE BASICA DE SAUDE BOCA DA BARRA,PREFEITURA MUNICIPAL DE RIO DAS OSTRAS,UBS / Atencao basica,UNIDADE BASICA DE SAUDE,"AVENIDA BOCA DA BARRA, S/N, BOCA DA BARRA - CEP 28890197",BOCA DA BARRA,28890197,RIO DAS OSTRAS,330452,2227716373,ubsbbarra@gmail.com,-22.5306785,-41.9356231,1244,M,001,12/02/2026
3304522275376,2275376,UNIDADE BASICA DE SAUDE JARDIM MARILEA,PREFEITURA MUNICIPAL DE RIO DAS OSTRAS,UBS / Atencao basica,UNIDADE BASICA DE SAUDE,"RUA NOVA FRIBURGO, 21, JARDIM MARILEA - CEP 28896049",JARDIM MARILEA,28896049,RIO DAS OSTRAS,330452,22 27648770,ubsmarilea@gmail.com,-22.5058098,-41.9285034,1244,M,001,19/09/2025
3304522275325,2275325,UNIDADE BASICA DE SAUDE NOVA ESPERANCA,PREFEITURA MUNICIPAL DE RIO DAS OSTRAS,UBS / Atencao basica,UNIDADE BASICA DE SAUDE,"RUA X, S/N, NOVA ESPERANCA - CEP 28893555",NOVA ESPERANCA,28893555,RIO DAS OSTRAS,330452,22 27713338,psnovaesperanca@gmail.com,-22.519791978646648,-41.931456327438354,1244,M,001,19/09/2025
3304523533921,3533921,UNIDADE SAUDE DA FAMILIA ANCORA,PREFEITURA MUNICIPAL DE RIO DAS OSTRAS,UBS / Atencao basica,UNIDADE BASICA DE SAUDE,"RUA DAS ACACIAS, 615, ANCORA - CEP 28899422",ANCORA,28899422,RIO DAS OSTRAS,330452,22 27715339,psfancora@gmail.com,-22.4857045,-41.9182129,1244,M,001,03/10/2025
3304522275368,2275368,UNIDADE SAUDE DA FAMILIA CANTAGALO,PREFEITURA MUNICIPAL DE RIO DAS OSTRAS,UBS / Atencao basica,UNIDADE BASICA DE SAUDE,"ESTRADA DE CANTAGALO, S/N, RIO DAS OSTRAS, CANTAGALO - CEP 28894020",CANTAGALO,28894020,RIO DAS OSTRAS,330452,22 997498145,saude.cantagalo@riodasostras.rj.gov.br,-22.4234488,-41.9396732,1244,M,001,19/09/2025
3304522298694,2298694,UNIDADE SAUDE DA FAMILIA CIDADE PRAIANA,PREFEITURA MUNICIPAL DE RIO DAS OSTRAS,UBS / Atencao basica,UNIDADE BASICA DE SAUDE,"RUA SANTA CATARINA, S/N, CIDADE PRAIANA - CEP 28890084",CIDADE PRAIANA,28890084,RIO DAS OSTRAS,330452,2227602008,ubscidadepraiana@gmail.com,-22.54605292507837,-41.97946786880493,1244,M,001,19/09/2025
3304529140212,9140212,UNIDADE SAUDE DA FAMILIA CLAUDIO RIBEIRO,PREFEITURA MUNICIPAL DE RIO DAS OSTRAS,UBS / Atencao basica,UNIDADE BASICA DE SAUDE,"RUA PEPERONIA, S/N, CLAUDIO RIBEIRO - CEP 28899563",CLAUDIO RIBEIRO,28899563,RIO DAS OSTRAS,330452,2227716375,esfclaudioribeiro@gmail.com,-22.486150857985407,-41.92711114883423,1244,M,001,03/10/2025
3304527540345,7540345,UNIDADE SAUDE DA FAMILIA DONA EDIMEIA,PREFEITURA MUNICIPAL DE RIO DAS OSTRAS,UBS / Atencao basica,UNIDADE BASICA DE SAUDE,"AVENIDA LINDA, S/N, NOVA ESPERANCA - CEP 28893476",NOVA ESPERANCA,28893476,RIO DAS OSTRAS,330452,2227719351,ubsdonaedimeia.ro@gmail.com,-22.5261488,-41.9347661,1244,M,001,28/11/2025
3304522275309,2275309,UNIDADE SAUDE DA FAMILIA MAR DO NORTE,PREFEITURA MUNICIPAL DE RIO DAS OSTRAS,UBS / Atencao basica,UNIDADE BASICA DE SAUDE,"ESTRADA DA PRAIA, S/N, MAR DO NORTE - CEP 28898116",MAR DO NORTE,28898116,RIO DAS OSTRAS,330452,2227648239,,-22.4496954,-41.8583554,1244,M,001,22/09/2025
3304522275341,2275341,UNIDADE SAUDE DA FAMILIA NOVA CIDADE,PREFEITURA MUNICIPAL DE RIO DAS OSTRAS,UBS / Atencao basica,UNIDADE BASICA DE SAUDE,"RUA INAJARA, S/N, NOVA CIDADE - CEP 28894438",NOVA CIDADE,28894438,RIO DAS OSTRAS,330452,2227608396,centrosaudenovacidade@gmail.com,-22.5113562,-41.9459424,1244,M,001,19/09/2025
3304522295962,2295962,UNIDADE SAUDE DA FAMILIA OPERARIO,PREFEITURA MUNICIPAL DE RIO DAS OSTRAS,UBS / Atencao basica,UNIDADE BASICA DE SAUDE,"RUA CANTAGALO, S/N, OPERARIO - CEP 28893352",OPERARIO,28893352,RIO DAS OSTRAS,330452,22 27716362,psoperario2@gmail.com,-22.5077326,-41.9302523,1244,M,001,19/09/2025
3304522275333,2275333,UNIDADE SAUDE DA FAMILIA RECANTO,PREFEITURA MUNICIPAL DE RIO DAS OSTRAS,UBS / Atencao basica,UNIDADE BASICA DE SAUDE,"RUA ABEL SIQUEIRA, S/N, RECANTO - CEP 28890630",RECANTO,28890630,RIO DAS OSTRAS,330452,22 27712490,psrecanto@gmail.com,-22.529563616014322,-41.9703483581543,1244,M,001,08/04/2026
3304522275295,2275295,UNIDADE SAUDE DA FAMILIA ROCHA LEAO,PREFEITURA MUNICIPAL DE RIO DAS OSTRAS,UBS / Atencao basica,UNIDADE BASICA DE SAUDE,"RUA HENRIQUE SARZEDAS, S/N, ROCHA LEAO - CEP 28892265",ROCHA LEAO,28892265,RIO DAS OSTRAS,330452,22 2771358,esaudefamiliarochaleao@riodasostras.rj.gov.br,-22.4276299,-42.0086463,1244,M,001,19/09/2025
3304554372972,4372972,A B CLINIC,A B CLINIC SERVICOS MEDICOS LTDA,UBS / Atencao basica,UNIDADE BASICA DE SAUDE,"AVENIDA DOM HELDER CAMARA, 5200, SALA 305, CACHAMBI - CEP 20771004",CACHAMBI,20771004,RIO DE JANEIRO,330455,,fmbcontabilidade@gmail.com,-22.8824103,-43.3273245,2240,M,001,30/10/2023
3304550439479,0439479,A N LIMA ASSISTENCIA MEDICA,A N LIMA ASSISTENCIA MEDICA,UBS / Atencao basica,UNIDADE BASICA DE SAUDE,"RUA SILVA CARDOSO, 405, SALA 201, BANGU - CEP 21810031",BANGU,21810031,RIO DE JANEIRO,330455,21 995402047,alinenli@yahoo.com.br,-22.879140655371852,-43.463287353515625,2135,M,001,25/11/2020
3304559995978,9995978,AC CLINICA DE OFTALMOLOGIA SS,AC CLINICA DE OFTALMOLOGIA SS,UBS / Atencao basica,UNIDADE BASICA DE SAUDE,"AYRTON SENNA, 02150, BLC E SAL 215, BARRA DA TIJUCA - CEP 22775003",BARRA DA TIJUCA,22775003,RIO DE JANEIRO,330455,11 29141674,,-22.9681627,-43.1788818,2232,M,001,26/07/2023
3304554877187,4877187,ACS FISIOTERAPIA,ALAN CORREIA DA SILVA SERVICOS DE FISIOTERAPIA,UBS / Atencao basica,UNIDADE BASICA DE SAUDE,"AV DAS AMERICAS, 19005, BLC 1 SAL 204 205, RECREIO DOS BANDEIRA - CEP 22790703",RECREIO DOS BANDEIRA,22790703,RIO DE JANEIRO,330455,,alcontabilidade@uol.com.br,-23.0206737,-43.4899343,2135,M,001,17/10/2024
3304555675448,5675448,AGAPE SAUDE E BEM ESTAR,AGAPE SAUDE E BEM ESTAR SERVICOS MEDICOS LTDA,UBS / Atencao basica,UNIDADE BASICA DE SAUDE,"AV LUCIO COSTA, 02900, APT 605, BARRA DA TIJUCA - CEP 22620172",BARRA DA TIJUCA,22620172,RIO DE JANEIRO,330455,(67) 8467-2277,MSIMANTOB@UOL.COM.BR,-22.876652,-43.227889,2062,M,001,09/03/2026
3304559882030,9882030,AGUIAR MARQUES SERVICOS MEDICOS,AGUIAR MARQUES SERVICOS MEDICOS LTDA,UBS / Atencao basica,UNIDADE BASICA DE SAUDE,"VISCONDE DE PIRAJA, 00550, SAL 1204, IPANEMA - CEP 22410002",IPANEMA,22410002,RIO DE JANEIRO,330455,21 22248875,DEPTOFISCALQUALY@GMAIL.COM,-22.94756455,-43.1950674,2240,M,001,10/03/2026
3304557968434,7968434,AILA MARIA PANNO BEIRAO,AILA MARIA PANNO BEIRAO,UBS / Atencao basica,UNIDADE BASICA DE SAUDE,"AVENIDA DAS AMERICAS, 500, BLOCO 06 SALA 228, BARRA DA TIJUCA - CEP 22640100",BARRA DA TIJUCA,22640100,RIO DE JANEIRO,330455,21-31537522,ailabeirao@terra.com.br,-23.004717828297043,-43.31782579421997,4000,M,001,01/04/2026
3304554468643,4468643,AIRGAVEA,CLEAR CLINICA ESPECIALIZADA NO APARELHO RESPIRATORIO LTDA,UBS / Atencao basica,UNIDADE BASICA DE SAUDE,"RUA VISCONDE DE PIRAJA, 351, SALA 1108, IPANEMA - CEP 22410906",IPANEMA,22410906,RIO DE JANEIRO,330455,25213101,pneumoforum11@gmail.com,-22.98445,-43.20571,2240,M,001,05/06/2025
3304554936078,4936078,ALELI SERVICOS MEDICOS E EDUCACAO EM SAUDE,ALELI SERVICOS MEDICOS E EDUCACAO EM SAUDE LTDA,UBS / Atencao basica,UNIDADE BASICA DE SAUDE,"BARAO DE LUCENA, 48, 3 ANDAR SALA 20, BOTAFOGO - CEP 22260020",BOTAFOGO,22260020,RIO DE JANEIRO,330455,21981077154,LIVIACOELHOGERIATRIA@GMAIL.COM,-22.9484292,-43.18749638978217,2062,M,001,09/12/2024
3304559802320,9802320,ALERGO IMUNO E ONCO SERVICOS MEDICOS,ALERGO IMUNO E ONCO SERVICOS MEDICOS LTDA,UBS / Atencao basica,UNIDADE BASICA DE SAUDE,"AVENIDA DAS AMERICAS, 15015, SAL 202, RECREIO DOS BANDEIRA - CEP 22790701",RECREIO DOS BANDEIRA,22790701,RIO DE JANEIRO,330455,21 996164008,C.TORRICO.ALERGO@GMAIL.COM,-23.0123299,-43.4593302,2062,M,001,10/03/2026
3304558114439,8114439,ALIANCA FISIO SAUDE,CENTRO INTEGRADO ALIANCA SAUDE E MOVIMENTO LTDA,UBS / Atencao basica,UNIDADE BASICA DE SAUDE,"ESTRADA CORONEL PEDRO CORREIA, 123, SALA 203, JACAREPAGUA - CEP 22775090",JACAREPAGUA,22775090,RIO DE JANEIRO,330455,4430403490,societario@emscontabilidade.cnt.br,-22.967747,-43.390449,2062,M,001,26/01/2026
3304554931483,4931483,ALMEIDA ANESTESIA,ALMEIDA ANESTESIA LTDA,UBS / Atencao basica,UNIDADE BASICA DE SAUDE,"AVENIDA RAINHA ELISABETH, 244, APTO 101, COPACABANA - CEP 22081032",COPACABANA,22081032,RIO DE JANEIRO,330455,,,-22.9862563,-43.195599,2062,M,001,07/10/2025
3304554553462,4553462,ALMEIDA E MESQUITA,ALMEIDA E MESQUITA SERVICOS MEDICOS,UBS / Atencao basica,UNIDADE BASICA DE SAUDE,"AVENIDA RAINHA ELISABETH, 244, APTO 101, COPACABANA - CEP 22081032",COPACABANA,22081032,RIO DE JANEIRO,330455,,,-22.9862563,-43.195599,2232,M,001,07/10/2025
3304554466314,4466314,AMICITTA SAUDE INTEGRATIVA,AMICITTA SAUDE INTEGRATIVA LTDA,UBS / Atencao basica,UNIDADE BASICA DE SAUDE,"AV RIO BRANCO, 00277, SAL 1505, CENTRO - CEP 20040904",CENTRO,20040904,RIO DE JANEIRO,330455,(21) 3627-8000,ADMINISTRATIVO@LIRAABRANTES.COM.BR,-22.911467,-43.175191,2062,M,001,02/02/2024
3304554458729,4458729,AMP SERVICOS MEDICOS,AMP SERVICOS MEDICOS,UBS / Atencao basica,UNIDADE BASICA DE SAUDE,"AV ALMIRANTE ALVARO ALBERTO, 180, APTO 902, SAO CONRADO - CEP 22610070",SAO CONRADO,22610070,RIO DE JANEIRO,330455,,deptofiscal@qualycont,-22.9974249,-43.25727,2232,M,001,09/03/2026
3304559357130,9357130,ANA LUIZA PIMENTA PEREIRA LEITE,ANA LUIZA PIMENTA PEREIRA LEITE,UBS / Atencao basica,UNIDADE BASICA DE SAUDE,"RUA ANDRADE PERTENCE, 11, CATETE - CEP 22220010",CATETE,22220010,RIO DE JANEIRO,330455,2556-6911,aluizapimenta@gmail.com,-22.9248874,-43.1773025,4000,M,001,01/08/2025
3304552854708,2854708,ANDRE BRAZ SERVICOS MEDICOS LTDA,ANDRE BRAZ SERVICOS MEDICOS LTDA,UBS / Atencao basica,UNIDADE BASICA DE SAUDE,"R VISCONDE DE PIRAJA, 547, SAL 801 A 806 E 823, IPANEMA - CEP 22410900",IPANEMA,22410900,RIO DE JANEIRO,330455,2125236334,AVBRZ@GLOBO.COM,-22.98417,-43.204967,2062,M,001,09/03/2022
3304557478569,7478569,ANGELA ROSA IMPERIO MEYRELLES,ANGELA ROSA IMPERIO MEYRELLES,UBS / Atencao basica,UNIDADE BASICA DE SAUDE,"RUA ANDRADE PERTENCE, 11, CATETE - CEP 22220010",CATETE,22220010,RIO DE JANEIRO,330455,2556-6911,ameyrelles@ig.com.br,-22.9248874,-43.1773025,4000,M,001,06/10/2025
3304559101829,9101829,ANGELO CARLOS FREIRE DE ALENCAR,ANGELO CARLOS FREIRE DE ALENCAR,UBS / Atencao basica,UNIDADE BASICA DE SAUDE,"RUA HERMENGARDA, 60, SALAS 408 E 409, MEIER - CEP 21710010",MEIER,21710010,RIO DE JANEIRO,330455,(21)2289-2243,,-22.904291,-43.2782544,4000,M,001,15/02/2024
3304550897914,0897914,ASSUMPCAO ENDOCRINOLOGIA PEDIATRICA LTDA,ASSUMPCAO ENDOCRINOLOGIA PEDIATRICA LTDA,UBS / Atencao basica,UNIDADE BASICA DE SAUDE,"RUA DOIS DE DEZEMBRO, 62, APT 806, FLAMENGO - CEP 22220040",FLAMENGO,22220040,RIO DE JANEIRO,330455,,,-22.92972862962963,-43.176672951851856,2240,M,001,25/02/2026
3304556697658,6697658,AXON,AXON CLINICA NEUROLOGICA LTDA,UBS / Atencao basica,UNIDADE BASICA DE SAUDE,"RUA VISCONDE DE SILVA, 52, SALA 804, BOTAFOGO - CEP 22271092",BOTAFOGO,22271092,RIO DE JANEIRO,330455,,MARCELO@EXEMPLARCONTABILIDADE.COM.BR,-22.9581977,-43.1965994,2240,M,001,25/11/2024
3304552836017,2836017,AZZI E TANAKA GINECOLOGIA,AZZI E TANAKA GINECOLOGIA LTDA,UBS / Atencao basica,UNIDADE BASICA DE SAUDE,"RUA CERQUEIRA DALTRO, 157, SALA 508 E 509, CASCADURA - CEP 21380320",CASCADURA,21380320,RIO DE JANEIRO,330455,,,-22.878211484145844,-43.32057237625122,2062,M,001,16/10/2025
3304559325182,9325182,BARJO ASSISTENCIA MEDICA,BARJO ASSISTENCIA MEDICA,UBS / Atencao basica,UNIDADE BASICA DE SAUDE,"RUA IVO DO PRADO, 79, SALA 201, CAMPO GRANDE - CEP 23080200",CAMPO GRANDE,23080200,RIO DE JANEIRO,330455,2133283190,barjoasm@gmail.com,-22.9008077,-43.5649541,2232,M,001,27/10/2025
3304555346290,5346290,BARRA TRAUMA,BARRA TRAUMA CLINICA,UBS / Atencao basica,UNIDADE BASICA DE SAUDE,"AVENIDA ARMANDO LOMBARDI, 1000, BL II GR 116 117, BARRA DA TIJUCA - CEP 22621000",BARRA DA TIJUCA,22621000,RIO DE JANEIRO,330455,30781515,marcelo@exemplarcontabilidade.com.br,-23.00716,-43.30982,2062,M,001,07/10/2025
3304555939348,5939348,BAUMANN BOUSFIELD,FB ANGIORIM LTDA,UBS / Atencao basica,AMBULATORIO,"AVENIDA DAS AMERICAS, 700, BLC 1 104 105 106, BARRA DA TIJUCA - CEP 22640100",BARRA DA TIJUCA,22640100,RIO DE JANEIRO,330455,21-99288-8909,fbangiorim@gmail.com,-23.001803842067247,-43.318247504188825,2062,M,016,23/09/2025
3304558057613,8057613,BIANCA GODINHO FISIOTERAPIA,BIANCA GODINHO FISIOTERAPIA LTDA,UBS / Atencao basica,UNIDADE BASICA DE SAUDE,"RUA JOAO BARBALHO, 375, FDS, QUINTINO BOCAIUVA - CEP 20740010",QUINTINO BOCAIUVA,20740010,RIO DE JANEIRO,330455,21979795891,BIANCAGODINHO.FISIO@GMAIL.COM,-22.8914895,-43.319209,2062,M,001,01/12/2025
3304559243011,9243011,BIANCA VELOSO MASSIMO,BIANCA VELOSO MASSIMO,UBS / Atencao basica,UNIDADE BASICA DE SAUDE,"AVENIDA DAS AMERICAS, 3500, BLOCO 3 SALA 206, BARRA DA TIJUCA - CEP 22640102",BARRA DA TIJUCA,22640102,RIO DE JANEIRO,330455,21981852617,biancamassimo@gmail.com,-22.969,-43.667,4000,M,001,08/01/2026
3304555959241,5959241,BORGES E FREITAS SERVICOS MEDICOS,BORGES E FREITAS SERVICOS MEDICOS LTDA,UBS / Atencao basica,UNIDADE BASICA DE SAUDE,"RUA PAULO MOURA, 385, APTO 0704 BLC 002, BARRA DA TIJUCA - CEP 22793237",BARRA DA TIJUCA,22793237,RIO DE JANEIRO,330455,2198102664,HUGOBORGES89@HOTMAIL.COM,-22.99222,-43.40245,2240,M,001,02/10/2025
3304555748070,5748070,BRUNA HABILITACAO E REABILITACAO FONOAUDIOLOGICA,BRUNA RODRIGUES CASTRO FONOAUDIOLOGIA,UBS / Atencao basica,UNIDADE BASICA DE SAUDE,"R PROFESSORA CELINA PADILHA, 52, LOT 12 PAL 23174 QDR, CAMPO GRANDE - CEP 23040100",CAMPO GRANDE,23040100,RIO DE JANEIRO,330455,(21) 7413-4217,BRUNARODRIGUES.FONO@GMAIL.COM,-22.922335231089388,-43.548453971181154,2135,M,001,14/07/2025
3304554940385,4940385,C A SERVICOS ODONTOLOGICOS,C A SERVICOS ODONTOLOGICOS LTDA,UBS / Atencao basica,UNIDADE BASICA DE SAUDE,"AVENIDA DAS AMERICAS, 700, BLOCO 3 SALA 208, BARRA DA TIJUCA - CEP 22640100",BARRA DA TIJUCA,22640100,RIO DE JANEIRO,330455,21985000264,CARFERREIRA@OPENLINK.COM.BR,-23.0019657,-43.3209115,2240,M,001,13/12/2024
3304550782297,0782297,CAFE DA CASA,RECH CASTRO PILATES LTDA,UBS / Atencao basica,UNIDADE BASICA DE SAUDE,"ROBERVAL CORDEIRO DE FARIAS, 00310, SALA 0206, RECREIO DOS BANDEIRA - CEP 22795325",RECREIO DOS BANDEIRA,22795325,RIO DE JANEIRO,330455,21 31651568,diretor.adm@casadacoluna.com.br,-23.0158337,-43.4772777,2062,M,001,09/03/2026
3304559500561,9500561,CAMIM CAMPO GRANDE,POLICLINICA TRES IRMAOS LTDA,UBS / Atencao basica,UNIDADE BASICA DE SAUDE,"CESARIO DE MELO, 03752, SALAS 301 310 401 41, CAMPO GRANDE - CEP 23050102",CAMPO GRANDE,23050102,RIO DE JANEIRO,330455,21 24714580,Paulo.victor@clinicacamim.com.br,-22.873249,-43.777221,2062,M,001,26/09/2025
3304550631124,0631124,CAMIM CAMPO GRANDE CGY,CENTRO MEDICO CGY CAMPO GRANDE LTDA,UBS / Atencao basica,UNIDADE BASICA DE SAUDE,"CACHAMORRA, 01755, CAMPO GRANDE - CEP 23040152",CAMPO GRANDE,23040152,RIO DE JANEIRO,330455,21 24714580,,-22.94624115,-43.55717806595513,2062,M,001,26/09/2025
3304550251313,0251313,CAMIM CAMPO GRANDE X,CENTRO MEDICO CLARINDO BARROSO LOMBA LTDA,UBS / Atencao basica,UNIDADE BASICA DE SAUDE,"AUGUSTO DE AZEVEDO SANTOS, 00009, LOJ A, CAMPO GRANDE - CEP 23087040",CAMPO GRANDE,23087040,RIO DE JANEIRO,330455,21 24714580,,-22.877,-43.288,2062,M,001,30/09/2025
3304559280952,9280952,CAMIM REALENGO,CENTRO MEDICO DOIS IRMAOS LTDA,UBS / Atencao basica,UNIDADE BASICA DE SAUDE,"SANTA CRUZ, 598, REALENGO - CEP 23520243",REALENGO,23520243,RIO DE JANEIRO,330455,,,-22.9176248,-43.6834907,2240,M,001,26/09/2025
3304554829328,4829328,CAMINHOS DA SAUDE ORTOPEDIA FISIOTERAPIA MEDICINA INTEGRA,CAMINHOS DA SAUDE ORTOPEDIA FISIOTERAPIA MEDICINA INTEGRA,UBS / Atencao basica,UNIDADE BASICA DE SAUDE,"RUA VINTE E QUATRO DE MAIO, 332, LOJA B, RIACHUELO - CEP 20950090",RIACHUELO,20950090,RIO DE JANEIRO,330455,21973807084,paulina.nogueira@criarfisioterapia.com.br,-22.9018475,-43.255877,2062,M,001,12/09/2024
3304556092055,6092055,CARDIOCLINICA,CARDIOCLINICA SERVICOS MEDICOS SOCIEDADE SIMPLES PURA,UBS / Atencao basica,UNIDADE BASICA DE SAUDE,"RUA RAMON FRANCO, 66, URCA - CEP 22290290",URCA,22290290,RIO DE JANEIRO,330455,,,-22.952052108315467,-43.16742604052311,2232,M,001,19/12/2024
3304555159695,5159695,CARDIODERMA SERVICOS MEDICOS,CARDIODERMA SERVICOS MEDICOS,UBS / Atencao basica,UNIDADE BASICA DE SAUDE,"RUA ALBERTO CAVALCANTI, 480, SALA 204, RECREIO DOS BANDEIRA - CEP 22790850",RECREIO DOS BANDEIRA,22790850,RIO DE JANEIRO,330455,2124017270,mvacontabilidade@gmail.com,-23.0156984,-43.4680753,2232,M,001,25/01/2023
3304554613082,4613082,CARDIONEST,PATRICIA BARBIERI BRUNO GUIDA SERVICOS MEDICOS,UBS / Atencao basica,UNIDADE BASICA DE SAUDE,"RUA DOUTOR NEVES DA ROCHA, 50, APT 201, LAGOA - CEP 22271080",LAGOA,22271080,RIO DE JANEIRO,330455,2122636697,LEGALIZACOES@WORLDCONSULT.COM.BR,-22.96152550027168,-43.21132329308997,2232,M,001,29/04/2024
3304554536002,4536002,CASA COMIGO,FESTA AMOR ORGANIZACAO DE FESTAS LTDA,UBS / Atencao basica,UNIDADE BASICA DE SAUDE,"SANTA CLARA, 50, SALA 717, COPACABANA - CEP 22041012",COPACABANA,22041012,RIO DE JANEIRO,330455,2121466415,freigerber@hotmail.com,-22.97145,-43.18687,2062,M,001,20/03/2024
3304550782033,0782033,CASA DA COLUNA DO RECREIO,CASA DA COLUNA DO RECREIO LTDA,UBS / Atencao basica,UNIDADE BASICA DE SAUDE,"ROBERVAL CORDEIRO DE FARIAS, 00310, SALA 201 A 205 E 301, RECREIO DOS BANDEIRA - CEP 22795325",RECREIO DOS BANDEIRA,22795325,RIO DE JANEIRO,330455,21 24873599,fiscal@informecontabeis.com.br,-23.0173975,-43.457129,2062,M,001,09/03/2026
3304554888766,4888766,CASA DA COLUNA SAUDE E BEM ESTAR,CASA SA COLUNA SAUDE E BEM ESTAR RJ LTDA,UBS / Atencao basica,UNIDADE BASICA DE SAUDE,"AVENIDA OLEGARIO MACIEL, 101, 206, BARRA DA TIJUCA - CEP 22621200",BARRA DA TIJUCA,22621200,RIO DE JANEIRO,330455,2181978151,DIRETOR.ADM@CSADACOLUNA.COM.BR,-23.0137009,-43.3057166,2062,M,001,09/03/2026
3304554552628,4552628,CENTRO DE INTERVENCAO COMPORTAMENTAL,CENTRO DE INTERVENCAO COMPORTAMENTAL VANESSA MUSSI,UBS / Atencao basica,UNIDADE BASICA DE SAUDE,"RUA MARTINS FERREIRA, 42, BOTAFOGO - CEP 22271010",BOTAFOGO,22271010,RIO DE JANEIRO,330455,2122666258,CICRJ@HOTMAIL.COM,-22.953423,-43.195438,2232,M,001,25/09/2025
3304554125479,4125479,CENTRO DE SAUDE BUCAL BOCA BOCA,CENTRO DE SAUDE BUCAL BOCA BOCA LTDA,UBS / Atencao basica,AMBULATORIO,"AVENIDA DAS AMERICAS, 3500, BLC 07 SL 102 SL 103, BARRA DA TIJUCA - CEP 22640102",BARRA DA TIJUCA,22640102,RIO DE JANEIRO,330455,(21) 987249572,cdartemis@yahoo.com.br,-22.999289,-43.348553,2062,M,016,25/09/2025
3304554782283,4782283,CENTRO DE SAUDE E TRAFEGO LTDA,CENTRO DE SAUDE E TRAFEGO LTDA,UBS / Atencao basica,AMBULATORIO,"AV ALMIRANTE BARROSO, 22, SAL 706, CENTRO - CEP 20031000",CENTRO,20031000,RIO DE JANEIRO,330455,021-2216-9900,phablo@asse.com.br,-22.90838075,-43.17698884610614,2240,M,016,18/02/2026
3304555827507,5827507,CENTRO DE SAUDE INTERDICIPLINAR,CENTRO DE SAUDE INTERDICIPLINAR LTDA,UBS / Atencao basica,AMBULATORIO,"ESTRADA DO PORTELA, 99, SALA 429, MADUREIRA - CEP 21351901",MADUREIRA,21351901,RIO DE JANEIRO,330455,,contato@bitminrsaccouting.com.br,-22.874,-43.338,2062,M,016,22/08/2025
3304558038368,8038368,CENTRO DE SAUDE MENTAL AMPLIMENTE,CENTRO DE SAUDE MENTAL AMPLIMENTE LTDA,UBS / Atencao basica,AMBULATORIO,"R PIAUI, 00400, APT 1308 BLC 1, TODOS OS SANTOS - CEP 20770130",TODOS OS SANTOS,20770130,RIO DE JANEIRO,330455,,,-22.887685,-43.287847,2062,M,016,14/11/2025
3304550842192,0842192,CENTRO DE SAUDE MODERNA,CLINICA DE SAUDE MODERNA LTDA,UBS / Atencao basica,AMBULATORIO,"R CAROLINA MACHADO, 00560, SAL 0311, MADUREIRA - CEP 21351021",MADUREIRA,21351021,RIO DE JANEIRO,330455,(21) 3017-5849,centrodesaudemoderna@gmail.com,-22.87454,-43.34045,2062,M,016,28/07/2021
3304556200435,6200435,CENTRO DE SAUDE OCULAR FILIAL BOTAFOGO,SIMA CLINICA MEDICA,UBS / Atencao basica,AMBULATORIO,"VOLUNTARIOS DA PATRIA, 190, SALA 622, BOTAFOGO - CEP 22270012",BOTAFOGO,22270012,RIO DE JANEIRO,330455,21 22169905,centrodesaudeocular@gmail.com,-22.95254,-43.18826,2232,M,016,25/02/2026
3304556200591,6200591,CENTRO DE SAUDE OCULAR MATRIZ DEL CASTILHO,SIMA CLINICA MEDICA,UBS / Atencao basica,AMBULATORIO,"PASTOR MARTIN LUTHER KING JR, 126, BLOCO A SALA 417, DEL CASTILHO - CEP 20765000",DEL CASTILHO,20765000,RIO DE JANEIRO,330455,30831527,,-22.2876657,-43.227877,2232,M,016,16/01/2026
3304559531742,9531742,CENTRO MEDICO DE PIEDADE,CENTRO MEDICO DE PIEDADE LTDA,UBS / Atencao basica,UNIDADE BASICA DE SAUDE,"PADRE MANUEL DA NOBREGA, 114, LOJA, QUINTINO BOCAIUVA - CEP 21381009",QUINTINO BOCAIUVA,21381009,RIO DE JANEIRO,330455,21 33912518,LEGALIZACAO@CBNASSESSORIA.COM.BR,-22.88392,-43.31105,2062,M,001,26/02/2026
3304553340767,3340767,CENTRO MEDICO GUARATIBA LTDA,CENTRO MEDICO ESPECIALIZADO GUARATIBA LTDA,UBS / Atencao basica,UNIDADE BASICA DE SAUDE,"RUA AGUAS FORMOSAS, 398, GUARATIBA - CEP 23031000",GUARATIBA,23031000,RIO DE JANEIRO,330455,2134203141,cmeg@terra.com.br,-22.965056,-43.611373,2062,M,001,23/06/2023
3304554933680,4933680,CENTRO MEDICO MEMORIAL ASSIM MEDICAL RECREIO,CENTRO MEDICO MEMORIAL ASSIM MEDICAL RECREIO LTDA,UBS / Atencao basica,UNIDADE BASICA DE SAUDE,"AVENIDA DAS AMERICAS, 15111, BARRA DA TIJUCA - CEP 22790701",BARRA DA TIJUCA,22790701,RIO DE JANEIRO,330455,2135412560,,-23.013481679173374,-43.461227103455094,2062,M,001,25/03/2026
3304559860606,9860606,CENTRO MEDICO OSORIO VERGETE,CENTRO MEDICO OSORIO VERGETE LTDA,UBS / Atencao basica,UNIDADE BASICA DE SAUDE,"RUA JARDIM BOTANICO, 674, SALA 311, JARDIM BOTANICO - CEP 22641002",JARDIM BOTANICO,22641002,RIO DE JANEIRO,330455,(21) 2714-7500,,-22.964721,-43.281054,2240,M,001,10/03/2026
3304557678851,7678851,CENTRO OFTALMOLOGICO,CENTRO OFTALMOLOGICO CAMPO GRANDE LTDA,UBS / Atencao basica,UNIDADE BASICA DE SAUDE,"RUA IVO DO PRADO, 79, SALA 404, CAMPO GRANDE - CEP 23080200",CAMPO GRANDE,23080200,RIO DE JANEIRO,330455,,ufm.fiscal@gmail.com,-22.90205587743539,-43.56482613961431,2240,M,001,13/08/2025
3304557929463,7929463,CESAR RUBENS POLLI,CESAR RUBENS POLLI,UBS / Atencao basica,UNIDADE BASICA DE SAUDE,"RUA CONDE DE BONFIM, 422, APT 607, TIJUCA - CEP 20520054",TIJUCA,20520054,RIO DE JANEIRO,330455,(21)3333-5082,contatocesarpolli@gmail.com,-22.92506,-43.23454,4000,M,001,28/01/2026
3304554805666,4805666,CFELDMAN DERMATOLOGIA,CFELDMAN DERMATOLOGIA SERVICOS MEDICOS LTDA,UBS / Atencao basica,UNIDADE BASICA DE SAUDE,"R GARCIA D AVILA, 64, SAL 409, IPANEMA - CEP 22421010",IPANEMA,22421010,RIO DE JANEIRO,330455,2122596853,consultoriodracecilia01@gmail.com,-22.9829363,-43.2091512,2240,M,001,28/08/2024
3304559447415,9447415,CHAVES ALVES,CHAVES ALVES PEDIATRIA LTDA,UBS / Atencao basica,UNIDADE BASICA DE SAUDE,"R JARDIM BOTANICO, 674, SL 104, JARDIM BOTANICO - CEP 22461002",JARDIM BOTANICO,22461002,RIO DE JANEIRO,330455,,deptofiscal@qualycont.com.br,-22.90647221,-43.218154,2240,M,001,10/03/2026
3304558138893,8138893,CHRISMED,CSA ASSESSORIA CONSULTORIA MEDICA LTDA,UBS / Atencao basica,UNIDADE BASICA DE SAUDE,"RUA VOLUNTARIOS DA PATRIA, 166, APT 1202, BOTAFOGO - CEP 22270012",BOTAFOGO,22270012,RIO DE JANEIRO,330455,,,-22.7914813,-43.3060224,2240,M,001,12/02/2026
3304554881559,4881559,CISNE,CISNE SERVICOS MEDICOS EIRELI,UBS / Atencao basica,UNIDADE BASICA DE SAUDE,"RUA DO EQUADOR, 43, BL 03 SALA 1002, SANTO CRISTO - CEP 20220280",SANTO CRISTO,20220280,RIO DE JANEIRO,330455,,ufm.fiscal@gmail.com,-22.896768,-43.20161,2240,M,001,13/08/2025
3304554661192,4661192,CLAUDIA GAMA ALMEIDA OLIVEIRA,CLAUDIA GAMA ALMEIDA OLIVEIRA,UBS / Atencao basica,UNIDADE BASICA DE SAUDE,"RUA JOSE BONIFACIO, 1050, BLC 1 SAL 0512, TODOS OS SANTOS - CEP 20770240",TODOS OS SANTOS,20770240,RIO DE JANEIRO,330455,(21) 9616-7453,c.gamaoli@gmail.com,-22.8563485,-43.7651966,4000,M,001,28/01/2026
3304559722564,9722564,CLAUDIO PESSOA DE ARAUJO SOARES,CLAUDIO PESSOA DE ARAUJO SOARES,UBS / Atencao basica,UNIDADE BASICA DE SAUDE,"RUA CONSTANTE RAMOS, 44, SALA 801, COPACABANA - CEP 22051012",COPACABANA,22051012,RIO DE JANEIRO,330455,,,-22.9749198,-43.1873136,4000,M,001,13/07/2023
3304557811365,7811365,CLEAN SMILE,CLINICA ODONTOLOGICA CLEAN SMILE LTDA ME,UBS / Atencao basica,UNIDADE BASICA DE SAUDE,"AVENIDA DOM HELDER CAMARA, 5200, SALA 634, PILARES - CEP 20771004",PILARES,20771004,RIO DE JANEIRO,330455,2135983058,clinicacleansmile@hotmail.com,-22.886939038049228,-43.28220662883563,2062,M,001,24/11/2025
3304555688418,5688418,CLINICA BRETAS,PBBR SERVICOS MEDICOS LTDA,UBS / Atencao basica,UNIDADE BASICA DE SAUDE,"BARTOLOMEU PORTELA, 00050, APT 203, BOTAFOGO - CEP 22290190",BOTAFOGO,22290190,RIO DE JANEIRO,330455,41 32486244,CLIENTES@ESCRITAX.COM.BR,-22.9516713,-43.1795493,2062,M,001,27/02/2026
3304557081901,7081901,CLINICA CASSIA E SINCLAIR,CLINICA CASSIA E SINCLAIR LTDA,UBS / Atencao basica,UNIDADE BASICA DE SAUDE,"RUA MEDINA, 127, SALA 705, MEIER - CEP 20735130",MEIER,20735130,RIO DE JANEIRO,330455,21 33900407,,-22.8983387,-43.2777192,2240,M,001,03/10/2025
3304554732251,4732251,CLINICA CRISLAUBENS,CLINICA DE PSICOLOGIA CRISLAUBENS LTDA,UBS / Atencao basica,UNIDADE BASICA DE SAUDE,"AVENIDA DAS AMERICAS, 2250, SALA 218, BARRA DA TIJUCA - CEP 22640101",BARRA DA TIJUCA,22640101,RIO DE JANEIRO,330455,2194219626,CRISLAUBENPSI@GMAIL.COM,-23.0181207,-43.4712599,2240,M,001,21/05/2025
3304554692721,4692721,CLINICA DE OLHOS DR FELIPE BEKMAN,CLINICA DE OLHOS DR FELIPE BEKMAN LTDA,UBS / Atencao basica,UNIDADE BASICA DE SAUDE,"DO GALEAO, 02715, BLC 2 SAL 211, PORTUGUESA - CEP 21931387",PORTUGUESA,21931387,RIO DE JANEIRO,330455,41 32486244,CLIENTES@ESCRITAX.COM.BR,-22.8113607,-43.2167854,2062,M,001,17/06/2025
3304556139892,6139892,CLINICA DE OLHOS DR WASLOW C SYLOS,CLINICA DE OLHOS DR WASLOW C SYLOS LTDA,UBS / Atencao basica,UNIDADE BASICA DE SAUDE,"DAGMAR DA FONSECA, 145, MADUREIRA - CEP 21351040",MADUREIRA,21351040,RIO DE JANEIRO,330455,,,-22.8730932,-43.3402548,2240,M,001,22/08/2025
3304554071344,4071344,CLINICA DE OLHOS DRA LUCIANE BEKMAN,CLINICA DE OLHOS DRA LUCIANE BEKMAN LTDA,UBS / Atencao basica,UNIDADE BASICA DE SAUDE,"CARDOSO DE MORAIS, 00061, SAL 823, BONSUCESSO - CEP 21032900",BONSUCESSO,21032900,RIO DE JANEIRO,330455,21 22603262,CLIENTES@ESCRITAX.COM.BR,-22.8649428,-43.2549114,2062,M,001,17/03/2025
3304556561225,6561225,CLINICA DE ORTOPEDIA E FISIOTERAPIA DR ANTONIO DANTAS,K G Z SERVICOS DE MEDICINA E FISIOTERAPIA LTDA,UBS / Atencao basica,UNIDADE BASICA DE SAUDE,"MONSENHOR FELIX, 00549, IRAJA - CEP 21235111",IRAJA,21235111,RIO DE JANEIRO,330455,21 99724271,drdantas@globo.com,-22.8312894,-43.3287412,2240,M,001,23/08/2023
3304554539451,4539451,CLINICA DE PSICOLOGIA PALOMAR GHIU,CLINICA DE PSICOLOGIA PALOMAR GHIU LTDA,UBS / Atencao basica,UNIDADE BASICA DE SAUDE,"AVENIDA NOSSA SENHORA DE COPACABANA, 1072, SALA 607, COPACABANA - CEP 22060002",COPACABANA,22060002,RIO DE JANEIRO,330455,21982085833,,-22.9371466,-43.7510009,2062,M,001,21/03/2024
3304559000771,9000771,CLINICA DERMATOLOGICA MARCIA LINHARES,CLINICA DERMATOLOGICA MARCIA LINHARES S S LTDA,UBS / Atencao basica,UNIDADE BASICA DE SAUDE,"VISCONDE DE PIRAJA, 00595, SAL 602, IPANEMA - CEP 22410003",IPANEMA,22410003,RIO DE JANEIRO,330455,21 25126461,,-22.98386,-43.21306,2240,M,001,19/03/2026
3304553336220,3336220,CLINICA DRA MARIA EUGENIA,CLINICA DRA MARIA EUGENIA LTDA,UBS / Atencao basica,UNIDADE BASICA DE SAUDE,"FERNANDO LEITE MENDES, 61, SALA 302, R DOS BANDEIRANTES - CEP 22795330",R DOS BANDEIRANTES,22795330,RIO DE JANEIRO,330455,2279 24995866,FISCAL@INFORMECONTABEIS.COM.BR,-23.017022,-43.461098,2240,M,001,09/03/2026
3304558046891,8046891,CLINICA FICHMAN DERMATOLOGIA E PSIQUIATRIA,CLINICA FICHMAN DERMATOLOGIA E PSIQUIATRIA LTDA,UBS / Atencao basica,UNIDADE BASICA DE SAUDE,"RUA VISCONDE DE PIRAJA, 330, SALA 1013, IPANEMA - CEP 22410003",IPANEMA,22410003,RIO DE JANEIRO,330455,2198906-6149,,-22.185,-43.185,2240,M,001,09/12/2025
3304558203377,8203377,CLINICA FISIOREABILITA,FISIOREABILITA FISIOTERAPIA LTDA,UBS / Atencao basica,UNIDADE BASICA DE SAUDE,"RUA EVANGELINA, 31, A LJ, OLARIA - CEP 21073250",OLARIA,21073250,RIO DE JANEIRO,330455,,alexandre.lomeu@icloud.com,-22.35876652,-43.227875,2062,M,001,01/04/2026
3304556343996,6343996,CLINICA GABRIELA D ALMEIDA SERV DE GINEC E OBSTETRICIA,CLINICA GABRIELA D ALMEIDA SERV DE GINEME OBSTETRICIA LTDA,UBS / Atencao basica,UNIDADE BASICA DE SAUDE,"RUA DIAS DA CRUZ, 215, SL 207, MEIER - CEP 20720010",MEIER,20720010,RIO DE JANEIRO,330455,21 35566170,clinicagabrieladalmeida@hotmail.com,-22.903529,-43.282594,2240,M,001,28/01/2026
3304554487095,4487095,CLINICA MEDICA SAUDE MENTAL,CLINICA MEDICA SAUDE MENTAL LTDA,UBS / Atencao basica,UNIDADE BASICA DE SAUDE,"DO FLAMENGO, 00066, BLC B SAL 509, FLAMENGO - CEP 22210903",FLAMENGO,22210903,RIO DE JANEIRO,330455,21 22455655,CONTATO@DRJOAOPAULOLYRA.MED.BR,-22.9268163909,-43.173844814,2240,M,001,25/03/2026
3304559138420,9138420,CLINICA ODONTO X DO MEIER,CLINICA ODONTO X DO MEIER LTDA,UBS / Atencao basica,UNIDADE BASICA DE SAUDE,"DIAS DA CRUZ, 313, APT 313, MEIER - CEP 20720010",MEIER,20720010,RIO DE JANEIRO,330455,21 25160885,FISCAL@INFORMECONTABEIS.COM.BR,-22.9035340667,-43.284480571,2240,M,001,09/03/2026
3304557087020,7087020,CLINICA OTO ILHA,CLINICA OTO ILHA ILHA,UBS / Atencao basica,UNIDADE BASICA DE SAUDE,"ESTRADA DO GALEAO, 1035, SALA 321, JARDIM GUANABARA - CEP 21931383",JARDIM GUANABARA,21931383,RIO DE JANEIRO,330455,2124677242,otoilha@gmail.com,-22.8106883,-43.1950609,2240,M,001,21/01/2026
3304559519335,9519335,CLINICA PEDIATRICA COPACABANA,CLINICA PEDIATRICA COPACABANA,UBS / Atencao basica,UNIDADE BASICA DE SAUDE,"RUA SIQUEIRA CAMPOS, 59, SALA 302, COPACABANA - CEP 22031071",COPACABANA,22031071,RIO DE JANEIRO,330455,,,-22.968783,-43.184929,2232,M,001,09/03/2026
3304556617522,6617522,CLINICA PILON,CLINICA PILON FISIOTERAPIA LTDA,UBS / Atencao basica,UNIDADE BASICA DE SAUDE,"REAL GRANDEZA, 254, 254A 254B, BOTAFOGO - CEP 22281036",BOTAFOGO,22281036,RIO DE JANEIRO,330455,21 22538515,contato@clinicapilon.com.br,-22.95664005,-43.19211005486461,2240,M,001,24/04/2024
3304555001587,5001587,CLINICA PSYKHE SAUDE,CLINICA PSYKHE SAUDE LTDA,UBS / Atencao basica,UNIDADE BASICA DE SAUDE,"RUA DALCIDIO JURANDIR, 255, LOJA 126, BARRA DA TIJUCA - CEP 22631250",BARRA DA TIJUCA,22631250,RIO DE JANEIRO,330455,(21) 9572-1712,vivianefialhoaraujo@gmail.com,-23.002066027257083,-43.33887182125362,2062,M,001,13/02/2025
3304559585133,9585133,CLINICA SAINT MICHEL,DR MIGUEL SERVICOS DE CIRURGIA GERAL E GINECOLOGIA LTDA,UBS / Atencao basica,UNIDADE BASICA DE SAUDE,"DOM HELDER CAMARA, 05200, SAL 523 SAL 52, CACHAMBI - CEP 20771004",CACHAMBI,20771004,RIO DE JANEIRO,330455,21 25953692,GLORIA.SERMENHO@GMAIL.COM,-22.87652,-43.27875,2240,M,001,01/04/2026
3304557811799,7811799,CLINICOOP,CLINICAS MEDICAS COOPERADAS LTDA CLINICOOP,UBS / Atencao basica,UNIDADE BASICA DE SAUDE,"SOROCABA, 706, BOTAFOGO - CEP 22271110",BOTAFOGO,22271110,RIO DE JANEIRO,330455,21 22862376,sac@clinicoop.com.br,-22.95623,-43.188478,2143,M,001,02/03/2026
3304554494792,4494792,CONSULTAS PSI,CONSULTAS PSI CONSULTORIO DE PSICOLOGIA,UBS / Atencao basica,UNIDADE BASICA DE SAUDE,"R VISCONDE DE PIRAJA, 156, SL 306, IPANEMA - CEP 22410000",IPANEMA,22410000,RIO DE JANEIRO,330455,,deptofiscal@qualycont.com.br,-22.9842592,-43.1995,2232,M,001,10/03/2026
3304557023847,7023847,CONSULTORIO CLINICO CARDIOLOGICO ALTAIR MANOLO,CONSULTORIO CLINICO CARDIOLOGICO ALTAIR MANOLO LTDA,UBS / Atencao basica,UNIDADE BASICA DE SAUDE,"ESTRADA DO PORTELA, 99, SALA 505, MADUREIRA - CEP 21351050",MADUREIRA,21351050,RIO DE JANEIRO,330455,21-333502136,mgsbarreiro@globo.com,-22.872798,-43.338071,2240,M,001,25/07/2020
3304550953377,0953377,CONSULTORIO FELIPE MOTTA,CONSULTORIO ODONTOLOGICO FELIPE MOTTA LTDA,UBS / Atencao basica,UNIDADE BASICA DE SAUDE,"SIQUEIRA CAMPOS, 00043, SAL 802, COPACABANA - CEP 22031901",COPACABANA,22031901,RIO DE JANEIRO,330455,21 41092302,ARAUJO@AMSCONSULT.COM.BR,-22.9673066,-43.1873375,2240,M,001,25/05/2023
3304554113594,4113594,CONSULTORIO JOSIMO AUGUSTO BASILIO DIAS,CONSULTORIO JOSIMO AUGUSTO BASILIO DIAS,UBS / Atencao basica,UNIDADE BASICA DE SAUDE,"RUA ALCIDES MAIA, 56, BENTO RIBEIRO - CEP 21550560",BENTO RIBEIRO,21550560,RIO DE JANEIRO,330455,,biolarj@gmail.com,-22.86225,-43.36351,4000,M,001,28/01/2026
3304559802444,9802444,CONSULTORIO ODONTOLOGICO ARATICUM,CONSULTORIO ODONTOLOGICO ARATICUM LTDA,UBS / Atencao basica,UNIDADE BASICA DE SAUDE,"RUA ARATICUM, 809, BLOCO 2D LOJA A, ANIL - CEP 22753501",ANIL,22753501,RIO DE JANEIRO,330455,(21)987464149,acassessoria empresarial@gmail.com,-22.960521,-43.3299052,2062,M,001,15/02/2020
3304550472646,0472646,CONSULTORIO ODONTOLOGICO DR ANNY COSTA,ACPS ODONTOLOGIA LTDA,UBS / Atencao basica,UNIDADE BASICA DE SAUDE,"DO PORTELA, 00099, SAL 618, MADUREIRA - CEP 21351901",MADUREIRA,21351901,RIO DE JANEIRO,330455,21 41310270,ANNY_ODONTOUERJ@YAHOO.COM.BR,-22.87284,-43.3389,2062,M,001,19/09/2025
3304555959748,5959748,CONSULTORIO ODONTOLOGICO DR LEANDRO XAVIER,CONSULTORIO ODONTOLOGICO DR LEANDRO XAVIER LTDA,UBS / Atencao basica,UNIDADE BASICA DE SAUDE,"RUA CLODOALDO FREITAS, 222, FUNDOS, GUADALUPE - CEP 21660300",GUADALUPE,21660300,RIO DE JANEIRO,330455,2181355925,,-22.8391292,-43.3756761,2240,M,001,02/10/2025
3304554468945,4468945,COUTINHORIBEIRO SERVICOS MEDICOS,COUTINHORIBEIRO SERVICOS MEDICOS LTDA,UBS / Atencao basica,UNIDADE BASICA DE SAUDE,"RUA VOLUNTARIOS DA PATRIA, 00190, SAL 1117, BOTAFOGO - CEP 22270902",BOTAFOGO,22270902,RIO DE JANEIRO,330455,22 88044423,NATHIJ2002@HOTMAIL.COM,-22.952,-43.952,2240,M,001,04/12/2025
3304559435182,9435182,CP CIRURGIA PLASTICA ESTETICA E REPARADORA,HCM SERVICOS MEDICOS EIRELI,UBS / Atencao basica,UNIDADE BASICA DE SAUDE,"RUA DONA MARIANA, 143, SALAS B23 B24, BOTAFOGO - CEP 22280020",BOTAFOGO,22280020,RIO DE JANEIRO,330455,21999882355,acassessoriaempresarial@gmail.com,-22.490893,-43.724081,2240,M,001,06/10/2025
3304554673573,4673573,CRESCENTE ARTE E DESENVOLVIMENTO HUMANO,CRESCENTE ARTE E DESENVOLVIMENTO HUMANO LTDA,UBS / Atencao basica,UNIDADE BASICA DE SAUDE,"MARIO COVAS JUNIOR, 00050, APT 903, BARRA DA TIJUCA - CEP 22631030",BARRA DA TIJUCA,22631030,RIO DE JANEIRO,330455,14 33136257,CONTATO@CAMPOSECANALE.COM.BR,-22.87536,-43.22083,2062,M,001,03/09/2025
3304559263969,9263969,CRISTINE MARIA DOS SANTOS QUINTAS,CRISTINE MARIA DOS SANTOS QUINTAS,UBS / Atencao basica,UNIDADE BASICA DE SAUDE,"AVENIDA DAS AMERICAS, 18000, SALA 320 C, RECREIO DOS BANDEIRA - CEP 22790704",RECREIO DOS BANDEIRA,22790704,RIO DE JANEIRO,330455,2131739981,contato@contabilmonteiro.com,-23.01864,-43.48725,4000,M,001,29/09/2025
3304554752139,4752139,CSA SERVICOS MEDICOS,CSA SERVICOS MEDICOS LTDA,UBS / Atencao basica,UNIDADE BASICA DE SAUDE,"RUA PRUDENTE DE MORAIS, 1022, APTO 401, IPANEMA - CEP 22420040",IPANEMA,22420040,RIO DE JANEIRO,330455,(21) 3388-5582,CAMILA-SALIM@HOTMAIL.COM,-22.2685071,-42.533859,2062,M,001,24/07/2024
3304554899806,4899806,CSC PSICOLOGIA,CSC PSICOLOGIA INTEGRADA LTDA,UBS / Atencao basica,UNIDADE BASICA DE SAUDE,"LARGO DO MACHADO, 54, SALA 405, CATETE - CEP 22221020",CATETE,22221020,RIO DE JANEIRO,330455,,,-22.931248077995072,-43.17876398563385,2062,M,001,05/11/2024
3304559389229,9389229,CSM CENTRO DE SAUDE MULTIDISCIPLINAR,CENTRO DE SAUDE MULTIDISCIPLINAR LTDA ME,UBS / Atencao basica,AMBULATORIO,"ESTRADA DA AGUA GRANDE, 360, SALA 204, IRAJA - CEP 21230363",IRAJA,21230363,RIO DE JANEIRO,330455,,,-22.8282223,-43.3255761,2062,M,016,14/03/2024
3304555840120,5840120,D D SERVICOS MEDICOS,D D SERVICOS MEDICOS LTDA,UBS / Atencao basica,UNIDADE BASICA DE SAUDE,"RUA BAUHINEAS DA PENINSULA, 200, BLOCO 2 APTO 801, BARRA DA TIJUCA - CEP 22776090",BARRA DA TIJUCA,22776090,RIO DE JANEIRO,330455,7196176354,dominguezdouradoservicos@gmail.com,-22.9878262,-43.3571116,2062,M,001,27/03/2026
3304554455290,4455290,DERMA CONSULT,DERMA CONSULT LTDA,UBS / Atencao basica,UNIDADE BASICA DE SAUDE,"RUA VISCONDE DE PIRAJA, 330, SL 910 911 912, IPANEMA - CEP 22410002",IPANEMA,22410002,RIO DE JANEIRO,330455,2125236234,legal@confiare.com.br,-22.9838,-43.2106,2062,M,001,03/10/2024
3304554498143,4498143,DGB SERVICOS DE PSICOLOGIA,D G BARBOSA PSICOLOGIA LTDA,UBS / Atencao basica,UNIDADE BASICA DE SAUDE,"TEODORO DA SILVA, 796, 102, VILA ISABEL - CEP 20560000",VILA ISABEL,20560000,RIO DE JANEIRO,330455,21998361879,daniele_gb@yahoo.com.br,-22.91906923642626,-43.2547402381897,2062,M,001,19/08/2024
3304557537735,7537735,DILON PINHEIRO DE OLIVEIRA,DILON INHEIRO DE OLIVEIRA,UBS / Atencao basica,UNIDADE BASICA DE SAUDE,"RUA VISCONDE DE PIRAJA, 82, SALA 711, IPANEMA - CEP 22410000",IPANEMA,22410000,RIO DE JANEIRO,330455,,,-22.98411,-43.1978,4000,M,001,15/03/2024
3304553457273,3457273,DOCTOR DENT,DOCTOR DENT CLINICA ODONTOLOGIA LTDA,UBS / Atencao basica,UNIDADE BASICA DE SAUDE,"ESTRADA CACHAMORRA, 839, LOJ B LOJ C, CAMPO GRANDE - CEP 23040150",CAMPO GRANDE,23040150,RIO DE JANEIRO,330455,,fagner.doctordentclinicas@gmail.com,-22.936697322671908,-43.557915687561035,2240,M,001,21/09/2022
3304554481135,4481135,DOCTOR FISIO,DOCTOR FISIO FISIOTERAPIA CONSULTAS LTDA,UBS / Atencao basica,UNIDADE BASICA DE SAUDE,"AVENIDA NOSSA SENHORA DE COPACABANA, 690, SALA 704, COPACABANA - CEP 22050001",COPACABANA,22050001,RIO DE JANEIRO,330455,(21) 2533-3379,SORAIAFISIO@GMAIL.COM,-22.97076124450957,-43.186848163604736,2062,M,001,16/02/2024
3304554769465,4769465,DOCTOR HEEREN,HEEREN CARE CLINIC LTDA,UBS / Atencao basica,UNIDADE BASICA DE SAUDE,"RUA DAS ROSAS, 95, SAL 312, VILA VALQUEIRE - CEP 21330680",VILA VALQUEIRE,21330680,RIO DE JANEIRO,330455,21 30483293,contato@srccontabil.com.br,-22.7960435,-43.5820601,2240,M,001,02/08/2024
3304554041607,4041607,DR ISAAC VAISMAN,CLINICA MEDICA DR ISAAC VAISMAN LTDA ME,UBS / Atencao basica,UNIDADE BASICA DE SAUDE,"RUA SANTA CLARA, 50, SALA 316, COPACABANA - CEP 22041012",COPACABANA,22041012,RIO DE JANEIRO,330455,2122366095,izdp@oi.com.br,-22.972677,-43.18620443,2240,M,001,09/03/2026
3304552981289,2981289,DRA AMANDA BUCHMANN,DRA AMANDA BUCHMANN LTDA,UBS / Atencao basica,UNIDADE BASICA DE SAUDE,"HADDOCK LOBO, 00210, SAL 0405, TIJUCA - CEP 20260142",TIJUCA,20260142,RIO DE JANEIRO,330455,21 31499779,AMANDA.BUCHMANN@HOTMAIL.COM,-22.9184078,-43.2156668,2062,M,001,27/02/2026
3304559831703,9831703,DRA CAMILLA ARAUJO ODONTOLOGIA INFANTIL E ADULTO,DRA CAMILLA ARAUJO ODONTOLOGIA INFANTIL E ADULTO LTDA,UBS / Atencao basica,UNIDADE BASICA DE SAUDE,"AV DAS AMERICAS, 500, BLOCO 9 LOJA 126, BARRA DA TIJUCA - CEP 22640100",BARRA DA TIJUCA,22640100,RIO DE JANEIRO,330455,(21) 3627-8000,administrativo@liraabrantes.com.br,-22.876652,-43.227895,2062,M,001,09/03/2026
3304559745882,9745882,DRA CRISTINE MARIA S QUINTAS CLINICA DE COLOPROCTOLOGIA,DRA CRISTINE MARIA S QUINTAS CLINICA DE COLOPROCTOLOGIA LTD,UBS / Atencao basica,UNIDADE BASICA DE SAUDE,"DAS AMERICAS, 18000, SALA 320C, RECREIO DOS BANDEIRA - CEP 22790704",RECREIO DOS BANDEIRA,22790704,RIO DE JANEIRO,330455,21 35564450,contato@contabilmonteiro.com,-23.01849,-43.48722,2062,M,001,29/09/2025
3304554952049,4952049,ECHOAR ESPACO DE CONEXAO HOLISTICA AMOR REGENTE,ECHOAR ESPACO DE CONEXAO HOLISTICA AMOR REGENTE LTDA,UBS / Atencao basica,UNIDADE BASICA DE SAUDE,"RUA SILVA RAMOS, 119, TIJUCA - CEP 20270330",TIJUCA,20270330,RIO DE JANEIRO,330455,21997733545,fisioadrianabravo@gmail.com,-22.917492,-43.219855,2062,M,001,27/12/2024
3304554563271,4563271,EDILAINE BRITO FISIOTERAPIA,EDILAINE BRITO FISIOTERAPIA LTDA,UBS / Atencao basica,UNIDADE BASICA DE SAUDE,"DAS AMERICAS, 04200, BLC 8 SAL 212, BARRA DA TIJUCA - CEP 22640102",BARRA DA TIJUCA,22640102,RIO DE JANEIRO,330455,21 31503264,NCA@NCACONSULTORES.COM.BR,-22.9966276,-43.353171,2240,M,001,27/02/2026
3304550822809,0822809,ENDO CARE CLINICA MEDICA,ENDO CARE CLINICA MEDICA LTDA,UBS / Atencao basica,UNIDADE BASICA DE SAUDE,"DAS AMERICAS, 00700, BLC 6 SAL 343, BARRA DA TIJUCA - CEP 22640100",BARRA DA TIJUCA,22640100,RIO DE JANEIRO,330455,21 96371937,medicaredistrbuidora@gmail.com,-23.004915340161457,-43.32031488418579,2062,M,001,12/07/2024
3304550758140,0758140,ENDODIAGNOSTIC,KNAAN SERVICOS MEDICOS LTDA,UBS / Atencao basica,UNIDADE BASICA DE SAUDE,"NOSSA SENHORA DE COPACABANA, 1052, SALA 901, COPACABANA - CEP 22060002",COPACABANA,22060002,RIO DE JANEIRO,330455,21 25071522,FISCAL@INFORMECONTABEIS.COM.BR,-22.965980167474093,-43.184101581573486,2240,M,001,24/11/2023
3304554224396,4224396,ENIO LUIZ DA FRANCA COSTA BARRA DA TIJUCA,ENIO LUIZ DA FRANCA COSTA,UBS / Atencao basica,UNIDADE BASICA DE SAUDE,"AVENIDA ARMANDO LOMBARDI, 1000, BL 02 SLS 103 E 104, BARRA DA TIJUCA - CEP 22270902",BARRA DA TIJUCA,22270902,RIO DE JANEIRO,330455,2125376404,ENIOFRANCA31@GMAIL.COM,-23.005730073546466,-43.31414312124252,4000,M,001,22/06/2023
3304554183371,4183371,ENTRELACOS,ESPACO TERAPEUTICO ENTRELACOS LTDA,UBS / Atencao basica,UNIDADE BASICA DE SAUDE,"AVENIDA DOM HELDER CAMARA, 5555, SALA 1201, TODOS OS SANTOS - CEP 20770145",TODOS OS SANTOS,20770145,RIO DE JANEIRO,330455,21973745338,mfcontabil1@yahoo.com,-22.89483675697736,-43.298492431640625,2062,M,001,15/05/2023
3304554548442,4548442,EQUITAR CENTRO BRASILEIRO DE ESTUDO DESENVOLVIMENTO E PESQU,EQUITAR CENTRO BRASILEIRO DE ESTUDO DESENVOLVIMENTO E PESQU,UBS / Atencao basica,UNIDADE BASICA DE SAUDE,"PRACA SANTOS DUMONT, 31, SN HIPODROMO DA GAVE, GAVEA - CEP 22470060",GAVEA,22470060,RIO DE JANEIRO,330455,(21) 39058933,,-22.973535310278418,-43.223154091317134,2240,M,001,26/03/2024
3304556953808,6953808,ESPACO CRIANCA,ESPACO CRIANCA PEDIATRIA LTDA,UBS / Atencao basica,UNIDADE BASICA DE SAUDE,"AV LUIS CARLOS PRESTES, 00410, SAL 118, BARRA DA TIJUCA - CEP 22775055",BARRA DA TIJUCA,22775055,RIO DE JANEIRO,330455,21 22203999,espacocrianca2025@gmail.com,-22.62830154975257,-43.208616971969604,2240,M,001,27/11/2025
3304554810562,4810562,ESPACO VISIE,ESPACO VISIE TERAPIA VISUAL LTDA,UBS / Atencao basica,UNIDADE BASICA DE SAUDE,"RUA CONDE DE BONFIM, 211, SALA 801, TIJUCA - CEP 20520050",TIJUCA,20520050,RIO DE JANEIRO,330455,21991492045,contabil.estevesh@gmail.com,-22.9243104,-43.2308048,2062,M,001,29/08/2024
3304557947070,7947070,EVELLIN ANTUNES DA SILVA,EVELLIN ANTUNES DA SILVA,UBS / Atencao basica,UNIDADE BASICA DE SAUDE,"RUA ALMIRANTE TAMANDARE, 66, SALA 511, FLAMENGO - CEP 22210060",FLAMENGO,22210060,RIO DE JANEIRO,330455,21969475999,evellinantunes@outlook.com,-22.9497,-43.1775,4000,M,001,23/10/2025
3304559659900,9659900,EXATA RADIOLOGIA ODONTOLOGICA,CLINICA DE RADIOLOGIA ODONTOLOGICA BARBIRATO LTDA,UBS / Atencao basica,UNIDADE BASICA DE SAUDE,"CONDE DE BONFIM, 369, SALA 711 E 712, TIJUCA - CEP 20520051",TIJUCA,20520051,RIO DE JANEIRO,330455,21 24243118,,-22.9272975,-43.235777,2240,M,001,27/11/2025
3304554041968,4041968,F C SILVA ODONTOLOGIA,F C SILVA ODONTOLOGIA LTDA,UBS / Atencao basica,UNIDADE BASICA DE SAUDE,"RUA DIAS DA CRUZ, 163, SALA 606, MEIER - CEP 20720010",MEIER,20720010,RIO DE JANEIRO,330455,2122695411,fairuse@globomail.com,-22.901892,-43.2798845,2062,M,001,09/03/2026
3304554748891,4748891,FB ODONTOLOGIA,FB ODONTOLOGIA E ESTETICA LTDA,UBS / Atencao basica,UNIDADE BASICA DE SAUDE,"AV AYRTON SENNA, 2600, BL 5 A SALA 229, BARRA DA TIJUCA - CEP 22775003",BARRA DA TIJUCA,22775003,RIO DE JANEIRO,330455,21964821539,FBODONTOLOGIA@YAHOO.COM,-22.98815,-43.36386,2062,M,001,22/07/2024
3304554847849,4847849,FELIPE ROCHA NUTRICIONISTA,FELIPE ROCHA NUTRICAO LTDA,UBS / Atencao basica,UNIDADE BASICA DE SAUDE,"DO SAPE, 01098, F AP 301, ROCHA MIRANDA - CEP 21550010",ROCHA MIRANDA,21550010,RIO DE JANEIRO,330455,21 99885112,NUTRICIONISTAFELIPEROCHA@GMAIL.COM,-22.67876652,-43.5627875,2062,M,001,01/04/2026
3304550516384,0516384,FERNANDA ANDRE,FERNANDA ANDRE SERVICOS MEDICOS EM ENDOCRINOLOGIA PEDIATRICA,UBS / Atencao basica,UNIDADE BASICA DE SAUDE,"AV VICE PRESIDENTE JOSE ALENCAR, 1500, BL 2 APTO 611, JACAREPAGUA - CEP 22775033",JACAREPAGUA,22775033,RIO DE JANEIRO,330455,,deptofiscal@qualycont.com.br,-22.965301,-43.3830719,2240,M,001,09/03/2026
3304554499557,4499557,FERNANDA LACERDA PSICOLOGIA,FERNANDA LACERDA PSICOLOGIA LTDA,UBS / Atencao basica,UNIDADE BASICA DE SAUDE,"RUA CONDE DE BONFIM, 112, SALA 702, TIJUCA - CEP 20520053",TIJUCA,20520053,RIO DE JANEIRO,330455,21 2565-5505,contabil@akaicon.com.br,-22.932152183626233,-43.240535259246826,2062,M,001,27/02/2024
3304555042631,5042631,FERNANDA PAIVA FISIOTERAPIA EM OBSTETRICIA,FERNANDA PAIVA FISIOTERAPIA LTDA,UBS / Atencao basica,UNIDADE BASICA DE SAUDE,"EST DA GAVEA, 640, SALA 202, SAO CONRADO - CEP 22610002",SAO CONRADO,22610002,RIO DE JANEIRO,330455,21971856830,fernandapaivafisio@gmail.com,-22.99142461553215,-43.25343132019043,2062,M,001,18/02/2025
3304554640861,4640861,FERNANDO MATTOS E FILHO SERVICOS MEDICOS,FERNANDO MATTOS E FILHO SERVICOS MEDICOS,UBS / Atencao basica,UNIDADE BASICA DE SAUDE,"AV DAS AMERICAS, 4200, BL 8 SALA 209 B, BARRA DA TIJUCA - CEP 22640102",BARRA DA TIJUCA,22640102,RIO DE JANEIRO,330455,21 25246992,consultoriofhmattos@gmail.com,-22.99918,-43.35334,2232,M,001,15/05/2024
3304557854439,7854439,FIEL LAB ANALISES CLINICAS,FIEL LAB ANALISES CLINICAS LTDA,UBS / Atencao basica,UNIDADE BASICA DE SAUDE,"BRAZ DE PINA, 1269, A, VILA DA PENHA - CEP 21210674",VILA DA PENHA,21210674,RIO DE JANEIRO,330455,21 31714991,belacap@belacap.com.br,-22.841059198386507,-43.31977844238281,2062,M,001,03/10/2025
3304557674651,7674651,FIQUENE SERVICOS MEDICOS,FIQUENE SERVICOS MEDICOS LTDA,UBS / Atencao basica,UNIDADE BASICA DE SAUDE,"R VISCONDE DE OURO PRETO, 00005, SAL 501, BOTAFOGO - CEP 22250180",BOTAFOGO,22250180,RIO DE JANEIRO,330455,21 99936-1573,clientes@escritax.com.br,-22.946141997016152,-43.183395189934146,2062,M,001,23/10/2025
3304554713710,4713710,FISIO REHAB FISIOTERAPIA E REABILITACAO,FISIO REHAB FISIOTERAPIA E REABILITACAO LTDA,UBS / Atencao basica,UNIDADE BASICA DE SAUDE,"RUA SALINOPOLIS, 381, TAQUARA - CEP 22720001",TAQUARA,22720001,RIO DE JANEIRO,330455,2134494064,departamento@fisiorehab.com.br,-22.9157575,-43.3900348,2062,M,001,01/07/2024
3304556547990,6547990,FISIOTERAPIA E REEQUILIBRIO CORPORAL,FISIOTERAPIA E REEQUILIBRIO CORPORAL LTDA,UBS / Atencao basica,UNIDADE BASICA DE SAUDE,"ENGENHEIRO ENALDO CRAVO PEIXOTO, 00105, SAL 0410, TIJUCA - CEP 20540106",TIJUCA,20540106,RIO DE JANEIRO,330455,21 981554072,ARTICULARE2010@HOTMAIL.COM,-22.21216,-43.231,2240,M,001,13/01/2026
3304550849022,0849022,FN SERVICOS MEDICOS,MARIA PILAR COUTO ARGIBAY SERVICOS MEDICOS LTDA,UBS / Atencao basica,UNIDADE BASICA DE SAUDE,"AVENIDA DOM HELDER CAMARA, 5555, SALA 801, TODOS OS SANTOS - CEP 20770145",TODOS OS SANTOS,20770145,RIO DE JANEIRO,330455,21 2591-9075,pilar-argibay@hotmail.com,-22.8875298,-43.2859005,2240,M,001,01/08/2025
3304555237483,5237483,FONOAUDIOLOGA BEATRIZ CUNHA,FONOAUDIOLOGA BEATRIZ CUNHA LTDA,UBS / Atencao basica,UNIDADE BASICA DE SAUDE,"RUA ELIZA DE ALBUQUERQUE, 314, CASA 20, TODOS OS SANTOS - CEP 20770290",TODOS OS SANTOS,20770290,RIO DE JANEIRO,330455,21 99747790,atendimento@sccoimbra.com.br,-22.8952932,-43.2853619,2240,M,001,26/02/2025
3304559032703,9032703,FONOCETIN,FONOCETIN SERVICOS DE FONOAUDIOLOGIA LTDA,UBS / Atencao basica,UNIDADE BASICA DE SAUDE,"AVENIDA DAS AMERICAS, 2901, SALA 215, BARRA DA TIJUCA - CEP 22631002",BARRA DA TIJUCA,22631002,RIO DE JANEIRO,330455,,cetin@cetin.com.br,-22.826944,-43.336944,2240,M,001,21/01/2022
3304554559576,4559576,FULLCARE CENTRO DE SAUDE E PERFORMANCE,FC SAUDE E PERFORMANCE LTDA,UBS / Atencao basica,AMBULATORIO,"AV MARECHAL HENRIQUE LOTT, 00333, BLC II SALA 308, BARRA DA TIJUCA - CEP 22631370",BARRA DA TIJUCA,22631370,RIO DE JANEIRO,330455,,,-23.001451,-43.3481247,2062,M,016,09/03/2026
3304559098054,9098054,GABRIELA M MENDES SILVA D ALMEIDA,GABRIELA MARIA MENDES SILVA D ALMEIDA,UBS / Atencao basica,UNIDADE BASICA DE SAUDE,"RUA DIAS DA CRUZ, 215, SL 207, MEIER - CEP 22720010",MEIER,22720010,RIO DE JANEIRO,330455,21 999663862,gmmsda@hotmail.com,-22.904266,-43.285822,4000,M,001,28/01/2026
3304550770159,0770159,GABRIELA MARIA MENDES SILVA D ALMEIDA,GABRIELA MARIA MENDES SILVA D ALMEIDA,UBS / Atencao basica,UNIDADE BASICA DE SAUDE,"BOURLERVARD VINTE E OITO DE SETEMBRO, 389, SL 319, VILA ISABEL - CEP 20551185",VILA ISABEL,20551185,RIO DE JANEIRO,330455,21999663862,gmmsda@hotmail.com,-22.916487,-43.248108,4000,M,001,28/01/2026
3304559435824,9435824,GEORGINA MARIA RICHARD FERREIRA CESQUISE,GEORGINA MARIA RICHARD FERREIRA CESQUISE,UBS / Atencao basica,UNIDADE BASICA DE SAUDE,"AVN DAS AMERICAS, 2901, SAL 405, BARRA DA TIJUCA - CEP 22631002",BARRA DA TIJUCA,22631002,RIO DE JANEIRO,330455,21995727228,georginacerquise@terra.com.br,-23.001,-43.33728,4000,M,001,03/10/2025
3304550926248,0926248,GERDE SERVICOS,GERDE SERVICOS MEDICOS LTDA,UBS / Atencao basica,UNIDADE BASICA DE SAUDE,"VISCONDE DE PIRAJA, 550, SALA 1204, IPANEMA - CEP 22410002",IPANEMA,22410002,RIO DE JANEIRO,330455,,deptofiscal@qualycont.com.br,-22.9835461,-43.216789633,2240,M,001,10/03/2026
3304555375355,5375355,GYSELE SCHOR PSICOLOGIA,GYSELE SCHOR PSICOLOGIA LTDA,UBS / Atencao basica,UNIDADE BASICA DE SAUDE,"AV DAS AMERICAS, 3120, BLC 5 LOJ 206, BARRA DA TIJUCA - CEP 22640102",BARRA DA TIJUCA,22640102,RIO DE JANEIRO,330455,(21) 999955468,gyseleschor@gmail.com,-22.99940585,-43.343838524400816,2240,M,001,14/03/2025
3304554983513,4983513,HAPPY TOOTH CONSULTORIO DA FAMILIA,HAPPY TOOTH ODONTOLOGIA LTDA,UBS / Atencao basica,UNIDADE BASICA DE SAUDE,"AV EVANDRO LINS E SILVA, 840, SAL 1008, BARRA DA TIJUCA - CEP 22631470",BARRA DA TIJUCA,22631470,RIO DE JANEIRO,330455,(21)8367-9592,administrativo@liraabrantes.com.br,-22.876652,-43.227865,2062,M,001,06/03/2026
3304554057074,4057074,HEMATO,HEMATO PRESTACAO DE SERVICOS MEDICOS LTDA,UBS / Atencao basica,UNIDADE BASICA DE SAUDE,"RUA SOROCABA, 706, BOTAFOGO - CEP 22271110",BOTAFOGO,22271110,RIO DE JANEIRO,330455,21 21031500,sergiooliveiraverj@gmail.com,-22.9514755,-43.1905179,2240,M,001,09/03/2026
3304555942187,5942187,HUMANA CLINICA DE ATENDIMENTO EM PSICOSSOMATICA,HUMANA CLINICA DE ATENDIMENTO EM PSICOSSOMATICA LTDA,UBS / Atencao basica,UNIDADE BASICA DE SAUDE,"AVENIDA NOSSA SENHORA DE COPACABANA, 647, SALA 710, COPACABANA - CEP 22250060",COPACABANA,22250060,RIO DE JANEIRO,330455,25246776,AC.ECAC.RJ@GMAIL.COM,-22.9707688,-43.1870913,2240,M,001,24/09/2025
3304554945433,4945433,IBDAP,INSTITUTO BRASILEIRO DE DESENVOLVIMENTO DA ADMINISTRACAO PUB,UBS / Atencao basica,UNIDADE BASICA DE SAUDE,"AVENIDA DAS AMERICAS, 15700, SALA 208 209 210 211, RECREIO DOS BANDEIRA - CEP 22790704",RECREIO DOS BANDEIRA,22790704,RIO DE JANEIRO,330455,21966719237,gerencia.administrativa@ibdap.org.br,-23.01317,-43.4646,3999,M,001,16/01/2026
3304556914039,6914039,ICGO BARRA,CENTRO DE SAUDE CARVALHO DANTAS LTDA,UBS / Atencao basica,AMBULATORIO,"AVENIDA DAS AMERICAS, 2300, SAL 122 123, BARRA DA TIJUCA - CEP 22640101",BARRA DA TIJUCA,22640101,RIO DE JANEIRO,330455,(21) 3570-4948,regulatorio@cnesolution.com.br,-22.9996384,-43.3408157,2062,M,016,28/01/2026
3304558151628,8151628,INSTITUTO BEKMAN,INSTITUTO BEKMAN LTDA,UBS / Atencao basica,UNIDADE BASICA DE SAUDE,"ESTRADA DO GALEAO, 826, SALA 210, JARDIM CARIOCA - CEP 21931522",JARDIM CARIOCA,21931522,RIO DE JANEIRO,330455,(49) 98818-6109,drataisrosset@gmail.com,-22.8267209,-43.2373435,2062,M,001,25/02/2026
3304558111650,8111650,INSTITUTO MEFIBOSETE ACOLHIMENTO INCLUSAO,INSTITUTO MEFIBOSETE PARA PESSOAS COM NECESSIDADES ESPECIFIC,UBS / Atencao basica,UNIDADE BASICA DE SAUDE,"RUA TENENTE FRANCA, 366, LOJA A, CACHAMBI - CEP 20771445",CACHAMBI,20771445,RIO DE JANEIRO,330455,21995650038,institutomefibosete@gmail.com,-22.900123,-43.240567,3999,M,001,23/01/2026
3304550894419,0894419,INSTITUTO PILON DE REABILITACAO INTEGRATIVA,INSTITUTO PILON DE REABILITACAO INTEGRATIVA LTDA,UBS / Atencao basica,UNIDADE BASICA DE SAUDE,"REAL GRANDEZA, 00254, 254A E 254B, BOTAFOGO - CEP 22281036",BOTAFOGO,22281036,RIO DE JANEIRO,330455,21 22664461,ALINEPILON@ICLOUD.COM,-22.956468,-43.192121,2062,M,001,20/09/2024
3304555726972,5726972,INTERCLIN,INTERCLIN CLINICA MEDICA LTDA,UBS / Atencao basica,UNIDADE BASICA DE SAUDE,"RUA SAO JANUARIO, 468, SAO CRISTOVAO - CEP 20921003",SAO CRISTOVAO,20921003,RIO DE JANEIRO,330455,,paulo.cesar@interclinrj.com.br,-22.768,-43.417,2240,M,001,05/01/2026
3304554730208,4730208,ISR INSTITUTO SEVERA ROMANA,INSTITUTO SEVERA ROMANA,UBS / Atencao basica,UNIDADE BASICA DE SAUDE,"RUA TORRES SOBRINHO, 32, MEIER - CEP 20780050",MEIER,20780050,RIO DE JANEIRO,330455,21994213474,isr.institutoseveraromana@gmail.com,-22.89877,-43.27321,3999,M,001,24/06/2025
3304554895096,4895096,JANIO FERNANDO SAVOLDI,JANIO FERNANDO SAVOLDI,UBS / Atencao basica,UNIDADE BASICA DE SAUDE,"AVENIDA DAS AMERICAS, 4200, BLOCO 4 SALA 111, BARRA DA TIJUCA - CEP 22640102",BARRA DA TIJUCA,22640102,RIO DE JANEIRO,330455,2131502960,,-22.52036616,-43.352,4000,M,001,13/01/2026
3304554733738,4733738,JLG MORAES SERVICOS MEDICOS,JLG MORAES SERVICOS MEDICOS LTDA,UBS / Atencao basica,UNIDADE BASICA DE SAUDE,"R FREI LENADRO, 42, APT 103, LAGOA - CEP 22470210",LAGOA,22470210,RIO DE JANEIRO,330455,2199120687,JLGMORAES@HOTMAIL.COM,-22.9619216,-43.2071041,2062,M,001,09/03/2026
3304550894400,0894400,JORDANA FERNANDES ODONTOLOGIA,JORDANA DA SILVA FERNANDES ODONTOLOGIA LTDA,UBS / Atencao basica,UNIDADE BASICA DE SAUDE,"RUA CAROLINA MACHADO, 560, SALA 337, MADUREIRA - CEP 21351021",MADUREIRA,21351021,RIO DE JANEIRO,330455,21 - 970765591,J.FERNANDESODONTO@OUTLOOK.COM,-22.87403306557368,-43.34028012883622,2062,M,001,19/06/2024
3304559370277,9370277,JOYCE MARIA AFFONSO DE CASTRO MAZZEI,JOYCE MARIA AFFONSO DE CASTRO MAZZEI,UBS / Atencao basica,UNIDADE BASICA DE SAUDE,"RUA SAO FRANCISCO XAVIER, 32, SAL 502, TIJUCA - CEP 20550012",TIJUCA,20550012,RIO DE JANEIRO,330455,,,-22.9161545,-43.2289877,4000,M,001,23/03/2026
3304557590067,7590067,KARINA FERRAIUOLO,KARINA FERRAIUOLO,UBS / Atencao basica,UNIDADE BASICA DE SAUDE,"HADOCK LOBO, 210, SALA 520, TIJUCA - CEP 20260142",TIJUCA,20260142,RIO DE JANEIRO,330455,,kfladwig@hotmail.com,-22.9181965,-43.21095,4000,M,001,25/03/2026
3304554984854,4984854,KELLY CAROLINE,KCF SERVICOS MEDICOS LTDA,UBS / Atencao basica,UNIDADE BASICA DE SAUDE,"R PROFESSOR CASTILHO, 431, SAL 0302, CAMPO GRANDE - CEP 23045060",CAMPO GRANDE,23045060,RIO DE JANEIRO,330455,(21)3627-8000,administrativo@liraabrantes.com.br,-22.876689,-43.227885,2062,M,001,19/03/2026
3304556618014,6618014,KMC SERVICOS MEDICOS,KMC SERVICOS MEDICOS LTDA,UBS / Atencao basica,UNIDADE BASICA DE SAUDE,"DE JACAREPAGUA, 7187, SALA 309, FREGUESIA JACAREPAG - CEP 22753033",FREGUESIA JACAREPAG,22753033,RIO DE JANEIRO,330455,21 22153255,cnagel@uol.com.br,-22.9512557,-43.338787,2240,M,001,31/10/2023
3304555817323,5817323,LALALIAS TERAPIA FONOAUDIOLOGICA INFANTO JUVENIL,CENTRO INTEGRADO LALALIAS LTDA,UBS / Atencao basica,UNIDADE BASICA DE SAUDE,"RUA PROFESSOR CLEMENTE FERREIRA, 1774, SALA 403, BANGU - CEP 21810142",BANGU,21810142,RIO DE JANEIRO,330455,21 99494-2766,lalalias.terapiafono@gmail.com,-22.8777408,-43.4599348,2062,M,001,15/08/2025
3304550060844,0060844,LCH SERVICOS DE FONOAUDIOLOGIA,LCH SERVICOS DE FONOAUDIOLOGIA LTDA,UBS / Atencao basica,UNIDADE BASICA DE SAUDE,"RUA DESEMBARGADOR IZIDRO, 40, SALA 201, TIJUCA - CEP 20521160",TIJUCA,20521160,RIO DE JANEIRO,330455,2199847692,,-22.87876652,-43.4227875,2062,M,001,09/04/2026
3304554252098,4252098,LCS CLINICA MEDICA,LCS CLINICA MEDICA LTDA,UBS / Atencao basica,UNIDADE BASICA DE SAUDE,"RUA CONDE DE BONFIM, 255, SALA 601, TIJUCA - CEP 20520051",TIJUCA,20520051,RIO DE JANEIRO,330455,,AG7ATENDIMENTO@GMAIL.COM,-22.923436946902815,-43.229827880859375,2240,M,001,14/07/2023
3304554664280,4664280,LEAO SERVICOS MEDICOS,JP LEAO SERVICOS MEDICOS LTDA,UBS / Atencao basica,UNIDADE BASICA DE SAUDE,"RUA ALBERTO DE CAMPOS, 74, APTO 301, IPANEMA - CEP 22411030",IPANEMA,22411030,RIO DE JANEIRO,330455,6233270514,cadastro@escritorionaves.com,-22.98089,-43.20052,2062,M,001,28/05/2024
3304555786746,5786746,LEVE SAUDE BOTAFOGO,LEVE SAUDE CLINICA MEDICA S A,UBS / Atencao basica,UNIDADE BASICA DE SAUDE,"RUA VOLUNTARIOS DA PATRIA, 54, LOJA C, BOTAFOGO - CEP 22270010",BOTAFOGO,22270010,RIO DE JANEIRO,330455,21- 2222222,contabilidade@levesaude.com.br,-22.949849424046192,-43.18380122150149,2054,M,001,19/01/2026
3304558046433,8046433,LEVE SAUDE TAQUARA,LEVE OPERADORA DE PLANOS DE SAUDE S A,UBS / Atencao basica,UNIDADE BASICA DE SAUDE,"ESTRADA DO TINDIBA, 2695, LOJA A, TAQUARA - CEP 22730261",TAQUARA,22730261,RIO DE JANEIRO,330455,21 39524800,CONTABILIDADE@LEVESAUDE.COM.BR,-22.919325,-43.375606,2054,M,001,06/04/2026
3304554221710,4221710,LIRIUS ARTE DO CUIDAR,LIRIUS ARTE DO CUIDAR LTDA,UBS / Atencao basica,UNIDADE BASICA DE SAUDE,"AVENIDA DE SANTA CRUZ, 11664, SENADOR VASCONCELOS - CEP 23013425",SENADOR VASCONCELOS,23013425,RIO DE JANEIRO,330455,,,-22.8787165,-43.4233393,2240,M,001,21/06/2023
3304554574966,4574966,LUCIENE SANTIAGO VIDA TERAPIA E ARTE,CLINICA DE PSICOLOGIA LUCIENE SANTIAGO LTDA,UBS / Atencao basica,UNIDADE BASICA DE SAUDE,"AVENIDA DAS AMERICAS, 2250, SALA 2018, BARRA DA TIJUCA - CEP 22640101",BARRA DA TIJUCA,22640101,RIO DE JANEIRO,330455,2124874071,FISCAL@INFORMECONTABEIS.COM.BR,-23.0181207,-43.4712599,2062,M,001,09/03/2026
3304554879708,4879708,LUCILA REGINA CAVALLARI,LUCILA REGINA CAVALLARI,UBS / Atencao basica,UNIDADE BASICA DE SAUDE,"AVENIDA DAS AMERICAS, 4200, BL 4 SALA 111, BARRA DA TIJUCA - CEP 22640907",BARRA DA TIJUCA,22640907,RIO DE JANEIRO,330455,2131502960,,-22.997110932688123,-43.35239142179489,4000,M,001,27/11/2025
3304554706560,4706560,LUIZ CEZAR DA SILVEIRA DENTISTA,LUIZ CEZAR DA SILVEIRA,UBS / Atencao basica,UNIDADE BASICA DE SAUDE,"DO MACHADO, 29, SALA 1223, CATETE - CEP 22221020",CATETE,22221020,RIO DE JANEIRO,330455,2125575428,lcezarsilveira@gmail.com,-22.9315012,-43.181351,4000,M,001,26/06/2024
3304559833978,9833978,M M CLINICA,M M CLINICA SERVICOS NEUROLOGICOS,UBS / Atencao basica,UNIDADE BASICA DE SAUDE,"RUA VISCONDE DE SILVA, 52, SALA 1004 SALA 1005, BOTAFOGO - CEP 22250040",BOTAFOGO,22250040,RIO DE JANEIRO,330455,2263 4433,marcelo@exemplarcontabilidade.com.br,-22.9569182,-43.1937265,2232,M,001,23/12/2024
3304554361245,4361245,MAC SERVICOS MEDICOS,MAC SERVICOS MEDICOS LTDA,UBS / Atencao basica,UNIDADE BASICA DE SAUDE,"AVENIDA AFRANIO DE MELO FRANCO, 141, SALA 409, LEBLON - CEP 22430060",LEBLON,22430060,RIO DE JANEIRO,330455,2122626445,mcarvalhomd@yahoo.com.br,-22.9805831,-43.2181785,2240,M,001,20/10/2023
3304554461894,4461894,MAC SERVICOS MEDICOS FILIAL,MAC SERVICOS MEDICOS FILIAL,UBS / Atencao basica,UNIDADE BASICA DE SAUDE,"RUA VISCONDE DE PIRAJA, 550, SALA 1111, IPANEMA - CEP 22410901",IPANEMA,22410901,RIO DE JANEIRO,330455,,,-22.9837501,-43.2139359,2240,M,001,17/10/2025
3304555248515,5248515,MADUREIRA CAMIM,CAMIM CENTRO DE IMAGEM,UBS / Atencao basica,UNIDADE BASICA DE SAUDE,"ESTRADA DO PORTELA, 282, OSWALDO CRUZ - CEP 21351116",OSWALDO CRUZ,21351116,RIO DE JANEIRO,330455,,,-22.872621222,-43.339037642,2062,M,001,31/03/2026
3304550896195,0896195,MADUREIRA ODONTO,MADUREIRA ODONTO ODONTOLOGIA LTDA,UBS / Atencao basica,UNIDADE BASICA DE SAUDE,"DO PORTELA, 48, SALA 101, MADUREIRA - CEP 21351051",MADUREIRA,21351051,RIO DE JANEIRO,330455,,deptofiscal@qualycont.com.br,-22.90302015,-43.2078123,2062,M,001,09/03/2026
3304555440424,5440424,MARIA CLAUDIA ATENCAO INTEGRAL A SAUDE DA MULHER,MARIA CLAUDIA ATENCAO INTEGRAL A SAUDE DA MULHER LTDA,UBS / Atencao basica,UNIDADE BASICA DE SAUDE,"EST DO PAU FERRO, 1390, APTO 203, FREGUESIA - CEP 22745056",FREGUESIA,22745056,RIO DE JANEIRO,330455,2122535422,MBCARELLI@GMAIL.COM,-22.9308832,-43.3257752,2062,M,001,27/03/2025
3304554669088,4669088,MARIA PIA COIMBRA SERVICOS DE PSICOLOGIA,MARIA PIA COIMBRA SERVICOS DE PSICOLOGIA LTDA,UBS / Atencao basica,UNIDADE BASICA DE SAUDE,"RUA DECIO VILARES, 258, APTO 201, COPACABANA - CEP 22041040",COPACABANA,22041040,RIO DE JANEIRO,330455,21981422312,mariapia.coimbra@gmail.com,-22.965359,-43.190842,2240,M,001,03/06/2024
3304550710121,0710121,MAXILLOFACCIALE,INSTITUTO JB DE CIRURGIA ORAL E MAXILOFACIAL LTDA,UBS / Atencao basica,UNIDADE BASICA DE SAUDE,"VOLUNTARIOS DA PATRIA, 00190, SAL 301, BOTAFOGO - CEP 22270902",BOTAFOGO,22270902,RIO DE JANEIRO,330455,21 64251368,DRJEFFBUCO@GMAIL.COM,-22.952,-43.186,2062,M,001,30/09/2025
3304554532821,4532821,MCOT CONSULTORIO FONOAUDIOLOGICO,M C O T CONSULTORIO FONOAUDIOLOGICO LTDA,UBS / Atencao basica,UNIDADE BASICA DE SAUDE,"DONA MARIANA, 143, SALA D31, BOTAFOGO - CEP 22280020",BOTAFOGO,22280020,RIO DE JANEIRO,330455,21 93339065,MCOTAVARES@GMAIL.COM,-22.95191254720633,-43.187599182128906,2062,M,001,16/10/2024
3304554565266,4565266,MDP ORTOPEDIA,MDP ORTOPEDIA LTDA,UBS / Atencao basica,UNIDADE BASICA DE SAUDE,"RUA YVONE CAVALLEIRO, 17, COB 01, BARRA DA TIJUCA - CEP 22620290",BARRA DA TIJUCA,22620290,RIO DE JANEIRO,330455,(21) 9982-8517,MARCELLOGSERRAO@GMAIL.COM,-23.00844,-43.31833,2240,M,001,04/04/2024
3304554835700,4835700,MEDICINA CLINICA ESPECIALIZADA,MEDICINA CLINICA ESPECIALIZADA LIMITADA,UBS / Atencao basica,UNIDADE BASICA DE SAUDE,"AVENIDA AFRANIO DE MELO FRANCO, 141, SALA 504, LEBLON - CEP 22430060",LEBLON,22430060,RIO DE JANEIRO,330455,2122948620,ANNAFUKS@GMAIL.COM,-22.9788215,-43.2181676,2232,M,001,17/09/2024
3304554627040,4627040,MEDICINA E SAUDE DRA GLAUCIA MORAES,MEDICINA E SAUDE DRA GLAUCIA MORAES LTDA,UBS / Atencao basica,UNIDADE BASICA DE SAUDE,"AV AMERICAS, 1155, SAL 513, BARRA DA TIJUCA - CEP 22631903",BARRA DA TIJUCA,22631903,RIO DE JANEIRO,330455,(21)3627-8000,ADMINISTRATIVO@LIRAABRANTES.COM.BR,-22.876672,-43.227885,2240,M,001,19/03/2026
3304554393074,4393074,MEDSAUDE,MEDSAUDE CLINICA E SERVICOS MEDICOS LTDA,UBS / Atencao basica,UNIDADE BASICA DE SAUDE,"RUA PROFESSOR GONCALVES, 142, FUNDOS, CAMPO GRANDE - CEP 23045055",CAMPO GRANDE,23045055,RIO DE JANEIRO,330455,,RICARDO_BRITTO19@HOTMAIL.COM,-22.910120919362374,-43.562631011009216,2062,M,001,21/11/2023
3304550893641,0893641,MEIER ODONTO,ALMEIDA ODONTO DONTOLOGISTA LTDA,UBS / Atencao basica,UNIDADE BASICA DE SAUDE,"ESTRADA DO PORTELA, 48, SALA 101, MADUREIRA - CEP 21351051",MADUREIRA,21351051,RIO DE JANEIRO,330455,,deptofiscal@qualycont.com.br,-22.870392,-43.3423272,2062,M,001,09/03/2026
3304554493494,4493494,MELISSA BOTTREL PSICANALISTA,MELISSA BOTTREL PSICANALISTA LTDA,UBS / Atencao basica,UNIDADE BASICA DE SAUDE,"RUA DO CATETE, 310, COB 03, CATETE - CEP 22220001",CATETE,22220001,RIO DE JANEIRO,330455,,maria.lima@conti.cnt.br,-22.931548193843778,-43.17785813893511,2062,M,001,23/02/2024
3304554524837,4524837,MEMBYRA CUIDADOS ESSENCIAIS,MEMBYRA CUIDADOS ESSENCIAIS LTDA,UBS / Atencao basica,UNIDADE BASICA DE SAUDE,"RUA GENERAL CORNELIO DE BARROS, 05, BOTAFOGO - CEP 22281090",BOTAFOGO,22281090,RIO DE JANEIRO,330455,2183486092,contabisomar.dp@gmail.com,-22.9585082,-43.1949809,2240,M,001,13/03/2024
3304554449630,4449630,MILSER SERVICOS MEDICOS,SERGIO LUIZ LOPES DOS SANTOS SERVICOS MEDICOS,UBS / Atencao basica,UNIDADE BASICA DE SAUDE,"RUA ANTONIO DE ABREU, 80, SAL 320, MADUREIRA - CEP 21351130",MADUREIRA,21351130,RIO DE JANEIRO,330455,21986466722,jallinecunha@gmail.com,-22.8697615,-43.340762,2135,M,001,19/01/2024
3304554881583,4881583,MISO TERAPIAS INTEGRADAS,MISO TERAPIAS INTEGRADAS LTDA,UBS / Atencao basica,UNIDADE BASICA DE SAUDE,"RUA MONTEVIDEO, 1101, APT 704 BLC 1, PENHA - CEP 21020290",PENHA,21020290,RIO DE JANEIRO,330455,21997130106,fatimagfono@yahoo.com.br,-22.83769,-43.27685,2062,M,001,22/10/2024
3304550286567,0286567,MLMBL SERVICOS MEDICOS,MLMBL SERVICOS MEDICOS,UBS / Atencao basica,UNIDADE BASICA DE SAUDE,"LARGO DO MACHADO, 00029, SAL 826, CATETE - CEP 22221901",CATETE,22221901,RIO DE JANEIRO,330455,21 96371927,CONTABILIDADE@CONTAPG.COM,-22.931128,-43.178822,2062,M,001,15/03/2023
3304555393191,5393191,MORAIS MALIZIA SERVICOS MEDICOS,MORAIS MALIZIA SERVICOS MEDICOS LTDA,UBS / Atencao basica,UNIDADE BASICA DE SAUDE,"RUA OCTAVIO DE FARIA, 81, SALA 203, RECREIO DOS BANDEIRA - CEP 22795415",RECREIO DOS BANDEIRA,22795415,RIO DE JANEIRO,330455,4132486244,clientes@escritax.com.br,-23.0172166,-43.4603288,2062,M,001,18/03/2025
3304554523776,4523776,MOTIVARE DESENVOLVIMENTO INFANTIL,MOTIVARE DESENVOLVIMENTO INFANTIL LTDA,UBS / Atencao basica,UNIDADE BASICA DE SAUDE,"R SORIANO DE SOUZA, 115, SAL 506, TIJUCA - CEP 20511180",TIJUCA,20511180,RIO DE JANEIRO,330455,21968256293,CONTATO@AGATHAMANHAES.COM,-22.92414,-43.23527,2062,M,001,12/03/2024
3304559641181,9641181,MOTORA ACADEMIA TERAPEUTICA LTD,MOTORA ACADEMIA TERAPEUTICA LTDA,UBS / Atencao basica,UNIDADE BASICA DE SAUDE,"RUA LOPO SARAIVA, 00179, BLOCO 003 LOJA F, TANQUE - CEP 22740220",TANQUE,22740220,RIO DE JANEIRO,330455,2130793149,ADMIN@MOTORA.COM.BR,-22.9264447,-43.3684272,2240,M,001,05/05/2023
3304554550110,4550110,MVR MEDICINA E SAUDE,MVR MEDICINA E SAUDE LTDA,UBS / Atencao basica,UNIDADE BASICA DE SAUDE,"LUCIDIO LAGO, 00126, SAL 602, MEIER - CEP 20780020",MEIER,20780020,RIO DE JANEIRO,330455,21 96327201,MVRMEDICINAESAUDE@OUTLOOK.COM,-22.901589,-43.2805619,2062,M,001,27/02/2026
3304558113521,8113521,NAC NUCLEO DE ASSISTENCIA CORPORAL,COFEB CENTRO ORTOPEDICO DR EVANDRO BERNARDO,UBS / Atencao basica,UNIDADE BASICA DE SAUDE,"RUA CONDE DE BONFIM, 344, BLC 1 SALA 1407, TIJUCA - CEP 20520054",TIJUCA,20520054,RIO DE JANEIRO,330455,,MARCELO@EXEMPLARCONTABILIDADE.COM.BR,-22.923713,-43.232698,2232,M,001,26/01/2026
3304554089391,4089391,NADIA AMANCIO PSICOLOGIA E COACH,NADIA AMANCIO BOM ESTAR BEM EIRELI,UBS / Atencao basica,UNIDADE BASICA DE SAUDE,"RUA AUGUSTO DE VASCONCELOS, 544, SALA 428, CAMPO GRANDE - CEP 23050340",CAMPO GRANDE,23050340,RIO DE JANEIRO,330455,2132511249,CONSULTORIO.NADIA@GMAIL.COM,-22.9058,-43.56205,2062,M,001,07/02/2023
3304554752155,4752155,NAYARA ZAGNOLI NUTRICIONISTA,NAYARA ZAGNOLI NUTRICIONISTA LTDA,UBS / Atencao basica,UNIDADE BASICA DE SAUDE,"AVENIDA JOSE SILVA DE AZEVEDO NETO, 200, BL 7 LOJA 108, BARRA DA TIJUCA - CEP 22775056",BARRA DA TIJUCA,22775056,RIO DE JANEIRO,330455,(33) 3275-3215,CONTATO@HILLCONTABILIDADE.COM.BR,-22.992187,-43.3612124,2062,M,001,24/07/2024
3304558164541,8164541,NIFF,NIFF NUCLEO INTEGRADO DE FISIOTERAPIA E FUNCIONALIDADE LTDA,UBS / Atencao basica,UNIDADE BASICA DE SAUDE,"RUA J J SEABRA, 14, CASA 5, LAGOA - CEP 22470130",LAGOA,22470130,RIO DE JANEIRO,330455,21 21025930,patstrasser@yahoo.com.br,-22.7673221,-43.3216416,2240,M,001,04/03/2026
3304554462998,4462998,NOVA REAL SAUDE,NOVA REAL SAUDE MULTICLINICA LTDA,UBS / Atencao basica,UNIDADE BASICA DE SAUDE,"RUA IMPERADOR, 296, LOJA, REALENGO - CEP 21715073",REALENGO,21715073,RIO DE JANEIRO,330455,,,-22.510871339092855,-43.176944930188355,2062,M,001,26/11/2025
3304550896187,0896187,ODONTO BONSUCESSO ODONTOLOGIA,ODONTO BONSUCESSO ODONTOLOGIA LTDA,UBS / Atencao basica,UNIDADE BASICA DE SAUDE,"RUA CARDOSO DE MORAES, 61, LJ 321, BONSUCESSO - CEP 21032000",BONSUCESSO,21032000,RIO DE JANEIRO,330455,,DEPTOFISCAL@QUALYCONT.COM.BR,-22.8899388,-42.3685486,2062,M,001,24/03/2026
3304558203040,8203040,ODONTO ELEN PIMENTA,ODONTO ELEN PIMENTA LTDA,UBS / Atencao basica,UNIDADE BASICA DE SAUDE,"ESTRADA DO MENDANHA, 71, SALA 202, CAMPO GRANDE - CEP 23087283",CAMPO GRANDE,23087283,RIO DE JANEIRO,330455,,contabilidade@roliveiracontabilidade.com.br,-22.8903746,-43.5630753,2062,M,001,27/03/2026
3304555065011,5065011,ODONTOCARE,ODONTOCARE ODONTOLOGIA LTDA,UBS / Atencao basica,UNIDADE BASICA DE SAUDE,"AV MONSENHOR FELIX, 713, A, IRAJA - CEP 21235111",IRAJA,21235111,RIO DE JANEIRO,330455,,GONCALVES101XYZ@GMAIL.COM,-22.84213,-43.32369,2062,M,001,19/02/2025
3304556006310,6006310,ODONTOCLINICA OTAVIO E MARIZA PACHECO,ODONTOCLINICA OTAVIO E MARIZA PACHECO LTDA,UBS / Atencao basica,UNIDADE BASICA DE SAUDE,"AV NOSSA SENHORA DE COPACABANA, 605, SLS 301 302, COPACABANA - CEP 22050902",COPACABANA,22050902,RIO DE JANEIRO,330455,21 22558646,odontoclinicaomp@gmail.com,-22.96999,-43.618553,2240,M,001,28/01/2026
3304558219257,8219257,ODONTOMICROSCOPIA,ODONTOMICROSCOPIA CLINICA DE DIAGNOSTICO E TRATAMENTO ODONTO,UBS / Atencao basica,UNIDADE BASICA DE SAUDE,"AV DAS AMERICAS, 03333, SAL 1514, BARRA DA TIJUCA - CEP 22631003",BARRA DA TIJUCA,22631003,RIO DE JANEIRO,330455,(21) 9590-4023,odontomicroscopia@gmail.com,-23.000913226,-43.347837341,2062,M,001,08/04/2026
3304550897590,0897590,ODONTOPRO,CLINICA DELUCA ODONTOLOGIA INTEGRADA LTDA,UBS / Atencao basica,UNIDADE BASICA DE SAUDE,"R OURO BRANCO, 775, LJ G BL 002 LJ H, VILA VALQUEIRA - CEP 21321560",VILA VALQUEIRA,21321560,RIO DE JANEIRO,330455,,DEPTOFISCAL@QUALYCONT.COM.BR,-22.7934242,-42.9962587,2240,M,001,24/01/2025
3304555811503,5811503,ODONTORJ,ODONTORJ CLINICA ODONTOLOGICA LTDA,UBS / Atencao basica,UNIDADE BASICA DE SAUDE,"RUA CAMPO GRANDE, 856, SALA 209, CAMPO GRANDE - CEP 23080000",CAMPO GRANDE,23080000,RIO DE JANEIRO,330455,,odontorj856@gmail.com,-22.901062691279606,-43.55780148194203,2062,M,001,13/08/2025
3304559522174,9522174,ONCOFISIO SERVICOS DE FISIOTERAPIA,ONCOFISIO SERVICOS DE FISIOTERAPIA LTDA S C,UBS / Atencao basica,UNIDADE BASICA DE SAUDE,"SANTA CLARA, 00075, SAL C 07, COPACABANA - CEP 22041011",COPACABANA,22041011,RIO DE JANEIRO,330455,21 32585063,katiagodinhof@gmail.com,-22.972321972716532,-43.187636733055115,2240,M,001,25/05/2024
3304559033009,9033009,ORTHO OMEGA,ORTHO OMEGA SERVICOS ODONTOLOGICOS LTDA,UBS / Atencao basica,UNIDADE BASICA DE SAUDE,"AVENIDA CESARIO DE MELO, 2855, SALA 801, CAMPO GRANDE - CEP 23052101",CAMPO GRANDE,23052101,RIO DE JANEIRO,330455,21 980628902,KG.CONTAB@GMAIL.COM,-22.906136782268455,-43.55967282883616,2062,M,001,21/04/2025
3304555777518,5777518,ORTO E FACIAL DESIGN,ORTO E FACIAL DESIGN LTDA,UBS / Atencao basica,UNIDADE BASICA DE SAUDE,"AV JOAO CABRAL DE MELLO NETO, 00850, BLC 2 SAL 329, BARRA DA TIJUCA - CEP 22775057",BARRA DA TIJUCA,22775057,RIO DE JANEIRO,330455,(41)32486244,clientes@escritax.com.br,-22.9851381,-43.3611965,2062,M,001,25/07/2025
3304553172155,3172155,ORTO PLUS,ORTO PLUS LTDA,UBS / Atencao basica,UNIDADE BASICA DE SAUDE,"AV NELSON CARDOSO, 01149, SAL 1209, TAQUARA - CEP 22730900",TAQUARA,22730900,RIO DE JANEIRO,330455,(21)2117-1097,ORTOPLUSFATURAMENTO@YAHOO.COM.BR,-22.92187,-43.37102,2240,M,001,04/11/2024
3304554712560,4712560,ORTOLIFE,ORTO LIFE LTDA,UBS / Atencao basica,UNIDADE BASICA DE SAUDE,"AVENIDA NOSSA SENHORA DE COPACABANA, 895, SALA 401, COPACABANA - CEP 22060001",COPACABANA,22060001,RIO DE JANEIRO,330455,021 99263-0013,CONTATO@ORTOLIFEBRASIL.COM.BR,-22.97517667578182,-43.18955183029175,2062,M,001,28/06/2024
3304554058372,4058372,P P INFECTO,P P INFECTO SAUDE LTDA,UBS / Atencao basica,UNIDADE BASICA DE SAUDE,"DAS AMERICAS, 03255, SAL 304, BARRA DA TIJUCA - CEP 22631002",BARRA DA TIJUCA,22631002,RIO DE JANEIRO,330455,21 24582293,JLCONSULTORIA@BOL.COM.BR,-23.00095,-43.34249,2240,M,001,28/01/2026
3304558137986,8137986,PAULA BEHAVIOR,PAULA BEHAVIOR PSICOLOGIA LTDA,UBS / Atencao basica,UNIDADE BASICA DE SAUDE,"AV DAS AMERICAS, 16150, LOJ 121, RECREIO DOS BANDEIRA - CEP 22790704",RECREIO DOS BANDEIRA,22790704,RIO DE JANEIRO,330455,,rafael010814@outlook.com,-23.014663,-43.470451,2062,M,001,12/02/2026
3304559063412,9063412,PILOS CENTRO DE TRANSP CAPILAR E CIRURGIA PLASTICA,PILOS CENTRO DE TRANSPLANTE CAPILAR E CIRURGIA PLASTICA LT,UBS / Atencao basica,UNIDADE BASICA DE SAUDE,"DONA MARIANA, 143, SALAS F 21 E F 22, BOTAFOGO - CEP 22280020",BOTAFOGO,22280020,RIO DE JANEIRO,330455,,adm3@ocam.net,-22.95422902,-43.1902571,2240,M,001,15/03/2024
3304554589386,4589386,PKG PEDIATRIA,PKG CLINICA DE PEDIATRIA LTDA,UBS / Atencao basica,UNIDADE BASICA DE SAUDE,"RUA VISCONDE DE PIRAJA, 577, SALA 302, IPAMEMA - CEP 22410003",IPAMEMA,22410003,RIO DE JANEIRO,330455,2135025504,dra.patricia.consultorio@gmail.com,-22.983939,-43.212408,2240,M,001,17/04/2024
3304559138609,9138609,POLICLINICA DE COPACABANA,POLICLINICA DE COPACABANA,UBS / Atencao basica,UNIDADE BASICA DE SAUDE,"RUA SIQUEIRA CAMPOS, 59, SBL201, COPACABANA - CEP 22031071",COPACABANA,22031071,RIO DE JANEIRO,330455,21987464149,acassessoriaempresarial@gmail.com,-22.96651,-43.18706,3999,M,001,17/07/2023
3304555817722,5817722,POP SAUDE,CENTRO DE SAUDE E EDUCACAO PREVENTIVA LTDA,UBS / Atencao basica,AMBULATORIO,"ESTRADA DO ITANHANGA, 483, LJ K SL 321 301 216, ITANHANGA - CEP 22753005",ITANHANGA,22753005,RIO DE JANEIRO,330455,21995869496,direcao@popmaissaude.com.br,-22.98912073312923,-43.31094103750865,2062,M,016,08/01/2026
3304558023549,8023549,PRALLON R P SERVICOS MEDICOS,PRALLON R P SERVICOS MEDICOS LTDA,UBS / Atencao basica,UNIDADE BASICA DE SAUDE,"RUA CONDE DE BONFIM, 344, BL 1 SALA 401, TIJUCA - CEP 20520054",TIJUCA,20520054,RIO DE JANEIRO,330455,2122222222,DINIZREGINA98@GMAIL.COM,-22.9241008,-43.2326205,2062,M,001,03/11/2025
3304559410430,9410430,PRIME SOLUCOES EM SAUDE E QUALIDADE DE VIDA,HAENDEL MEDEIROS AMBROSIO SERVICOS DE SAUDE E QUALIDADE DE V,UBS / Atencao basica,UNIDADE BASICA DE SAUDE,"RUA CARDOSO DE MORAIS, 145, SALA 603, BONSUCESSO - CEP 21032000",BONSUCESSO,21032000,RIO DE JANEIRO,330455,,,-22.8631017,-43.2540234,2240,M,001,02/04/2024
3304555777038,5777038,PRISCILA REBELO PESSAMILIO EDUCACAO MEDICA INTEGRAL,PRISCILA REBELO PESSAMILIO EDUCACAO MEDICA INTEGRAL LTDA,UBS / Atencao basica,UNIDADE BASICA DE SAUDE,"R ENGENHEIRO ENALDO CRAVO PEIXOTO, 215, SAL 1113, TIJUCA - CEP 20540106",TIJUCA,20540106,RIO DE JANEIRO,330455,,,-22.92239,-43.23449,2062,M,001,25/07/2025
3304554980921,4980921,PRO GASTRO,INSTITUTO DE GASTROENTEROLOGIA DO RIO DE JANEIRO LTDA,UBS / Atencao basica,UNIDADE BASICA DE SAUDE,"RUA SANTA LUIZIA, 206, AMB18 A ENF, CENTRO - CEP 20020022",CENTRO,20020022,RIO DE JANEIRO,330455,2122410706,JGALVAORJ2014@GMAIL.COM,-22.903672428515346,-43.18101167678833,2240,M,001,30/01/2025
3304554090403,4090403,PROADIV ASSISTENCIA MEDICINA ESPECIALIZA APOIO EMPRESARIAL,PROADIV ASSISTENCIA MEDICINA ESPECIALIZA APOIO EMPRESARIAL,UBS / Atencao basica,UNIDADE BASICA DE SAUDE,"AVENIDA PASTOR MARTIN LUTHER KING JR, 126, BL C 429 A 434, DEL CASTINHO - CEP 20765000",DEL CASTINHO,20765000,RIO DE JANEIRO,330455,21999832085,BIOLARJ@GMAIL.COM,-22.83002,-43.34515,2062,M,001,28/01/2026
3304556744737,6744737,PROJETO IMUNO,CENTRO MEDICO DR JORGE FRANCISCO PINTO S C LTDA,UBS / Atencao basica,UNIDADE BASICA DE SAUDE,"AVENIDA RIO BRANCO, 156, 1413 E 1414, CENTRO - CEP 20040003",CENTRO,20040003,RIO DE JANEIRO,330455,(21 2533.6479,administracao@projetoimuno.com.br,-22.907088,-43.177593,2240,M,001,06/03/2026
3304554874609,4874609,RAFAEL PASSOS OSTEOPATIA E PILATES,RAFAEL PASSOS OSTEOPATIA E PILATES LTDA,UBS / Atencao basica,UNIDADE BASICA DE SAUDE,"R PIRES DE ALMEIDA, 49, APT 302, LARANJEIRAS - CEP 22240150",LARANJEIRAS,22240150,RIO DE JANEIRO,330455,,blkconsultoria@gmail.com,-22.93719,-43.19434,2062,M,001,16/10/2024
3304554480368,4480368,RAISSA XAVIER PSICOLOGIA,RAISSA DA C G XAVIER PSICOLOGIA LTDA,UBS / Atencao basica,UNIDADE BASICA DE SAUDE,"AV PASTOR MARTIN LUTHER KING JR, 126, BLC 9 SAL 1010 TOR 2, DEL CASTILHO - CEP 20756000",DEL CASTILHO,20756000,RIO DE JANEIRO,330455,21989190711,raissadacosta@live.com,-22.87741667351908,-43.27102556484641,2062,M,001,16/02/2024
3304554591526,4591526,RAMALHO PSICOLOGIA E RH,FENIX PSICOLOGIA E RECURSOS HUMANOS LTDA,UBS / Atencao basica,UNIDADE BASICA DE SAUDE,"GEREMARIO DANTAS, 00526, SAL 0408, PECHINCHA - CEP 22740010",PECHINCHA,22740010,RIO DE JANEIRO,330455,21 93854542,RAMALHOPSICOLOGIA@GMAIL.COM,-22.927,-43.357,2062,M,001,12/01/2026
3304555910129,5910129,RAPHAEL LUZ FISIOTERAPIA ESPECIALIZADA EM DOR,RAPHAEL LUZ FISIOTERAPIA E HIPNOSE CLINICA CURSOS E CONSU,UBS / Atencao basica,UNIDADE BASICA DE SAUDE,"AV MARECHAL CAMARA, 160, SAL 808 SAL 809, CENTRO - CEP 20020907",CENTRO,20020907,RIO DE JANEIRO,330455,21 97051024,,-22.90565,-43.17803,2062,M,001,22/09/2025
3304559613897,9613897,REAL SORRISO,JN CONSULTORIO ODONTOLOGICO LTDA,UBS / Atencao basica,UNIDADE BASICA DE SAUDE,"AVENIDA DE SANTA CRUZ, 143, SALAS 201 E 202, REALENGO - CEP 21710231",REALENGO,21710231,RIO DE JANEIRO,330455,02124016015,rayza.avila@gmail.com,-22.87883062786004,-43.426225972305375,2062,M,001,15/04/2025
3304558218862,8218862,RESTITUO,RESTITUO CENTRO DE NEUROMODULACAO E REABILITACAO LTDA,UBS / Atencao basica,UNIDADE BASICA DE SAUDE,"AVENIDA DAS AMERICAS, 05001, SAL 309, BARRA DA TIJUCA - CEP 22631004",BARRA DA TIJUCA,22631004,RIO DE JANEIRO,330455,,RMCONTABILIDADE2015@OUTLOOK.COM.BR,-23.00077,-43.36215,2062,M,001,08/04/2026
3304559376763,9376763,RFCOR,MEDCARDIO FIGUEIREDO LTDA,UBS / Atencao basica,UNIDADE BASICA DE SAUDE,"MARIA TERESA PAL 19275, 00075, SAL 0603, CAMPO GRANDE - CEP 23050160",CAMPO GRANDE,23050160,RIO DE JANEIRO,330455,21 21431344,ROSANGELA_DAC@YAHOO.COM.BR,-22.9043326,-43.568306,2062,M,001,29/10/2024
3304555477727,5477727,RIO GASTRO CLINICA BARRA,RIO GASTRO CLINICA LTDA,UBS / Atencao basica,UNIDADE BASICA DE SAUDE,"LUIS CARLOS PRESTES, 410, SALA 107, BARRA DA TIJUCA - CEP 22775055",BARRA DA TIJUCA,22775055,RIO DE JANEIRO,330455,21 33250484,RIOGASTRO@RIOGASTRO.COM.BR,-22.99566,-43.36158,2062,M,001,20/09/2023
3304554677218,4677218,RJ CAPILLUS,ESPACO RJ CAPILLUS LTDA,UBS / Atencao basica,UNIDADE BASICA DE SAUDE,"AVENIDA JOSE LUIZ FERRAZ, 55, APTO 306, RECREIO DOS BANDEIRA - CEP 22790587",RECREIO DOS BANDEIRA,22790587,RIO DE JANEIRO,330455,(18)8161-6416,rbo.otoboni@gmail.com,-23.0217111,-43.4869678,2062,M,001,24/01/2025
3304554682076,4682076,RODRIGOGBORGES PSICOLOGIA,RODRIGOGBORGES PSICOLOGIA LTDA,UBS / Atencao basica,UNIDADE BASICA DE SAUDE,"TV TEODOMIRO PEREIRA, 76, 501, FREGUESIA JACAREPAG - CEP 22750350",FREGUESIA JACAREPAG,22750350,RIO DE JANEIRO,330455,(21) 98990-6500,rodrigoborgespsi@gmail.com,-22.943428,-43.334788,2062,M,001,11/06/2024
3304559823603,9823603,SAUDE LEBLON,HISTEROSCOPY CENTRO DE PREVENCAO E DIAGNOSTICO EM GINECOLOGI,UBS / Atencao basica,UNIDADE BASICA DE SAUDE,"ATAULFO DE PAIVA, 1079, LOJA 213, LEBLON - CEP 22440034",LEBLON,22440034,RIO DE JANEIRO,330455,21 22705824,contato@saudeleblon.com.br,-22.985214577495224,-43.2261398434639,2240,M,001,12/04/2023
3304554922840,4922840,SC CLINICA MEDICA E PSICOLOGICA,SAMANTHA CUNHA CASTRO,UBS / Atencao basica,UNIDADE BASICA DE SAUDE,"AV DAS AMERICAS, 17150, BLC 001 SAL 0252, RECREIO DOS BANDEIRA - CEP 20535010",RECREIO DOS BANDEIRA,20535010,RIO DE JANEIRO,330455,,castroo.samantha@gmail.com,-22.9015552,-43.5716096,2135,M,001,29/11/2024
3304554161211,4161211,SELF PSICOLOGIA NUTRICAO E FONOAUDIOLOGIA,SELF PSICOLOGIA NUTRICAO E FONOAUDIOLOGIA LTDA,UBS / Atencao basica,UNIDADE BASICA DE SAUDE,"ESTRADA DO TINDIBA, 2828, SL 401 405 E 411, TAQUARA - CEP 22725422",TAQUARA,22725422,RIO DE JANEIRO,330455,,,-22.918258921715427,-43.37619066238403,2062,M,001,25/09/2024
3304555166748,5166748,SERRAO MARINHO ORTOPEDIA,MARCELLO SERRAO ORTOPEDIA LTDA,UBS / Atencao basica,UNIDADE BASICA DE SAUDE,"R DA ASSEMBLEIA, 10, SAL 3718 SAL 3719, CENTRO - CEP 20011901",CENTRO,20011901,RIO DE JANEIRO,330455,21 3553-1467,CONSULTORIOMMA@GMAIL.COM,-22.90407,-43.17532,2240,M,001,21/08/2024
3304559644547,9644547,SILVIA DE MELLO,CLINICA MEDICA SILVIA DE MELLO LTDA,UBS / Atencao basica,UNIDADE BASICA DE SAUDE,"RUA URUGUAIANA, 39, SALA 706 E 707, CENTRO - CEP 20050093",CENTRO,20050093,RIO DE JANEIRO,330455,25075106,silviademello@uol.com.br,-22.95575,-43.1784909,2240,M,001,04/08/2025
3304554402405,4402405,SILVIA DE MELLO,CLINICA MEDICA SILVIA DE MELLO LTDA,UBS / Atencao basica,UNIDADE BASICA DE SAUDE,"RUA VISCONDE DE PIRAJA, 414, SALA 1117, IPANEMA - CEP 22410002",IPANEMA,22410002,RIO DE JANEIRO,330455,25075106,silviademello@uol.com.br,-22.9061338,-43.1784909,2240,M,001,04/08/2025
3304556933912,6933912,SINAPSE,SINAPSE S A,UBS / Atencao basica,UNIDADE BASICA DE SAUDE,"AVENIDA PADRE LEONEL FRANCA, 110, SAL 507 508 605 E, GAVEA - CEP 22451000",GAVEA,22451000,RIO DE JANEIRO,330455,21 22834475,alves@jdpovoa.com.br,-22.97834739985066,-43.22752118110657,2054,M,001,10/10/2024
3304559057722,9057722,SMS CF ADERSON FERNANDES AP 33,SMS RIO CF ADERSON FERNANDES AP 33,UBS / Atencao basica,UNIDADE BASICA DE SAUDE,"RUA URURAI, S/N, HONORIO GURGEL - CEP 21511000",HONORIO GURGEL,21511000,RIO DE JANEIRO,330455,97502-8524/3361-3432,cfadersonfernandes@gmail.com,-22.83946,-43.35589,1031,M,001,09/03/2026
3304555476607,5476607,SMS CF ADIB JATENE AP 31,SMS RIO CF ADIB JATENE AP 31,UBS / Atencao basica,UNIDADE BASICA DE SAUDE,"AVENIDA BENTO RIBEIRO DANTAS, S/N, VILA PINHEIRO, MARE - CEP 21046175",MARE,21046175,RIO DE JANEIRO,330455,(21)98591-0012,cfaj.cap31@gmail.com,-22.86544956373263,-43.239301443099976,1031,M,001,30/03/2026
3304557892802,7892802,SMS CF ADOLFO FERREIRA DE CARVALHO AP 33,SMS RIO CF ADOLFO FERREIRA DE CARVALHO AP 33,UBS / Atencao basica,UNIDADE BASICA DE SAUDE,"ESTRADA JOAO PAULO, 1007, BARROS FILHO - CEP 21512002",BARROS FILHO,21512002,RIO DE JANEIRO,330455,975127203/3106-8864,cfadolfofcarvalho@gmail.com,-22.84109,-43.36183,1031,M,001,09/03/2026
3304550199338,0199338,SMS CF ADV MARIO PIRES DA SILVA AP 33,SMS RIO CF ADV MARIO PIRES DA SILVA AP 33,UBS / Atencao basica,UNIDADE BASICA DE SAUDE,"PRACA MARCIA MENDES, S/N, CAMPINHO - CEP 21341410",CAMPINHO,21341410,RIO DE JANEIRO,330455,97510-6310,mariopires.cap33@gmail.com,-22.88333,-43.35414,1031,M,001,09/03/2026
3304555620287,5620287,SMS CF AGENOR DE MIRANDA ARAUJO NETO AP 52,SMS RIO CF AGENOR DE MIRANDA ARAUJO NETO AP 52,UBS / Atencao basica,UNIDADE BASICA DE SAUDE,"ESTRADA DO MATO ALTO, S/N, CAMPO GRANDE - CEP 23030440",CAMPO GRANDE,23030440,RIO DE JANEIRO,330455,(21)20422460,gerentelgoc@gmail.com,-22.9466948754,-43.5764273078,1031,M,001,30/03/2026
3304557896204,7896204,SMS CF ALICE DE JESUS REGO AP 53,SMS RIO CF ALICE DE JESUS REGO AP 53,UBS / Atencao basica,UNIDADE BASICA DE SAUDE,"ESTRADA DOS PALMARES, S/N, JESUITAS, SANTA CRUZ - CEP 23575270",SANTA CRUZ,23575270,RIO DE JANEIRO,330455,(21)24184256,cfajr.cap53@gmail.com,-22.88444,-43.66632,1031,M,001,02/03/2026
3304553567567,3567567,SMS CF ALKINDAR SOARES PEREIRA FILHO AP 52,SMS RIO CF ALKINDAR SOARES PEREIRA FILHO AP 52,UBS / Atencao basica,UNIDADE BASICA DE SAUDE,"ESTRADA DA PEDRA, S/N, GUARATIBA - CEP 23012140",GUARATIBA,23012140,RIO DE JANEIRO,330455,(21)20429690,gerentealkindar@gmail.com,-22.97575646,-43.64846671,1031,M,001,30/03/2026
3304555179726,5179726,SMS CF ALOYSIO AUGUSTO NOVIS AP 31,SMS RIO CF ALOYSIO AUGUSTO NOVIS AP 31,UBS / Atencao basica,UNIDADE BASICA DE SAUDE,"AVENIDA BRAS DE PINA, 651, PENHA CIRCULAR - CEP 21070031",PENHA CIRCULAR,21070031,RIO DE JANEIRO,330455,(21)98591-0082,cfaloysionoviscap31@gmail.com,-22.83765657,-43.290104,1031,M,001,30/03/2026
3304559128867,9128867,SMS CF AMAURY BOTTANY AP 33,SMS RIO CF AMAURY BOTTANY AP 33,UBS / Atencao basica,UNIDADE BASICA DE SAUDE,"AV MONSENHOR FELIX, 512, IRAJA - CEP 21361132",IRAJA,21361132,RIO DE JANEIRO,330455,97519-7697,amaurybottany@gmail.com,-22.8463,-43.32244,1031,M,001,09/03/2026
3304559101764,9101764,SMS CF AMELIA DOS SANTOS FERREIRA AP 32,SMS RIO CF AMELIA DOS SANTOS FERREIRA AP 32,UBS / Atencao basica,UNIDADE BASICA DE SAUDE,"RUA POMPILIO DE ALBUQUERQUE, 386, AGUA SANTA - CEP 20745125",AGUA SANTA,20745125,RIO DE JANEIRO,330455,(21)37989322,cfameliaferreira@gmail.com,-22.9028079,-43.3043631,1031,M,001,30/03/2026
3304553567540,3567540,SMS CF ANA GONZAGA AP 52,SMS RIO CF ANA GONZAGA AP 52,UBS / Atencao basica,UNIDADE BASICA DE SAUDE,"PRACA JOAO WESLEY, 07, INHOAIBA - CEP 23059540",INHOAIBA,23059540,RIO DE JANEIRO,330455,(21) 20429648,gerenteag@gmail.com,-22.912705,-43.595099,1031,M,001,30/03/2026
3304556869009,6869009,SMS CF ANA MARIA CONCEICAO DOS SANTOS CORREIA AP 33,SMS RIO CF ANA MARIA CONCEICAO DOS SANTOS CORREIA AP 33,UBS / Atencao basica,UNIDADE BASICA DE SAUDE,"AVENIDA VICENTE DE CARVALHO, 1086, RUA F SN, VILA KOSMOS - CEP 21210530",VILA KOSMOS,21210530,RIO DE JANEIRO,330455,97534-9456/3352-7818,cfanamariaconceicao.ipase@gmail.com,-22.84965,-43.30613,1031,M,001,11/03/2026
3304558078106,8078106,SMS CF ANDARAI AP 22,SMS RIO CF ANDARAI AP 22,UBS / Atencao basica,UNIDADE BASICA DE SAUDE,"RUA PAULO BRITO, 409, ANDARAI - CEP 20541195",ANDARAI,20541195,RIO DE JANEIRO,330455,,,-22.9278056,-43.2537669,1031,M,001,18/03/2026
3304556713564,6713564,SMS CF ANNA NERY AP 32,SMS RIO CF ANNA NERY AP 32,UBS / Atencao basica,UNIDADE BASICA DE SAUDE,"RUA ANA NERI COM RUA GENERAL BELFORD, S/N, ROCHA - CEP 20960082",ROCHA,20960082,RIO DE JANEIRO,330455,(21)3936-0267,cfannanery@gmail.com,-22.900553,-43.252266,1031,M,001,30/03/2026
3304556808077,6808077,SMS CF ANTHIDIO DIAS DA SILVEIRA AP 32,SMS RIO CF ANTHIDIO DIAS DA SILVEIRA AP 32,UBS / Atencao basica,UNIDADE BASICA DE SAUDE,"AVENIDA DOM HELDER CAMARA, S/N, JACAREZINHO - CEP 20973011",JACAREZINHO,20973011,RIO DE JANEIRO,330455,(21) 3613-8277,csfanthidio@gmail.com,-22.883676,-43.254109,1031,M,001,30/03/2026
3304553416321,3416321,SMS CF ANTONIO GONCALVES DA SILVA AP 51,SMS RIO CF ANTONIO GONCALVES DA SILVA AP 51,UBS / Atencao basica,UNIDADE BASICA DE SAUDE,"ESTRADA DO ENGENHO NOVO, S/N, AV BRASIL, REALENGO - CEP 21730320",REALENGO,21730320,RIO DE JANEIRO,330455,(21) 3613-8313,cfantoniogoncalves@gmail.com,-22.866117,-43.425547,1031,M,001,31/03/2026
3304557036914,7036914,SMS CF ANTONIO GONCALVES VILLA SOBRINHO AP 52,SMS RIO CF ANTONIO GONCALVES VILLA SOBRINHO AP 52,UBS / Atencao basica,UNIDADE BASICA DE SAUDE,"ESTRADA DO CAMPINHO, 2899, CAMPO GRANDE - CEP 23070220",CAMPO GRANDE,23070220,RIO DE JANEIRO,330455,(21)33943043,cfagvs@gmail.com,-22.8922289798,-43.5904461197,1031,M,001,30/03/2026
3304553820599,3820599,SMS CF ARMANDO PALHARES AGUINAGA AP 51,SMS RIO CF ARMANDO PALHARES AGUINAGA AP 51,UBS / Atencao basica,UNIDADE BASICA DE SAUDE,"AV SANTA CRUZ, S/N, REALENGO - CEP 21765020",REALENGO,21765020,RIO DE JANEIRO,330455,21 3613-8316,cfarmandopalhares@gmail.com,-22.878972,-43.429867,1031,M,001,31/03/2026
3304559071385,9071385,SMS CF ARTHUR BISPO DO ROSARIO AP 40,SMS RIO CF ARTHUR BISPO DO ROSARIO AP 40,UBS / Atencao basica,UNIDADE BASICA DE SAUDE,"RUA SAMPAIO CORREA, S/N, JACAREPAGUA - CEP 22713570",JACAREPAGUA,22713570,RIO DE JANEIRO,330455,2042-3676,cfarthurbispo@gmail.com,-22.8646426,-42.6018879,1031,M,001,23/03/2026
3304556804209,6804209,SMS CF ASSIS VALENTE AP 31,SMS RIO CF ASSIS VALENTE AP 31,UBS / Atencao basica,UNIDADE BASICA DE SAUDE,"EST DAS CANARIAS COM AV BRAS CRISPIN PRACA, S/N, GALEAO - CEP 21931582",GALEAO,21931582,RIO DE JANEIRO,330455,(21)98591-0034,cfassisvalente@vivario.org.br,-22.81104531,-43.22718071,1031,M,001,30/03/2026
3304556023320,6023320,SMS CF AUGUSTO BOAL AP 31,SMS RIO CF AUGUSTO BOAL AP 31,UBS / Atencao basica,UNIDADE BASICA DE SAUDE,"AV GUILHERME MAXWEL, 901, MARE - CEP 21040211",MARE,21040211,RIO DE JANEIRO,330455,(21)98591-0058,adm.cfab@gmail.com,-22.8656068097,-43.2419682697,1031,M,001,30/03/2026
3304557892810,7892810,SMS CF BARBARA MOSLEY DE SOUZA AP 40,SMS RIO CF BARBARA MOSLEY DE SOUZA AP 40,UBS / Atencao basica,UNIDADE BASICA DE SAUDE,"AVENIDA OTAVIO MALTA, S/N, ANIL - CEP 22765820",ANIL,22765820,RIO DE JANEIRO,330455,2042-3660,gerbarbaramosley2019@gmail.com,-22.9542626,-43.3423479,1031,M,001,07/04/2026
3304556820018,6820018,SMS CF BARBARA STARFIELD AP 32,SMS RIO CF BARBARA STARFIELD AP 32,UBS / Atencao basica,UNIDADE BASICA DE SAUDE,"RUA VOLTA GRANDE, S/N, PCA AUGUSTO MONTEIRO, DEL CASTILHO - CEP 21051100",DEL CASTILHO,21051100,RIO DE JANEIRO,330455,(21) 37989342,starfield32@gmail.com,-22.877967,-43.268802,1031,M,001,30/03/2026
3304556914152,6914152,SMS CF BIBI VOGEL AP 32,SMS RIO CF BIBI VOGEL AP 32,UBS / Atencao basica,UNIDADE BASICA DE SAUDE,"ESTRADA ADHEMAR BEBIANO, 3686, ENGENHO DA RAINHA - CEP 20766721",ENGENHO DA RAINHA,20766721,RIO DE JANEIRO,330455,(21)970920449,cfbibivogel@gmail.com,-22.8653441,-43.2913272,1031,M,001,30/03/2026
3304559111344,9111344,SMS CF CANDIDO RIBEIRO DA SILVA FILHO AP 33,SMS RIO CF CANDIDO RIBEIRO DA SILVA FILHO AP 33,UBS / Atencao basica,UNIDADE BASICA DE SAUDE,"AVENIDA SAO FELIX, 601, VISTA ALEGRE - CEP 21235610",VISTA ALEGRE,21235610,RIO DE JANEIRO,330455,97521-5918/3148-2086,cfcandinho@gmail.com,-22.83269,-43.31226,1031,M,001,09/03/2026
3304556496989,6496989,SMS CF CANTAGALO PAVAO PAVAOZINHO AP 21,SMS RIO CF CANTAGALO PAVAO PAVAOZINHO AP 21,UBS / Atencao basica,UNIDADE BASICA DE SAUDE,"LADEIRA SAINT ROMAN, 172, COPACABANA - CEP 22071060",COPACABANA,22071060,RIO DE JANEIRO,330455,(21) 3613-8290,cfppg.cap21@gmail.com,-22.981562,-43.196405,1031,M,001,27/03/2026
3304557052049,7052049,SMS CF CARIOCA AP 32,SMS RIO CF CARIOCA AP 32,UBS / Atencao basica,UNIDADE BASICA DE SAUDE,"RUA BERGAMO, 320, ROCHA - CEP 20960045",ROCHA,20960045,RIO DE JANEIRO,330455,(21) 97092-0426,bairrocarioca32@gmail.com,-22.895056,-43.246296,1031,M,001,30/03/2026
3304557119798,7119798,SMS CF CARLOS NERY DA COSTA FILHO AP 33,SMS RIO CF CARLOS NERY DA COSTA FILHO AP 33,UBS / Atencao basica,UNIDADE BASICA DE SAUDE,"RUA CLARIMUNDO DE MELO, 847, FAETEC QUINTINO, QUINTINO BOCAIUVA - CEP 21311282",QUINTINO BOCAIUVA,21311282,RIO DE JANEIRO,330455,97506-2458,cfcarlosnery.cap33@gmail.com,-22.89129,-43.32441,1031,M,001,09/03/2026
3304556632831,6632831,SMS CF CHAPEU MANGUEIRA E BABILONIA AP 21,SMS RIO CF CHAPEU MANGUEIRA E BABILONIA AP 21,UBS / Atencao basica,UNIDADE BASICA DE SAUDE,"LADEIRA ARI BARROSO, S/N, CHAPEU MANGUEIRA, LEME - CEP 22010060",LEME,22010060,RIO DE JANEIRO,330455,(21) 3613-8343,sfchapeubabilonia@gmail.com,-22.96057728,-43.16926526,1031,M,001,27/03/2026
3304550193089,0193089,SMS CF CRISTIANI VIEIRA PINHO AP 51,SMS RIO CF CRISTIANI VIEIRA PINHO AP 51,UBS / Atencao basica,UNIDADE BASICA DE SAUDE,"PRACA LEALDINA MUNIZ, S/N, RUA FONSECA, BANGU - CEP 21820005",BANGU,21820005,RIO DE JANEIRO,330455,,ger.cristianivieira.cap51@gmail.com,-22.888278,-43.465417,1031,M,001,31/03/2026
3304559078983,9078983,SMS CF CYPRIANO DAS CHAGAS MEDEIROS AP 33,SMS RIO CF CYPRIANO DAS CHAGAS MEDEIROS AP 33,UBS / Atencao basica,UNIDADE BASICA DE SAUDE,"RUA JUMIRIM, 87, COELHO NETO - CEP 21510580",COELHO NETO,21510580,RIO DE JANEIRO,330455,97508-7445/3450-4311,cfcyprianocm@hotmail.com,-22.83622,-43.34821,1031,M,001,09/03/2026
3304556677711,6677711,SMS CF DALMIR DE ABREU SALGADO AP 52,SMS RIO CF DR DALMIR DE ABREU SALGADO AP 52,UBS / Atencao basica,UNIDADE BASICA DE SAUDE,"ESTRADA DO MAGARCA, 1831, GUARATIBA - CEP 23031204",GUARATIBA,23031204,RIO DE JANEIRO,330455,(21)33115326,gerentecfdas@gmail.com,-22.941959934,-43.5909703012,1031,M,001,30/03/2026
3304557108265,7108265,SMS CF DANTE ROMANO JUNIOR AP 33,SMS RIO CF DANTE ROMANO JUNIOR AP 33,UBS / Atencao basica,UNIDADE BASICA DE SAUDE,"RUA CAROLINA MACHADO, S/N, MARECHAL HERMES - CEP 21557150",MARECHAL HERMES,21557150,RIO DE JANEIRO,330455,97540-2089/2489-6838,cfdanteromanojunior@gmail.com,-22.86003,-43.37054,1031,M,001,09/03/2026
3304555154197,5154197,SMS CF DAVID CAPISTRANO FILHO AP 52,SMS RIO CF DR DAVID CAPISTRANO FILHO AP 52,UBS / Atencao basica,UNIDADE BASICA DE SAUDE,"AVENIDA CESARIO DE MELO, S/N, INHOAIBA - CEP 23045210",INHOAIBA,23045210,RIO DE JANEIRO,330455,(21)3384-1569,gerentecfdcf@gmail.com,-22.91137083,-43.53474826,1031,M,001,30/03/2026
3304556660185,6660185,SMS CF DEOLINDO COUTO AP 53,SMS RIO CF DEOLINDO COUTO AP 53,UBS / Atencao basica,UNIDADE BASICA DE SAUDE,"RUA SANTO AUGURIO, 40, PEDRINHA, SANTA CRUZ - CEP 23510220",SANTA CRUZ,23510220,RIO DE JANEIRO,330455,(21)31589665,cfdc.cap53@gmail.com,-22.91983,-43.67527,1031,M,001,02/03/2026
3304559131884,9131884,SMS CF DEPUTADO PEDRO FERNANDES FILHO AP 33,SMS RIO CF DEPUTADO PEDRO FERNANDES FILHO AP 33,UBS / Atencao basica,UNIDADE BASICA DE SAUDE,"PRACA NOSSA SENHORA DA APRESENTACAO, S/N, IRAJA - CEP 21231220",IRAJA,21231220,RIO DE JANEIRO,330455,97530-2036/3371-0144,cfdeppedrofernandesfilho@gmail.com,-22.83018,-43.32822,1031,M,001,09/03/2026
3304559345515,9345515,SMS CF DINIZ BATISTA DOS SANTOS AP 31,SMS RIO CF DINIZ BATISTA DOS SANTOS AP 31,UBS / Atencao basica,UNIDADE BASICA DE SAUDE,"AVENIDA BRIGADEIRO TROMPOWSKY, S/N, AO LADO DO BRT MARE, MARE - CEP 21044020",MARE,21044020,RIO DE JANEIRO,330455,(21)98591-0043,cfdinizbatista@gmail.com,-22.846,-43.245,1031,M,001,30/03/2026
3304556023975,6023975,SMS CF DONA ZICA AP 10,SMS RIO CF DONA ZICA AP 10,UBS / Atencao basica,UNIDADE BASICA DE SAUDE,"RUA JOAO RODRIGUES, 43, SAO FRANCISCO XAVIER - CEP 20960010",SAO FRANCISCO XAVIER,20960010,RIO DE JANEIRO,330455,(21)3496-9228,cfdonazica.cap10@gmail.com,-22.9014,-43.243,1031,M,001,31/03/2026
3304559715444,9715444,SMS CF DR MYRTES AMORELLI GONZAGA AP 52,SMS RIO CF DR MYRTES AMORELLI GONZAGA AP 52,UBS / Atencao basica,UNIDADE BASICA DE SAUDE,"ESTRADA DO LAMEIRAO PEQUENO, S/N, RIO DA PRATA, CAMPO GRANDE - CEP 23017320",CAMPO GRANDE,23017320,RIO DE JANEIRO,330455,,cflameirao@gmail.com,-22.94196,-43.59097,1031,M,001,30/03/2026
3304558062900,8062900,SMS CF DYMAS JOSEPH PELLEGRIN AP 40,SMS RIO CF DYMAS JOSEPH PELLEGRIN AP 40,UBS / Atencao basica,UNIDADE BASICA DE SAUDE,"RUA SERGIO DE CARVALHO, 75, ITANHANGA - CEP 22641220",ITANHANGA,22641220,RIO DE JANEIRO,330455,2042-3659,cfdymasjp@gmail.com,-22.9891325,-43.2979826,1031,M,001,16/03/2026
3304556762042,6762042,SMS CF EDNEY CANAZARO DE OLIVEIRA AP 32,SMS RIO CF CABO EDNEY CANAZARO DE OLIVEIRA AP 32,UBS / Atencao basica,UNIDADE BASICA DE SAUDE,"AVENIDA MARECHAL RONDOM C RUA ANTUNES GARCIA, S/N, SAMPAIO - CEP 20950060",SAMPAIO,20950060,RIO DE JANEIRO,330455,(21) 3796-0103,edneycanazarodeoliveira@gmail.com,-22.9038569,-43.2626617,1031,M,001,30/03/2026
3304556671020,6671020,SMS CF EDSON ABDALLA SAAD AP 53,SMS RIO CF EDSON ABDALLA SAAD AP 53,UBS / Atencao basica,UNIDADE BASICA DE SAUDE,"AVENIDA CESARIO DE MELO, 25, SANTA CRUZ - CEP 23575070",SANTA CRUZ,23575070,RIO DE JANEIRO,330455,(21)33655365,cfeas.cap53@gmail.com,-22.9315,-43.65571,1031,M,001,02/03/2026
3304557985657,7985657,SMS CF EIDIMIR THIAGO DE SOUZA AP 31,SMS RIO CF EIDIMIR THIAGO DE SOUZA AP 31,UBS / Atencao basica,UNIDADE BASICA DE SAUDE,"RUA CORDOVIL, 1242, CORDOVIL - CEP 21250450",CORDOVIL,21250450,RIO DE JANEIRO,330455,(21)98591-0029,cfeidimirthiagosouza@gmail.com,-22.8232239,-43.3094967891522,1031,M,001,30/03/2026
3304556742130,6742130,SMS CF EMYGDIO ALVES COSTA FILHO AP 32,SMS RIO CF EMYGDIO ALVES COSTA FILHO AP 32,UBS / Atencao basica,UNIDADE BASICA DE SAUDE,"RUA DO LAZER, 153, PILARES - CEP 20760230",PILARES,20760230,RIO DE JANEIRO,330455,(21) 3437-4741,cfea.adm@gmail.com,-22.881505,-43.287658,1031,M,001,30/03/2026
3304555044685,5044685,SMS CF ENFERMEIRA EDMA VALADAO AP 33,SMS RIO CF ENFERMEIRA EDMA VALADAO AP 33,UBS / Atencao basica,UNIDADE BASICA DE SAUDE,"AV BRASIL, 18476, ACARI - CEP 21530000",ACARI,21530000,RIO DE JANEIRO,330455,97530-8889/2475-2515,cfedmavaladao.cap33@gmail.com,-22.82503,-43.33788,1031,M,001,09/03/2026
3304550189200,0189200,SMS CF ENGENHEIRO SANITARISTA PAULO D AGUILA AP 33,SMS RIO CF ENGENHEIRO SANITARISTA PAULO D AGUILA AP 33,UBS / Atencao basica,UNIDADE BASICA DE SAUDE,"RUA JORGE SCHMIDT, 331, MARECHAL HERMES - CEP 21610645",MARECHAL HERMES,21610645,RIO DE JANEIRO,330455,97527-0567,cfespaulodaguila@gmail.com,-22.86427,-43.37117,1031,M,001,09/03/2026
3304556793231,6793231,SMS CF EPITACIO SOARES REIS AP 33,SMS RIO CF EPITACIO SOARES REIS AP 33,UBS / Atencao basica,UNIDADE BASICA DE SAUDE,"AV CHISOSTOMO PIMENTEL DE OLIVEIRA, S/N, PAVUNA - CEP 21650001",PAVUNA,21650001,RIO DE JANEIRO,330455,97517-8056/2455-5671,cfepitaciosoaresreis@gmail.com,-22.81331,-43.37301,1031,M,001,11/03/2026
3304559131795,9131795,SMS CF ERIVALDO FERNANDES NOBREGA AP 32,SMS RIO CF ERIVALDO FERNANDES NOBREGA AP 32,UBS / Atencao basica,UNIDADE BASICA DE SAUDE,"RUA RIO GRANDE DO SUL, 26, MEIER - CEP 20775100",MEIER,20775100,RIO DE JANEIRO,330455,(21)3798-9325,cferivaldofnobrega@gmail.com,-22.8983773,-43.2785987,1031,M,001,30/03/2026
3304552280310,2280310,SMS CF ERNANI DE PAIVA FERREIRA BRAGA AP 53,SMS RIO CF PROF ERNANI DE PAIVA FERREIRA BRAGA AP 53,UBS / Atencao basica,UNIDADE BASICA DE SAUDE,"AVENIDA JOAO XXIII, S/N, CONJUNTO LIBERDADE, SANTA CRUZ - CEP 23560352",SANTA CRUZ,23560352,RIO DE JANEIRO,330455,(21)33953412,cfeb.cap53@gmail.com,-22.90479,-43.101,1031,M,001,02/03/2026
3304556028233,6028233,SMS CF ESTACIO DE SA AP 10,SMS RIO CF ESTACIO DE SA AP 10,UBS / Atencao basica,UNIDADE BASICA DE SAUDE,"RUA DO BISPO, 159, RIO COMPRIDO - CEP 20261066",RIO COMPRIDO,20261066,RIO DE JANEIRO,330455,(21)3512-9543,cfestaciodesa.cap10@gmail.com,-22.92559,-43.21485,1031,M,001,31/03/2026
3304559057706,9057706,SMS CF ESTIVADORES AP 10,SMS RIO CF ESTIVADORES AP 10,UBS / Atencao basica,UNIDADE BASICA DE SAUDE,"AVENIDA DO EXERCITO, 99, SAO CRISTOVAO - CEP 20910025",SAO CRISTOVAO,20910025,RIO DE JANEIRO,330455,(21)39360434,cfestivadores.cap10@gmail.com,-22.90158,-43.22438,1031,M,001,31/03/2026
3304557723296,7723296,SMS CF EVERTON DE SOUZA SANTOS AP 52,SMS RIO CF EVERTON DE SOUZA SANTOS AP 52,UBS / Atencao basica,UNIDADE BASICA DE SAUDE,"ESTRADA DE MORICABA, S/N, MORICABA, SENADOR VASCONCELOS - CEP 23012006",SENADOR VASCONCELOS,23012006,RIO DE JANEIRO,330455,(21) 3364-7596,cfeverton.adm@gmail.com,-22.89912,-43.53475,1031,M,001,30/03/2026
3304557722494,7722494,SMS CF FAIM PEDRO AP 51,SMS RIO CF FAIM PEDRO AP 51,UBS / Atencao basica,UNIDADE BASICA DE SAUDE,"RUA MARECHAL AGRICOLA, S/N, PRACA DOS CADETES, REALENGO - CEP 21735370",REALENGO,21735370,RIO DE JANEIRO,330455,21 3613-8291,clinicaffpedro@gmail.com,-22.872742,-43.432256,1031,M,001,31/03/2026
3304556664075,6664075,SMS CF FELIPPE CARDOSO AP 31,SMS RIO CF FELIPPE CARDOSO AP 31,UBS / Atencao basica,UNIDADE BASICA DE SAUDE,"AVENIDA NOSSA SENHORA DA PENHA, 42, PENHA, PENHA - CEP 21070390",PENHA,21070390,RIO DE JANEIRO,330455,(21)98591-0024,cffelipecardoso31@gmail.com,-22.84261,-43.27896,1031,M,001,30/03/2026
3304552277298,2277298,SMS CF FERNANDO A BRAGA LOPES AP 10,SMS RIO CF FERNANDO ANTONIO BRAGA LOPES AP 10,UBS / Atencao basica,UNIDADE BASICA DE SAUDE,"RUA CARLOS SEIDL, 785, CAJU - CEP 20931004",CAJU,20931004,RIO DE JANEIRO,330455,(21) 3878-5063,cfbragalopes.cap10@gmail.com,-22.87595,-43.22247,1031,M,001,31/03/2026
3304556023916,6023916,SMS CF FIORELLO RAYMUNDO AP 51,SMS RIO CF FIORELLO RAYMUNDO AP 51,UBS / Atencao basica,UNIDADE BASICA DE SAUDE,"RUA ACAFRAO, S/N, BANGU - CEP 21870330",BANGU,21870330,RIO DE JANEIRO,330455,(21) 3613-8286,cffiorelloraymundo@gmail.com,-22.867869,-43.456908,1031,M,001,31/03/2026
3304557996675,7996675,SMS CF GERSON BERGHER AP 40,SMS RIO CF GERSON BERGHER AP 40,UBS / Atencao basica,UNIDADE BASICA DE SAUDE,"RUA CANDIDO BENICIO, S/N, CAMPINHO - CEP 21320060",CAMPINHO,21320060,RIO DE JANEIRO,330455,2042-3698,cfgersonbcap40@gmail.com,-22.9158965,-43.3607955,1031,M,001,16/03/2026
3304556648371,6648371,SMS CF HANS JURGEN FERNANDO DOHMANN AP 52,SMS RIO CF DR HANS JURGEN FERNANDO DOHMANN AP 52,UBS / Atencao basica,UNIDADE BASICA DE SAUDE,"ESTRADA DO PIAI, S/N, GUARATIBA - CEP 23028050",GUARATIBA,23028050,RIO DE JANEIRO,330455,(21)24176014,gerentecf.hjfd@gmail.com,-22.9845685004,-43.6603680598,1031,M,001,30/03/2026
3304556664040,6664040,SMS CF HEITOR DOS PRAZERES AP 31,SMS RIO CF HEITOR DOS PRAZERES AP 31,UBS / Atencao basica,UNIDADE BASICA DE SAUDE,"RUA IGUAPERIBA, 00, BRAS DE PINA, BRAS DE PINA - CEP 21012020",BRAS DE PINA,21012020,RIO DE JANEIRO,330455,(21)98591-0032,cfheitordosprazeres.cap31@gmail.com,-22.82309314,-43.28213743,1031,M,001,30/03/2026
3304556618863,6618863,SMS CF HELANDE DE MELLO GONCALVES AP 53,SMS RIO CF HELANDE DE MELLO GONCALVES AP 53,UBS / Atencao basica,UNIDADE BASICA DE SAUDE,"ESTRADA DE PACIENCIA, S/N, PRACA MALENDO MALEA, PACIENCIA - CEP 23585045",PACIENCIA,23585045,RIO DE JANEIRO,330455,(21)33953020,cfhmg.cap53@gmail.com,-22.91816,-43.62898,1031,M,001,02/03/2026
3304557892829,7892829,SMS CF HELENA BESSERMAN VIANNA AP 40,SMS RIO CF HELENA BESSERMAN VIANNA AP 40,UBS / Atencao basica,UNIDADE BASICA DE SAUDE,"VIA LIGHT, S/N, RIO DAS PEDRAS, JACAREPAGUA - CEP 22753053",JACAREPAGUA,22753053,RIO DE JANEIRO,330455,2042-3645,cfhelenabesserman@gmail.com,-22.8136107,-43.3902677,1031,M,001,16/03/2026
3304556681379,6681379,SMS CF HERBERT JOSE DE SOUZA AP 32,SMS RIO CF HERBERT JOSE DE SOUZA AP 32,UBS / Atencao basica,UNIDADE BASICA DE SAUDE,"AVENIDA PASTOR MARTIN LUTHER KING JUNIOR, 4776, TOMAS COELHO - CEP 21220300",TOMAS COELHO,21220300,RIO DE JANEIRO,330455,(21) 97872-4046,csfhjs.rj@gmail.com,-22.8633847,-43.306754,1031,M,001,30/03/2026
3304555447798,5447798,SMS CF HONORIO JOSE DE ANDRADE AP 32,SMS RIO CF HONORIO JOSE DE ANDRADE AP 32,UBS / Atencao basica,UNIDADE BASICA DE SAUDE,"RUA DA CAPELA, 96, PIEDADE - CEP 20740310",PIEDADE,20740310,RIO DE JANEIRO,330455,,cfhonoriojosedeandrade@gmail.com,-22.8918801,-43.3099739,1031,M,001,30/03/2026
3304556559727,6559727,SMS CF ILZO MOTTA DE MELLO AP 53,SMS RIO CF ILZO MOTTA DE MELLO AP53,UBS / Atencao basica,UNIDADE BASICA DE SAUDE,"AVENIDA CESARIO DE MELO, 11485, TRES PONTES, PACIENCIA - CEP 23056000",PACIENCIA,23056000,RIO DE JANEIRO,330455,(21)33956771,cfimm.cap53@gmail.com,-22.92141,-43.644471,1031,M,001,02/03/2026
3304557894554,7894554,SMS CF ISABELA SEVERO DA SILVA AP 52,SMS RIO CF ISABELA SEVERO DA SILVA AP 52,UBS / Atencao basica,UNIDADE BASICA DE SAUDE,"RUA VOTORANTIM, 664, CAMPO GRANDE - CEP 23095710",CAMPO GRANDE,23095710,RIO DE JANEIRO,330455,(21)40421941,cfisabelaseverosilva@gmail.com,-22.95767678,-43.53765,1031,M,001,30/03/2026
3304557998678,7998678,SMS CF IVANIR DE MELLO AP 33,SMS RIO CF IVANIR DE MELLO AP 33,UBS / Atencao basica,UNIDADE BASICA DE SAUDE,"ESTRADA MARECHAL ALENCASTRO, S/N, VILA MILITAR - CEP 21625000",VILA MILITAR,21625000,RIO DE JANEIRO,330455,97510-1888/3229-3016,cfivanirdemello@gmail.com,-22.84736,-43.3966,1031,M,001,09/03/2026
3304556688152,6688152,SMS CF IZABEL DOS SANTOS AP 32,SMS RIO CF IZABEL DOS SANTOS AP 32,UBS / Atencao basica,UNIDADE BASICA DE SAUDE,"RUA DOIS DE MAIO, 220, ENGENHO NOVO - CEP 20961160",ENGENHO NOVO,20961160,RIO DE JANEIRO,330455,(21) 3795-8966,cfis.rj@hotmail.com,-22.898669,-43.263744,1031,M,001,30/03/2026
3304556618871,6618871,SMS CF JAMIL HADDAD AP 53,SMS RIO CF JAMIL HADDAD AP53,UBS / Atencao basica,UNIDADE BASICA DE SAUDE,"RUA SOLDADO JOAO ROTELO, S/N, PACIENCIA - CEP 23066090",PACIENCIA,23066090,RIO DE JANEIRO,330455,21)24103178/33541447,cfih.cap53@igmail.com,-22.88345,-43.63999,1031,M,001,02/03/2026
3304559442251,9442251,SMS CF JEREMIAS MORAES DA SILVA AP 31,SMS RIO CF JEREMIAS MORAES DA SILVA AP 31,UBS / Atencao basica,UNIDADE BASICA DE SAUDE,"RUA TEIXEIRA RIBEIRO, S/N, FAETEC MARE, MARE - CEP 21044251",MARE,21044251,RIO DE JANEIRO,330455,(21)98591-0051,cfjeremiasmoraesdasilva@gmail.com,-22.854731,-43.239575,1031,M,001,30/03/2026
3304552295237,2295237,SMS CF JOAO BATISTA CHAGAS AP 53,SMS RIO CF DR JOAO BATISTA CHAGAS AP53,UBS / Atencao basica,UNIDADE BASICA DE SAUDE,"RUA PITOMBEIRAS, S/N, JARDIM 7 DE ABRIL, PACIENCIA - CEP 23585245",PACIENCIA,23585245,RIO DE JANEIRO,330455,(21)34067597,cmsjbc.cap53@gmail.com,-22.92681,-43.63507,1031,M,001,02/03/2026
3304556932916,6932916,SMS CF JOAOSINHO TRINTA AP 31,SMS RIO CF JOAOSINHO TRINTA AP 31,UBS / Atencao basica,UNIDADE BASICA DE SAUDE,"RUA ANAMA PRACA JOSE DA MATTA, S/N, VIGARIO GERAL - CEP 21241020",VIGARIO GERAL,21241020,RIO DE JANEIRO,330455,(21)98591-0081,cfjoaosinhotrinta.cap31@gmail.com,-22.8158263,-43.3038729,1031,M,001,30/03/2026
3304556581994,6581994,SMS CF JOSE ANTONIO CIRAUDO AP 53,SMS RIO CF JOSE ANTONIO CIRAUDO AP53,UBS / Atencao basica,UNIDADE BASICA DE SAUDE,"AVENIDA AREIA BRANCA, 1428, LOTE 1, SANTA CRUZ - CEP 23550740",SANTA CRUZ,23550740,RIO DE JANEIRO,330455,21)23942766/32927862,cfjac.cap53@gmail.com,-22.9381,-43.68643,1031,M,001,02/03/2026
3304556635709,6635709,SMS CF JOSE DE PAULA LOPES PONTES AP 52,SMS RIO CF DR JOSE DE PAULA LOPES PONTES AP 52,UBS / Atencao basica,UNIDADE BASICA DE SAUDE,"RUA JABURU, S/N, GUARATIBA - CEP 23031190",GUARATIBA,23031190,RIO DE JANEIRO,330455,2120429633,gerentecf.jplp@gmail.com,-22.95768,-43.60797,1031,M,001,30/03/2026
3304557873565,7873565,SMS CF JOSE DE SOUZA HERDY AP 40,SMS RIO CF JOSE DE SOUZA HERDY AP 40,UBS / Atencao basica,UNIDADE BASICA DE SAUDE,"AVENIDA AYRTON SENNA, 2200, BARRA DA TIJUCA - CEP 22775002",BARRA DA TIJUCA,22775002,RIO DE JANEIRO,330455,2018-4955,adm.cfjsh.cap40@gmail.com,-22.992491281200927,-43.36446940898895,1031,M,001,23/03/2026
3304559127100,9127100,SMS CF JOSE NEVES AP 40,SMS RIO CF JOSE NEVES AP 40,UBS / Atencao basica,UNIDADE BASICA DE SAUDE,"RUA QUINTANILHA, S/N, JACAREPAGUA - CEP 22763006",JACAREPAGUA,22763006,RIO DE JANEIRO,330455,2042-3649,gercfjosenevescap40@gmail.com,-22.9424251,-43.351841,1031,M,001,23/03/2026
3304556571956,6571956,SMS CF JOSUETE SANTANNA DE OLIVEIRA AP 33,SMS RIO CF JOSUETE SANTANNA DE OLIVEIRA AP 33,UBS / Atencao basica,UNIDADE BASICA DE SAUDE,"RUA LUIZ COUTINHO CAVALCANTI, S/N, GUADALUPE - CEP 21675310",GUADALUPE,21675310,RIO DE JANEIRO,330455,97523-6456/997981860,cfjosuete@gmail.com,-22.84876,-43.37138,1031,M,001,11/03/2026
3304556852203,6852203,SMS CF KELLY CRISTINA DE SA LACERDA SILVA AP 51,SMS RIO CF KELLY CRISTINA DE SA LACERDA SILVA AP 51,UBS / Atencao basica,UNIDADE BASICA DE SAUDE,"AVENIDA CARLOS SAMPAIO CORREA, S/N, SENADOR CAMARA - CEP 21830250",SENADOR CAMARA,21830250,RIO DE JANEIRO,330455,(21) 3613-8299,admkellycristina@gmail.com,-22.887414,-43.481981,1031,M,001,31/03/2026
3304559075143,9075143,SMS CF KLEBEL DE OLIVEIRA ROCHA AP 31,SMS RIO CF KLEBEL DE OLIVEIRA ROCHA AP 31,UBS / Atencao basica,UNIDADE BASICA DE SAUDE,"PRACA CLOMIR TELES CERBINO, S/N, OLARIA - CEP 21073130",OLARIA,21073130,RIO DE JANEIRO,330455,(21)98591-0019,cfklebel@gmail.com,-22.850621,-43.2733690001,1031,M,001,30/03/2026
3304557908237,7908237,SMS CF LECY RANQUINE AP 52,SMS RIO CF LECY RANQUINE AP 52,UBS / Atencao basica,UNIDADE BASICA DE SAUDE,"ESTRADA DO CAMPINHO, S/N, INHOAIBA - CEP 23067430",INHOAIBA,23067430,RIO DE JANEIRO,330455,(21)35238483,cflecyranquine@gmail.com,-22.884885,-43.208,1031,M,001,30/03/2026
3304556559735,6559735,SMS CF LENICE MARIA MONTEIRO COELHO AP 53,SMS RIO CF LENICE M MONTEIRO COELHO AP53,UBS / Atencao basica,UNIDADE BASICA DE SAUDE,"RUA JOSE CARLOS MATTA MACHADO, S/N, PRACA MIGUEL PEREIRA, SANTA CRUZ - CEP 23575410",SANTA CRUZ,23575410,RIO DE JANEIRO,330455,(21)34840882,cflmmc.cap53@gmail.com,-22.9092,-43.66418,1031,M,001,02/03/2026
3304556572014,6572014,SMS CF LOURENCO DE MELLO AP 53,SMS RIO CF LOURENCO DE MELLO AP53,UBS / Atencao basica,UNIDADE BASICA DE SAUDE,"RUA CORONEL TITO PORTO CARRERO, S/N, PACIENCIA - CEP 23580010",PACIENCIA,23580010,RIO DE JANEIRO,330455,(21)34277068,cflm.cap53@gmail.com,-22.91783,-43.64275,1031,M,001,02/03/2026
3304550214949,0214949,SMS CF LOURIVAL FRANCISCO DE OLIVEIRA AP 40,SMS RIO CF LOURIVAL FRANCISCO DE OLIVEIRA AP 40,UBS / Atencao basica,UNIDADE BASICA DE SAUDE,"AVENIDA COMANDANTE GUARANYS, 447, JACAREPAGUA - CEP 22775903",JACAREPAGUA,22775903,RIO DE JANEIRO,330455,2042-3118,ger.cflourival@gmail.com,-22.95157155,-43.3707443,1031,M,001,23/03/2026
3304557986505,7986505,SMS CF LUIZ CELIO PEREIRA AP 32,SMS RIO CF LUIZ CELIO PEREIRA AP 32,UBS / Atencao basica,UNIDADE BASICA DE SAUDE,"RUA DA ABOLICAO, 303, ABOLICAO - CEP 20755170",ABOLICAO,20755170,RIO DE JANEIRO,330455,3798-9126,cflcpcap32@gmail.com,-22.888298,-43.296109,1031,M,001,30/03/2026
3304557990286,7990286,SMS CF LUIZ DE MORAES JUNIOR AP 21,SMS RIO CF LUIZ DE MORAES JUNIOR AP 21,UBS / Atencao basica,UNIDADE BASICA DE SAUDE,"RUA GENERAL SEVERIANO, 91, BOTAFOGO - CEP 22290040",BOTAFOGO,22290040,RIO DE JANEIRO,330455,(21) 36138330,gerenciacmsrochamaia@gmail.com,-22.95326459,-43.17674975,1031,M,001,27/03/2026
3304556974708,6974708,SMS CF MAESTRO CELESTINO AP 33,SMS RIO CF MAESTRO CELESTINO AP 33,UBS / Atencao basica,UNIDADE BASICA DE SAUDE,"RUA LOURENCO MARQUES, 70, MARECHAL HERMES - CEP 21675540",MARECHAL HERMES,21675540,RIO DE JANEIRO,330455,97500-7116/3017-4920,maestrocelestinopalmeirinha@gmail.com,-22.84831,-43.36145,1031,M,001,09/03/2026
3304557995520,7995520,SMS CF MAICON SIQUEIRA AP 40,SMS RIO CF MAICON SIQUEIRA AP 40,UBS / Atencao basica,UNIDADE BASICA DE SAUDE,"AVENIDA SALVADOR ALLENDE, S/N, CURICICA - CEP 22780160",CURICICA,22780160,RIO DE JANEIRO,330455,2042-3681,ger.cfms.cap4@gmail.com,-22.9624745,-43.3932348,1031,M,001,23/03/2026
3304557088574,7088574,SMS CF MANOEL FERNANDES DE ARAUJO AP 33,SMS RIO CF MANOEL FERNANDES DE ARAUJO AP 33,UBS / Atencao basica,UNIDADE BASICA DE SAUDE,"RUA LAUDO DE CAMARGO, S/N, PAVUNA - CEP 21655490",PAVUNA,21655490,RIO DE JANEIRO,330455,97508-1343/3358-7884,cf.seuneco@gmail.com,-22.81637,-43.38184,1031,M,001,09/03/2026
3304556029965,6029965,SMS CF MARCOS VALADAO AP 33,SMS RIO CF ENFERMEIRO MARCOS VALADAO AP 33,UBS / Atencao basica,UNIDADE BASICA DE SAUDE,"AV PASTOR MARTIN LUTHER KING JR, 10976, ACARI - CEP 21530015",ACARI,21530015,RIO DE JANEIRO,330455,975141978/3373-2253,clinicadafamiliamarcosvaladao@gmail.com,-22.82537,-43.34757,1031,M,001,11/03/2026
3304556761704,6761704,SMS CF MARIA DE AZEVEDO RODRIGUES PEREIRA AP 33,SMS RIO CF MARIA DE AZEVEDO RODRIGUES PEREIRA AP 33,UBS / Atencao basica,UNIDADE BASICA DE SAUDE,"PRACA PROFESSORA SANTINHA, S/N, PARQUE ANCHIETA - CEP 21620510",PARQUE ANCHIETA,21620510,RIO DE JANEIRO,330455,97527-9813/3019-6181,cf.santinha@gmail.com,-22.83389,-43.40683,1031,M,001,09/03/2026
3304556503772,6503772,SMS CF MARIA DO SOCORRO ROCINHA AP 21,SMS RIO CF MARIA DO SOCORRO SILVA E SOUZA AP 21,UBS / Atencao basica,UNIDADE BASICA DE SAUDE,"ESTRADA DA GAVEA, 522, CURVA DO S, ROCINHA - CEP 22451272",ROCINHA,22451272,RIO DE JANEIRO,330455,(21) 36138362,gerentecfmariadosocorro@gmail.com,-22.98940176,-43.25240008,1031,M,001,27/03/2026
3304555546591,5546591,SMS CF MARIA JOSE DE SOUSA BARBOSA AP 51,SMS RIO CF MARIA JOSE DE SOUSA BARBOSA AP 51,UBS / Atencao basica,UNIDADE BASICA DE SAUDE,"ESTRADA DO TAQUARAL, 100, BANGU - CEP 21842550",BANGU,21842550,RIO DE JANEIRO,330455,(21) 3613-8292,cfmariajosedesousabarbosa@gmail.com,-22.864247,-43.474733,1031,M,001,31/03/2026
3304559307265,9307265,SMS CF MARIA JOSE PAPERA DE AZEVEDO AP 52,SMS RIO CF MARIA JOSE PAPERA DE AZEVEDO AP 52,UBS / Atencao basica,UNIDADE BASICA DE SAUDE,"ESTRADA DA POSSE, S/N, CAMPO GRANDE - CEP 23093300",CAMPO GRANDE,23093300,RIO DE JANEIRO,330455,(21)35238467,gerente.cfmjpa@gmail.com,-22.9029806181798,-43.20798397064209,1031,M,001,30/03/2026
3304556568491,6568491,SMS CF MARIA SEBASTIANA DE OLIVEIRA AP 31,SMS RIO CF MARIA SEBASTIANA DE OLIVEIRA AP 31,UBS / Atencao basica,UNIDADE BASICA DE SAUDE,"AVENIDA DOS MAGISTERIOS, S/N, PRAIA DA ROSA, ILHA DO GOVERNADOR - CEP 21920455",ILHA DO GOVERNADOR,21920455,RIO DE JANEIRO,330455,(21)98591-0069,cfmariasebastianadeoliveira@gmail.com,-22.79504965967112,-43.1953963637352,1031,M,001,30/03/2026
3304556864708,6864708,SMS CF MARIO DIAS ALENCAR AP 51,SMS RIO CF MARIO DIAS ALENCAR AP 51,UBS / Atencao basica,UNIDADE BASICA DE SAUDE,"RUA MUCURIPE, S/N, BANGU - CEP 21832150",BANGU,21832150,RIO DE JANEIRO,330455,(21) 3613-8296,cfmariodalencar02@gmail.com,-22.894142,-43.488472,1031,M,001,31/03/2026
3304556716598,6716598,SMS CF MAURY ALVES DE PINHO AP 40,SMS RIO CF MAURY ALVES DE PINHO AP 40,UBS / Atencao basica,UNIDADE BASICA DE SAUDE,"ESTRADA DOS BANDEIRANTES, 11227, VARGEM PEQUENA - CEP 22783116",VARGEM PEQUENA,22783116,RIO DE JANEIRO,330455,2042-3620,smsdcprofmap@gmail.com,-22.9918671,-43.4324385,1031,M,001,23/03/2026
3304559061401,9061401,SMS CF MEDALHISTA OLIMPICO ARTHUR ZANETTI AP 52,SMS RIO CF MEDALHISTA OLIMPICO ARTHUR ZANETTI AP 52,UBS / Atencao basica,UNIDADE BASICA DE SAUDE,"AVENIDA MARECHAL DANTAS BARRETO, S/N, CAMPO GRANDE - CEP 23090300",CAMPO GRANDE,23090300,RIO DE JANEIRO,330455,(21)34393902,ger.cfaz.cap52@gmail.com,-22.8835313854,-43.5580058819,1031,M,001,30/03/2026
3304559061398,9061398,SMS CF MEDALHISTA OLIMPICO BRUNO SCHMIDT AP 52,SMS RIO CF MEDALHISTA OLIMPICO BRUNO SCHMIDT AP 52,UBS / Atencao basica,UNIDADE BASICA DE SAUDE,"RUA MANOEL JULIAO DE MEDEIROS, S/N, CAMPO GRANDE - CEP 23075531",CAMPO GRANDE,23075531,RIO DE JANEIRO,330455,(21)20429639,cfbrunoschmidt@gmail.com,-22.8725500004,-43.5783230004,1031,M,001,30/03/2026
3304559079939,9079939,SMS CF MEDALHISTA OLIMPICO MAURICIO SILVA AP 10,SMS RIO CF MEDALHISTA OLIMPICO MAURICIO SILVA AP 10,UBS / Atencao basica,UNIDADE BASICA DE SAUDE,"AVENIDA CARLOS MATOSO CORREIA, 0, BENFICA - CEP 20911390",BENFICA,20911390,RIO DE JANEIRO,330455,(21)39525488,cfmauriciosilva.cap10@gmail.com,-22.876590361676566,-43.227810859680176,1031,M,001,31/03/2026
3304559080163,9080163,SMS CF MEDALHISTA OLIMPICO RICARDO LUCARELLI SOUZA AP 10,SMS RIO CF MEDALHISTA OLIMPICO RICARDO LUCARELLI SOUZA AP 10,UBS / Atencao basica,UNIDADE BASICA DE SAUDE,"RUA FREI CANECA, S/N, ESTACIO - CEP 20211020",ESTACIO,20211020,RIO DE JANEIRO,330455,(21)3972-6480,cfricardolucarelli.cap10@gmail.com,-22.91455,-43.20121,1031,M,001,31/03/2026
3304559072640,9072640,SMS CF MESTRE MOLEQUINHO DO IMPERIO AP 33,SMS RIO CF MESTRE MOLEQUINHO DO IMPERIO AP 33,UBS / Atencao basica,UNIDADE BASICA DE SAUDE,"RUA IGUACU, S/N, ENGENHEIRO LEAL - CEP 21370130",ENGENHEIRO LEAL,21370130,RIO DE JANEIRO,330455,97526-0954/2452-9224,cfmestremolequinho.cap33@gmail.com,-22.87459,-43.32941,1031,M,001,09/03/2026
3304557523246,7523246,SMS CF NELIO DE OLIVEIRA AP 10,SMS RIO CF NELIO DE OLIVEIRA AP 10,UBS / Atencao basica,UNIDADE BASICA DE SAUDE,"RUA RIVADAVIA CORREA, 188, GAMBOA - CEP 20220290",GAMBOA,20220290,RIO DE JANEIRO,330455,(21) 2516-0620,cfneliodeoliveira.cap10@gmail.com,-22.89725,-43.19661,1031,M,001,31/03/2026
3304559016805,9016805,SMS CF NILDA CAMPOS DE LIMA AP 31,SMS RIO CF NILDA CAMPOS DE LIMA AP 31,UBS / Atencao basica,UNIDADE BASICA DE SAUDE,"RUA OLIVEIRA MELO, S/N, CORDOVIL - CEP 21250392",CORDOVIL,21250392,RIO DE JANEIRO,330455,(21)98591-0054,cfnildacamposdelima@gmail.com,-22.827522,-43.302427,1031,M,001,30/03/2026
3304556901042,6901042,SMS CF NILDO EYMAR DE ALMEIDA AGUIAR AP 51,SMS RIO CF NILDO EYMAR DE ALMEIDA AGUIAR AP 51,UBS / Atencao basica,UNIDADE BASICA DE SAUDE,"ESTRADA GENERAL AMERICANO FREIRE, S/N, REALENGO - CEP 21720140",REALENGO,21720140,RIO DE JANEIRO,330455,(21) 3613-8294,cfnildoaguiar@gmail.com,-22.863,-43.444836,1031,M,001,31/03/2026
3304559067078,9067078,SMS CF ODALEA FIRMO DUTRA AP 22,SMS RIO CF ODALEA FIRMO DUTRA AP 22,UBS / Atencao basica,UNIDADE BASICA DE SAUDE,"RUA BOTUCATU, 633, GRAJAU - CEP 20541340",GRAJAU,20541340,RIO DE JANEIRO,330455,21 4042-2093,gerencia.cf.odaleafirmodutra@gmail.com,-22.9156235298,-43.26099061,1031,M,001,05/03/2026
3304559045023,9045023,SMS CF OLGA PEREIRA PACHECO AP 32,SMS RIO CF OLGA PEREIRA PACHECO AP 32,UBS / Atencao basica,UNIDADE BASICA DE SAUDE,"RUA ANA QUINTAO, 348, PIEDADE - CEP 20751240",PIEDADE,20751240,RIO DE JANEIRO,330455,3798-9629,cfolgapacheco@gmail.com,-22.8788771,-43.3090978,1031,M,001,30/03/2026
3304556387152,6387152,SMS CF OLIMPIA ESTEVES AP 51,SMS RIO CF OLIMPIA ESTEVES AP 51,UBS / Atencao basica,UNIDADE BASICA DE SAUDE,"RUA OLIMPIA ESTEVES, S/N, PADRE MIGUEL - CEP 21775004",PADRE MIGUEL,21775004,RIO DE JANEIRO,330455,21 3613-8270,psfolimpiaesteves@gmail.com,-22.888497,-43.446811,1031,M,001,31/03/2026
3304556927289,6927289,SMS CF OTTO ALVES DE CARVALHO AP 40,SMS RIO CF OTTO ALVES DE CARVALHO AP 40,UBS / Atencao basica,UNIDADE BASICA DE SAUDE,"AVENIDA ENGENHEIRO SOUZA FILHO, S/N, RIO DAS PEDRAS, JACAREPAGUA - CEP 22723730",JACAREPAGUA,22723730,RIO DE JANEIRO,330455,2042-3601,ottoalvesdecarvalho@gmail.com,-22.9688461,-43.3361689,1031,M,001,23/03/2026
3304556855709,6855709,SMS CF PADRE JOHN CRIBBIN PADRE JOAO AP 51,SMS RIO CF PADRE JOHN CRIBBIN AP 51,UBS / Atencao basica,UNIDADE BASICA DE SAUDE,"ESTRADA MANOEL NOGUEIRA DE SA, S/N, REALENGO - CEP 21745290",REALENGO,21745290,RIO DE JANEIRO,330455,(21) 3613-8293,cfpadrejc@gmail.com,-22.893536,-43.419136,1031,M,001,31/03/2026
3304556927319,6927319,SMS CF PADRE JOSE DE AZEVEDO TIUBA AP 40,SMS RIO CF PADRE JOSE DE AZEVEDO TIUBA AP 40,UBS / Atencao basica,UNIDADE BASICA DE SAUDE,"RUA ACAPORI, S/N, PRACA LUDOVIA, GARDENIA AZUL - CEP 22765650",GARDENIA AZUL,22765650,RIO DE JANEIRO,330455,2042-3672,gerentecfpjat@gmail.com,-22.960428,-43.3530601,1031,M,001,23/03/2026
3304550265233,0265233,SMS CF PADRE MARCOS VINICIO MIRANDA VIEIRA AP 40,SMS RIO CF PADRE MARCOS VINICIO MIRANDA VIEIRA AP 40,UBS / Atencao basica,UNIDADE BASICA DE SAUDE,"ESTRADA DO ITANHANGA, S/N, ITANHANGA - CEP 22753005",ITANHANGA,22753005,RIO DE JANEIRO,330455,4042-2599,cfpadremarcos@gmail.com,-22.9905948,-43.3213203,1031,M,001,23/03/2026
3304557021771,7021771,SMS CF RAIMUNDO ALVES NASCIMENTO AP 33,SMS RIO CF RAIMUNDO ALVES NASCIMENTO AP 33,UBS / Atencao basica,UNIDADE BASICA DE SAUDE,"RUA MARCOS DE MACEDO, S/N, GUADALUPE - CEP 21660020",GUADALUPE,21660020,RIO DE JANEIRO,330455,97510-4019/3107-0882,cfraimundoalvesnascimento@gmail.com,-22.84192,-43.3762,1031,M,001,09/03/2026
3304553785025,3785025,SMS CF RECANTO DO TROVADOR AP 22,SMS RIO CF RECANTO DO TROVADOR AP 22,UBS / Atencao basica,UNIDADE BASICA DE SAUDE,"RUA VISCONDE DE SANTA ISABEL, 272, RECANTO DO TROVADOR, VILA ISABEL - CEP 20560120",VILA ISABEL,20560120,RIO DE JANEIRO,330455,21 20429840,gerencia.cfrecantodotrovador@gmail.com,-22.915215,-43.260968,1031,M,001,05/03/2026
3304556506232,6506232,SMS CF RINALDO DE LAMARE AP 21,SMS RIO CF RINALDO DE LAMARE AP 21,UBS / Atencao basica,UNIDADE BASICA DE SAUDE,"AV NIEMEYER, 776, PREDIO, SAO CONRADO - CEP 22450221",SAO CONRADO,22450221,RIO DE JANEIRO,330455,(21) 3613-8281,cf.rinaldodelamare@gmail.com,-22.9933412,-43.2526851,1031,M,001,27/03/2026
3304552280205,2280205,SMS CF RODOLPHO PERISSE VIDIGAL AP 21,SMS RIO CF DR RODOLPHO PERISSE AP 21,UBS / Atencao basica,UNIDADE BASICA DE SAUDE,"AV PRESIDENTE JOAO GOULART, 735, VIDIGAL - CEP 22450250",VIDIGAL,22450250,RIO DE JANEIRO,330455,(21) 3613-8318,cmsrodolphoperisse@gmail.com,-22.99507519,-43.23921378,1031,M,001,27/03/2026
3304556524486,6524486,SMS CF RODRIGO Y AGUILAR ROIG AP 31,SMS RIO CF RODRIGO YAMAWAKI AGUILAR ROIG AP 31,UBS / Atencao basica,UNIDADE BASICA DE SAUDE,"ESTRADA DO ITARARE, 650, COMPLEXO DO ALEMAO, COMPLEXO DO ALEMAO - CEP 21061240",COMPLEXO DO ALEMAO,21061240,RIO DE JANEIRO,330455,(21)98591-0063,cfrroig.cap31@gmail.com,-22.86042,-43.26795,1031,M,001,30/03/2026
3304559023089,9023089,SMS CF ROGERIO PINTO DA MOTA AP 51,SMS RIO CF ROGERIO PINTO DA MOTA AP 51,UBS / Atencao basica,UNIDADE BASICA DE SAUDE,"RUA MAGALHAES GANDAVO PRACA DO BOM CONSELHO, 204, MALLET, REALENGO - CEP 21755290",REALENGO,21755290,RIO DE JANEIRO,330455,3613-8315,cfrogeriopinto@gmail.com,-22.884858,-43.415344,1031,M,001,31/03/2026
3304556029841,6029841,SMS CF ROGERIO ROCCO AP 52,SMS RIO CF DR ROGERIO ROCCO AP 52,UBS / Atencao basica,UNIDADE BASICA DE SAUDE,"ESTRADA DO ENCANAMENTO, S/N, COSMOS - CEP 23060000",COSMOS,23060000,RIO DE JANEIRO,330455,2140421940,gerente.cfrr@gmail.com,-22.8916633503,-43.6091138996,1031,M,001,30/03/2026
3304559311661,9311661,SMS CF ROMULO CARLOS TEIXEIRA AP 51,SMS RIO CF ROMULO CARLOS TEIXEIRA AP 51,UBS / Atencao basica,UNIDADE BASICA DE SAUDE,"PRACA MAROBA, S/N, RUA COSMORAMA, REALENGO - CEP 21765400",REALENGO,21765400,RIO DE JANEIRO,330455,(21) 3613-8311,cfromulocarlos@gmail.com,-22.887553,-43.431542,1031,M,001,31/03/2026
3304553416372,3416372,SMS CF ROSINO BACCARINI AP 51,SMS RIO CF ROSINO BACCARINI AP 51,UBS / Atencao basica,UNIDADE BASICA DE SAUDE,"RUA ARAQUEM, S/N, BANGU - CEP 21860005",BANGU,21860005,RIO DE JANEIRO,330455,(21) 3613-8298,psfcancelapreta2@gmail.com,-22.854969,-43.463397,1031,M,001,31/03/2026
3304556683851,6683851,SMS CF SAMUEL PENHA VALLE AP 53,SMS RIO CF SAMUEL PENHA VALLE AP53,UBS / Atencao basica,UNIDADE BASICA DE SAUDE,"AV CESARIO DE MELO, 12574, VILA PACIENCIA, SANTA CRUZ - CEP 23595040",SANTA CRUZ,23595040,RIO DE JANEIRO,330455,(21)33130945,cfspv.cap53@gmail.com,-22.92753,-43.65236,1031,M,001,02/03/2026
3304557810172,7810172,SMS CF SANDRA REGINA SAMPAIO DE SOUZA AP 51,SMS RIO CF SANDRA REGINA SAMPAIO DE SOUZA AP 51,UBS / Atencao basica,UNIDADE BASICA DE SAUDE,"AVENIDA SANTA CRUZ, S/N, SENADOR CAMARA - CEP 21830000",SENADOR CAMARA,21830000,RIO DE JANEIRO,330455,(21) 3613-8297,cfsandraregina@gmail.com,-22.882425,-43.487383,1031,M,001,31/03/2026
3304556272053,6272053,SMS CF SANTA MARTA AP 21,SMS RIO CF SANTA MARTA AP 21,UBS / Atencao basica,UNIDADE BASICA DE SAUDE,"RUA SAO CLEMENTE, 312, BOTAFOGO - CEP 22260150",BOTAFOGO,22260150,RIO DE JANEIRO,330455,(21) 3613-8319,sfsantamarta@gmail.com,-22.95001,-43.19259,1031,M,001,27/03/2026
3304554030990,4030990,SMS CF SAO SEBASTIAO AP 10,SMS RIO CF SAO SEBASTIAO AP 10,UBS / Atencao basica,UNIDADE BASICA DE SAUDE,"RUA MONSENHOR MANOEL GOMES, 630, CAJU - CEP 20931004",CAJU,20931004,RIO DE JANEIRO,330455,(21)2042-3602,cfsaosebastiao.cap10@gmail.com,-22.8797251,-43.2161542,1031,M,001,31/03/2026
3304556618855,6618855,SMS CF SERGIO AROUCA AP 53,SMS RIO CF SERGIO AROUCA AP53,UBS / Atencao basica,UNIDADE BASICA DE SAUDE,"RUA DO IMPERIO, S/N, SANTA CRUZ - CEP 23555024",SANTA CRUZ,23555024,RIO DE JANEIRO,330455,(21)33651524,cfsa.cap53@gmail.com,-22.9187,-43.69421,1031,M,001,02/03/2026
3304556919626,6919626,SMS CF SERGIO NICOLAU AMIN AP 32,SMS RIO CF SERGIO NICOLAU AMIN AP 32,UBS / Atencao basica,UNIDADE BASICA DE SAUDE,"PRACA DA CONFEDERACAO SUICA, S/N, DEL CASTILHO - CEP 20760020",DEL CASTILHO,20760020,RIO DE JANEIRO,330455,,sergionicolauamin01@gmail.com,-22.877618,-43.27519,1031,M,001,30/03/2026
3304556873960,6873960,SMS CF SERGIO VIEIRA DE MELLO AP 10,SMS RIO CF SERGIO VIEIRA DE MELLO AP 10,UBS / Atencao basica,UNIDADE BASICA DE SAUDE,"AVENIDA TRINTA E UM DE MARCO, S/N, TERRENO DA CHAMINE, CATUMBI - CEP 20251330",CATUMBI,20251330,RIO DE JANEIRO,330455,2139727057,cfsergiovieira.cap10@gmail.com,-22.3228,-43.1229,1031,M,001,31/03/2026
3304557036884,7036884,SMS CF SONIA MARIA FERREIRA MACHADO AP 52,SMS RIO CF SONIA MARIA FERREIRA MACHADO AP 52,UBS / Atencao basica,UNIDADE BASICA DE SAUDE,"ESTRADA DA POSSE, S/N, SANTISSIMO - CEP 23094125",SANTISSIMO,23094125,RIO DE JANEIRO,330455,(21)2403-1583,ger.smfm.cap52@gmail.com,-22.87385,-43.51849,1031,M,001,30/03/2026
3304555417708,5417708,SMS CF SOUZA MARQUES AP 33,SMS RIO CF SOUZA MARQUES AP 33,UBS / Atencao basica,UNIDADE BASICA DE SAUDE,"PRACA PATRIARCA, S/N, MADUREIRA - CEP 21310440",MADUREIRA,21310440,RIO DE JANEIRO,330455,97500-6169/3350-5563,cfsouzamarques@gmail.com,-22.87726,-43.34169,1031,M,001,09/03/2026
3304553567559,3567559,SMS CF VALDECIR SALUSTIANO CARDOZO AP 52,SMS RIO CF VALDECIR SALUSTIANO CARDOZO AP 52,UBS / Atencao basica,UNIDADE BASICA DE SAUDE,"PRACA MANOEL MARIZ, S/N, COSMOS - CEP 23059380",COSMOS,23059380,RIO DE JANEIRO,330455,(21)20429629,ger.cfvsc.cap52@gmail.com,-22.91513059,-43.61059924,1031,M,001,30/03/2026
3304553785009,3785009,SMS CF VALERIA GOMES ESTEVES AP 53,SMS RIO CF VALERIA GOMES ESTEVES AP 53,UBS / Atencao basica,UNIDADE BASICA DE SAUDE,"RUA VITORIA REGIA, 4, BALNEARIO GLOBO, SEPETIBA - CEP 23545004",SEPETIBA,23545004,RIO DE JANEIRO,330455,(21)31581733,cfvge.cap53@gmail.com,-22.96142,-43.70527,1031,M,001,02/03/2026
3304559107835,9107835,SMS CF VALTER FELISBINO DE SOUZA AP 31,SMS RIO CF VALTER FELISBINO DE SOUZA AP 31,UBS / Atencao basica,UNIDADE BASICA DE SAUDE,"RUA DIOMEDES TROTA, 259, RAMOS - CEP 21060010",RAMOS,21060010,RIO DE JANEIRO,330455,(21)98591-0053,rhvalterfelisbinodesouza@gmail.com,-22.8545398,-43.264916,1031,M,001,30/03/2026
3304556514022,6514022,SMS CF VICTOR VALLA AP 31,SMS RIO CF VICTOR VALLA AP 31,UBS / Atencao basica,UNIDADE BASICA DE SAUDE,"AVENIDA DOM HELDER CAMARA, 1390, FUNDOS, MANGUINHOS - CEP 20973011",MANGUINHOS,20973011,RIO DE JANEIRO,330455,(21)98591-0072,csfvictorvalla@gmail.com,-22.890109,-43.2458976,1031,M,001,30/03/2026
3304552295253,2295253,SMS CF WALDEMAR BERARDINELLI AP 53,SMS RIO CF PROF WALDEMAR BERARDINELLI AP 53,UBS / Atencao basica,UNIDADE BASICA DE SAUDE,"RUA FREDERICO TROTA, S/N, SEPETIBA - CEP 23535790",SEPETIBA,23535790,RIO DE JANEIRO,330455,(21) 33173600,cfwb.cap53@gmail.com,-22.97624,-43.69357,1031,M,001,02/03/2026
3304559072659,9072659,SMS CF WILMA COSTA AP 31,SMS RIO CF WILMA COSTA AP 31,UBS / Atencao basica,UNIDADE BASICA DE SAUDE,"PARQUE POETA MANUEL BANDEIRA, S/N, COCOTA - CEP 21910296",COCOTA,21910296,RIO DE JANEIRO,330455,(21)98591-0044,cfwilmacosta@gmail.com,-22.9115715,-43.17392843,1031,M,001,30/03/2026
3304557874162,7874162,SMS CF WILSON MELLO SANTOS ZICO AP 51,SMS RIO CF WILSON MELLO SANTOS AP 51,UBS / Atencao basica,UNIDADE BASICA DE SAUDE,"ESTRADA SARGENTO MIGUEL FILHO, S/N, JOAQUIM CAMARA FERRE, VILA KENNEDY - CEP 21850007",VILA KENNEDY,21850007,RIO DE JANEIRO,330455,(21) 3613-8314,ger.cfwms.cap51@gmail.com,-22.860081,-43.487703,1031,M,001,31/03/2026
3304553784975,3784975,SMS CF ZILDA ARNS AP 31,SMS RIO CF ZILDA ARNS AP 31,UBS / Atencao basica,UNIDADE BASICA DE SAUDE,"ESTRADA ITARARE, 951, SUBSOLO, COMPLEXO DO ALEMAO - CEP 21061240",COMPLEXO DO ALEMAO,21061240,RIO DE JANEIRO,330455,(21)98591-0078,cfza31@gmail.com,-22.8636262,-43.2685351,1031,M,001,30/03/2026
3304552270323,2270323,SMS CMS ADAO PEREIRA NUNES AP 52,SMS RIO CMS DR ADAO PEREIRA NUNES AP 52,UBS / Atencao basica,UNIDADE BASICA DE SAUDE,"RUA FLORESTAL, S/N, INHOAIBA - CEP 23056060",INHOAIBA,23056060,RIO DE JANEIRO,330455,(21)24096691,gerentevcarioca@gmail.com,-22.9238658262,-43.6013219378,1031,M,001,30/03/2026
3304556026737,6026737,SMS CMS ADELINO SIMOES NOVA SEPETIBA AP 53,SMS RIO CMS ADELINO SIMOES AP 53,UBS / Atencao basica,UNIDADE BASICA DE SAUDE,"AVENIDA SETE, S/N, NOVA SEPETIBA, SEPETIBA - CEP 23520660",SEPETIBA,23520660,RIO DE JANEIRO,330455,(21)32926680,cmsns.cap53@gmail.com,-22.95601,-43.68591,1031,M,001,02/03/2026
3304556029922,6029922,SMS CMS AGUIAR TORRES AP 52,SMS RIO CMS AGUIAR TORRES AP 52,UBS / Atencao basica,UNIDADE BASICA DE SAUDE,"ESTRADA DE INHOAIBA, 849, A, INHOAIBA - CEP 23063010",INHOAIBA,23063010,RIO DE JANEIRO,330455,2120429698,gerenteatorres@gmail.com,-22.89,-43.59,1031,M,001,30/03/2026
3304552269937,2269937,SMS CMS ALBERTO BORGERTH AP 33,SMS RIO CMS ALBERTO BORGERTH AP 33,UBS / Atencao basica,UNIDADE BASICA DE SAUDE,"RUA PADRE MANSO, S/N, MADUREIRA - CEP 21310260",MADUREIRA,21310260,RIO DE JANEIRO,330455,97532-8696/3018-2836,cmsalbertoborgerth.cap33@gmai.com,-22.87722,-43.33704,1031,M,001,09/03/2026
3304552269848,2269848,SMS CMS ALEXANDER FLEMING AP 51,SMS RIO CMS ALEXANDER FLEMING AP 51,UBS / Atencao basica,UNIDADE BASICA DE SAUDE,"RUA MARMIARI, S/N, PRACA DA TROPA, SENADOR CAMARA - CEP 21831000",SENADOR CAMARA,21831000,RIO DE JANEIRO,330455,3335-0594,flemingmonit@gmail.com,-22.889844,-43.482714,1031,M,001,31/03/2026
3304555879655,5879655,SMS CMS ALICE TOLEDO TIBIRICA AP 33,SMS RIO CMS ALICE TOLEDO TIBIRICA AP 33,UBS / Atencao basica,UNIDADE BASICA DE SAUDE,"RUA JURITI, S/N, IRAJA - CEP 21230320",IRAJA,21230320,RIO DE JANEIRO,330455,97505-6051/2471-2927,cmsalicetoledotibirica@gmail.com,-22.8302,-43.32794,1031,M,001,09/03/2026
3304552273551,2273551,SMS CMS ALOYSIO AMANCIO DA SILVA AP 53,SMS RIO CMS DR ALOYSIO AMANCIO DA SILVA AP 53,UBS / Atencao basica,UNIDADE BASICA DE SAUDE,"ESTRADA DO CURTUME, S/N, JESUITAS, SANTA CRUZ - CEP 23575270",SANTA CRUZ,23575270,RIO DE JANEIRO,330455,(21)33054894,cmsaas.cap53@gmail.com,-22.88502,-43.64306,1031,M,001,02/03/2026
3304552270277,2270277,SMS CMS ALVIMAR DE CARVALHO AP 52,SMS RIO CMS DR ALVIMAR DE CARVALHO AP 52,UBS / Atencao basica,UNIDADE BASICA DE SAUDE,"RUA SOLDADO ELISEU HIPOLITO, S/N, PEDRA DE GUARATIBA - CEP 23025110",PEDRA DE GUARATIBA,23025110,RIO DE JANEIRO,330455,(21)3404-7799,cmsac.direcao@gmail.com,-22.99734,-43.62758,1031,M,001,30/03/2026
3304552296551,2296551,SMS CMS AMERICO VELOSO AP 31,SMS RIO CMS AMERICO VELOSO AP 31,UBS / Atencao basica,UNIDADE BASICA DE SAUDE,"RUA GERSON FERREIRA, 100, RAMOS - CEP 21030152",RAMOS,21030152,RIO DE JANEIRO,330455,(21)98591-0035,cmsamericoveloso@gmail.com,-22.8415311,-43.2489384,1031,M,001,30/03/2026
3304556033121,6033121,SMS CMS ANTENOR NASCENTES AP 32,SMS RIO CMS PROFESSOR ANTENOR NASCENTES AP 32,UBS / Atencao basica,UNIDADE BASICA DE SAUDE,"RUA PROFESSOR ANTENOR NASCENTES, 125, LINS DE VASCONCELOS - CEP 20710150",LINS DE VASCONCELOS,20710150,RIO DE JANEIRO,330455,(21) 3798-9127,psfpan@gmail.com,-22.906407,-43.274171,1031,M,001,30/03/2026
3304552273225,2273225,SMS CMS ARIADNE LOPES DE MENEZES AP 32,SMS RIO CMS ARIADNE LOPES DE MENEZES AP 32,UBS / Atencao basica,UNIDADE BASICA DE SAUDE,"RUA ENG CARLOS GONCALVES PENNA, S/N, ENGENHO DA RAINHA - CEP 20761330",ENGENHO DA RAINHA,20761330,RIO DE JANEIRO,330455,(21) 2018-5985,cfariadne@gmail.com,-22.868715,-43.296376,1031,M,001,30/03/2026
3304552270463,2270463,SMS CMS ATHAYDE JOSE DA FONSECA AP 51,SMS RIO CMS ATHAYDE JOSE DA FONSECA AP 51,UBS / Atencao basica,UNIDADE BASICA DE SAUDE,"AV DEZENOVE DE ABRIL RUA ROQUE BARBOSA, S/N, JARDIM BANGU - CEP 21863420",JARDIM BANGU,21863420,RIO DE JANEIRO,330455,(21) 3613-8287,athaydecap5.1vb@gmail.com,-22.847394,-43.465519,1031,M,001,31/03/2026
3304552273179,2273179,SMS CMS AUGUSTO DO AMARAL PEIXOTO AP 33,SMS RIO CMS AUGUSTO DO AMARAL PEIXOTO AP 33,UBS / Atencao basica,UNIDADE BASICA DE SAUDE,"RUA JORNALISTA HERMANO REQUIAO, 447, GUADALUPE - CEP 21670360",GUADALUPE,21670360,RIO DE JANEIRO,330455,97501-6710/3015-1867,adm.cmsaap@gmail.com,-22.84697,-43.37775,1031,M,001,09/03/2026
3304552269554,2269554,SMS CMS BELIZARIO PENNA AP 52,SMS RIO CMS BELIZARIO PENNA AP 52,UBS / Atencao basica,UNIDADE BASICA DE SAUDE,"RUA FRANKLIN, 29, CAMPO GRANDE - CEP 23080360",CAMPO GRANDE,23080360,RIO DE JANEIRO,330455,(21)34079209,cmsbpenna@gmail.com,-22.89774,-43.56964,1031,M,001,12/02/2026
3304553416356,3416356,SMS CMS BUA BOANERGES BORGES DA FONSECA AP 51,SMS RIO CMS BUA BOANERGES BORGES DA FONSECA AP 51,UBS / Atencao basica,UNIDADE BASICA DE SAUDE,"RUA LARANJEIRAS DO SUL, S/N, MAGALHAES BASTOS - CEP 21745350",MAGALHAES BASTOS,21745350,RIO DE JANEIRO,330455,(21) 3613-8312,cmsbua@gmail.com,-22.876831,-43.411092,1031,M,001,31/03/2026
3304556029825,6029825,SMS CMS CARLOS ALBERTO NASCIMENTO AP 52,SMS RIO CMS CARLOS ALBERTO NASCIMENTO AP 52,UBS / Atencao basica,UNIDADE BASICA DE SAUDE,"PRACA MAJOR VIEIRA DE MELO, 0, S N, CAMPO GRANDE - CEP 23045405",CAMPO GRANDE,23045405,RIO DE JANEIRO,330455,(21)2412-4310,gerentecan@gmail.com,-22.9184611274,-43.5583563369,1031,M,001,30/03/2026
3304552269309,2269309,SMS CMS CARLOS CRUZ LIMA AP 33,SMS RIO CMS PROFESSOR CARLOS CRUZ LIMA AP 33,UBS / Atencao basica,UNIDADE BASICA DE SAUDE,"ESTRADA DO COLEGIO, 983, COLEGIO - CEP 21235280",COLEGIO,21235280,RIO DE JANEIRO,330455,97530-0090/2473-3707,cmsprofcarloscruzlima@gmail.com,-22.83525,-43.33098,1031,M,001,09/03/2026
3304552778696,2778696,SMS CMS CARLOS FIGUEIREDO FILHO BOREL AP 22,SMS RIO CMS CARLOS FIGUEIREDO FILHO BOREL AP 22,UBS / Atencao basica,UNIDADE BASICA DE SAUDE,"RUA SAO MIGUEL, S/N, TIJUCA - CEP 20530420",TIJUCA,20530420,RIO DE JANEIRO,330455,21 4042-2094,gerencia.borel@gmail.com,-22.9402288101,-43.2529666699,1031,M,001,05/03/2026
3304552280744,2280744,SMS CMS CARLOS GENTILLE DE MELLO AP 32,SMS RIO CMS DR CARLOS GENTILLE DE MELLO AP 32,UBS / Atencao basica,UNIDADE BASICA DE SAUDE,"RUA BICUIBA, 181, ENGENHO NOVO - CEP 20715350",ENGENHO NOVO,20715350,RIO DE JANEIRO,330455,21-20881019,psfcgm@gmail.com,-22.913033,-43.274204,1031,M,001,30/03/2026
3304552269732,2269732,SMS CMS CARMELA DUTRA AP 33,SMS RIO CMS CARMELA DUTRA AP 33,UBS / Atencao basica,UNIDADE BASICA DE SAUDE,"AV DOS ITALIANOS, 480, ROCHA MIRANDA - CEP 21510103",ROCHA MIRANDA,21510103,RIO DE JANEIRO,330455,97504-0568/3015-2879,cmscarmeladutra3.3@gmail.com,-22.85208,-43.34859,1031,M,001,09/03/2026
3304555358612,5358612,SMS CMS CASA BRANCA AP 22,SMS RIO CMS CASA BRANCA AP 22,UBS / Atencao basica,UNIDADE BASICA DE SAUDE,"ESTRADA DA CASA BRANCA, 200, ACESSO SAO MIGUEL130, TIJUCA - CEP 20531490",TIJUCA,20531490,RIO DE JANEIRO,330455,21 4042-1971,gerencia.casabranca@gmail.com,-22.9363826399,-43.2488167699,1031,M,001,05/03/2026
3304555546583,5546583,SMS CMS CATIRI AP 51,SMS RIO CMS CATIRI AP 51,UBS / Atencao basica,UNIDADE BASICA DE SAUDE,"RUA TRES MARIAS, S/N, BANGU - CEP 21860340",BANGU,21860340,RIO DE JANEIRO,330455,(21) 3613-8272,smsusf.catiri@gmail.com,-22.847722,-43.471519,1031,M,001,27/03/2026
3304552269929,2269929,SMS CMS CATTAPRETA AP 53,SMS RIO CMS DR CATTAPRETA AP 53,UBS / Atencao basica,UNIDADE BASICA DE SAUDE,"RUA ENGENHEIRO JOSE BOANERGES CESAR, S/N, CONJ SAO FERNANDO, SANTA CRUZ - CEP 23565380",SANTA CRUZ,23565380,RIO DE JANEIRO,330455,(21)31581734,cmscp.cap53@gmail.com,-22.88976,-43.71755,1031,M,001,02/03/2026
3304552270013,2270013,SMS CMS CECILIA DONNANGELO AP 40,SMS RIO CMS CECILIA DONNANGELO AP 40,UBS / Atencao basica,UNIDADE BASICA DE SAUDE,"ESTRADA DOS BANDEIRANTES, 21136, VARGEM PEQUENA - CEP 22783551",VARGEM PEQUENA,22783551,RIO DE JANEIRO,330455,20423605,gerenciaceciliadonnangelo@gmail.com,-22.986838,-43.4768381,1031,M,001,23/03/2026
3304552708167,2708167,SMS CMS CESAR PERNETTA AP 32,SMS RIO CMS CESAR PERNETTA AP 32,UBS / Atencao basica,UNIDADE BASICA DE SAUDE,"RUA ANA BARBOSA, 21, MEIER - CEP 20735120",MEIER,20735120,RIO DE JANEIRO,330455,(21)3900-6156,esfcesarpernetta@gmail.com,-22.901543,-43.281001,1031,M,001,30/03/2026
3304552273578,2273578,SMS CMS CESARIO DE MELLO AP 53,SMS RIO CMS DR CESARIO DE MELLO AP53,UBS / Atencao basica,UNIDADE BASICA DE SAUDE,"RUA 2, S/N, CONJ CESARAO, SANTA CRUZ - CEP 23595040",SANTA CRUZ,23595040,RIO DE JANEIRO,330455,(21)33052049,cmscm.cap53@gmail.com,-22.93493,-43.66155,1031,M,001,02/03/2026
3304552269295,2269295,SMS CMS CLEMENTINO FRAGA AP 33,SMS RIO CMS CLEMENTINO FRAGA AP 33,UBS / Atencao basica,UNIDADE BASICA DE SAUDE,"RUA CAICARA, 514, IRAJA - CEP 21361630",IRAJA,21361630,RIO DE JANEIRO,330455,97500-9397/2482-3007,direcaocmscf@gmail.com,-22.85109,-43.32677,1031,M,001,16/03/2026
3304552273616,2273616,SMS CMS CYRO DE MELLO MANGUARIBA AP 53,SMS RIO CMS DR CYRO DE MELLO MANGUARIBA AP 53,UBS / Atencao basica,UNIDADE BASICA DE SAUDE,"AVENIDA DO CANAL, S/N, CONJUNTO MANGUARIBA, PACIENCIA - CEP 23065630",PACIENCIA,23065630,RIO DE JANEIRO,330455,(21)24188065,cmscym.cap53@gmail.com,-22.8736,-43.62836,1031,M,001,02/03/2026
3304552708183,2708183,SMS CMS DECIO AMARAL FILHO AP 53,SMS RIO CMS DR DECIO AMARAL FILHO AP53,UBS / Atencao basica,UNIDADE BASICA DE SAUDE,"RUA CILON CUNHA BRUM, S/N, SANTA CRUZ - CEP 23573400",SANTA CRUZ,23573400,RIO DE JANEIRO,330455,(21)31585217,cmsdaf.cap53@gmail.com,-22.9151548,-43.6528849,1031,M,001,02/03/2026
3304552269651,2269651,SMS CMS DOM HELDER CAMARA AP 21,SMS RIO CMS DOM HELDER CAMARA AP 21,UBS / Atencao basica,UNIDADE BASICA DE SAUDE,"RUA VOLUNTARIOS DA PATRIA, 136, BOTAFOGO - CEP 22270010",BOTAFOGO,22270010,RIO DE JANEIRO,330455,(21) 2535-5090,pamdhcamara@rio.rj.gov.br,-22.95189913,-43.18640979,1031,M,001,27/03/2026
3304552270072,2270072,SMS CMS DR ALBERT SABIN AP 21,SMS RIO CMS DR ALBERT SABIN AP 21,UBS / Atencao basica,UNIDADE BASICA DE SAUDE,"ESTRADA DA GAVEA, 250, ROCINHA - CEP 22451264",ROCINHA,22451264,RIO DE JANEIRO,330455,(21) 3613-8317,cmsdralbertsabin@gmail.com,-22.98596405,-43.24520621,1031,M,001,27/03/2026
3304552270579,2270579,SMS CMS DR EITHEL PINHEIRO DE OLIVEIRA LIMA AP 51,SMS RIO CMS DR EITHEL PINHEIRO DE OLIVEIRA LIMA AP 51,UBS / Atencao basica,UNIDADE BASICA DE SAUDE,"ESTRADA DO TAQUARAL, S/N, RUA M COM RUA C, SENADOR CAMARA - CEP 21842550",SENADOR CAMARA,21842550,RIO DE JANEIRO,330455,(21) 3613-8273,cmsepolima@gmail.com,-22.868219,-43.484197,1031,M,001,31/03/2026
3304552269562,2269562,SMS CMS DR MARIO RODRIGUES CID AP 52,SMS RIO CMS DR MARIO RODRIGUES CID AP 52,UBS / Atencao basica,UNIDADE BASICA DE SAUDE,"RUA MATUREIA, S/N, SANTA MARGARIDA, COSMOS - CEP 23060050",COSMOS,23060050,RIO DE JANEIRO,330455,(21)34024261,gerentesm1@gmail.com,-22.8914141796,-43.6057739002,1031,M,001,30/03/2026
3304552269546,2269546,SMS CMS DR OSWALDO VILELLA AP 52,SMS RIO CMS DR OSWALDO VILELLA AP 52,UBS / Atencao basica,UNIDADE BASICA DE SAUDE,"JOMAR MENDES, S/N, SANTA INES, CAMPO GRANDE - CEP 23095150",CAMPO GRANDE,23095150,RIO DE JANEIRO,330455,(21) 20421939,cmsovilella@gmail.com,-22.87501,-43.59632,1031,M,001,30/03/2026
3304552269538,2269538,SMS CMS EDGARD MAGALHAES GOMES AP 52,SMS RIO CMS PROFESSOR EDGARD MAGALHAES GOMES AP 52,UBS / Atencao basica,UNIDADE BASICA DE SAUDE,"PRACA FILOMENA CARLOS MAGNO, 0, INHOAIBA - CEP 23063055",INHOAIBA,23063055,RIO DE JANEIRO,330455,(21)3377-2850,gerenteemg@gmail.com,-22.903000384238364,-43.20804834365845,1031,M,001,30/03/2026
3304552269503,2269503,SMS CMS EDUARDO A VILHENA AP 32,SMS RIO CMS DR EDUARDO ARAUJO VILHENA LEITE AP 32,UBS / Atencao basica,UNIDADE BASICA DE SAUDE,"RUA JOSE DOS REIS, 951, PILARES - CEP 20756115",PILARES,20756115,RIO DE JANEIRO,330455,(21) 3111-6693,esfeavleite@gmail.com,-22.887752,-43.293378,1031,M,001,30/03/2026
3304554178602,4178602,SMS CMS ELIZA ABRANTES AP 32,SMS RIO CMS ELIZA ABRANTES AP 32,UBS / Atencao basica,UNIDADE BASICA DE SAUDE,"RUA AQUIDABA, 1037, LINS DE VASCONCELOS - CEP 20720292",LINS DE VASCONCELOS,20720292,RIO DE JANEIRO,330455,(21)25925363,cfcarmeladutra@gmail.com,-22.910319,-43.29048,1031,M,001,30/03/2026
3304552273586,2273586,SMS CMS EMYDIO CABRAL AP 53,SMS RIO CMS EMYDIO CABRAL AP53,UBS / Atencao basica,UNIDADE BASICA DE SAUDE,"RUA IEDA SANTOS DELGADO, 03, CONJUNTO GOUVEIAS, PACIENCIA - CEP 23587320",PACIENCIA,23587320,RIO DE JANEIRO,330455,(21)33145159,cmsec.cap53@gmail.com,-22.92401,-43.6251,1031,M,001,02/03/2026
3304552708426,2708426,SMS CMS ERNANI AGRICOLA AP 10,SMS RIO CMS ERNANI AGRICOLA AP 10,UBS / Atencao basica,UNIDADE BASICA DE SAUDE,"RUA CONSTANTE JARDIM, 08, SANTA TERESA - CEP 20240230",SANTA TERESA,20240230,RIO DE JANEIRO,330455,(21)22247194,cmsernaniagricola.cap10@gmail.com,-22.9213,-43.18926,1031,M,001,31/03/2026
3304552270250,2270250,SMS CMS ERNESTO ZEFERINO TIBAU JR AP 10,SMS RIO CMS ERNESTO ZEFERINO TIBAU JUNIOR AP 10,UBS / Atencao basica,UNIDADE BASICA DE SAUDE,"AVENIDA DO EXERCITO, 1, SAO CRISTOVAO - CEP 20910025",SAO CRISTOVAO,20910025,RIO DE JANEIRO,330455,(21)38958658,cmszeferinotibau.cap10@gmail.com,-22.89978,-43.22256,1031,M,001,31/03/2026
3304555315026,5315026,SMS CMS FAZENDA BOTAFOGO AP 33,SMS RIO CMS FAZENDA BOTAFOGO AP 33,UBS / Atencao basica,UNIDADE BASICA DE SAUDE,"RUA ARNALDO GUINLE, S/N, COELHO NETO - CEP 21530020",COELHO NETO,21530020,RIO DE JANEIRO,330455,97513-7082/3835-2975,fazendabotafogocms@gmail.com,-22.82642,-43.35647,1031,M,001,23/03/2026
3304552269759,2269759,SMS CMS FLAVIO DO COUTO VIEIRA AP 33,SMS RIO CMS DR FLAVIO DO COUTO VIEIRA AP 33,UBS / Atencao basica,UNIDADE BASICA DE SAUDE,"RUA LUCIO JOSE FILHO, S/N, PARQUE ANCHIETA - CEP 21635290",PARQUE ANCHIETA,21635290,RIO DE JANEIRO,330455,97518-4228/2455-7571,cmsflaviocoutovieira@gmail.com,-22.83254,-43.4135,1031,M,001,31/03/2026
3304552273543,2273543,SMS CMS FLORIPES GALDINO PEREIRA AP 53,SMS RIO CMS ENF FLORIPES GALDINO PEREIRA AP 53,UBS / Atencao basica,UNIDADE BASICA DE SAUDE,"RUA SRG GERALDO BERTI, 0, LOTE 03 QUADRA 29, PACIENCIA - CEP 23066050",PACIENCIA,23066050,RIO DE JANEIRO,330455,(21)34277056,cmsfgp.cap53@gmail.com,-22.88452,-43.64306,1031,M,001,02/03/2026
3304552269511,2269511,SMS CMS GARFIELD DE ALMEIDA AP 52,SMS RIO CMS DR GARFIELD DE ALMEIDA AP 52,UBS / Atencao basica,UNIDADE BASICA DE SAUDE,"RUA GENERAL PAULO DE OLIVEIRA, 226, CAMPO GRANDE - CEP 23017520",CAMPO GRANDE,23017520,RIO DE JANEIRO,330455,(21) 34051232,cmsgarfieldalmeida@gmail.com,-22.9230548797,-43.51838943,1031,M,001,30/03/2026
3304554046307,4046307,SMS CMS HAMILTON LAND AP 40,SMS RIO CMS HAMILTON LAND AP 40,UBS / Atencao basica,UNIDADE BASICA DE SAUDE,"AV EDGARD WERNECK, 1601, CIDADE DE DEUS, CIDADE DE DEUS - CEP 22763011",CIDADE DE DEUS,22763011,RIO DE JANEIRO,330455,3096-3733,cmshamiltonland@gmail.com,-22.9492295,-43.3590259,1031,M,001,23/03/2026
3304552708213,2708213,SMS CMS HARVEY RIBEIRO DE SOUZA FILHO AP 40,SMS RIO CMS HARVEY RIBEIRO DE SOUZA FILHO AP 40,UBS / Atencao basica,UNIDADE BASICA DE SAUDE,"AVENIDA GUIOMAR NOVAES, 133, RECREIO DOS BANDEIRA - CEP 22790590",RECREIO DOS BANDEIRA,22790590,RIO DE JANEIRO,330455,3418-4518,cmshrsf@gmail.com,-23.02026625,-43.48254913,1031,M,001,23/03/2026
3304552269376,2269376,SMS CMS HEITOR BELTRAO AP 22,SMS RIO CMS HEITOR BELTRAO AP 22,UBS / Atencao basica,UNIDADE BASICA DE SAUDE,"RUA DESEMBARGADOR ISIDRO, 144, TIJUCA - CEP 20521160",TIJUCA,20521160,RIO DE JANEIRO,330455,21 2042-9984,gerencia.heitorbeltrao@gmail.com,-22.9297709376,-43.2343499112,1031,M,001,05/03/2026
3304557414226,7414226,SMS CMS HELIO PELLEGRINO AP 22,SMS RIO CMS HELIO PELLEGRINO AP 22,UBS / Atencao basica,UNIDADE BASICA DE SAUDE,"RUA DO MATOSO, 96, A PREDIO ANEXO, PRACA DA BANDEIRA - CEP 20270133",PRACA DA BANDEIRA,20270133,RIO DE JANEIRO,330455,21 2042-9986,cmsheliop@gmail.com,-22.914218,-43.213089,1031,M,001,05/03/2026
3304552270439,2270439,SMS CMS HENRIQUE MONAT AP 51,SMS RIO CMS DR HENRIQUE MONAT AP 51,UBS / Atencao basica,UNIDADE BASICA DE SAUDE,"ESTRADA DO QUAFA, 07, RUA 1, BANGU - CEP 21853050",BANGU,21853050,RIO DE JANEIRO,330455,3613-8274,monatcap5.1vb@gmail.com,-22.853231,-43.489839,1031,M,001,31/03/2026
3304555457009,5457009,SMS CMS IRACI LOPES AP 31,SMS RIO CMS IRACI LOPES AP 31,UBS / Atencao basica,UNIDADE BASICA DE SAUDE,"RUA ANTONIO MENDES, 02, SOBRADO, VIGARIO GERAL - CEP 21010690",VIGARIO GERAL,21010690,RIO DE JANEIRO,330455,((21)98591-0074,iracilopescms@gmail.com,-22.807289,-43.303859,1031,M,001,30/03/2026
3304556784720,6784720,SMS CMS ITANHANGA AP 40,SMS RIO CMS ITANHANGA AP 40,UBS / Atencao basica,UNIDADE BASICA DE SAUDE,"ESTRADA DO ITANHANGA, 270, ITANHANGA - CEP 22753005",ITANHANGA,22753005,RIO DE JANEIRO,330455,2042-3659,ger.Itanhanga.cap40@gmail.com,-22.9964754,-43.3143559,1031,M,001,23/03/2026
3304552280795,2280795,SMS CMS JOAO BARROS BARRETO AP 21,SMS RIO CMS JOAO BARROS BARRETO AP 21,UBS / Atencao basica,UNIDADE BASICA DE SAUDE,"RUA TENREIRO ARANHA, S/N, COPACABANA - CEP 22031090",COPACABANA,22031090,RIO DE JANEIRO,330455,(21) 3208-5297,admcmsjoaobarrosbarreto@gmail.com,-22.967126060847374,-43.18726658821106,1031,M,001,27/03/2026
3304553784959,3784959,SMS CMS JOAO CANDIDO AP 31,SMS RIO CMS JOAO CANDIDO AP 31,UBS / Atencao basica,UNIDADE BASICA DE SAUDE,"AV LOBO JR, 83, PENHA CIRCULAR - CEP 21011065",PENHA CIRCULAR,21011065,RIO DE JANEIRO,330455,(21)98591-0068,cmsjoaocandido@vivario.org.br,-22.821794,-43.271385,1031,M,001,30/03/2026
3304552296543,2296543,SMS CMS JORGE SALDANHA BANDEIRA DE MELLO AP 40,SMS RIO CMS JORGE SALDANHA BANDEIRA DE MELLO AP 40,UBS / Atencao basica,UNIDADE BASICA DE SAUDE,"AVENIDA GEREMARIO DANTAS, 135, TANQUE - CEP 22735000",TANQUE,22735000,RIO DE JANEIRO,330455,3392-0050,cmsjsbm.gestao@gmail.com,-22.9198094,-43.3597123,1031,M,001,23/03/2026
3304552269902,2269902,SMS CMS JOSE BREVES DOS SANTOS AP 31,SMS RIO CMS DOUTOR JOSE BREVES DOS SANTOS AP 31,UBS / Atencao basica,UNIDADE BASICA DE SAUDE,"RUA MAR GRANDE, 10, CIDADE ALTA, CORDOVIL - CEP 21010290",CORDOVIL,21010290,RIO DE JANEIRO,330455,(21)98591-0042,cmsjbs.ap31@gmail.com,-22.8159508,-43.2912092,1031,M,001,30/03/2026
3304552291274,2291274,SMS CMS JOSE MESSIAS DO CARMO AP 10,SMS RIO CMS JOSE MESSIAS DO CARMO AP 10,UBS / Atencao basica,UNIDADE BASICA DE SAUDE,"RUA WALDEMAR DUTRA, 55, SANTO CRISTO - CEP 20220780",SANTO CRISTO,20220780,RIO DE JANEIRO,330455,2122331690,cmsjosemessias.cap10@gmail.com,-22.9007,-43.20036,1031,M,001,31/03/2026
3304559391983,9391983,SMS CMS JOSE PARANHOS FONTENELLE AP 31,SMS RIO CMS JOSE PARANHOS FONTENELLE AP 31,UBS / Atencao basica,UNIDADE BASICA DE SAUDE,"RUA LEOPOLDINA REGO, 700, PENHA - CEP 21021522",PENHA,21021522,RIO DE JANEIRO,330455,(21)98591-0020,cmsjpf@gmail.com,-22.84128,-43.26928,1031,M,001,30/03/2026
3304552273640,2273640,SMS CMS MADRE TERESA DE CALCUTA AP 31,SMS RIO CMS MADRE TERESA DE CALCUTA AP 31,UBS / Atencao basica,UNIDADE BASICA DE SAUDE,"AV ILHA DAS ENXADAS, 100, ILHA DO GOVERNADOR, BANCARIOS - CEP 21910097",BANCARIOS,21910097,RIO DE JANEIRO,330455,(21)98591-0056,cmsmtccap31@gmail.com,-22.7867407,-43.1859683,1031,M,001,30/03/2026
3304552270315,2270315,SMS CMS MAIA BITTENCOURT AP 52,SMS RIO CMS DR MAIA BITTENCOURT AP 52,UBS / Atencao basica,UNIDADE BASICA DE SAUDE,"ESTRADA DO MATO ALTO, 5609, GUARATIBA - CEP 23030320",GUARATIBA,23030320,RIO DE JANEIRO,330455,(21) 40421974,gerentefam@gmail.com,-22.9921555904,-43.5929303296,1031,M,001,04/02/2026
3304552277301,2277301,SMS CMS MANOEL ARTHUR VILLABOIM AP 10,SMS RIO CMS MANOEL ARTHUR VILLABOIM AP 10,UBS / Atencao basica,UNIDADE BASICA DE SAUDE,"PRACA BOM JESUS, 40, PAQUETA - CEP 20397140",PAQUETA,20397140,RIO DE JANEIRO,330455,02133970123,uismavillaboim.cap10@gmail.com,-22.76144,-43.10825,1031,M,001,31/03/2026
3304552270366,2270366,SMS CMS MANOEL DE ABREU AP 52,SMS RIO CMS PROFESSOR MANOEL DE ABREU AP 52,UBS / Atencao basica,UNIDADE BASICA DE SAUDE,"RUA PADRE NOE GUALBERTO, 1, SANTISSIMO - CEP 23093045",SANTISSIMO,23093045,RIO DE JANEIRO,330455,(21)34030971,cmspmabreu@gmail.com,-22.87478,-43.53339,1031,M,001,30/03/2026
3304556922031,6922031,SMS CMS MANOEL GUILHERME DA SILVEIRA FILHO AP 51,SMS RIO CMS MANOEL GUILHERME DA SILVEIRA FILHO AP 51,UBS / Atencao basica,UNIDADE BASICA DE SAUDE,"AV RIBEIRO DANTAS, 571, BANGU - CEP 21870170",BANGU,21870170,RIO DE JANEIRO,330455,(21) 3613-8288,cmsmgsf.gerente@gmail.com,-22.870583,-43.457264,1031,M,001,31/03/2026
3304552708434,2708434,SMS CMS MANOEL JOSE FERREIRA AP 21,SMS RIO CMS MANOEL JOSE FERREIRA AP 21,UBS / Atencao basica,UNIDADE BASICA DE SAUDE,"RUA SILVEIRA MARTINS, 161, CATETE - CEP 22221000",CATETE,22221000,RIO DE JANEIRO,330455,(21) 3613-8346,cmsmjf@gmail.com,-22.9263757,-43.178416,1031,M,001,27/03/2026
3304552288346,2288346,SMS CMS MARCOLINO CANDAU AP 10,SMS RIO CMS MARCOLINO CANDAU AP 10,UBS / Atencao basica,UNIDADE BASICA DE SAUDE,"RUA LAURA DE ARAUJO, 36, CIDADE NOVA - CEP 20211170",CIDADE NOVA,20211170,RIO DE JANEIRO,330455,(21)35124734,cmsmarcolinocandau.cap10@gmail.com,-22.90991,-43.20089,1031,M,001,31/03/2026
3304552280760,2280760,SMS CMS MARIA APARECIDA DE ALMEIDA AP 53,SMS RIO CMS DR MARIA APARECIDA DE ALMEIDA AP53,UBS / Atencao basica,UNIDADE BASICA DE SAUDE,"PRACA ANTONIO MATTOS AREAS, S/N, PACIENCIA - CEP 23585052",PACIENCIA,23585052,RIO DE JANEIRO,330455,(21)34840891,cmsmaa.cap53@gmail.com,-22.92245,-43.6391,1031,M,001,02/03/2026
3304552280272,2280272,SMS CMS MARIA AUGUSTA ESTRELLA AP 22,SMS RIO CMS MARIA AUGUSTA ESTRELLA AP 22,UBS / Atencao basica,UNIDADE BASICA DE SAUDE,"RUA VISCONDE DE SANTA ISABEL, 56, VILA ISABEL - CEP 20560121",VILA ISABEL,20560121,RIO DE JANEIRO,330455,2120429685,cmsmaestrella@rio.rj.gov.br,-22.9163762642,-43.2532244659,1031,M,001,05/03/2026
3304552295032,2295032,SMS CMS MARIA CRISTINA ROMA PAUGARTTEN AP 31,SMS RIO CMS MARIA CRISTINA ROMA PAUGARTTEN AP 31,UBS / Atencao basica,UNIDADE BASICA DE SAUDE,"RUA JOAQUIM GOMES, S/N, RAMOS - CEP 21040060",RAMOS,21040060,RIO DE JANEIRO,330455,(21)98591-0077,cmsmariacristinaroma@gmail.com,-22.851928,-43.251818,1031,M,001,30/03/2026
3304552708205,2708205,SMS CMS MARIO OLINTO DE OLIVEIRA AP 33,SMS RIO CMS MARIO OLINTO DE OLIVEIRA AP 33,UBS / Atencao basica,UNIDADE BASICA DE SAUDE,"RUA FERRAZ, 2, CASCADURA - CEP 21311060",CASCADURA,21311060,RIO DE JANEIRO,330455,97540-3243/3272-0011,cmsmarioolinto@gmail.com,-22.88471,-43.32774,1031,M,001,31/03/2026
3304552270633,2270633,SMS CMS MARIO VITOR DE ASSIS PACHECO AP 52,SMS RIO CMS DR MARIO VITOR DE ASSIS PACHECO AP 52,UBS / Atencao basica,UNIDADE BASICA DE SAUDE,"AVENIDA CESARIO DE MELO, 5580, INHOAIBA - CEP 23059001",INHOAIBA,23059001,RIO DE JANEIRO,330455,(21) 33943989,cmsmariovitor@gmail.com,-22.9105022298,-43.5840731397,1031,M,001,30/03/2026
3304552270560,2270560,SMS CMS MASAO GOTO AP 51,SMS RIO CMS PROF MASAO GOTO AP 51,UBS / Atencao basica,UNIDADE BASICA DE SAUDE,"AV CARLOS PONTES, S/N, JARDIM SULACAP - CEP 21741340",JARDIM SULACAP,21741340,RIO DE JANEIRO,330455,(21) 3613-8284,direcaomasao@gmail.com,-22.886986,-43.399572,1031,M,001,31/03/2026
3304552269805,2269805,SMS CMS MILTON FONTES MAGARAO AP 32,SMS RIO CMS MILTON FONTES MAGARAO AP 32,UBS / Atencao basica,UNIDADE BASICA DE SAUDE,"AV AMARO CAVALCANTI, 1387, ENGENHO DE DENTRO - CEP 20735041",ENGENHO DE DENTRO,20735041,RIO DE JANEIRO,330455,21-31116708,miltonfontesmagarao@gmail.com,-22.8964294,-43.2912008,1031,M,001,30/03/2026
3304552270307,2270307,SMS CMS MOURAO FILHO AP 52,SMS RIO CMS DR MOURAO FILHO AP 52,UBS / Atencao basica,UNIDADE BASICA DE SAUDE,"ESTRADA DA BARRA DE GUARATIBA, 9748, BARRA DE GUARATIBA - CEP 23020240",BARRA DE GUARATIBA,23020240,RIO DE JANEIRO,330455,(21) 20429681,gerentebg@gmail.com,-23.0661,-43.5685,1031,M,001,30/03/2026
3304552296535,2296535,SMS CMS NAGIB JORGE FARAH AP 31,SMS RIO CMS DR NAGIB JORGE FARAH AP 31,UBS / Atencao basica,UNIDADE BASICA DE SAUDE,"PRACA SOLDADO MICHEL CHEIB, S/N, PRACA CENTRAL DO JA, JARDIM AMERICA - CEP 21240780",JARDIM AMERICA,21240780,RIO DE JANEIRO,330455,(21)98591-0005,cmsnagib.cap31@gmail.com,-22.807804,-43.324005,1031,M,001,30/03/2026
3304552296586,2296586,SMS CMS NASCIMENTO GURGEL AP 33,SMS RIO CMS DR NASCIMENTO GURGEL AP 33,UBS / Atencao basica,UNIDADE BASICA DE SAUDE,"RUA MERCURIO, S/N, PAVUNA - CEP 21532290",PAVUNA,21532290,RIO DE JANEIRO,330455,97530-6311/2474-4749,cmsnascimentogurgelesf@gmail.com,-22.80515,-43.35392,1031,M,001,23/03/2026
3304552280779,2280779,SMS CMS NECKER PINTO AP 31,SMS RIO CMS NECKER PINTO AP 31,UBS / Atencao basica,UNIDADE BASICA DE SAUDE,"ESTRADA RIO JEQUIA, 428, ZUMBI, ZUMBI - CEP 21930007",ZUMBI,21930007,RIO DE JANEIRO,330455,(21)98591-0036,cmsnpinto@rio.rj.gov.br,-22.8208592,-43.1775131,1031,M,001,30/03/2026
3304557856954,7856954,SMS CMS NEWTON ALVES CARDOZO AP 31,SMS RIO CMS NEWTON ALVES CARDOZO AP 31,UBS / Atencao basica,UNIDADE BASICA DE SAUDE,"RUA DR ANTONIO MONTEIRO, 191, JARDIM CARIOCA - CEP 21921610",JARDIM CARIOCA,21921610,RIO DE JANEIRO,330455,(21)98591-0021,cap31.rh.riosaude@gmail.com,-22.80913,-43.18928,1031,M,001,30/03/2026
3304556927254,6927254,SMS CMS NEWTON BETHLEM AP 40,SMS RIO CMS NEWTON BETHLEM AP 40,UBS / Atencao basica,UNIDADE BASICA DE SAUDE,"RUA BARAO, 260, PRACA SECA, PRACA SECA - CEP 21321620",PRACA SECA,21321620,RIO DE JANEIRO,330455,3833-8552,ger.nb.cap40@gmail.com,-22.8937443,-43.3588734,1031,M,001,23/03/2026
3304552280280,2280280,SMS CMS NICOLA ALBANO AP 22,SMS RIO CMS NICOLA ALBANO AP 22,UBS / Atencao basica,UNIDADE BASICA DE SAUDE,"RUA BOA VISTA, 190, ALTO DA BOA VISTA - CEP 20531610",ALTO DA BOA VISTA,20531610,RIO DE JANEIRO,330455,21 20429842,gerencia.altodaboavista@gmail.com,-22.9660146781,-43.2777173265,1031,M,001,05/03/2026
3304552280787,2280787,SMS CMS NILZA ROSA AP 22,SMS RIO CMS NILZA ROSA AP 22,UBS / Atencao basica,UNIDADE BASICA DE SAUDE,"RUA CASTELNUOVO, 150, TIJUCA - CEP 20530120",TIJUCA,20530120,RIO DE JANEIRO,330455,21 2042-9843,gerencia.nilzarosa2@gmail.com,-22.9422519897,-43.2431828698,1031,M,001,05/03/2026
3304555465877,5465877,SMS CMS NOVO PALMARES AP 40,SMS RIO CMS NOVO PALMARES AP 40,UBS / Atencao basica,UNIDADE BASICA DE SAUDE,"RUA JACARANDA, 16, AC EST BAND 13907, VARGEM PEQUENA - CEP 22783405",VARGEM PEQUENA,22783405,RIO DE JANEIRO,330455,2042-3617,ger.novopalmares@gmail.com,-22.7230362,-43.3661887,1031,M,001,23/03/2026
3304552277328,2277328,SMS CMS OSWALDO CRUZ AP 10,SMS RIO CMS OSWALDO CRUZ AP 10,UBS / Atencao basica,UNIDADE BASICA DE SAUDE,"AV HENRIQUE VALADARES, 151, CENTRO - CEP 20231031",CENTRO,20231031,RIO DE JANEIRO,330455,(21)21511751,cmsoswaldocruz.cap10@gmail.com,-22.91251,-43.19034,1031,M,001,31/03/2026
3304552270455,2270455,SMS CMS PADRE MIGUEL AP 51,SMS RIO CMS PADRE MIGUEL AP 51,UBS / Atencao basica,UNIDADE BASICA DE SAUDE,"RUA SANTO EVALDO, S/N, PADRE MIGUEL - CEP 21875220",PADRE MIGUEL,21875220,RIO DE JANEIRO,330455,(21) 3613-8275,cmspadremigueldocs@gmail.com,-22.872939,-43.448694,1031,M,001,31/03/2026
3304555467136,5467136,SMS CMS PARQUE ROYAL AP 31,SMS RIO CMS PARQUE ROYAL AP 31,UBS / Atencao basica,UNIDADE BASICA DE SAUDE,"RUA JORNALISTA ALAIDE PIRES, 25, PARQUE ROYAL, PORTUGUESA ILHA DO - CEP 21931615",PORTUGUESA ILHA DO,21931615,RIO DE JANEIRO,330455,(21)98591-0026,fernandapadrao@vivario.org.br,-22.7948159,-43.2097175,1031,M,001,30/03/2026
3304552270641,2270641,SMS CMS PEDRO NAVA AP 52,SMS RIO CMS DR PEDRO NAVA AP 52,UBS / Atencao basica,UNIDADE BASICA DE SAUDE,"RUA DO PERNAMBUCANO, S/N, CAMPO GRANDE - CEP 23095090",CAMPO GRANDE,23095090,RIO DE JANEIRO,330455,2133640371,glines.lucie@gmail.com,-22.8544737199,-43.5413328297,1031,M,001,30/03/2026
3304552288370,2288370,SMS CMS PINDARO DE CARVALHO RODRIGUES AP 21,SMS RIO CMS PINDARO DE CARVALHO RODRIGUES AP 21,UBS / Atencao basica,UNIDADE BASICA DE SAUDE,"AV PADRE LEONEL FRANCA, S/N, GAVEA - CEP 22451000",GAVEA,22451000,RIO DE JANEIRO,330455,(21) 36138353,admpindaro@gmail.com,-22.97971206,-43.22954461,1031,M,001,27/03/2026
3304555315050,5315050,SMS CMS PORTUS E QUITANDA AP 33,SMS RIO CMS PORTUS E QUITANDA AP 33,UBS / Atencao basica,UNIDADE BASICA DE SAUDE,"RUA JORGE NOGUEIRA, S/N, PAVUNA - CEP 21520790",PAVUNA,21520790,RIO DE JANEIRO,330455,97501-2465/3835-3907,cmsportuscap33@gmail.com,-22.8173,-43.36651,1031,M,001,31/03/2026
3304553567508,3567508,SMS CMS RAPHAEL DE PAULA SOUZA AP 40,SMS RIO CMS RAPHAEL DE PAULA SOUZA AP 40,UBS / Atencao basica,UNIDADE BASICA DE SAUDE,"ESTRADA DE CURICICA, 2000, JACAREPAGUA - CEP 22780194",JACAREPAGUA,22780194,RIO DE JANEIRO,330455,2042-3693,ger.cmsrps.cap40@gmail.com,-22.9540972,-43.3922857,1031,M,001,23/03/2026
3304552270293,2270293,SMS CMS RAUL BARROSO AP 52,SMS RIO CMS RAUL BARROSO AP 52,UBS / Atencao basica,UNIDADE BASICA DE SAUDE,"AV ROBERTO BURLE MAX, S/N, GUARATIBA - CEP 23020240",GUARATIBA,23020240,RIO DE JANEIRO,330455,(21) 40421985,ger.ilhadeguaratiba@gmail.com,-23.0056,-43.54063,1031,M,001,04/02/2026
3304552280736,2280736,SMS CMS RENATO ROCCO AP 32,SMS RIO CMS DR RENATO ROCCO AP 32,UBS / Atencao basica,UNIDADE BASICA DE SAUDE,"RUA AIRES DE CASAL, S/N, JACAREZINHO - CEP 20785090",JACAREZINHO,20785090,RIO DE JANEIRO,330455,(21) 2042-4301,cmsrenatorocco@gmail.com,-22.8922,-43.262982,1031,M,001,30/03/2026
3304556926797,6926797,SMS CMS RODOLPHO ROCCO AP 32,SMS RIO CMS RODOLPHO ROCCO AP 32,UBS / Atencao basica,UNIDADE BASICA DE SAUDE,"ESTRADA ADHEMAR BEBIANO, 339, INHAUMA - CEP 21051070",INHAUMA,21051070,RIO DE JANEIRO,330455,(21)3798-9243,cmsrodolphorocco@ideiasrj.org.br,-22.8724351,-43.2752249,1031,M,001,30/03/2026
3304552269953,2269953,SMS CMS SALLES NETTO AP 10,SMS RIO CMS SALLES NETTO AP 10,UBS / Atencao basica,UNIDADE BASICA DE SAUDE,"PRACA CONDESSA PAULO DE FRONTIN, 52, RIO COMPRIDO - CEP 20261190",RIO COMPRIDO,20261190,RIO DE JANEIRO,330455,2122739249,cmssallesnetto.cap10@gmail.com,-22.92497,-43.20895,1031,M,001,31/03/2026
3304555465885,5465885,SMS CMS SANTA MARIA AP 40,SMS RIO CMS SANTA MARIA AP 40,UBS / Atencao basica,UNIDADE BASICA DE SAUDE,"ESTRADA DO RIO PEQUENO, S/N, JACAREPAGUA - CEP 22723195",JACAREPAGUA,22723195,RIO DE JANEIRO,330455,2042-3621,ger.santamaria.cap40@gmail.com,-22.9158391,-43.4209125,1031,M,001,23/03/2026
3304556664164,6664164,SMS CMS SAO GODOFREDO AP 31,SMS RIO CMS SAO GODOFREDO AP 31,UBS / Atencao basica,UNIDADE BASICA DE SAUDE,"RUA SAO GODOFREDO, 45, PENHA - CEP 21021230",PENHA,21021230,RIO DE JANEIRO,330455,(21)98591-0048,cmssaogodofredo@gmail.com,-22.8369444,-43.2777778,1031,M,001,30/03/2026
3304552806320,2806320,SMS CMS SAVIO ANTUNES ANTARES AP 53,SMS RIO CMS PROF SAVIO ANTUNES ANTARES AP 53,UBS / Atencao basica,UNIDADE BASICA DE SAUDE,"AVENIDA HERMINIA AURELIO SAMPAIO, 105, PACIENCIA - CEP 23590012",PACIENCIA,23590012,RIO DE JANEIRO,330455,(21)33173185,cmssa.cap53@gmail.com,-22.91985,-43.6391,1031,M,001,02/03/2026
3304552270552,2270552,SMS CMS SILVIO BARBOSA AP 51,SMS RIO CMS DR SILVIO BARBOSA AP 51,UBS / Atencao basica,UNIDADE BASICA DE SAUDE,"RUA RODRIGUES DE FREITAS, S/N, SENADOR CAMARA - CEP 21833260",SENADOR CAMARA,21833260,RIO DE JANEIRO,330455,(21) 3613-8276,psfsilviobarboza8@gmail.com,-22.877667,-43.497281,1031,M,001,31/03/2026
3304552269627,2269627,SMS CMS SYLVIO FREDERICO BRAUNER AP 33,SMS RIO CMS SYLVIO FREDERICO BRAUNER AP 33,UBS / Atencao basica,UNIDADE BASICA DE SAUDE,"RUA DARWIN BRANDAO, S/N, COSTA BARROS - CEP 21515210",COSTA BARROS,21515210,RIO DE JANEIRO,330455,97519-2726/3835-8689,cmssylviofbrauner@gmail.com,-22.82464,-43.36076,1031,M,001,31/03/2026
3304555598435,5598435,SMS CMS TIA ALICE AP 32,SMS RIO CMS TIA ALICE AP 32,UBS / Atencao basica,UNIDADE BASICA DE SAUDE,"R SANTOS MELLO, 73, SAO FRANCISCO XAVIER - CEP 20960030",SAO FRANCISCO XAVIER,20960030,RIO DE JANEIRO,330455,(21) 3546-6227,psfm.rj@gmail.com,-22.90040395,-43.2426096,1031,M,001,30/03/2026
3304553796310,3796310,SMS CMS VILA CANOAS AP 21,SMS RIO CMS VILA CANOAS AP 21,UBS / Atencao basica,UNIDADE BASICA DE SAUDE,"ESTRADA DAS CANOAS, 610, SAO CONRADO - CEP 22610210",SAO CONRADO,22610210,RIO DE JANEIRO,330455,(21) 36138278,sfcanoas@gmail.com,-22.99536389,-43.26980653,1031,M,001,27/03/2026
3304555670357,5670357,SMS CMS VILA DO CEU AP 52,SMS RIO CMS VILA DO CEU AP 52,UBS / Atencao basica,UNIDADE BASICA DE SAUDE,"RUA GUARUJA, 69, COSMOS - CEP 23060660",COSMOS,23060660,RIO DE JANEIRO,330455,(21) 40421940,cmsviladoceu@gmail.com,-22.90296,-43.208005,1031,M,001,30/03/2026
3304555476844,5476844,SMS CMS VILA DO JOAO AP 31,SMS RIO CMS VILA DO JOAO AP 31,UBS / Atencao basica,UNIDADE BASICA DE SAUDE,"RUA 17, S/N, VILA DO JOAO, MARE - CEP 21043020",MARE,21043020,RIO DE JANEIRO,330455,(21)98591-0075,adm.cmsvj@gmail.com,-22.87356,-43.23981,1031,M,001,30/03/2026
3304552270420,2270420,SMS CMS WALDYR FRANCO AP 51,SMS RIO CMS WALDYR FRANCO AP 51,UBS / Atencao basica,UNIDADE BASICA DE SAUDE,"PRACA CECILIA PEDRO, 60, BANGU - CEP 21840600",BANGU,21840600,RIO DE JANEIRO,330455,(21) 3613-8310,cmswaldyrfrancorj@gmail.com,-22.88863,-43.465394,1031,M,001,31/03/2026
3304552270285,2270285,SMS CMS WOODROW PIMENTEL PANTOJA AP 52,SMS RIO CMS DR WOODROW PIMENTEL PANTOJA AP 52,UBS / Atencao basica,UNIDADE BASICA DE SAUDE,"ESTRADA DO MAGARCA, 4435, GUARATIBA - CEP 23031202",GUARATIBA,23031202,RIO DE JANEIRO,330455,(21)23948360,cmswppcap52@gmail.com,-22.9554052725,-43.6097159642,1031,M,001,30/03/2026
3304555621801,5621801,SMS CSE LAPA AP 10,SMS RIO CSE LAPA AP 10,UBS / Atencao basica,UNIDADE BASICA DE SAUDE,"RUA DO RIACHUELO, 43, CENTRO - CEP 20230010",CENTRO,20230010,RIO DE JANEIRO,330455,3231-6015,cselapa.cap10@gmail.com,-22.9144,-43.1813,1031,M,001,31/03/2026
3304556023983,6023983,SMS CSE SAO FRANCISCO DE ASSIS AP 10,SMS RIO CSE SAO FRANCISCO DE ASSIS AP 10,UBS / Atencao basica,UNIDADE BASICA DE SAUDE,"RUA AFONSO CAVALCANTI, 20, CIDADE NOVA - CEP 20230030",CIDADE NOVA,20230030,RIO DE JANEIRO,330455,2139384449,csesaofrancisco.cap10@gmail.com,-22.90925,-43.20189,1031,M,001,31/03/2026
3304555456932,5456932,SMS FIOCRUZ ENSP CSE GERMANO SINVAL FARIA AP 31,SMS RIO FIOCRUZ ENSP CSE GERMANO SINVAL FARIA AP 31,UBS / Atencao basica,UNIDADE BASICA DE SAUDE,"RUA LEOPOLDO BULHOES, 1480, TERREO, MANGUINHOS - CEP 21041210",MANGUINHOS,21041210,RIO DE JANEIRO,330455,25982519,csegsf.ensp@fiocruz.br,-22.877722183976363,-43.25023412704468,1139,M,001,05/01/2026
3304554056167,4056167,SMS UNIDADES PRISIONAIS DE ATENCAO PRIMARIA AP 10,SMS RIO UNIDADES PRISIONAIS DE ATENCAO PRIMARIA AP 10,UBS / Atencao basica,UNIDADE BASICA DE SAUDE,"RUA BARTOLOMEU DE GUSMAO, 100, SAO CRISTOVAO - CEP 20941160",SAO CRISTOVAO,20941160,RIO DE JANEIRO,330455,23341840,equipeevaristomoraes.app@vivario.org.br,-22.905,-43.23,1031,M,001,31/03/2026
3304554056221,4056221,SMS UNIDADES PRISIONAIS DE ATENCAO PRIMARIA AP 32,SMS RIO UNIDADES PRISIONAIS DE ATENCAO PRIMARIA AP 32,UBS / Atencao basica,UNIDADE BASICA DE SAUDE,"RUA MONTEIRO DA LUZ, S/N, AGUA SANTA - CEP 20745150",AGUA SANTA,20745150,RIO DE JANEIRO,330455,21 23339538,equipearyfranco.app@vivario@vivario.org.br,-22.90534,-43.30822,1031,M,001,30/03/2026
3304554056310,4056310,SMS UNIDADES PRISIONAIS DE ATENCAO PRIMARIA AP 51,SMS RIO UNIDADES PRISIONAIS DE ATENCAO PRIMARIA AP 51,UBS / Atencao basica,UNIDADE BASICA DE SAUDE,"ESTRADA GUANDU DO SENA, 1902, GERICINO - CEP 21854010",GERICINO,21854010,RIO DE JANEIRO,330455,23334820,pnaisp.uf@gmail.com,-22.848936,-43.486265,1031,M,001,31/03/2026
3304559052690,9052690,SODRE E SODRE CLINICA DERMATOLOGICA,SODRE E SODRE CLINICA DERMATOLOGICA SOCIEDADE SIMPLES LTDA,UBS / Atencao basica,UNIDADE BASICA DE SAUDE,"VISCONDE DE PIRAJA, 550, SALA 1907, IPANEMA - CEP 22410003",IPANEMA,22410003,RIO DE JANEIRO,330455,21 25440004,adm3@ocam.net,-22.9837102,-43.2143366,2240,M,001,13/08/2025
3304554322150,4322150,SOLVIS SAUDE,SOLVIS SAUDE LTDA,UBS / Atencao basica,UNIDADE BASICA DE SAUDE,"GARIBALDI, 00225, APT 902 BLC I, TIJUCA - CEP 20511330",TIJUCA,20511330,RIO DE JANEIRO,330455,21 98215-6432,diogo@solvissaude.com.br,-22.9313914,-43.246909,2062,M,001,19/02/2025
3304550865958,0865958,SOMA PSIQUE SERVICOS DE SAUDE BARRA,SOMA PSIQUE SERVICOS DE SAUDE LTDA,UBS / Atencao basica,UNIDADE BASICA DE SAUDE,"JOAO CABRAL DE MELLO NETO, 00850, BLC 3 SAL 1206, BARRA DA TIJUCA - CEP 22775057",BARRA DA TIJUCA,22775057,RIO DE JANEIRO,330455,21 99869422,,-22.9847837,-43.3633257,2240,M,001,12/04/2024
3304550865869,0865869,SOMA PSIQUE SERVICOS DE SAUDE PENHA,SOMA PSIQUE SERVICOS DE SAUDE LTDA,UBS / Atencao basica,UNIDADE BASICA DE SAUDE,"MONSENHOR ALVES ROCHA, 00140, SALA 312 SUPL AV BRA, PENHA - CEP 21070540",PENHA,21070540,RIO DE JANEIRO,330455,21 99869425,,-22.8416051,-43.2788239,2240,M,001,12/04/2024
3304554899873,4899873,SOUZA MEDICOS,SOUZA MEDICOS E PSICOLOGOS ASSOCIADOS LTDA,UBS / Atencao basica,UNIDADE BASICA DE SAUDE,"RUA ADOLFO BERGAMINI, 157, APTO 304, ENGENHO DE DENTRO - CEP 20730000",ENGENHO DE DENTRO,20730000,RIO DE JANEIRO,330455,21988293502,lichrismansouz@gmail.com,-22.8992525,-43.2957509,2062,M,001,05/11/2024
3304554002431,4002431,SPAZIO ESSENZA,SPAZIO ESSENZA CENTRO DE SAUDE LTDA,UBS / Atencao basica,AMBULATORIO,"JOAO CABRAL DE MELLO NETO, 00850, BLC 002 SAL 08, BARRA DA TIJUCA - CEP 22775057",BARRA DA TIJUCA,22775057,RIO DE JANEIRO,330455,21 35509457,bwa.rjlegalizacoes@gmail.com,-22.810476,-43.226,2240,M,016,13/01/2026
3304552277263,2277263,SPB BRASIL,SOCIEDADE PESTALOZZI DO BRASIL,UBS / Atencao basica,UNIDADE BASICA DE SAUDE,"RUA VISCONDE DE NITEROI, 1450, MANGUEIRA - CEP 20943001",MANGUEIRA,20943001,RIO DE JANEIRO,330455,38609797,faturamento.pestalozzidobrasil@gmail.com,-22.899567150000003,-43.24011394717462,3999,M,001,10/12/2025
3304559137521,9137521,STAND BY CONSULTORIA E ASSISTENCIA MEDICA,STAND BY CONSULTORIA E ASSISTENCIA MEDICA,UBS / Atencao basica,UNIDADE BASICA DE SAUDE,"CONDE DE BONFIM, 00369, SAL 602 SAL 603, TIJUCA - CEP 20520051",TIJUCA,20520051,RIO DE JANEIRO,330455,21 25695194,GISELE.BERNSTEIN@GMAIL.COM,-22.925203260420687,-43.2333442568779,2232,M,001,21/02/2024
3304555665388,5665388,SUELEN SGORLA QUIROPRAXIA,SUELEN SGORLA QUIROPRAXIA LTDA,UBS / Atencao basica,UNIDADE BASICA DE SAUDE,"RUA ROBERVAL CORDEIRO DE FARIAS, 310, SALA 205, RECREIO DOS BANDEIRA - CEP 22795325",RECREIO DOS BANDEIRA,22795325,RIO DE JANEIRO,330455,2179014728,FISCAL@INFORMECONTABEIS.COM.BR,-23.015752,-43.45718,2240,M,001,09/03/2026
3304554493400,4493400,SULYR REGINA PINHO PSICOLOGA,SULYR REGINA PINHO PSICOLOGA LTDA,UBS / Atencao basica,UNIDADE BASICA DE SAUDE,"AV DAS AMERICAS, 500, BLC 9 SALA 316, BARRA DA TIJUCA - CEP 22640904",BARRA DA TIJUCA,22640904,RIO DE JANEIRO,330455,21)3627-8000,ADMINISTRATIVO@LIRABABRANTES.COM.BR,-23.029867,-43.317151,2062,M,001,10/03/2026
3304559612866,9612866,TANIA MARIA COSCARELLI MAIO,TANIA MARIA COSCARELLI MAIO,UBS / Atencao basica,UNIDADE BASICA DE SAUDE,"RUA DIAS DA CRUZ, 215, SALA 503, MEIER - CEP 20720010",MEIER,20720010,RIO DE JANEIRO,330455,999527741,taniacoscarelli@yahoo.com.br,-22.903529,-43.2825944,4000,M,001,01/09/2022
3304550827444,0827444,TATIANA ASSAD BRAZ BARRA,TATIANA ASSAD BRAZ,UBS / Atencao basica,UNIDADE BASICA DE SAUDE,"AVENIDA JOAO CABRAL DE MELLO NETO, 850, BL 02 SL 1221 E 1222, BARRA DA TIJUCA - CEP 22775057",BARRA DA TIJUCA,22775057,RIO DE JANEIRO,330455,2130661921,ghmedrio@gmail.com,-22.98445,-43.35937,4000,M,001,02/10/2025
3304557606621,7606621,TATIANA ASSAD BRAZ FERNANDA CARDOSO RANGEL,TATIANA ASSAD BRAZ FERNANDA CARDOSO RANGEL,UBS / Atencao basica,UNIDADE BASICA DE SAUDE,"RIO BRANCO, 00181, SAL 1511, CENTRO - CEP 20040007",CENTRO,20040007,RIO DE JANEIRO,330455,21 21436798,GHMEDRIO@GMAIL.COM,-22.9071813,-43.1764857,2232,M,001,31/03/2026
3304554612361,4612361,TATIANA ASSAD BRAZ FERNANDA CARDOSO RANGEL,TATIANA ASSAD BRAZ FERNANDA CARDOSO RANGEL,UBS / Atencao basica,UNIDADE BASICA DE SAUDE,"R DOIS DE DEZEMBRO, 78, SALA 817, FLAMENGO - CEP 22220040",FLAMENGO,22220040,RIO DE JANEIRO,330455,(21) 2143-6798,GHMEDRIO@GMAIL.COM,-22.9297733,-43.1766588,2232,M,001,29/01/2026
3304557694393,7694393,TATIANA ASSAD BRAZ FLAMENGO,TATIANA ASSAD BRAZ,UBS / Atencao basica,UNIDADE BASICA DE SAUDE,"RUA DOIS DE DEZEMBRO, 78, SALA 817 PARTE, FLAMENGO - CEP 22220040",FLAMENGO,22220040,RIO DE JANEIRO,330455,(21)3905-8955,,-22.929511,-43.1768884,4000,M,001,31/03/2026
3304554494822,4494822,TEIXEIRA PINHEIRO,TEIXEIRA PINHEIRO SOCIEDADE DE MEDICINA E NUTRICAO LTDA,UBS / Atencao basica,UNIDADE BASICA DE SAUDE,"R BARAO DE MESQUITA, 164, APTO 703 BL 01, TIJUCA - CEP 20540006",TIJUCA,20540006,RIO DE JANEIRO,330455,,deptofiscal@qualycont.com.br,-22.9229435,-43.2340247,2240,M,001,09/03/2026
3304554800257,4800257,TRES ELOS FONOAUDIOLOGIA,TRES ELOS FONOAUDIOLOGIA LTDA,UBS / Atencao basica,UNIDADE BASICA DE SAUDE,"ESTRADA DO GALEAO, 994, SALA 117, JARDIM CARIOCA - CEP 21931522",JARDIM CARIOCA,21931522,RIO DE JANEIRO,330455,(37) 98358061,,-22.810507,-43.194464,2240,M,001,22/08/2024
3304554984587,4984587,TRIBELLA FARMACIA DERMATOLOGICA LTDA,TRIBELLA FARMACIA DERMATOLOGICA LTDA,UBS / Atencao basica,UNIDADE BASICA DE SAUDE,"AV DA AMERICAS, 500, BLOCO 21 LOJA 113, BARRA DATIJUCA - CEP 22640100",BARRA DATIJUCA,22640100,RIO DE JANEIRO,330455,,ADMINISTRATIVO@LIRAABRANTES.COM.BR,-23.003433994132156,-43.31801891326904,2062,M,001,22/07/2025
3304554574133,4574133,TRINDADE CLINICA,TRINDADE CLINICA DE PSICOLOGIA LTDA,UBS / Atencao basica,UNIDADE BASICA DE SAUDE,"RUA CONDE DE BONFIM, 422, APTO 714, TIJUCA - CEP 20520054",TIJUCA,20520054,RIO DE JANEIRO,330455,996329932,hlt569@terra.com.br,-22.92519,-43.23461,2240,M,001,25/11/2024
3304554161173,4161173,UNIVERSO ABA FILIAL I,UNIVERSO ABA,UBS / Atencao basica,UNIDADE BASICA DE SAUDE,"RUA GENERAL SEZEFREDO, 570, REALENGO - CEP 21715062",REALENGO,21715062,RIO DE JANEIRO,330455,,,-22.87678806057487,-43.43461990356445,2062,M,001,26/11/2025
3304550782041,0782041,UTIL SERVICOS MEDICOS,UTIL SERVICOS MEDICOS LTDA,UBS / Atencao basica,UNIDADE BASICA DE SAUDE,"PROFESSOR HERMES LIMA, 796, APT 103, RECREIO DOS BANDEIRA - CEP 22795065",RECREIO DOS BANDEIRA,22795065,RIO DE JANEIRO,330455,21 24874071,fiscal@informecontabeis.com.br,-23.021762,-43.45689296,2062,M,001,09/03/2026
3304554559827,4559827,UV IMAGENS,UV IMAGENS LTDA,UBS / Atencao basica,UNIDADE BASICA DE SAUDE,"RUA AUGUSTO DE VASCONCELOS, 754, PARTE, CAMPO GRANDE - CEP 23045120",CAMPO GRANDE,23045120,RIO DE JANEIRO,330455,21 24157064,karlalicurgopf@gmail.com,-22.90305,-43.56035,2240,M,001,02/04/2024
3304555940001,5940001,VITALIS HOME,VITALIS HOME CARE SERVICOS E ASSISTENCIA LTDA,UBS / Atencao basica,UNIDADE BASICA DE SAUDE,"RUA AGOSTINHO BARBALHO, 550, MADUREIRA - CEP 21310130",MADUREIRA,21310130,RIO DE JANEIRO,330455,2199842289,saudevivet@gmail.com,-22.87742,-43.34468,2062,M,001,23/09/2025
3304555764815,5764815,WERNECK MACHADO E COSSICH S,WERNECK MACHADO E COSSICH SERVICOS MEDICOS,UBS / Atencao basica,UNIDADE BASICA DE SAUDE,"AVN BARTOLOMEU MITRE, 399, APT 304, LEBLON - CEP 22631030",LEBLON,22631030,RIO DE JANEIRO,330455,2132916682,TALITAMACHADOC@HOTMAIL.COM,-22.876,-43.2275,2232,M,001,28/07/2025
3304554803183,4803183,XSTZ MEDICINA TRADUCAO E LINGUAGEM,MILAREPA S C LTDA,UBS / Atencao basica,UNIDADE BASICA DE SAUDE,"PR BOTAFOGO, 501, BLC I SAL 101, BOTAFOGO - CEP 22250911",BOTAFOGO,22250911,RIO DE JANEIRO,330455,,,-22.926853572795146,-43.173768817984566,2240,M,001,26/08/2024
3304554393368,4393368,YMV SERVICOS MEDICOS,YMV SERVICOS MEDICOS LTDA,UBS / Atencao basica,UNIDADE BASICA DE SAUDE,"RUA DAS MARRECAS, 48, SALA202, CENTRO - CEP 20031120",CENTRO,20031120,RIO DE JANEIRO,330455,2122537672,rsssalvino@gmail.com,-22.9118048,-43.1783202,2240,M,001,21/11/2023
3304554552598,4552598,ZOE ESPACO TERAPEUTICO,ZOE ESPACO TERAPEUTICO LTDA,UBS / Atencao basica,UNIDADE BASICA DE SAUDE,"AV CESARIO DE MELO, 3600, BL 002 SALA 0422, CAMPO GRANDE - CEP 23050102",CAMPO GRANDE,23050102,RIO DE JANEIRO,330455,21992905143,clinicazoecg@gmail.com,-22.875463472460204,-43.457515239715576,2062,M,001,27/03/2024
3304602268450,2268450,PSF COLOMBIANO DE ALMEIDA SANTOS,MUNICIPIO DE SANTA MARIA MADALENA,UBS / Atencao basica,UNIDADE BASICA DE SAUDE,"ARRANCHADOURO, S/N, ARRANCHADOURO - CEP 28770000",ARRANCHADOURO,28770000,SANTA MARIA MADALENA,330460,,,-21.968025,-42.0007658,1244,M,001,30/09/2025
3304602268442,2268442,PSF MANOEL DE MORAES,MUNICIPIO DE SANTA MARIA MADALENA,UBS / Atencao basica,UNIDADE BASICA DE SAUDE,"MANOEL DE MORAES, S/N, MANOEL DE MORAES - CEP 28770000",MANOEL DE MORAES,28770000,SANTA MARIA MADALENA,330460,2225611266,,-21.95546458014489,-41.982879638671875,1244,M,001,30/09/2025
3304602268418,2268418,PSF TRIUNFO,MUNICIPIO DE SANTA MARIA MADALENA,UBS / Atencao basica,UNIDADE BASICA DE SAUDE,"TRIUNFO, S/N, TRIUNFO - CEP 28770000",TRIUNFO,28770000,SANTA MARIA MADALENA,330460,2225611266,,-22.047797161358055,-41.94226026535034,1244,M,001,30/09/2025
3304702275112,2275112,CAIMI CENTRO DE ATENCAO INTEGRAL MATERNO INFANTIL,MUNICIPIO DE SANTO ANTONIO DE PADUA,UBS / Atencao basica,UNIDADE BASICA DE SAUDE,"RUA EUNICE KEZEN, S/N, CIDADE NOVA - CEP 28470000",CIDADE NOVA,28470000,SANTO ANTONIO DE PADUA,330470,2238532418,,-21.526283991776328,-42.20304608345032,1244,M,001,09/09/2025
3304705065518,5065518,CENTRO DE SAUDE DO TRABALHADOR,ASSOCIACAO DOS TRABALHADORES E SERV MUNICIPAL DE PADUA,UBS / Atencao basica,AMBULATORIO,"AVENIDA JULIO KEZEN, S/N, LOJA, CENTRO - CEP 28470000",CENTRO,28470000,SANTO ANTONIO DE PADUA,330470,2238532273,peluciape@yahoo.com.br,-21.54844,-42.17831,3999,M,016,16/09/2025
3304705473136,5473136,PSF 001 CENTRAL,MUNICIPIO DE SANTO ANTONIO DE PADUA,UBS / Atencao basica,UNIDADE BASICA DE SAUDE,"AVENIDA CHAIM ELIAS, S/N, ANEXO, TAVARES - CEP 28470000",TAVARES,28470000,SANTO ANTONIO DE PADUA,330470,2238513330,saude@padua.rj.gov.br,-21.53446,-42.17226,1244,M,001,24/07/2025
3304702275139,2275139,PSF 002,MUNICIPIO DE SANTO ANTONIO DE PADUA,UBS / Atencao basica,UNIDADE BASICA DE SAUDE,"MIGUEL CABREIRA, S/N, CHALE - CEP 28470000",CHALE,28470000,SANTO ANTONIO DE PADUA,330470,,,-21.658235883030084,-42.33265042304993,1244,M,001,24/07/2025
3304702275120,2275120,PSF 003,MUNICIPIO DE SANTO ANTONIO DE PADUA,UBS / Atencao basica,UNIDADE BASICA DE SAUDE,"RUA ISRAEL FERNANDES MORTEIRA, 12, ANEXO, BALTAZAR DISTRITO - CEP 28470000",BALTAZAR DISTRITO,28470000,SANTO ANTONIO DE PADUA,330470,,,-21.5812463,-42.1438879,1244,M,001,24/07/2025
3304702275074,2275074,PSF 004,MUNICIPIO DE SANTO ANTONIO DE PADUA,UBS / Atencao basica,UNIDADE BASICA DE SAUDE,"RUA PROCOPIO DA COSTA JUNIOR, 366, ANEXO, DISTRITO - CEP 28470000",DISTRITO,28470000,SANTO ANTONIO DE PADUA,330470,,,-21.4696798,-42.0350747,1244,M,001,24/07/2025
3304702275023,2275023,PSF 005,MUNICIPIO DE SANTO ANTONIO DE PADUA,UBS / Atencao basica,UNIDADE BASICA DE SAUDE,"RUA CARLOS FERNANDES, S/N, ANEXO, PARAOQUENA - CEP 28470000",PARAOQUENA,28470000,SANTO ANTONIO DE PADUA,330470,,,-21.4973664,-42.2513679,1244,M,001,24/07/2025
3304702275031,2275031,PSF 006,MUNICIPIO DE SANTO ANTONIO DE PADUA,UBS / Atencao basica,UNIDADE BASICA DE SAUDE,"RUA SEBASTIAO MALAFAIA, S/N, ANEXO, DEZESSETE - CEP 28470000",DEZESSETE,28470000,SANTO ANTONIO DE PADUA,330470,,,-21.526283991776328,-42.20304608345032,1244,M,001,24/07/2025
3304702291312,2291312,PSF 007,MUNICIPIO DE SANTO ANTONIO DE PADUA,UBS / Atencao basica,UNIDADE BASICA DE SAUDE,"ESTRADA PADUA PIRAPETINGA, S/N, ANEXO, SEDE BOA NOVA - CEP 28470000",SEDE BOA NOVA,28470000,SANTO ANTONIO DE PADUA,330470,,,-21.634536905547797,-42.27038562297821,1244,M,001,24/07/2025
3304703931579,3931579,PSF 008,MUNICIPIO DE SANTO ANTONIO DE PADUA,UBS / Atencao basica,UNIDADE BASICA DE SAUDE,"AVENIDA EUNICE KEZEN, S/N, ANEXO, CIDADE NOVA - CEP 28470000",CIDADE NOVA,28470000,SANTO ANTONIO DE PADUA,330470,,sapadu@veloxmail.com.br,-21.52652,-42.20562,1244,M,001,24/07/2025
3304706585086,6585086,PSF 009,MUNICIPIO DE SANTO ANTONIO DE PADUA,UBS / Atencao basica,UNIDADE BASICA DE SAUDE,"RUA PROJETADA, 16, LOTE, GABRY - CEP 28470000",GABRY,28470000,SANTO ANTONIO DE PADUA,330470,,,-21.5475712,-42.1902873,1244,M,001,21/08/2025
3304706565859,6565859,PSF 010,MUNICIPIO DE SANTO ANTONIO DE PADUA,UBS / Atencao basica,UNIDADE BASICA DE SAUDE,"RUA MANOEL LEITE, S/N, DISTRITO, IBITIGUACU - CEP 28470000",IBITIGUACU,28470000,SANTO ANTONIO DE PADUA,330470,,,-21.5023525,-42.0788572,1244,M,001,24/07/2025
3304707071337,7071337,PSF 011,MUNICIPIO DE SANTO ANTONIO DE PADUA,UBS / Atencao basica,UNIDADE BASICA DE SAUDE,"RUA DOLORES MOREIRA DA SILVA, 131, CASA, MIRANTE - CEP 28470000",MIRANTE,28470000,SANTO ANTONIO DE PADUA,330470,,,-21.52762137163722,-42.19016075134277,1244,M,001,24/07/2025
3304707760973,7760973,PSF 012,MUNICIPIO DE SANTO ANTONIO DE PADUA,UBS / Atencao basica,UNIDADE BASICA DE SAUDE,"RUA CAPITAO MANOEL DE MELLO, 255, SAO LUIZ - CEP 28470000",SAO LUIZ,28470000,SANTO ANTONIO DE PADUA,330470,,,-21.53556555337353,-42.18870162963867,1244,M,001,24/07/2025
3304704473841,4473841,SAUDE OCULAR,HR OFTALMO CENTRO DE SAUDE OCULAR LTDA,UBS / Atencao basica,AMBULATORIO,"RUA DOS LEITES, 69, LOJA 202 204, CENTRO - CEP 28470000",CENTRO,28470000,SANTO ANTONIO DE PADUA,330470,,,-21.53912,-42.18313,2062,M,016,09/02/2024
3304702275090,2275090,UNIDADE DE SAUDE MAJOR PADILHA,MUNICIPIO DE SANTO ANTONIO DE PADUA,UBS / Atencao basica,UNIDADE BASICA DE SAUDE,"RUA MAJOR PADILHA, 56, SAO FELIX - CEP 28470000",SAO FELIX,28470000,SANTO ANTONIO DE PADUA,330470,,,-21.5449238,-42.1808398,1244,M,001,13/01/2020
3304704976258,4976258,UNISAP,FUNDACAO DA SAUDE E ENSINO SUPERIOR LTDA,UBS / Atencao basica,UNIDADE BASICA DE SAUDE,"RUA MANAUS, 440, CASA, ALPHAVILLE - CEP 28470000",ALPHAVILLE,28470000,SANTO ANTONIO DE PADUA,330470,22992292826,nutricionista@edervargas.com.br,-21.524,-42.188,2062,M,001,27/02/2025
3304802294818,2294818,ESF BARRO BRANCO GERALDO DIOGO,SECRETARIA MUNICIPAL DE SAUDE E PROMOCAO SOCIAL,UBS / Atencao basica,UNIDADE BASICA DE SAUDE,"AV JOSE GOMES DE ARAUJO, S/N, BARRO BRANCO - CEP 28400000",BARRO BRANCO,28400000,SAO FIDELIS,330480,2227581056,,-21.495880231099783,-41.785125732421875,1244,M,001,25/02/2026
3304802294710,2294710,ESF BOA ESPERANCA,SECRETARIA MUNICIPAL DE SAUDE E PROMOCAO SOCIAL,UBS / Atencao basica,UNIDADE BASICA DE SAUDE,"RUA BOA ESPERANCA, S/N, BOA ESPERANCA - CEP 28400000",BOA ESPERANCA,28400000,SAO FIDELIS,330480,22-27581056,,-21.840201,-41.9441349,1244,M,001,25/02/2026
3304802294648,2294648,ESF CENTRO CIMARLEI LEITE DA CRUZ,SECRETARIA MUNICIPAL DE SAUDE E PROMOCAO SOCIAL,UBS / Atencao basica,UNIDADE BASICA DE SAUDE,"AV SETE DE SEMTEMBRO, 450, CENTRO - CEP 28400000",CENTRO,28400000,SAO FIDELIS,330480,22 27581056,,-21.648072175687286,-41.75061106681824,1244,M,001,25/02/2026
3304802294842,2294842,ESF COLONIA MANOEL GOUDARD SO NE LOBO,SECRETARIA MUNICIPAL DE SAUDE E PROMOCAO SOCIAL,UBS / Atencao basica,UNIDADE BASICA DE SAUDE,"PRACA SAO JOAO BATISTA, S/N, COLONIA - CEP 28400000",COLONIA,28400000,SAO FIDELIS,330480,2227581056,,-21.676253077481107,-41.889259815216064,1244,M,001,25/02/2026
3304802294745,2294745,ESF IPUCA JOSE DE ABREU,SECRETARIA MUNICIPAL DE SAUDE E PROMOCAO SOCIAL,UBS / Atencao basica,UNIDADE BASICA DE SAUDE,"RUA ALSALGA TITO DE AZEVEDO, 477, NOVA DIVINEIA - CEP 28400000",NOVA DIVINEIA,28400000,SAO FIDELIS,330480,22-27581056,,-21.638321623490956,-41.73274755477905,1244,M,001,25/02/2026
3304807245742,7245742,ESF PENHA,SECRETARIA MUNICIPAL DE SAUDE E PROMOCAO SOCIAL,UBS / Atencao basica,UNIDADE BASICA DE SAUDE,"RUA ANTONIO AZEVEDO, 60, PENHA - CEP 28400000",PENHA,28400000,SAO FIDELIS,330480,2227581056,,-21.65107624022766,-41.74970984458923,1244,M,001,25/02/2026
3304802294702,2294702,ESF PUREZA SALVADOR DA SILVA ABREU,SECRETARIA MUNICIPAL DE SAUDE E PROMOCAO SOCIAL,UBS / Atencao basica,UNIDADE BASICA DE SAUDE,"TRAVESSA FRANCISCO LOUREIRO, S/N, PUREZA - CEP 28415000",PUREZA,28415000,SAO FIDELIS,330480,,,-21.593197743637095,-41.840057373046875,1244,M,001,25/02/2026
3304802294753,2294753,ESF VILA DOS COROADOS AUGUSTO JOSE DE ANDRADE,SECRETARIA MUNICIPAL DE SAUDE E PROMOCAO SOCIAL,UBS / Atencao basica,UNIDADE BASICA DE SAUDE,"EMIDIO MAIA SANTOS, S/N, VILA DOS COROADOS - CEP 28400000",VILA DOS COROADOS,28400000,SAO FIDELIS,330480,22-27203007,,-21.63710493973731,-41.763646602630615,1244,M,001,25/02/2026
3304802294672,2294672,UBS CAMBIASCA,SECRETARIA MUNICIPAL DE SAUDE E PROMOCAO SOCIAL,UBS / Atencao basica,UNIDADE BASICA DE SAUDE,"RUA BENEDITA F PORTO, S/N, CAMBIASCA - CEP 28400000",CAMBIASCA,28400000,SAO FIDELIS,330480,2227581056,,-21.71531084684416,-41.925201416015625,1244,M,001,25/02/2026
3304802294737,2294737,UBS ERNESTO MACHADO,SECRETARIA MUNICIPAL DE SAUDE E PROMOCAO SOCIAL,UBS / Atencao basica,UNIDADE BASICA DE SAUDE,"RUA BENEDITO PECANHA, S/N, ERNESTO MACHADO - CEP 28400000",ERNESTO MACHADO,28400000,SAO FIDELIS,330480,2227581056,,-21.628029352375076,-41.61874294281006,1244,M,001,25/02/2026
3304802294834,2294834,UBS SANTA CATARINA JOAQUIM MENDONCA,SECRETARIA MUNICIPAL DE SAUDE E PROMOCAO SOCIAL,UBS / Atencao basica,UNIDADE BASICA DE SAUDE,"SANTA CATARINA, S/N, STA CATARINA - CEP 28400000",STA CATARINA,28400000,SAO FIDELIS,330480,2227581056,,-21.62679263479942,-41.75422668457031,1244,M,001,25/02/2026
3304800405655,0405655,UBS SANTO ALEIXO,SECRETARIA MUNICIPAL DE SAUDE E PROMOCAO SOCIAL,UBS / Atencao basica,UNIDADE BASICA DE SAUDE,"SANTO ALEIXO, S/N, ITACOLOMY - CEP 28400000",ITACOLOMY,28400000,SAO FIDELIS,330480,,,-21.724739746086584,-41.80194854736328,1244,M,001,25/02/2026
3304802294729,2294729,UBS TABUA,SECRETARIA MUNICIPAL DE SAUDE E PROMOCAO SOCIAL,UBS / Atencao basica,UNIDADE BASICA DE SAUDE,"AVENIDA PORTELA SALES, 17, TABUA - CEP 28400000",TABUA,28400000,SAO FIDELIS,330480,22-27581056,,-21.492094288278167,-41.74772769212723,1244,M,001,25/02/2026
3304802294796,2294796,UBS USINA DE PUREZA JOSE R BARBOSA,SECRETARIA MUNICIPAL DE SAUDE E PROMOCAO SOCIAL,UBS / Atencao basica,UNIDADE BASICA DE SAUDE,"USINA PUREZA, S/N, USINA PUREZA - CEP 28400000",USINA PUREZA,28400000,SAO FIDELIS,330480,22-27512366,,-21.594714070719487,-41.84520721435547,1244,M,001,25/02/2026
3304802294680,2294680,UBS VALAO DOS MILAGRES LUPERCINIO MARTINS RIBEIRO,SECRETARIA MUNICIPAL DE SAUDE E PROMOCAO SOCIAL,UBS / Atencao basica,UNIDADE BASICA DE SAUDE,"JOSE CUSTODIA DE OLIVEIRA, S/N, VALAO DOS MILAGRES - CEP 28400000",VALAO DOS MILAGRES,28400000,SAO FIDELIS,330480,,,-21.721650005756697,-41.88404560089111,1244,M,001,25/02/2026
3304752291444,2291444,UBS ADAO CARLOS DA SILVA,MUNICIPIO DE SAO FRANCISCO DE ITABAPOANA,UBS / Atencao basica,UNIDADE BASICA DE SAUDE,"RUA ALAIR FERREIRA, S/N, SANTA CLARA - CEP 28230000",SANTA CLARA,28230000,SAO FRANCISCO DE ITABAPOANA,330475,,,-21.5162719379485,-41.07793316211368,1244,M,001,08/04/2026
3304753367002,3367002,UBS ALCIDES PEREIRA CAMARA BARRA DO ITABAPOANA,MUNICIPIO DE SAO FRANCISCO DE ITABAPOANA,UBS / Atencao basica,UNIDADE BASICA DE SAUDE,"PRACA SAO JOAQUIM, S/N, BARRA DO ITABAPOANA - CEP 28230000",BARRA DO ITABAPOANA,28230000,SAO FRANCISCO DE ITABAPOANA,330475,,,-21.3018221,-40.9623003,1244,M,001,19/08/2025
3304752291401,2291401,UBS ARMINDA MARIA BARRETO,MUNICIPIO DE SAO FRANCISCO DE ITABAPOANA,UBS / Atencao basica,UNIDADE BASICA DE SAUDE,"RODOVIA AFONSO CELSO, 1171, IMBURI DE CACIMBAS - CEP 28230000",IMBURI DE CACIMBAS,28230000,SAO FRANCISCO DE ITABAPOANA,330475,,,-21.495833689755237,-41.180967533086026,1244,M,001,31/10/2025
3304752291339,2291339,UBS AURELIO PEREIRA PINTO,MUNICIPIO DE SAO FRANCISCO DE ITABAPOANA,UBS / Atencao basica,UNIDADE BASICA DE SAUDE,"ESTRADA DO AMONTADO, S/N, AMONTADO - CEP 28230000",AMONTADO,28230000,SAO FRANCISCO DE ITABAPOANA,330475,,,-21.347947733948963,-41.00662395337637,1244,M,001,09/02/2026
3304752291517,2291517,UBS BOA ESPERANCA DO SUL,MUNICIPIO DE SAO FRANCISCO DE ITABAPOANA,UBS / Atencao basica,UNIDADE BASICA DE SAUDE,"RUA BOA ESPERANCA, S/N, BOA ESPERANCA DO SUL - CEP 28230000",BOA ESPERANCA DO SUL,28230000,SAO FRANCISCO DE ITABAPOANA,330475,,,-21.408183671622538,-41.04729191774724,1244,M,001,19/08/2025
3304752291363,2291363,UBS BUENA,MUNICIPIO DE SAO FRANCISCO DE ITABAPOANA,UBS / Atencao basica,UNIDADE BASICA DE SAUDE,"ESTRADA DA INB, S/N, BUENA - CEP 28230000",BUENA,28230000,SAO FRANCISCO DE ITABAPOANA,330475,,,-21.405832605300816,-41.01236352473166,1244,M,001,19/08/2025
3304752291509,2291509,UBS CAMPO NOVO DE CACIMBAS,MUNICIPIO DE SAO FRANCISCO DE ITABAPOANA,UBS / Atencao basica,UNIDADE BASICA DE SAUDE,"ESTRADA DE CAMPO NOVO, S/N, CAMPO NOVO DE CACIMB - CEP 28230000",CAMPO NOVO DE CACIMB,28230000,SAO FRANCISCO DE ITABAPOANA,330475,,,-21.47653270454987,-41.11940145492554,1244,M,001,07/02/2025
3304752291495,2291495,UBS DECIO MIRANDA MACEDO JUNIOR,MUNICIPIO DE SAO FRANCISCO DE ITABAPOANA,UBS / Atencao basica,UNIDADE BASICA DE SAUDE,"ESTRADA LAGOA FEIA, S/N, MORRO DO BODE - CEP 28230000",MORRO DO BODE,28230000,SAO FRANCISCO DE ITABAPOANA,330475,,,-21.317423,-41.021833,1244,M,001,19/08/2025
3304752291452,2291452,UBS EDMARA SOUZA DA SILVA,MUNICIPIO DE SAO FRANCISCO DE ITABAPOANA,UBS / Atencao basica,UNIDADE BASICA DE SAUDE,"RODOVIA SIMAO MANSUR, S/N, BOM LUGAR - CEP 28230000",BOM LUGAR,28230000,SAO FRANCISCO DE ITABAPOANA,330475,,,-21.315423,-41.021733,1244,M,001,15/09/2025
3304752291436,2291436,UBS ESTREITO,MUNICIPIO DE SAO FRANCISCO DE ITABAPOANA,UBS / Atencao basica,UNIDADE BASICA DE SAUDE,"ESTRADA DO ESTREITO, S/N, ESTREITO - CEP 28230000",ESTREITO,28230000,SAO FRANCISCO DE ITABAPOANA,330475,,,-21.5178291062811,-41.1451849042503,1244,M,001,23/12/2025
3304752291460,2291460,UBS FLORESTA,MUNICIPIO DE SAO FRANCISCO DE ITABAPOANA,UBS / Atencao basica,UNIDADE BASICA DE SAUDE,"RUA PROJETADA A, S/N, FLORESTA - CEP 28230000",FLORESTA,28230000,SAO FRANCISCO DE ITABAPOANA,330475,,,-21.512228260517393,-41.07851517541505,1244,M,001,19/08/2025
3304753810828,3810828,UBS GARGAU,MUNICIPIO DE SAO FRANCISCO DE ITABAPOANA,UBS / Atencao basica,UNIDADE BASICA DE SAUDE,"RUA ARISTIDES LINHARES DE MENEZES, 136, GARGAU - CEP 28230000",GARGAU,28230000,SAO FRANCISCO DE ITABAPOANA,330475,,,-21.572549923853515,-41.065474301583194,1244,M,001,30/01/2026
3304752291347,2291347,UBS JORGE PEREIRA JUNQUEIRA,MUNICIPIO DE SAO FRANCISCO DE ITABAPOANA,UBS / Atencao basica,UNIDADE BASICA DE SAUDE,"RUA SAO PAULO, 223, GUAXINDIBA - CEP 28230000",GUAXINDIBA,28230000,SAO FRANCISCO DE ITABAPOANA,330475,,,-21.481407949999998,-41.06130420430961,1244,M,001,27/09/2025
3304752291398,2291398,UBS PINGO DAGUA,MUNICIPIO DE SAO FRANCISCO DE ITABAPOANA,UBS / Atencao basica,UNIDADE BASICA DE SAUDE,"RUA PRINCIPAL, 76, PINGO D AGUA - CEP 28230000",PINGO D AGUA,28230000,SAO FRANCISCO DE ITABAPOANA,330475,,,-21.426957144730142,-41.1881191752903,1244,M,001,10/04/2026
3304755861594,5861594,UBS PRACA JOAO PESSOA,MUNICIPIO DE SAO FRANCISCO DE ITABAPOANA,UBS / Atencao basica,UNIDADE BASICA DE SAUDE,"RUA JOAQUIM GOMES CRESPO, S/N, PRACA JOAO PESSOA - CEP 28230000",PRACA JOAO PESSOA,28230000,SAO FRANCISCO DE ITABAPOANA,330475,,,-21.307425188810683,-41.113368825702075,1244,M,001,05/08/2025
3304752291487,2291487,UBS RAPHAEL NOLASCO MOREIRA,MUNICIPIO DE SAO FRANCISCO DE ITABAPOANA,UBS / Atencao basica,UNIDADE BASICA DE SAUDE,"ESTRADA NOVA BELEM, S/N, CARRAPATO - CEP 28230000",CARRAPATO,28230000,SAO FRANCISCO DE ITABAPOANA,330475,,,-21.398033753943476,-41.114270604253626,1244,M,001,05/08/2025
3304752291479,2291479,UBS SOSSEGO,MUNICIPIO DE SAO FRANCISCO DE ITABAPOANA,UBS / Atencao basica,UNIDADE BASICA DE SAUDE,"RUA ALAGOAS, S/N, PRAIA DOS SONHOS - CEP 28230000",PRAIA DOS SONHOS,28230000,SAO FRANCISCO DE ITABAPOANA,330475,,,-21.4992768,-41.0725875,1244,M,001,07/02/2025
3304752291371,2291371,UBS TRAVESSAO DE BARRA,MUNICIPIO DE SAO FRANCISCO DE ITABAPOANA,UBS / Atencao basica,UNIDADE BASICA DE SAUDE,"AVENIDA GABRIEL PAIVA, 07, TRAVESSAO DE BARRA - CEP 28230000",TRAVESSAO DE BARRA,28230000,SAO FRANCISCO DE ITABAPOANA,330475,,,-21.3148287,-41.022217,1244,M,001,22/04/2025
3304903284654,3284654,C G O ANDREOLLI,C G O ANDREOLLI LTDA,UBS / Atencao basica,UNIDADE BASICA DE SAUDE,"RUA YOLANDA SAAD ABUZAID, 150, SALA 1002, ALCANTARA - CEP 24710460",ALCANTARA,24710460,SAO GONCALO,330490,2602-6831,cgoandreolli@hotmail.com,-22.8213419,-43.0040327,2062,M,001,01/04/2026
3304909361529,9361529,CADEIA PUBLICA ISAP TIAGO TELES CASTRO DOMINGUES,SECRETARIA DE ESTADO DE ADMINISTRACAO PENITENCIARIA,UBS / Atencao basica,UNIDADE BASICA DE SAUDE,"RUA OLEGARIO NASCIMENTO, S/N, KM 303, JARDIM CATARINA - CEP 24715494",JARDIM CATARINA,24715494,SAO GONCALO,330490,,,-22.779712991254016,-42.99158334732056,1244,M,001,03/11/2025
3304909361545,9361545,CADEIA PUBLICA JUIZA DE DIREITO PATRICIA ACIOLI,SECRETARIA DE ESTADO DE ADMINISTRACAO PENITENCIARIA,UBS / Atencao basica,UNIDADE BASICA DE SAUDE,"RUA OLEGARIO NASCIMENTO, S/N, KM 303, JARDIM CATARINA - CEP 24715494",JARDIM CATARINA,24715494,SAO GONCALO,330490,,,-22.780830781556578,-42.9925811290741,1244,M,001,03/11/2025
3304909384545,9384545,CLINICA MUNICIPAL EURICLIDES DE JESUS ZERBINI,SECRETARIA MUNICIPAL DE SAUDE DE SAO GONCALO,UBS / Atencao basica,UNIDADE BASICA DE SAUDE,"AVENIDA EUGENIO BORGES, S/N, ARSENAL - CEP 24755451",ARSENAL,24755451,SAO GONCALO,330490,,,-22.858611,-43.011472,1244,M,001,03/11/2025
3304902814811,2814811,CLINICA MUNICIPAL GONCALENSE COLUBANDE,SECRETARIA MUNICIPAL DE SAUDE DE SAO GONCALO,UBS / Atencao basica,UNIDADE BASICA DE SAUDE,"RUA JOSE MENDONCA DE CAMPOS, 128, COLUBANDE - CEP 24450265",COLUBANDE,24450265,SAO GONCALO,330490,,,-22.828,-43.018833,1244,M,001,03/11/2025
3304907442017,7442017,CLINICA MUNICIPAL GONCALENSE LAGOINHA,SECRETARIA MUNICIPAL DE SAUDE DE SAO GONCALO,UBS / Atencao basica,UNIDADE BASICA DE SAUDE,"ESTRADA DO PACHECO, 07, LAGOINHA - CEP 24732570",LAGOINHA,24732570,SAO GONCALO,330490,,,-22.8244106,-42.9703935,1244,M,001,26/01/2026
3304907603258,7603258,CLINICA MUNICIPAL GONCALENSE MUTONDO,SECRETARIA MUNICIPAL DE SAUDE DE SAO GONCALO,UBS / Atencao basica,UNIDADE BASICA DE SAUDE,"DR ALFREDO BACKER, 358, 368, MUTONDO - CEP 24452005",MUTONDO,24452005,SAO GONCALO,330490,21996300,,-22.818167,-43.010861,1244,M,001,20/03/2026
3304907355084,7355084,GUSTAVO BRAGA DA SILVA,GUSTAVO BRAGA DA SILVA,UBS / Atencao basica,UNIDADE BASICA DE SAUDE,"CORONEL RODRIGUES, 422, SALA 1105 E 1106, CENTRO - CEP 24440460",CENTRO,24440460,SAO GONCALO,330490,,drgbraga@gmail.com,-22.904673,-43.098587,4000,M,001,15/01/2026
3304902921421,2921421,NEUROFISIOLOGIA CLINICA INTEGRADA LTDA FILIAL SG,NEUROFISIOLOGIA CLINICA INTEGRADA LTDA,UBS / Atencao basica,UNIDADE BASICA DE SAUDE,"RUA DOUTOR NILO PECANHA, 494, ESTRELA DO NORTE - CEP 24450000",ESTRELA DO NORTE,24450000,SAO GONCALO,330490,(21) 3514-6400,ADM@DIMAGEM.NET,-22.8233443,-43.0461405,2062,M,001,25/03/2026
3304907112971,7112971,NIVALDO SIQUEIRA PINTO,NIVALDO SIQUEIRA PINTO,UBS / Atencao basica,UNIDADE BASICA DE SAUDE,"RUA MOREIRA CESAR, 97, SL 102, CENTRO - CEP 24440400",CENTRO,24440400,SAO GONCALO,330490,21 999561130,nsiqueirapinto@gmail.com,-22.829547,-43.032335,4000,M,001,20/03/2026
3304902291533,2291533,POLO SANITARIO DR WASHINGTON LUIZ LOPES,SECRETARIA MUNICIPAL DE SAUDE DE SAO GONCALO,UBS / Atencao basica,UNIDADE BASICA DE SAUDE,"ALAMEDA PIO XII, S/N, ZE GAROTO - CEP 24440410",ZE GAROTO,24440410,SAO GONCALO,330490,(21)27120516,,-22.828667,-43.053889,1244,M,001,07/11/2025
3304902297213,2297213,POLO SANITARIO HELIO CRUZ,SECRETARIA MUNICIPAL DE SAUDE DE SAO GONCALO,UBS / Atencao basica,UNIDADE BASICA DE SAUDE,"RUA CONCORDIA, S/N, ALCANTARA - CEP 24710770",ALCANTARA,24710770,SAO GONCALO,330490,,,-22.818028,-43.002583,1244,M,001,16/03/2026
3304902702959,2702959,POLO SANITARIO JORGE TEIXEIRA DE LIMA,SECRETARIA MUNICIPAL DE SAUDE DE SAO GONCALO,UBS / Atencao basica,UNIDADE BASICA DE SAUDE,"RUA CARIRANHA, 100, JARDIM CATARINA - CEP 24440400",JARDIM CATARINA,24440400,SAO GONCALO,330490,,,-22.800083,-42.997056,1244,M,001,19/03/2026
3304902297205,2297205,POLO SANITARIO PAULO MARQUES RANGEL,SECRETARIA MUNICIPAL DE SAUDE DE SAO GONCALO,UBS / Atencao basica,UNIDADE BASICA DE SAUDE,"ESTRADA DA CONCEICAO, S/N, PORTAO DO ROSA - CEP 24461390",PORTAO DO ROSA,24461390,SAO GONCALO,330490,(21)27127797,,-22.796825,-43.038826,1244,M,001,03/11/2025
3304902297256,2297256,POLO SANITARIO RIO DO OURO DR AUGUSTO SENNA,SECRETARIA MUNICIPAL DE SAUDE DE SAO GONCALO,UBS / Atencao basica,UNIDADE BASICA DE SAUDE,"AVENIDA EUGENIO BORGES, S/N, KM 6 5, RIO DO OURO - CEP 24753000",RIO DO OURO,24753000,SAO GONCALO,330490,(21)27094277,,-22.888806,-42.988861,1244,M,001,20/01/2026
3304905939720,5939720,SUBSECRETARIA DE REGULACAO CONTROLE AVALIACAO E AUDITORIA,SECRETARIA MUNICIPAL DE SAUDE DE SAO GONCALO,UBS / Atencao basica,CENTRAL DE REGULACAO,"AVENIDA SAO GONCALO, 100, G2, BOA VISTA - CEP 24466315",BOA VISTA,24466315,SAO GONCALO,330490,,,-22.8151144,-43.0703818,1244,M,003,01/09/2025
3304905939682,5939682,SUBSECRETARIA DE SAUDE COLETIVA,SECRETARIA MUNICIPAL DE SAUDE DE SAO GONCALO,UBS / Atencao basica,UNIDADE DE VIGILANCIA DE ZOONOSES,"AVENIDA SAO GONCALO, 100, G2 KM 8 5, BOA VISTA - CEP 24466315",BOA VISTA,24466315,SAO GONCALO,330490,,,-22.814063545882522,-43.07286500930786,1244,M,021,04/07/2025
3304908214042,8214042,TECMED,TECMED CLINICA MEDICA E PSICOLOGICA LTDA,UBS / Atencao basica,UNIDADE BASICA DE SAUDE,"RUA DOUTOR FRANCISCO PORTELA, 2490, LOJA 102, CAMARAO - CEP 24436805",CAMARAO,24436805,SAO GONCALO,330490,21 975316021,TECMEDCLIN@GMAIL.COM,-22.825313,-43.053154,2062,M,001,06/04/2026
3304902291908,2291908,UBS DR HAROLDO PEREIRA NUNES,SECRETARIA MUNICIPAL DE SAUDE DE SAO GONCALO,UBS / Atencao basica,AMBULATORIO,"RUA CAPITAO JOAO MANOEL, 1357, PORTO NOVO - CEP 24435550",PORTO NOVO,24435550,SAO GONCALO,330490,,,-22.825111,-43.069111,1244,M,016,06/11/2025
3304902297302,2297302,USF ADOLFO LUTZ,SECRETARIA MUNICIPAL DE SAUDE DE SAO GONCALO,UBS / Atencao basica,UNIDADE BASICA DE SAUDE,"RUA NAZARIO MACHADO, S/N, PACHECO - CEP 24730550",PACHECO,24730550,SAO GONCALO,330490,,,-22.832472,-42.974917,1244,M,001,03/11/2025
3304905473632,5473632,USF AGENOR JOSE DA SILVA,SECRETARIA MUNICIPAL DE SAUDE DE SAO GONCALO,UBS / Atencao basica,UNIDADE BASICA DE SAUDE,"RUA EUGENIO FLOMENTIM, S/N, QD 230 42, JARDIM CATARINA - CEP 24716111",JARDIM CATARINA,24716111,SAO GONCALO,330490,,,-22.787139,-43.007222,1244,M,001,03/11/2025
3304905474760,5474760,USF AGUA MINERAL,SECRETARIA MUNICIPAL DE SAUDE DE SAO GONCALO,UBS / Atencao basica,UNIDADE BASICA DE SAUDE,"RUA SALVATORI, 2160, AGUA MINERAL - CEP 24744720",AGUA MINERAL,24744720,SAO GONCALO,330490,,,-22.842222,-43.024333,1244,M,001,03/11/2025
3304902291770,2291770,USF ALBERT SABIN,SECRETARIA MUNICIPAL DE SAUDE DE SAO GONCALO,UBS / Atencao basica,UNIDADE BASICA DE SAUDE,"ESTRADA DE ITAOCA, S/N, ITAOCA - CEP 24470137",ITAOCA,24470137,SAO GONCALO,330490,(21)26064727,,-22.775056,-43.0555,1244,M,001,03/11/2025
3304902291762,2291762,USF ALBERTO CONSTANTINO FARAH,SECRETARIA MUNICIPAL DE SAUDE DE SAO GONCALO,UBS / Atencao basica,UNIDADE BASICA DE SAUDE,"ESTRADA DA COVANCA, S/N, MUTUAPIRA - CEP 24461390",MUTUAPIRA,24461390,SAO GONCALO,330490,(21)27232212,,-22.803833,-43.031111,1244,M,001,25/03/2026
3304902291827,2291827,USF ALEXANDER FLEMING,SECRETARIA MUNICIPAL DE SAUDE DE SAO GONCALO,UBS / Atencao basica,UNIDADE BASICA DE SAUDE,"RUA ALFREDO BAHIENSE, S/N, BOACU - CEP 24467110",BOACU,24467110,SAO GONCALO,330490,,,-22.804889,-43.051889,1244,M,001,25/03/2026
3304905469953,5469953,USF ALMERINDA,SECRETARIA MUNICIPAL DE SAUDE DE SAO GONCALO,UBS / Atencao basica,UNIDADE BASICA DE SAUDE,"RUA JOSE JERONIMO DE MESQUITA, 11, ALMERINDA - CEP 24742160",ALMERINDA,24742160,SAO GONCALO,330490,,,-22.837583,-43.005833,1244,M,001,03/11/2025
3304902292009,2292009,USF ALTAIR DA SILVA,SECRETARIA MUNICIPAL DE SAUDE DE SAO GONCALO,UBS / Atencao basica,UNIDADE BASICA DE SAUDE,"RUA CORONEL FRANCISCO NUNES, S/N, MUTUA - CEP 24460380",MUTUA,24460380,SAO GONCALO,330490,,,-22.811301,-43.041291,1244,M,001,13/01/2026
3304902291614,2291614,USF ANA NERY,SECRETARIA MUNICIPAL DE SAUDE DE SAO GONCALO,UBS / Atencao basica,UNIDADE BASICA DE SAUDE,"RUA SILVIO VALLET, 18, GRADIM - CEP 24430660",GRADIM,24430660,SAO GONCALO,330490,(21)26159571,,-22.822639,-43.082139,1244,M,001,25/03/2026
3304904163036,4163036,USF ANAIA,SECRETARIA MUNICIPAL DE SAUDE DE SAO GONCALO,UBS / Atencao basica,UNIDADE BASICA DE SAUDE,"RUA CLODOMIRO ANTUNES DA COSTA, S/N, ARSENAL - CEP 24751360",ARSENAL,24751360,SAO GONCALO,330490,,,-22.860222,-43.002972,1244,M,001,03/11/2025
3304906000894,6000894,USF ANIBAL PORTO,SECRETARIA MUNICIPAL DE SAUDE DE SAO GONCALO,UBS / Atencao basica,UNIDADE BASICA DE SAUDE,"RUA JOAO DE ABREU, S/N, MONJOLOS - CEP 24723190",MONJOLOS,24723190,SAO GONCALO,330490,,,-22.817167,-42.939,1244,M,001,03/11/2025
3304903284611,3284611,USF ANTONINA CRUZEIRO DO SUL,SECRETARIA MUNICIPAL DE SAUDE DE SAO GONCALO,UBS / Atencao basica,UNIDADE BASICA DE SAUDE,"AVENIDA ABAETE, 175, ANTONINA - CEP 24445260",ANTONINA,24445260,SAO GONCALO,330490,,,-22.814639,-43.028667,1244,M,001,15/01/2026
3304906931324,6931324,USF APOLO III,SECRETARIA MUNICIPAL DE SAUDE DE SAO GONCALO,UBS / Atencao basica,UNIDADE BASICA DE SAUDE,"RUA ANISIO PEREIRA RODRIGUES, 753, QD 27, APOLO III - CEP 24727187",APOLO III,24727187,SAO GONCALO,330490,,,-22.780694,-42.943889,1244,M,001,03/11/2025
3304903029093,3029093,USF ARMANDO LEAO FERREIRA,SECRETARIA MUNICIPAL DE SAUDE DE SAO GONCALO,UBS / Atencao basica,UNIDADE BASICA DE SAUDE,"ALAMEDA ESTADOS UNIDOS, S/N, MORRO DO CASTRO - CEP 24410580",MORRO DO CASTRO,24410580,SAO GONCALO,330490,,,-22.86537,-43.069351,1244,M,001,08/01/2026
3304902291886,2291886,USF ARY TEIXEIRA,SECRETARIA MUNICIPAL DE SAUDE DE SAO GONCALO,UBS / Atencao basica,UNIDADE BASICA DE SAUDE,"RUA GENERAL SAVARI, S/N, MARAMBAIA - CEP 24726020",MARAMBAIA,24726020,SAO GONCALO,330490,(21)6232216,,-22.794583,-42.953361,1244,M,001,03/11/2025
3304903029107,3029107,USF BADGER SILVEIRA,SECRETARIA MUNICIPAL DE SAUDE DE SAO GONCALO,UBS / Atencao basica,UNIDADE BASICA DE SAUDE,"RUA ACACIO RAPOSO, S/N, TRIBOBO - CEP 24750120",TRIBOBO,24750120,SAO GONCALO,330490,26156874,,-22.853306,-43.030694,1244,M,001,15/12/2025
3304902291576,2291576,USF BANDEIRANTES,SECRETARIA MUNICIPAL DE SAUDE DE SAO GONCALO,UBS / Atencao basica,UNIDADE BASICA DE SAUDE,"RUA JOAQUIM LARANJEIRAS, S/N, BANDEIRANTES - CEP 24731050",BANDEIRANTES,24731050,SAO GONCALO,330490,,,-22.826101,-42.987816,1244,M,001,06/02/2026
3304902291894,2291894,USF BARBOSA LIMA SOBRINHO,SECRETARIA MUNICIPAL DE SAUDE DE SAO GONCALO,UBS / Atencao basica,UNIDADE BASICA DE SAUDE,"RUA ABILIO JOSE DE MATOS, S/N, PORTO DA PEDRA - CEP 24436000",PORTO DA PEDRA,24436000,SAO GONCALO,330490,,,-22.8185,-43.07,1244,M,001,05/11/2025
3304905474035,5474035,USF BENTO DA CRUZ,SECRETARIA MUNICIPAL DE SAUDE DE SAO GONCALO,UBS / Atencao basica,UNIDADE BASICA DE SAUDE,"RUA DOMINGOS CARVALHAES, S/N, PORTO NOVO - CEP 24435835",PORTO NOVO,24435835,SAO GONCALO,330490,,,-22.821694,-43.07775,1244,M,001,03/11/2025
3304903148505,3148505,USF BOCAYUVA CUNHA,SECRETARIA MUNICIPAL DE SAUDE DE SAO GONCALO,UBS / Atencao basica,UNIDADE BASICA DE SAUDE,"RUA CRUZEIRO DO SUL, 92, GRADIM - CEP 24430620",GRADIM,24430620,SAO GONCALO,330490,,,-22.82125,-43.083861,1244,M,001,03/11/2025
3304902291924,2291924,USF BRASILANDIA,SECRETARIA MUNICIPAL DE SAUDE DE SAO GONCALO,UBS / Atencao basica,UNIDADE BASICA DE SAUDE,"RUA PAES LEME, 235, BRASILANDIA - CEP 24465400",BRASILANDIA,24465400,SAO GONCALO,330490,,,-22.823333,-43.057306,1244,M,001,18/12/2025
3304902291568,2291568,USF CARLOS CHAGAS,SECRETARIA MUNICIPAL DE SAUDE DE SAO GONCALO,UBS / Atencao basica,UNIDADE BASICA DE SAUDE,"RUA EXPEDICIONARIO MANOEL CHAGAS, 3007, FAZENDA DOS MINEIROS - CEP 24473300",FAZENDA DOS MINEIROS,24473300,SAO GONCALO,330490,,,-22.780778,-43.02725,1244,M,001,03/11/2025
3304905473713,5473713,USF COELHO,SECRETARIA MUNICIPAL DE SAUDE DE SAO GONCALO,UBS / Atencao basica,UNIDADE BASICA DE SAUDE,"RUA CANDIDO REIS, 293, COELHO - CEP 24740110",COELHO,24740110,SAO GONCALO,330490,,,-22.832833,-42.996028,1244,M,001,03/11/2025
3304903029123,3029123,USF DAVID CAPISTRANO FILHO,SECRETARIA MUNICIPAL DE SAUDE DE SAO GONCALO,UBS / Atencao basica,UNIDADE BASICA DE SAUDE,"ESTRADA DA SAPUCAIA, S/N, SALGUEIRO - CEP 24473330",SALGUEIRO,24473330,SAO GONCALO,330490,,,-22.789944,-43.022,1244,M,001,03/11/2025
3304902297264,2297264,USF DOUTEL DE ANDRADE,SECRETARIA MUNICIPAL DE SAUDE DE SAO GONCALO,UBS / Atencao basica,UNIDADE BASICA DE SAUDE,"AVENIDA ODILON NORBERTO FERREIRA, S/N, MARIA PAULA - CEP 24754550",MARIA PAULA,24754550,SAO GONCALO,330490,,,-22.872917,-43.019583,1244,M,001,03/11/2025
3304905995191,5995191,USF DR JARDEL DO AMARAL,SECRETARIA MUNICIPAL DE SAUDE DE SAO GONCALO,UBS / Atencao basica,UNIDADE BASICA DE SAUDE,"RUA DR PORCIUNCULA, 395, VENDA DA CRUZ - CEP 24411005",VENDA DA CRUZ,24411005,SAO GONCALO,330490,,,-22.859722,-43.088139,1244,M,001,03/11/2025
3304903029077,3029077,USF DR JOSE BRUNO NETO,SECRETARIA MUNICIPAL DE SAUDE DE SAO GONCALO,UBS / Atencao basica,UNIDADE BASICA DE SAUDE,"RUA VERISSIMO DE SOUZA, S/N, BOA VISTA - CEP 24466035",BOA VISTA,24466035,SAO GONCALO,330490,,,-22.809944,-43.063278,1244,M,001,03/11/2025
3304906787851,6787851,USF ELZA BORGES,SECRETARIA MUNICIPAL DE SAUDE DE SAO GONCALO,UBS / Atencao basica,UNIDADE BASICA DE SAUDE,"RUA VISCONDE DE SEABRA, S/N, SANTA LUZIA - CEP 24721270",SANTA LUZIA,24721270,SAO GONCALO,330490,,,-22.79911,-42.983448,1244,M,001,03/11/2025
3304902291851,2291851,USF EMILIO RIBAS,SECRETARIA MUNICIPAL DE SAUDE DE SAO GONCALO,UBS / Atencao basica,UNIDADE BASICA DE SAUDE,"ESTRADA DO SACRAMENTO, S/N, SACRAMENTO - CEP 24735075",SACRAMENTO,24735075,SAO GONCALO,330490,,,-22.825472,-42.962917,1244,M,001,15/12/2025
3304903029085,3029085,USF ENF LUIZA DE MARILAC,SECRETARIA MUNICIPAL DE SAUDE DE SAO GONCALO,UBS / Atencao basica,UNIDADE BASICA DE SAUDE,"RUA GODOFREDO SIQUEIRA LEITE, S/N, NOVO MEXICO - CEP 24750145",NOVO MEXICO,24750145,SAO GONCALO,330490,,,-22.870111,-43.045806,1244,M,001,15/12/2025
3304905873983,5873983,USF ENGENHO PEQUENO,SECRETARIA MUNICIPAL DE SAUDE DE SAO GONCALO,UBS / Atencao basica,UNIDADE BASICA DE SAUDE,"RUA FELIX ANTONIO DA SILVA, 155, ENGENHO PEQUENO - CEP 24417580",ENGENHO PEQUENO,24417580,SAO GONCALO,330490,,,-22.847861,-43.048861,1244,M,001,15/12/2025
3304905936586,5936586,USF FLAVIO HENRIQUE DE BRITO,SECRETARIA MUNICIPAL DE SAUDE DE SAO GONCALO,UBS / Atencao basica,UNIDADE BASICA DE SAUDE,"RUA OSCAR GOMES, S/N, JOCKEY - CEP 24743340",JOCKEY,24743340,SAO GONCALO,330490,,,-22.847618,-42.998613,1244,M,001,15/12/2025
3304902291649,2291649,USF FLORENCA HELENA PEREIRA DA SILVA MARINS,SECRETARIA MUNICIPAL DE SAUDE DE SAO GONCALO,UBS / Atencao basica,UNIDADE BASICA DE SAUDE,"RUA GERONIMO PINA, S/N, LARGO DA IDEIA - CEP 24723510",LARGO DA IDEIA,24723510,SAO GONCALO,330490,,,-22.825056,-42.916861,1244,M,001,16/12/2025
3304905473659,5473659,USF FLORIANO BARBOSA,SECRETARIA MUNICIPAL DE SAUDE DE SAO GONCALO,UBS / Atencao basica,UNIDADE BASICA DE SAUDE,"RUA ALBINO IMPARATO, S/N, JARDIM CATARINA - CEP 24716454",JARDIM CATARINA,24716454,SAO GONCALO,330490,,,-22.799306,-43.004333,1244,M,001,15/12/2025
3304907923449,7923449,USF GEREMIAS DE MATTOS FONTES,SECRETARIA MUNICIPAL DE SAUDE DE SAO GONCALO,UBS / Atencao basica,UNIDADE BASICA DE SAUDE,"RUA LAUDELINO FREIRE, 247, BOM RETIRO - CEP 24722330",BOM RETIRO,24722330,SAO GONCALO,330490,,,-22.792722,-42.959806,1244,M,001,03/11/2025
3304902291665,2291665,USF GETULIO VARGAS,SECRETARIA MUNICIPAL DE SAUDE DE SAO GONCALO,UBS / Atencao basica,UNIDADE BASICA DE SAUDE,"RUA MINAS GERAIS, S/N, ROSANE - CEP 24465280",ROSANE,24465280,SAO GONCALO,330490,,,-22.818556,-43.057139,1244,M,001,03/11/2025
3304902291541,2291541,USF GLADYS RODRIGUES RAMOS FREITAS,SECRETARIA MUNICIPAL DE SAUDE DE SAO GONCALO,UBS / Atencao basica,UNIDADE BASICA DE SAUDE,"ESTRADA DA SERRINHA, S/N, SANTA ISABEL - CEP 24735480",SANTA ISABEL,24735480,SAO GONCALO,330490,,,-22.860888,-42.942333,1244,M,001,06/01/2026
3304902297329,2297329,USF HIPARCO FERREIRA,SECRETARIA MUNICIPAL DE SAUDE DE SAO GONCALO,UBS / Atencao basica,UNIDADE BASICA DE SAUDE,"ALAMEDA ALAGOAS, S/N, ENGENHO DO ROCADO - CEP 24752650",ENGENHO DO ROCADO,24752650,SAO GONCALO,330490,,,-22.88426,-42.983337,1244,M,001,03/11/2025
3304909058958,9058958,USF IPIIBA,SECRETARIA MUNICIPAL DE SAUDE DE SAO GONCALO,UBS / Atencao basica,UNIDADE BASICA DE SAUDE,"ESTRADA DE IPIIBA, S/N, CIEP 414, IPIIBA - CEP 24738416",IPIIBA,24738416,SAO GONCALO,330490,,,-22.87125,-42.975222,1244,M,001,03/11/2025
3304902291819,2291819,USF IRMA DULCE,SECRETARIA MUNICIPAL DE SAUDE DE SAO GONCALO,UBS / Atencao basica,UNIDADE BASICA DE SAUDE,"RUA DOMINGOS DAMASCENO DUARTE, 809, TRINDADE - CEP 24456422",TRINDADE,24456422,SAO GONCALO,330490,(21)26017833,,-22.809778,-43.016056,1244,M,001,03/11/2025
3304902291983,2291983,USF ITAUNA I,SECRETARIA MUNICIPAL DE SAUDE DE SAO GONCALO,UBS / Atencao basica,UNIDADE BASICA DE SAUDE,"TRAVESSA ERNESTINA PIRES, 100, ITAUNA - CEP 24474760",ITAUNA,24474760,SAO GONCALO,330490,,,-22.789551,-43.028769,1244,M,001,03/11/2025
3304905473608,5473608,USF ITAUNA II,SECRETARIA MUNICIPAL DE SAUDE DE SAO GONCALO,UBS / Atencao basica,UNIDADE BASICA DE SAUDE,"RUA JOSE MOURA E SILVA, 677, ITAUNA - CEP 24461590",ITAUNA,24461590,SAO GONCALO,330490,,,-22.796333,-43.029972,1244,M,001,17/12/2025
3304905473950,5473950,USF JARDIM ALCANTARA,SECRETARIA MUNICIPAL DE SAUDE DE SAO GONCALO,UBS / Atencao basica,UNIDADE BASICA DE SAUDE,"RUA ANISIO TEIXEIRA, 130, ALCANTARA - CEP 24710300",ALCANTARA,24710300,SAO GONCALO,330490,,,-22.825806,-43.003444,1244,M,001,15/12/2025
3304902297221,2297221,USF JARDIM CATARINA I,SECRETARIA MUNICIPAL DE SAUDE DE SAO GONCALO,UBS / Atencao basica,UNIDADE BASICA DE SAUDE,"AVENIDA ALBINO IMPARATO, S/N, JARDIM CATARINA - CEP 24716456",JARDIM CATARINA,24716456,SAO GONCALO,330490,,,-22.8115,-42.997861,1244,M,001,15/12/2025
3304905474000,5474000,USF JARDIM CATARINA V,SECRETARIA MUNICIPAL DE SAUDE DE SAO GONCALO,UBS / Atencao basica,UNIDADE BASICA DE SAUDE,"RUA FLORENTINO GEOVANI, S/N, LT26 202, JARDIM CATARINA - CEP 24716121",JARDIM CATARINA,24716121,SAO GONCALO,330490,,,-22.792556,-43.005,1244,M,001,18/12/2025
3304902291967,2291967,USF JARDIM CATARINA VII,SECRETARIA MUNICIPAL DE SAUDE DE SAO GONCALO,UBS / Atencao basica,UNIDADE BASICA DE SAUDE,"RUA MADEIRA FREITAS, 02, QD 81, JARDIM CATARINA - CEP 24715411",JARDIM CATARINA,24715411,SAO GONCALO,330490,,,-22.802917,-42.994167,1244,M,001,15/12/2025
3304902291673,2291673,USF JOAO GOULART,SECRETARIA MUNICIPAL DE SAUDE DE SAO GONCALO,UBS / Atencao basica,UNIDADE BASICA DE SAUDE,"RUA DOS MARFINS, S/N, JARDIM CATARINA - CEP 24715621",JARDIM CATARINA,24715621,SAO GONCALO,330490,,,-22.791994,-42.990082,1244,M,001,15/12/2025
3304902291711,2291711,USF JOSE AVELINO SOUZA,SECRETARIA MUNICIPAL DE SAUDE DE SAO GONCALO,UBS / Atencao basica,UNIDADE BASICA DE SAUDE,"RUA JOSE FRANCISCO BATISTA RIOS, S/N, TRIBOBO - CEP 24750290",TRIBOBO,24750290,SAO GONCALO,330490,,,-22.85909,-43.029665,1244,M,001,15/12/2025
3304909267352,9267352,USF JOSE JORGE CORTES FREITAS,SECRETARIA MUNICIPAL DE SAUDE DE SAO GONCALO,UBS / Atencao basica,UNIDADE BASICA DE SAUDE,"RUA CAPITAO ALBERTO SOARES, 50, SANTA ISABEL - CEP 24735830",SANTA ISABEL,24735830,SAO GONCALO,330490,,,-22.858417,-42.923472,1244,M,001,15/12/2025
3304902291622,2291622,USF JUAREZ ANTUNES,SECRETARIA MUNICIPAL DE SAUDE DE SAO GONCALO,UBS / Atencao basica,UNIDADE BASICA DE SAUDE,"RUA ALZIRA VARGAS, S/N, LARANJAL - CEP 24725060",LARANJAL,24725060,SAO GONCALO,330490,,,-22.815861,-42.974667,1244,M,001,15/12/2025
3304902291592,2291592,USF JUVENIL FRANCISCO RIBEIRO,SECRETARIA MUNICIPAL DE SAUDE DE SAO GONCALO,UBS / Atencao basica,UNIDADE BASICA DE SAUDE,"RUA BASILEIA, S/N, ZUMBI - CEP 24417320",ZUMBI,24417320,SAO GONCALO,330490,(21)26054999,,-22.847917,-43.055028,1244,M,001,15/12/2025
3304902291630,2291630,USF LOUIS PASTEUR,SECRETARIA MUNICIPAL DE SAUDE DE SAO GONCALO,UBS / Atencao basica,UNIDADE BASICA DE SAUDE,"RUA ZILDA SILVARES, S/N, GUAXINDIBA - CEP 24722234",GUAXINDIBA,24722234,SAO GONCALO,330490,,,-22.778278,-42.972528,1244,M,001,15/12/2025
3304902291703,2291703,USF LUIZ CARLOS PRESTES,SECRETARIA MUNICIPAL DE SAUDE DE SAO GONCALO,UBS / Atencao basica,UNIDADE BASICA DE SAUDE,"RUA EXPEDICIONARIO JOAO FRANCO, 35, SANTA CATARINA - CEP 24415230",SANTA CATARINA,24415230,SAO GONCALO,330490,,,-22.836944,-43.064278,1244,M,001,15/12/2025
3304902291738,2291738,USF LUIZ PAULO GUIMARAES,SECRETARIA MUNICIPAL DE SAUDE DE SAO GONCALO,UBS / Atencao basica,UNIDADE BASICA DE SAUDE,"RUA ARISTIDES LIMA, S/N, LAGOA SECA - CEP 24720130",LAGOA SECA,24720130,SAO GONCALO,330490,(21)26156591,,-22.814954,-42.986848,1244,M,001,25/03/2026
3304902292025,2292025,USF MADRE TERESA DE CALCUTA,SECRETARIA MUNICIPAL DE SAUDE DE SAO GONCALO,UBS / Atencao basica,UNIDADE BASICA DE SAUDE,"ESTRADA DO BOQUEIRAO PEQUENO, 1015, ESTRELA DO NORTE - CEP 24421783",ESTRELA DO NORTE,24421783,SAO GONCALO,330490,(21)27244685,,-22.824,-43.033139,1244,M,001,28/01/2026
3304902291878,2291878,USF MAHATMA GANDHI,SECRETARIA MUNICIPAL DE SAUDE DE SAO GONCALO,UBS / Atencao basica,UNIDADE BASICA DE SAUDE,"RUA FRANCISCO BARBEIRO, S/N, JARDIM CALIFORNIA - CEP 24460490",JARDIM CALIFORNIA,24460490,SAO GONCALO,330490,(21)37066382,,-22.814641,-43.04669,1244,M,001,15/01/2026
3304902291835,2291835,USF MANOEL DE ABREU,SECRETARIA MUNICIPAL DE SAUDE DE SAO GONCALO,UBS / Atencao basica,UNIDADE BASICA DE SAUDE,"ESTRADA DA MEIA NOITE, S/N, SACRAMENTO - CEP 24752225",SACRAMENTO,24752225,SAO GONCALO,330490,,,-22.845111,-42.959306,1244,M,001,15/12/2025
3304905469902,5469902,USF MARAMBAIA,SECRETARIA MUNICIPAL DE SAUDE DE SAO GONCALO,UBS / Atencao basica,UNIDADE BASICA DE SAUDE,"RUA ALMIRANTE SILVIO HECKER, 10, MARAMBAIA - CEP 24724470",MARAMBAIA,24724470,SAO GONCALO,330490,,,-22.797778,-42.955013,1244,M,001,15/12/2025
3304902291843,2291843,USF MARECHAL CANDIDO RONDON,SECRETARIA MUNICIPAL DE SAUDE DE SAO GONCALO,UBS / Atencao basica,UNIDADE BASICA DE SAUDE,"RUA JOSE CUSTODIO SAMPAIO, S/N, COLUBANDE - CEP 24744260",COLUBANDE,24744260,SAO GONCALO,330490,,,-22.846139,-43.012361,1244,M,001,15/12/2025
3304905473721,5473721,USF MARILEIA CARDOSO,SECRETARIA MUNICIPAL DE SAUDE DE SAO GONCALO,UBS / Atencao basica,UNIDADE BASICA DE SAUDE,"RUA WALDOMIRO LOPO, S/N, JOCKEY - CEP 24743000",JOCKEY,24743000,SAO GONCALO,330490,,,-22.842139,-42.994361,1244,M,001,16/01/2026
3304903284638,3284638,USF MUTONDO II,SECRETARIA MUNICIPAL DE SAUDE DE SAO GONCALO,UBS / Atencao basica,UNIDADE BASICA DE SAUDE,"RUA ANA BEATRIZ LESSA BARROS, 68, GALO BRANCO - CEP 24422640",GALO BRANCO,24422640,SAO GONCALO,330490,,,-22.82361,-43.02433,1244,M,001,15/12/2025
3304902292017,2292017,USF MUTUAGUACU,SECRETARIA MUNICIPAL DE SAUDE DE SAO GONCALO,UBS / Atencao basica,UNIDADE BASICA DE SAUDE,"RUA DAVID ALVES, S/N, MUTUAGUACU - CEP 24461340",MUTUAGUACU,24461340,SAO GONCALO,330490,,,-22.806444,-43.040944,1244,M,001,18/12/2025
3304902291754,2291754,USF NEUZA GOULART BRIZOLA,SECRETARIA MUNICIPAL DE SAUDE DE SAO GONCALO,UBS / Atencao basica,UNIDADE BASICA DE SAUDE,"ESTRADA DAS PALMEIRAS, S/N, PALMEIRAS - CEP 24475002",PALMEIRAS,24475002,SAO GONCALO,330490,,,-22.763028,-43.005306,1244,M,001,17/12/2025
3304905473993,5473993,USF NEVES I,SECRETARIA MUNICIPAL DE SAUDE DE SAO GONCALO,UBS / Atencao basica,UNIDADE BASICA DE SAUDE,"RUA MARECHAL FLORIANO PEIXOTO, 2306, NEVES - CEP 24425470",NEVES,24425470,SAO GONCALO,330490,,,-22.854528,-43.087056,1244,M,001,15/12/2025
3304902291932,2291932,USF NOVA CIDADE,SECRETARIA MUNICIPAL DE SAUDE DE SAO GONCALO,UBS / Atencao basica,UNIDADE BASICA DE SAUDE,"RUA PASTOR WALDEMAR ZARRO, 512, NOVA CIDADE - CEP 24455535",NOVA CIDADE,24455535,SAO GONCALO,330490,,,-22.809826,-43.021935,1244,M,001,18/12/2025
3304906000886,6000886,USF NOVA CIDADE II,SECRETARIA MUNICIPAL DE SAUDE DE SAO GONCALO,UBS / Atencao basica,UNIDADE BASICA DE SAUDE,"RUA RODRIGO MAGALHAES, 239, NOVA CIDADE - CEP 24455740",NOVA CIDADE,24455740,SAO GONCALO,330490,,,-22.801111,-43.024861,1244,M,001,16/01/2026
3304902291606,2291606,USF OSWALDO CRUZ,SECRETARIA MUNICIPAL DE SAUDE DE SAO GONCALO,UBS / Atencao basica,UNIDADE BASICA DE SAUDE,"RUA DOMINGOS DA COSTA, 88, AMENDOEIRA - CEP 24730090",AMENDOEIRA,24730090,SAO GONCALO,330490,(21)26156651,,-22.830389,-42.985806,1244,M,001,08/10/2025
3304906005217,6005217,USF PALMEIRAS II,SECRETARIA MUNICIPAL DE SAUDE DE SAO GONCALO,UBS / Atencao basica,UNIDADE BASICA DE SAUDE,"RUA DEPUTADO ANTONIO RIBEIRO PRADO, 03, CASA, PALMEIRAS - CEP 24476470",PALMEIRAS,24476470,SAO GONCALO,330490,,,-22.773583,-43.020806,1244,M,001,18/12/2025
3304905474019,5474019,USF PASTOR JOSE MARCOS ALVES,SECRETARIA MUNICIPAL DE SAUDE DE SAO GONCALO,UBS / Atencao basica,UNIDADE BASICA DE SAUDE,"AV PRESIDENTE HUMBERTO DE ALENCAR CASTELO BRANCO, 09, LINDO PARQUE - CEP 24420465",LINDO PARQUE,24420465,SAO GONCALO,330490,,,-22.834,-43.05,1244,M,001,17/12/2025
3304905469961,5469961,USF PITA,SECRETARIA MUNICIPAL DE SAUDE DE SAO GONCALO,UBS / Atencao basica,UNIDADE BASICA DE SAUDE,"RUA MENTOR COUTO, 925, PITA - CEP 24417215",PITA,24417215,SAO GONCALO,330490,,,-22.847887,-43.070076,1244,M,001,17/12/2025
3304907430582,7430582,USF PORTAO DO ROSA,SECRETARIA MUNICIPAL DE SAUDE DE SAO GONCALO,UBS / Atencao basica,UNIDADE BASICA DE SAUDE,"RUA ALFREDO BAHIENSE, S/N, PORTAO DO ROSA - CEP 24466460",PORTAO DO ROSA,24466460,SAO GONCALO,330490,,,-22.797139,-43.045639,1244,M,001,25/03/2026
3304906931375,6931375,USF QUINTA DOM RICARDO,SECRETARIA MUNICIPAL DE SAUDE DE SAO GONCALO,UBS / Atencao basica,UNIDADE BASICA DE SAUDE,"RUA GASTAO LAMURIER, 206, LT 3 E, SANTA IZABEL - CEP 24737850",SANTA IZABEL,24737850,SAO GONCALO,330490,,,-22.850556,-42.943278,1244,M,001,15/12/2025
3304902291797,2291797,USF ROBERT KOCH,SECRETARIA MUNICIPAL DE SAUDE DE SAO GONCALO,UBS / Atencao basica,UNIDADE BASICA DE SAUDE,"RUA COMANDANTE ARY PARREIRAS, S/N, PORTO DA MADAMA - CEP 24426675",PORTO DA MADAMA,24426675,SAO GONCALO,330490,26071091,,-22.834472,-43.0835,1244,M,001,15/12/2025
3304902291681,2291681,USF ROBERTO SILVEIRA,SECRETARIA MUNICIPAL DE SAUDE DE SAO GONCALO,UBS / Atencao basica,UNIDADE BASICA DE SAUDE,"RUA ITABAJARA, S/N, VISTA ALEGRE - CEP 24722080",VISTA ALEGRE,24722080,SAO GONCALO,330490,(21)26017751,,-22.803175,-42.965755,1244,M,001,15/12/2025
3304903284646,3284646,USF ROCHA,SECRETARIA MUNICIPAL DE SAUDE DE SAO GONCALO,UBS / Atencao basica,UNIDADE BASICA DE SAUDE,"RUA DOUTOR CASTRO FARIAS, 108, ROCHA - CEP 24421145",ROCHA,24421145,SAO GONCALO,330490,,,-22.831222,-43.038778,1244,M,001,17/12/2025
3304904248295,4248295,USF SALGUEIRO,SECRETARIA MUNICIPAL DE SAUDE DE SAO GONCALO,UBS / Atencao basica,UNIDADE BASICA DE SAUDE,"RUA RUBENS DORIA, 01, SALGUEIRO - CEP 24473386",SALGUEIRO,24473386,SAO GONCALO,330490,,,-22.781917,-43.022606,1244,M,001,18/12/2025
3304902297248,2297248,USF SANTA LUZIA,SECRETARIA MUNICIPAL DE SAUDE DE SAO GONCALO,UBS / Atencao basica,UNIDADE BASICA DE SAUDE,"AVENIDA SANTA LUZIA, S/N, SANTA LUZIA - CEP 24722315",SANTA LUZIA,24722315,SAO GONCALO,330490,26035397,,-22.8015,-42.982139,1244,M,001,15/12/2025
3304902702673,2702673,USF SAO MIGUEL,SECRETARIA MUNICIPAL DE SAUDE DE SAO GONCALO,UBS / Atencao basica,UNIDADE BASICA DE SAUDE,"RUA CAPITAO FELINTO DOS SANTOS, 75, SAO MIGUEL - CEP 24461070",SAO MIGUEL,24461070,SAO GONCALO,330490,,,-22.8164139,-43.03675,1244,M,001,18/12/2025
3304902291657,2291657,USF TANCREDO NEVES,SECRETARIA MUNICIPAL DE SAUDE DE SAO GONCALO,UBS / Atencao basica,UNIDADE BASICA DE SAUDE,"RUA VITAL BRASIL, S/N, LUIZ CACADOR - CEP 24456405",LUIZ CACADOR,24456405,SAO GONCALO,330490,,,-22.795972,-43.016722,1244,M,001,25/03/2026
3304909100989,9100989,USF VEREADOR JOSIAS MUNIZ,SECRETARIA MUNICIPAL DE SAUDE DE SAO GONCALO,UBS / Atencao basica,UNIDADE BASICA DE SAUDE,"ESTRADA DO ARRASTAO, S/N, ARSENAL - CEP 24753580",ARSENAL,24753580,SAO GONCALO,330490,,,-22.876833,-43.004083,1244,M,001,15/12/2025
3304906004512,6004512,USF VICTOR CHIMELLY,SECRETARIA MUNICIPAL DE SAUDE DE SAO GONCALO,UBS / Atencao basica,UNIDADE BASICA DE SAUDE,"RUA CAPITAO JOAO MONTEIRO, S/N, PAIVA - CEP 24426150",PAIVA,24426150,SAO GONCALO,330490,,,-22.845833,-43.095278,1244,M,001,06/01/2026
3304905935261,5935261,USF VILA CANDOZA,SECRETARIA MUNICIPAL DE SAUDE DE SAO GONCALO,UBS / Atencao basica,UNIDADE BASICA DE SAUDE,"ESTRADA DO COELHO, S/N, VILA CANDOZA - CEP 24740140",VILA CANDOZA,24740140,SAO GONCALO,330490,,,-22.846552,-42.982601,1244,M,001,15/12/2025
3304905473942,5473942,USF VILA LAGE,SECRETARIA MUNICIPAL DE SAUDE DE SAO GONCALO,UBS / Atencao basica,UNIDADE BASICA DE SAUDE,"TRAVESSA LUIZ ESTEVES, 86, BARRO VERMELHO - CEP 24415210",BARRO VERMELHO,24415210,SAO GONCALO,330490,,,-22.842278,-43.079417,1244,M,001,15/12/2025
3304905726956,5726956,USF VILA TRES,SECRETARIA MUNICIPAL DE SAUDE DE SAO GONCALO,UBS / Atencao basica,UNIDADE BASICA DE SAUDE,"RUA JANUARIO BARBOSA, 129, VILA TRES - CEP 24711170",VILA TRES,24711170,SAO GONCALO,330490,,,-22.81645,-42.995592,1244,M,001,15/12/2025
3304906127797,6127797,USF VISTA ALEGRE,SECRETARIA MUNICIPAL DE SAUDE DE SAO GONCALO,UBS / Atencao basica,UNIDADE BASICA DE SAUDE,"ESTRADA SAO PEDRO, 50, VISTA ALEGRE - CEP 24725270",VISTA ALEGRE,24725270,SAO GONCALO,330490,,,-22.812178,-42.96767,1244,M,001,15/12/2025
3304902291800,2291800,USF WALLY FIGUEIRA DA SILVA,SECRETARIA MUNICIPAL DE SAUDE DE SAO GONCALO,UBS / Atencao basica,UNIDADE BASICA DE SAUDE,"ESTRADA DO MALAFAIA, S/N, ROCHA - CEP 24422170",ROCHA,24422170,SAO GONCALO,330490,,,-22.835,-43.034111,1244,M,001,17/12/2025
3304906000843,6000843,USF ZE GAROTO,SECRETARIA MUNICIPAL DE SAUDE DE SAO GONCALO,UBS / Atencao basica,UNIDADE BASICA DE SAUDE,"AVENIDA PRESIDENTE KENNEDY, 140, ZE GAROTO - CEP 24440410",ZE GAROTO,24440410,SAO GONCALO,330490,21 2605-1909,,-22.826917,-43.056417,1244,M,001,17/12/2025
3305002989670,2989670,CENTRO DE SAUDE DO PESCADOR,MUNICIPIO DE SAO JOAO DA BARRA,UBS / Atencao basica,AMBULATORIO,"RUA JORGE MOREIRA DA COSTA, 16, ATAFONA - CEP 28200000",ATAFONA,28200000,SAO JOAO DA BARRA,330500,,,-21.6226191,-41.0154725,1244,M,016,04/02/2025
3305002296063,2296063,CENTRO JOSE FELIX DE SA,MUNICIPIO DE SAO JOAO DA BARRA,UBS / Atencao basica,UNIDADE BASICA DE SAUDE,"RUA JOAO FRANCISCO DE ALMEIDA, 200, CENTRO - CEP 28200000",CENTRO,28200000,SAO JOAO DA BARRA,330500,,,-21.6403679125,-41.0490789124,1244,M,001,12/08/2025
3305007097506,7097506,ESF ACU,MUNICIPIO DE SAO JOAO DA BARRA,UBS / Atencao basica,UNIDADE BASICA DE SAUDE,"RUA MARIA CLARINDA, S/N, PRAIA DO ACU - CEP 28200000",PRAIA DO ACU,28200000,SAO JOAO DA BARRA,330500,,,-21.627492,-41.051453,1244,M,001,14/05/2025
3305002295989,2295989,ESF ATAFONA,MUNICIPIO DE SAO JOAO DA BARRA,UBS / Atencao basica,UNIDADE BASICA DE SAUDE,"AV NOSSA SRA DA PENHA, 88, ATAFONA - CEP 28200000",ATAFONA,28200000,SAO JOAO DA BARRA,330500,,,-21.622524,-41.016647,1244,M,001,23/02/2026
3305007576447,7576447,ESF BARCELOS,MUNICIPIO DE SAO JOAO DA BARRA,UBS / Atencao basica,UNIDADE BASICA DE SAUDE,"RUA GREGORIO PRUDENCIO DE AZEVEDO, S/N, BARCELOS - CEP 28200000",BARCELOS,28200000,SAO JOAO DA BARRA,330500,,,-21.7386446,-41.1868152,1244,M,001,05/06/2025
3305002286270,2286270,ESF CAJUEIRO,MUNICIPIO DE SAO JOAO DA BARRA,UBS / Atencao basica,UNIDADE BASICA DE SAUDE,"RODOVIA BR 356, S/N, CAJUEIRO - CEP 28200000",CAJUEIRO,28200000,SAO JOAO DA BARRA,330500,2227415750,saude@sjb.rj.gov.br,-21.6296556,-41.0323088,1244,M,001,30/09/2025
3305005975603,5975603,ESF CAMPO DE AREIA,MUNICIPIO DE SAO JOAO DA BARRA,UBS / Atencao basica,UNIDADE BASICA DE SAUDE,"ESTRADA PRINCIPAL, S/N, CAMPO DE AREIA - CEP 28200000",CAMPO DE AREIA,28200000,SAO JOAO DA BARRA,330500,,,-21.640431,-41.050389,1244,M,001,20/05/2025
3305005971209,5971209,ESF CARRAPICHO,MUNICIPIO DE SAO JOAO DA BARRA,UBS / Atencao basica,UNIDADE BASICA DE SAUDE,"RUA EUCLIDES GONCALVES RODRIGUES, S/N, CARRAPICHO, ATAFONA - CEP 28200000",ATAFONA,28200000,SAO JOAO DA BARRA,330500,,SAUDE@SJB.RJ.GOV.BR,-21.640653,-41.0503499,1244,M,001,21/10/2025
3305006817076,6817076,ESF GRUSSAI,MUNICIPIO DE SAO JOAO DA BARRA,UBS / Atencao basica,UNIDADE BASICA DE SAUDE,"RUA ARI DE SOUZA FREITAS, 10, GRUSSAI - CEP 28200000",GRUSSAI,28200000,SAO JOAO DA BARRA,330500,,,-21.6404673,-41.0503383,1244,M,001,20/05/2025
3305009414924,9414924,ESF LAGOA DE GRUSSAI,MUNICIPIO DE SAO JOAO DA BARRA,UBS / Atencao basica,UNIDADE BASICA DE SAUDE,"AV AFONSO NUNES DE SOUZA, S/N, GRUSSAI - CEP 28200000",GRUSSAI,28200000,SAO JOAO DA BARRA,330500,,esflagoadegrussai@gmail.com,-21.6404213,-41.0503311,1244,M,001,05/08/2025
3305006882439,6882439,ESF MATO ESCURO,MUNICIPIO DE SAO JOAO DA BARRA,UBS / Atencao basica,UNIDADE BASICA DE SAUDE,"RUA PROJETADA, S/N, MATO ESCURO - CEP 28200000",MATO ESCURO,28200000,SAO JOAO DA BARRA,330500,,esfpoliclinicamatoescuro@gmail.com,-21.6857855,-41.0303575,1244,M,001,15/12/2025
3305005526922,5526922,ESF NOVA SAO JOAO DA BARRA,MUNICIPIO DE SAO JOAO DA BARRA,UBS / Atencao basica,UNIDADE BASICA DE SAUDE,"MANOEL JOSE RIBEIRO, 14, NOVA SAO JOAO DA BAR - CEP 28200000",NOVA SAO JOAO DA BAR,28200000,SAO JOAO DA BARRA,330500,,,-21.6353174,-41.0476318,1244,M,001,05/06/2025
3305002296012,2296012,ESF PALACETE,MUNICIPIO DE SAO JOAO DA BARRA,UBS / Atencao basica,UNIDADE BASICA DE SAUDE,"AV MIGUEL ALVES MAGALHAES, S/N, PALACETE - CEP 28200000",PALACETE,28200000,SAO JOAO DA BARRA,330500,,,-21.64044,-41.0503323,1244,M,001,20/05/2025
3305006917712,6917712,ESF SEDE,MUNICIPIO DE SAO JOAO DA BARRA,UBS / Atencao basica,UNIDADE BASICA DE SAUDE,"RUA CORONEL TEIXEIRA, 91, CENTRO - CEP 28200000",CENTRO,28200000,SAO JOAO DA BARRA,330500,,,-21.635821209214562,-41.04891233401812,1244,M,001,18/09/2025
3305002296004,2296004,UBS QUIXABA,MUNICIPIO DE SAO JOAO DA BARRA,UBS / Atencao basica,UNIDADE BASICA DE SAUDE,"RUA PRINCIPAL, S/N, QUIXABA - CEP 28200000",QUIXABA,28200000,SAO JOAO DA BARRA,330500,2227206031,,-21.640257,-41.050428,1244,M,001,18/07/2025
3305002296047,2296047,UBS SABONETE,MUNICIPIO DE SAO JOAO DA BARRA,UBS / Atencao basica,UNIDADE BASICA DE SAUDE,"RUA PRINCIPAL, S/N, SABONETE - CEP 28200000",SABONETE,28200000,SAO JOAO DA BARRA,330500,,,-21.640355,-41.050448,1244,M,001,18/07/2025
3305100034185,0034185,ASSOCIACAO DOS PROFISSIONAIS DE SAUDE E EDUCACAO DESPERTAR,ASSOCIACAO DOS PROFISSIONAIS DE SAUDE E EDUCACAO DESPERTAR,UBS / Atencao basica,UNIDADE BASICA DE SAUDE,"AVENIDA AUTOMOVEL CLUBE, 63, SALA 109 110, AGOSTINHO PORTO - CEP 25515125",AGOSTINHO PORTO,25515125,SAO JOAO DE MERITI,330510,2127867416,DIRETORIA@ASSOCIACAODESPERTAR.ORG,-22.8041934695119,-43.36719989776611,3999,M,001,19/03/2026
3305102274876,2274876,CENTRO DE SAUDE ANIBAL VIRIATO DE AZEVEDO,SECRETARIA MUNICIPAL DE SAUDE,UBS / Atencao basica,AMBULATORIO,"RUA PASTOR JOAQUIM DA ROSA, S/N, VILAR DOS TELES - CEP 25555681",VILAR DOS TELES,25555681,SAO JOAO DE MERITI,330510,26511205,,-22.802472561357455,-43.372156620025635,1244,M,016,06/04/2026
3305102283964,2283964,MINI POSTO PARQUE ALIAN,SECRETARIA MUNICIPAL DE SAUDE DE SAO JOAO DE MERITI,UBS / Atencao basica,UNIDADE BASICA DE SAUDE,"RUA JASPEN, S/N, PARQUE ALIAN - CEP 25555000",PARQUE ALIAN,25555000,SAO JOAO DE MERITI,330510,21 26511220,andrecirino8@hotmail.com,-22.8041934695119,-43.37202787399292,1244,M,001,25/03/2026
3305102284073,2284073,POSTO MEDICO SANITARIO VILA UNIAO,SECRETARIA MUNICIPAL DE SAUDE DE SAO JOAO DE MERITI,UBS / Atencao basica,UNIDADE BASICA DE SAUDE,"RUA ALVARO PROENCA, S/N, VILA UNIAO - CEP 25530100",VILA UNIAO,25530100,SAO JOAO DE MERITI,330510,,esfdavilauniao@gmail.com,-22.804173689081857,-43.37202787399292,1244,M,001,25/03/2026
3305100447846,0447846,RESILIDENTE CLINICA ODONTOLOGICA,RESILIDENTE CLINICA ODONTOLOGICA EIRELI,UBS / Atencao basica,UNIDADE BASICA DE SAUDE,"RUA GESSYR GONCALVES FONTES, 115, SALA 1006 E 1007, CENTRO - CEP 25520570",CENTRO,25520570,SAO JOAO DE MERITI,330510,,,-22.8030785,-43.3718762,2062,M,001,19/03/2026
3305104948149,4948149,TAGARELA TERAPIA,AC FONOAUDIOLOGIA LTDA,UBS / Atencao basica,UNIDADE BASICA DE SAUDE,"RUA CLAUDIONOR PERI, 86, SALA 16, VILAR DOS TELES - CEP 25555831",VILAR DOS TELES,25555831,SAO JOAO DE MERITI,330510,21968521130,SILVA_ANACLAUDIA@YAHOO.COM,-22.7768323412584,-43.361687564615416,2062,M,001,26/12/2024
3305104253922,4253922,UNIDADE BASICA DE SAUDE MARIA DA GLORIA COSTA GUARANI,MUNICIPIO DE SAO JOAO DE MERITI,UBS / Atencao basica,UNIDADE BASICA DE SAUDE,"RUA JOAO VENANCIO DA ROSA, S/N, JARDIM METROPOLE - CEP 25575241",JARDIM METROPOLE,25575241,SAO JOAO DE MERITI,330510,,,-22.80239343862091,-43.37207078933716,1244,M,001,25/03/2026
3305102274671,2274671,UNIDADE DE FAMILIA DE GATO PRETO,SECRETARIA MUNICIPAL DE SAUDE DE SAO JOAO DE MERITI,UBS / Atencao basica,UNIDADE BASICA DE SAUDE,"RUA CECI, S/N, EDEN - CEP 25535120",EDEN,25535120,SAO JOAO DE MERITI,330510,,,-22.7986426,-43.4006493,1244,M,001,25/03/2026
3305103575241,3575241,UNIDADE DE SAUDE DA FAMILIA CARMEM BANDEIRA DE MELLO,SECRETARIA MUNICIPAL DE SAUDE DE SAO JOAO DE MERITI,UBS / Atencao basica,UNIDADE BASICA DE SAUDE,"RUA TIBAGI, S/N, JARDIM METROPOLES - CEP 25571201",JARDIM METROPOLES,25571201,SAO JOAO DE MERITI,330510,( ),,-22.7612964,-43.335633,1244,M,001,25/03/2026
3305106394310,6394310,UNIDADE DE SAUDE DA FAMILIA DE VENDA VELHA,SECRETARIA MUNICIPAL DE SAUDE DE SAO JOAO DE MERITI,UBS / Atencao basica,UNIDADE BASICA DE SAUDE,"AVENIDA ESTACIO DE SA, S/N, LT 35 QD 31, PARQUE NOVO RIO - CEP 25585000",PARQUE NOVO RIO,25585000,SAO JOAO DE MERITI,330510,,waldez.silva@hotmail.com,-22.804173689081857,-43.372414112091064,1244,M,001,25/03/2026
3305106230393,6230393,UNIDADE DE SAUDE DA FAMILIA DE VILA JURANDIR,UNIDADE DE SAUDE DA FAMILIA DE VILA JURANDIR,UBS / Atencao basica,UNIDADE BASICA DE SAUDE,"R JOAQUIM COUTO, S/N, VILA JURANDIR - CEP 25540370",VILA JURANDIR,25540370,SAO JOAO DE MERITI,330510,,simonepostovj@gmail.com,-22.804213249939068,-43.37280035018921,1244,M,001,25/03/2026
3305103575284,3575284,UNIDADE DE SAUDE DA FAMILIA DR JORGE TANNUS REJAME,SECRETARIA MUNICIPAL DE SAUDE,UBS / Atencao basica,UNIDADE BASICA DE SAUDE,"RUA FERNANDO DE QUEIROS, S/N, JARDIM METROPOLES - CEP 25571210",JARDIM METROPOLES,25571210,SAO JOAO DE MERITI,330510,,,-22.7628886,-43.3402966,1244,M,001,25/03/2026
3305103537803,3537803,UNIDADE DE SAUDE DA FAMILIA JACKSON MARTINS,SECRETARIA MUNICIPAL DE SAUDE DE SAO JOAO DE MERITI,UBS / Atencao basica,UNIDADE BASICA DE SAUDE,"AV SARAPUI, S/N, LT 50 Q 607, VILAR DOS TELES - CEP 25560300",VILAR DOS TELES,25560300,SAO JOAO DE MERITI,330510,,marcossilvapr@hotmail.com,-22.804153908648942,-43.37198495864868,1244,M,001,25/03/2026
3305100554731,0554731,UNIDADE DE SAUDE DA FAMILIA JACY ALVES DOS SANTOS JUNIOR,MUNICIPIO DE SAO JOAO DE MERITI,UBS / Atencao basica,UNIDADE BASICA DE SAUDE,"AVENIDA COMENDADOR TELES, 09, VILAR DOS TELES - CEP 25561161",VILAR DOS TELES,25561161,SAO JOAO DE MERITI,330510,,,-22.7758081,-43.3614945,1244,M,001,25/03/2026
3305102274892,2274892,UNIDADE DE SAUDE DA FAMILIA MORRO DAS PEDRAS,SECRETARIA MUNICIPAL DE SAUDE DE SAO JOAO DE MERITI,UBS / Atencao basica,UNIDADE BASICA DE SAUDE,"RUA MORRO DAS PEDRAS, S/N, VILAR DOS TELES - CEP 25580000",VILAR DOS TELES,25580000,SAO JOAO DE MERITI,330510,21 27522161,marcoaurelioaleixo@hotmail.com,-22.804134128213164,-43.37202787399292,1244,M,001,25/03/2026
3305102284022,2284022,UNIDADE DE SAUDE DA FAMILIA PARQUE ARARUAMA,SECRETARIA MUNICIPAL DE SAUDE DE SAO JOAO DE MERITI,UBS / Atencao basica,UNIDADE BASICA DE SAUDE,"RUA DIONISIO ROCHA, 207, PARQUE ARARUAMA - CEP 25585000",PARQUE ARARUAMA,25585000,SAO JOAO DE MERITI,330510,,lujuriti@yahoo.com,-22.804173689081857,-43.37198495864868,1244,M,001,25/03/2026
3305102283999,2283999,UNIDADE DE SAUDE DA FAMILIA TUCAO,SECRETARIA MUNICIPAL DE SAUDE DE SAO JOAO DE MERITI,UBS / Atencao basica,UNIDADE BASICA DE SAUDE,"AVENIDA AUTOMOVEL CLUBE, S/N, JARDIM NOIA - CEP 25560000",JARDIM NOIA,25560000,SAO JOAO DE MERITI,330510,,rosabemquerer@gmail,-22.80423303036337,-43.37224245071411,1244,M,001,25/03/2026
3305102284006,2284006,UNIDADE DE SAUDE DA FAMILIA VILA NORMA,SECRETARIA MUNICIPAL DE SAUDE DE SAO JOAO DE MERITI,UBS / Atencao basica,UNIDADE BASICA DE SAUDE,"RUA HIGINO MARZO, S/N, LT01 QD F, VILA NORMA - CEP 25530520",VILA NORMA,25530520,SAO JOAO DE MERITI,330510,,unidade.vilanorma@gmail.com,-22.7919859,-43.4083772,1244,M,001,25/03/2026
3305102284030,2284030,UNIDADE DE SAUDE DA FAMILIA VILA ROSALI,SECRETARIA MUNICIPAL DE SAUDE DE SAO JOAO DE MERITI,UBS / Atencao basica,UNIDADE BASICA DE SAUDE,"AV SALOMAO FERREIRA, S/N, VILA ROSALY - CEP 25510000",VILA ROSALY,25510000,SAO JOAO DE MERITI,330510,,,-22.804114347774508,-43.37198495864868,1244,M,001,06/11/2025
3305102284049,2284049,UNIDADE DE SAUDE DE FAMILIA VALERIO VILAS BOAS FILHO,SECRETARIA MUNICIPAL DE SAUDE DE SAO JOAO DE MERITI,UBS / Atencao basica,UNIDADE BASICA DE SAUDE,"RUA MANOEL CUNHA, 61, COELHO DA ROCHA - CEP 25545000",COELHO DA ROCHA,25545000,SAO JOAO DE MERITI,330510,,,-22.7774451,-43.391178,1244,M,001,25/03/2026
3305100279188,0279188,USB PARQUE JOSE BONIFACIO ALMIR GONCALVES SILVA,MUNICIPIO DE SAO JOAO DE MERITI,UBS / Atencao basica,UNIDADE BASICA DE SAUDE,"AVENIDA BELA VISTA, S/N, JARDIM JOSE BONIFACI - CEP 25565165",JARDIM JOSE BONIFACI,25565165,SAO JOAO DE MERITI,330510,,psalmirgoncalves@gmail.com,-22.7932861,-43.3614759,1244,M,001,25/03/2026
3305100554685,0554685,USB VILA TIRADENTES,MUNICIPIO DE SAO JOAO DE MERITI,UBS / Atencao basica,UNIDADE BASICA DE SAUDE,"RUA DOUTOR JOSE DE CARVALHO, 162, VILA TIRADENTES - CEP 25525250",VILA TIRADENTES,25525250,SAO JOAO DE MERITI,330510,,,-22.804134128213164,-43.3720064163208,1244,M,001,25/03/2026
3305132292254,2292254,ESTRATEGIA DA SAUDE DA FAMILIA ANALIA FIQUEIRA LESSA,SECRETARIA MUNICIPAL DE SAUDE DE SAO JOSE DE UBA,UBS / Atencao basica,UNIDADE BASICA DE SAUDE,"RUA PRINCIPAL, S/N, SANTA MARIA, ZONA RURAL - CEP 28455140",ZONA RURAL,28455140,SAO JOSE DE UBA,330513,,,-21.384865,-41.903764,1244,M,001,13/11/2025
3305132292238,2292238,ESTRATEGIA DA SAUDE DA FAMILIA ESF ANTONIO MORAES FILHO,SECRETARIA MUNICIPAL DE SAUDE DE SAO JOSE DE UBA,UBS / Atencao basica,UNIDADE BASICA DE SAUDE,"RUA JUCA NETO, 323, CENTRO, MORRO DO PINHAO - CEP 28455210",MORRO DO PINHAO,28455210,SAO JOSE DE UBA,330513,,,-21.357713,-41.941719,1244,M,001,13/11/2025
3305137596006,7596006,ESTRATEGIA DA SAUDE DA FAMILIA ESF DR EVERARDO TRAVASSOS,SECRETARIA MUNICIPAL DE SAUDE DE SAO JOSE DE UBA,UBS / Atencao basica,UNIDADE BASICA DE SAUDE,"AV GIL GODINHO DE OLIVEIRA, S/N, CENTRO, CENTRO - CEP 28455300",CENTRO,28455300,SAO JOSE DE UBA,330513,,,-21.3579242,-41.9384537,1244,M,001,24/02/2026
3305135523982,5523982,ESTRATEGIA DA SAUDE DA FAMILIA ESF WASHINGTON BISMARCK NEY,SECRETARIA MUNICIPAL DE SAUDE DE SAO JOSE DE UBA,UBS / Atencao basica,UNIDADE BASICA DE SAUDE,"RUA ROQUE ROSA VIEIRA, S/N, CENTRO - CEP 28455120",CENTRO,28455120,SAO JOSE DE UBA,330513,,,-21.3609965,-41.9447664,1244,M,001,24/02/2026
3305157611439,7611439,CENTRO DE SAUDE MENTAL,SECRETARIA MUNICIPAL DE SAUDE DE SAO JOSE VALE DO RIO PRETO,UBS / Atencao basica,UNIDADE DE ATENCAO PSICOSSOCIAL,"PRACA JOAO WERNECK, S/N, CENTRO - CEP 25780000",CENTRO,25780000,SAO JOSE DO VALE DO RIO PRETO,330515,2422242157,saojosesaude@gmail.com,-22.151696206155066,-42.92356789112091,1244,M,017,31/10/2025
3305152267357,2267357,UNIDADE DE SAUDE DA FAMILIA DE BARRINHA,SECRETARIA MUNICIPAL DE SAUDE SJVRP,UBS / Atencao basica,UNIDADE BASICA DE SAUDE,"EST SILVEIRA DA MOTTA, S/N, BARRINHA - CEP 25780000",BARRINHA,25780000,SAO JOSE DO VALE DO RIO PRETO,330515,(24)22241000,,-22.199127099676602,-43.019553422927856,1244,M,001,18/09/2025
3305152267373,2267373,UNIDADE DE SAUDE DA FAMILIA DE BOA VISTA,SECRETARIA MUNICIPAL DE SAUDE DE SAO JOSE VALE DO RIO PRETO,UBS / Atencao basica,UNIDADE BASICA DE SAUDE,"EST DA BOA VISTA SERRA DO CAPIM, S/N, BOA VISTA - CEP 25780000",BOA VISTA,25780000,SAO JOSE DO VALE DO RIO PRETO,330515,(24)22241000,,-22.149649184146707,-42.88096904754639,1244,M,001,31/10/2025
3305152267438,2267438,UNIDADE DE SAUDE DA FAMILIA DE CONTENDAS,SECRETARIA MUNICIPAL DE SAUDE SAO JOSE VALE DO RIO PRETO,UBS / Atencao basica,UNIDADE BASICA DE SAUDE,"EST SILVEIRA DA MOTTA, S/N, CONTENDAS - CEP 25780000",CONTENDAS,25780000,SAO JOSE DO VALE DO RIO PRETO,330515,(24)22246451,,-22.177100152368954,-42.98057824373245,1244,M,001,18/09/2025
3305153082180,3082180,UNIDADE DE SAUDE DA FAMILIA DE JAGUARA,SECRETARIA MUNICIPAL DE SAUDE DE SAO JOSE VALE DO RIO PRETO,UBS / Atencao basica,UNIDADE BASICA DE SAUDE,"ESTR SILVEIRA DA MOTTA, S/N, JAGUARA - CEP 25780000",JAGUARA,25780000,SAO JOSE DO VALE DO RIO PRETO,330515,(24)22241516,,-22.18863685216815,-42.985408902168274,1244,M,001,18/09/2025
3305152704609,2704609,UNIDADE DE SAUDE DA FAMILIA DE POUSO ALEGRE,SECRETARIA MUNICIPAL DE SAUDE DE SAO JOSE VALE DO RIO PRETO,UBS / Atencao basica,UNIDADE BASICA DE SAUDE,"ESTRADA JOSE OLIVEIRA DE MEDEIROS, S/N, POUSO ALEGRE - CEP 25780000",POUSO ALEGRE,25780000,SAO JOSE DO VALE DO RIO PRETO,330515,(24)22241516,,-22.130581,-42.904722690582275,1244,M,001,03/11/2025
3305152267411,2267411,UNIDADE DE SAUDE DA FAMILIA DE ROCADINHO,SECRETARIA MUNICIPAL DE SAUDE DE SAO JOSE VALE DO RIO PRETO,UBS / Atencao basica,UNIDADE BASICA DE SAUDE,"ESTRADA AFONSO RODRIGUES BITTENCOURT, S/N, ROCADINHO - CEP 25780000",ROCADINHO,25780000,SAO JOSE DO VALE DO RIO PRETO,330515,(24)22244327,,-22.18592475731555,-42.931952476501465,1244,M,001,20/02/2026
3305152267330,2267330,UNIDADE DE SAUDE DA FAMILIA DE SAO LOURENCO,SECRETARIA MUNICIPAL DE SAUDE DE SAO JOSE VALE DO RIO PRETO,UBS / Atencao basica,UNIDADE BASICA DE SAUDE,"EST DE SAO LOURENCO, S/N, SAO LOURENCO - CEP 25780000",SAO LOURENCO,25780000,SAO JOSE DO VALE DO RIO PRETO,330515,(24)22241000,,-22.1338334452722,-42.93533742427826,1244,M,001,18/09/2025
3305155618207,5618207,UNIDADE DE SAUDE DA FAMILIA DO CENTRO,SECRETARIA MUNICIPAL DE SAUDE SAO JOSE DO VALE DO RIO PRETO,UBS / Atencao basica,UNIDADE BASICA DE SAUDE,"RUA ENGENHEIRO FULLER TREDJET, 31, PARQUE VERA LUCIA - CEP 25780000",PARQUE VERA LUCIA,25780000,SAO JOSE DO VALE DO RIO PRETO,330515,2422242249,,-22.15490579722677,-42.92924880981445,1244,M,001,20/02/2026
3305207519931,7519931,CENTRO DE ATENDIMENTO A MULHER PAISMCA,SECRETARIA MUNICIPAL DE SAUDE DE SAO PEDRO DA ALDEIA,UBS / Atencao basica,UNIDADE BASICA DE SAUDE,"RUA ANTONIO BENEDITO SIQUEIRA, 387, APTO, CENTRO - CEP 28941070",CENTRO,28941070,SAO PEDRO DA ALDEIA,330520,22 2627 6687,sesau@pmspa.gov.br,-22.836229050971717,-42.09953427314758,1031,M,001,17/06/2025
3305202280450,2280450,UNIDADE BASICA DE SAUDE BALNEARIO,SECRETARIA MUNICIPAL DE SAUDEDE SAO PEDRO DA ALDEIA,UBS / Atencao basica,UNIDADE BASICA DE SAUDE,"RUA SAO JORGE, S/N, CASA, BALNEARIO - CEP 28948894",BALNEARIO,28948894,SAO PEDRO DA ALDEIA,330520,22 2627 6687,sesau@pmspa.gov.br,-22.83520565074256,-42.13788986206055,1031,M,001,27/12/2024
3305207985797,7985797,UNIDADE BASICA DE SAUDE CENTRO MOSSORO,SECRETARIA MUNICIPAL DE SAUDE DE SAO PEDRO DA ALDEIA RJ,UBS / Atencao basica,UNIDADE BASICA DE SAUDE,"RUA RAMIRO ANTUNES, S/N, CASA, MOSSORO - CEP 28941070",MOSSORO,28941070,SAO PEDRO DA ALDEIA,330520,22 2627 6687,,-22.8489582,-42.1005053,1031,M,001,09/05/2024
3305202280426,2280426,UNIDADE BASICA DE SAUDE CRUZ,SECRETARIA MUNICIPAL DE SAUDE DE SAO PEDRO DA ALDEIA,UBS / Atencao basica,UNIDADE BASICA DE SAUDE,"ESTRADA DA CRUZ, S/N, CASA, CRUZ - CEP 28946195",CRUZ,28946195,SAO PEDRO DA ALDEIA,330520,22 26276687,saudespa@htmail.com,-22.804579187323828,-42.131474018096924,1031,M,001,12/02/2026
3305200421138,0421138,UNIDADE BASICA DE SAUDE ESTACAO,SECRETARIA MUNICIPAL DE SAUDE DE SAO PEDRO DA ALDEIA RJ,UBS / Atencao basica,UNIDADE BASICA DE SAUDE,"RUA JOAQUIM RODRIGUES MILAGRES, 52, CASA, ESTACAO - CEP 28941232",ESTACAO,28941232,SAO PEDRO DA ALDEIA,330520,22 2627 6687,,-22.830413,-42.1054378,1031,M,001,18/11/2025
3305202280515,2280515,UNIDADE BASICA DE SAUDE FLUMINENSE,SECRETARIA MUNICIPAL DE SAUDE DE SAO PEDRO DA ALDEIA,UBS / Atencao basica,UNIDADE BASICA DE SAUDE,"RUA REZENDE, 54, CASA, FLUMINENSE - CEP 28941376",FLUMINENSE,28941376,SAO PEDRO DA ALDEIA,330520,22 2627 6687,saudespa@hotmail.com,-22.83010336664203,-42.09482431411743,1031,M,001,27/12/2024
3305202280434,2280434,UNIDADE BASICA DE SAUDE POCO FUNDO,SECRETARIA MUNICIPAL DE SAUDE DE SAO PEDRO DA ALDEIA,UBS / Atencao basica,UNIDADE BASICA DE SAUDE,"ESTRADA DO BOQUEIRAO, S/N, CASA, POCO FUNDO - CEP 28940330",POCO FUNDO,28940330,SAO PEDRO DA ALDEIA,330520,22 2627 6687,sesau@pmspa.gov.br,-22.8653712,-42.1116066,1031,M,001,01/08/2025
3305205625947,5625947,UNIDADE BASICA DE SAUDE PORTO DA ALDEIA,SECRETARIA MUNICIPAL DE SAUDE DE SAO PEDRO DA ALDEIA RJ,UBS / Atencao basica,UNIDADE BASICA DE SAUDE,"AVENIDA SAPUTIABA, 35, CASA, PORTO DA ALDEIA - CEP 28940468",PORTO DA ALDEIA,28940468,SAO PEDRO DA ALDEIA,330520,22 2627 6687,saudespa@hotmail.com,-22.8505224,-42.0987303,1031,M,001,20/01/2025
3305209890726,9890726,UNIDADE BASICA DE SAUDE RECANTO DO SOL,SECRETARIA MUNICIPAL DE SAUDE DE SAO PEDRO DA ALDEIA RJ,UBS / Atencao basica,UNIDADE BASICA DE SAUDE,"SERGIO FERREIRA NUNES, 12, RECANTO DO SOL - CEP 28948048",RECANTO DO SOL,28948048,SAO PEDRO DA ALDEIA,330520,22 2627 6687,,-22.82502066866074,-42.10975885391235,1031,M,001,09/05/2024
3305202280531,2280531,UNIDADE BASICA DE SAUDE RETIRO,SECRETARIA MUNICIPAL DE SAUDE DE SAO PEDRO DA ALDEIA,UBS / Atencao basica,UNIDADE BASICA DE SAUDE,"ESTRADA DO RETIRO, 01, CASA, RETIRO - CEP 28944170",RETIRO,28944170,SAO PEDRO DA ALDEIA,330520,26276687,saudespa@hotmail.com,-22.83520565074256,-42.096004486083984,1031,M,001,30/01/2025
3305202280574,2280574,UNIDADE BASICA DE SAUDE RUA DO FOGO,SECRETARIA MUNICIPAL DE SAUDE DE SAO PEDRO DA ALDEIA,UBS / Atencao basica,UNIDADE BASICA DE SAUDE,"RUA JAIRO AZEVEDO, S/N, CASA, RUA DO FOGO - CEP 28948460",RUA DO FOGO,28948460,SAO PEDRO DA ALDEIA,330520,22 2627 6687,saudeapa@hotmail.com,-22.820036671582717,-42.11276292800903,1031,M,001,09/05/2024
3305202280590,2280590,UNIDADE DE SAUDE DA FAMILIA ALECRIM,SECRETARIA MUNICIPAL DE SAUDE DE SAO PEDRO DA ALDEIA,UBS / Atencao basica,UNIDADE BASICA DE SAUDE,"ESTRADA DO ALECRIM, 80, CASA, ALECRIM - CEP 28944530",ALECRIM,28944530,SAO PEDRO DA ALDEIA,330520,22 2627 6687,sesau@pmspa.gov.br,-22.823656020932916,-42.10160493850708,1031,M,001,29/01/2026
3305202280442,2280442,UNIDADE DE SAUDE DA FAMILIA BAIXO GRANDE,SECRETARIA MUNICIPAL DE SAUDE DE SAO PEDRO DA ALDEIA,UBS / Atencao basica,UNIDADE BASICA DE SAUDE,"RUA ANTONIO SOARES DOS SANTOS, S/N, CASA, BAIXO GRANDE - CEP 28943268",BAIXO GRANDE,28943268,SAO PEDRO DA ALDEIA,330520,22 2627 6687,sesau@pmspa.gov.br,-22.8570705,-42.0571526,1031,M,001,09/05/2024
3305205525292,5525292,UNIDADE DE SAUDE DA FAMILIA BOTAFOGO,SECRETARIA MUNICIPAL DE SAUDE DE SAO PEDRO DA ALDEIA,UBS / Atencao basica,UNIDADE BASICA DE SAUDE,"RUA DA PAZ, 07, CASA, BOTAFOGO - CEP 28945450",BOTAFOGO,28945450,SAO PEDRO DA ALDEIA,330520,22 2627 6687,sesau@pmspa.gov.br,-22.761777634742163,-42.07557678222656,1031,M,001,09/05/2024
3305202280469,2280469,UNIDADE DE SAUDE DA FAMILIA CAMPO REDONDO I,SECRETARIA MUNICIPAL DE SAUDE DE SAO PEDRO DA ALDEIA,UBS / Atencao basica,UNIDADE BASICA DE SAUDE,"RUA LUIZA TERRA, 210, CASA, CAMPO REDONDO - CEP 28942464",CAMPO REDONDO,28942464,SAO PEDRO DA ALDEIA,330520,22 2627 4618,sesau@pmspa.gov.br,-22.831725043567385,-42.09330081939697,1031,M,001,21/05/2025
3305205519985,5519985,UNIDADE DE SAUDE DA FAMILIA COLINA,SECRETARIA MUNICIPAL DE SAUDE DE SAO PEDRO DA ALDEIA,UBS / Atencao basica,UNIDADE BASICA DE SAUDE,"RUA DA COLINA, 370, CASA, COLINA - CEP 28942755",COLINA,28942755,SAO PEDRO DA ALDEIA,330520,(22)2627 6687,sesau@pmspa.gov.br,-22.837895149853527,-42.06265926361084,1031,M,001,10/11/2025
3305207679882,7679882,UNIDADE DE SAUDE DA FAMILIA FLEXEIRA,SECRETARIA MUNICIPAL DE SAUDE DE SAO PEDRO DA ALDEIA,UBS / Atencao basica,UNIDADE BASICA DE SAUDE,"ADUTORA, S/N, FLEXEIRA - CEP 28948514",FLEXEIRA,28948514,SAO PEDRO DA ALDEIA,330520,22 2627 6687,,-22.80884179094955,-42.12977886199951,1031,M,001,17/11/2025
3305205522498,5522498,UNIDADE DE SAUDE DA FAMILIA PARQUE ARRUDA,SECRETARIA MUNICIPAL DE SAUDE DE SAO PEDRO DA ALDEIA,UBS / Atencao basica,UNIDADE BASICA DE SAUDE,"AV DOS BANDEIRANTES, 23, CASA, PARQUE ARRUDA - CEP 28944701",PARQUE ARRUDA,28944701,SAO PEDRO DA ALDEIA,330520,22 2627 6687,saudespa@hotmail.com,-22.832990729204344,-42.098236083984375,1031,M,001,12/12/2025
3305202280523,2280523,UNIDADE DE SAUDE DA FAMILIA PONTA DO AMBROSIO,SECRETARIA MUNICIPAL DE SAUDE DE SAO PEDRO DA ALDEIA,UBS / Atencao basica,UNIDADE BASICA DE SAUDE,"RUA ANTONIO LUIZ ARAUJO, 120, CASA, PONTA DO AMBROSIO - CEP 28943359",PONTA DO AMBROSIO,28943359,SAO PEDRO DA ALDEIA,330520,22 2627 6687,saudespa@hotmail.com,-22.865859822274032,-42.04567015171051,1031,M,001,29/01/2026
3305202280418,2280418,UNIDADE DE SAUDE DA FAMILIA PORTO DO CARRO,SECRETARIA MUNICIPAL DE SAUDE DE SAO PEDRO DA ALDEIA,UBS / Atencao basica,UNIDADE BASICA DE SAUDE,"ESTRADA DO ALECRIM, 386, CASA, PORTO DO CARRO - CEP 28944530",PORTO DO CARRO,28944530,SAO PEDRO DA ALDEIA,330520,22 2627 6687,,-22.8396365,-42.0401447,1031,M,001,21/06/2024
3305202280639,2280639,UNIDADE DE SAUDE DA FAMILIA PRAIA LINDA,SECRETARIA MUNICIPAL DE SAUDE,UBS / Atencao basica,UNIDADE BASICA DE SAUDE,"ESTRADA DE FERRO, 66, CASA, PRAIA LINDA - CEP 28949830",PRAIA LINDA,28949830,SAO PEDRO DA ALDEIA,330520,22 2627 6687,saudespa@hotmail.com,-21.8983935,-41.2900024,1031,M,001,10/11/2025
3305204806662,4806662,UNIDADE DE SAUDE DA FAMILIA RECANTO DAS ORQUIDEAS,SECRERARIA MUNICIPAL DE SAUDE DE SAO PEDRO DA ALDEIA,UBS / Atencao basica,UNIDADE BASICA DE SAUDE,"RUA LUCIA HELENA, S/N, RECANTO DAS ORQUIDEA - CEP 28944841",RECANTO DAS ORQUIDEA,28944841,SAO PEDRO DA ALDEIA,330520,,sesau@pmspa.gov.br,-22.8318305,-42.033023,1031,M,001,14/08/2025
3305202280493,2280493,UNIDADE DE SAUDE DA FAMILIA SAO JOAO I,SECRETARIA MUNICIPAL DE SAUDE DE SAO PEDRO DA ALDEIA,UBS / Atencao basica,UNIDADE BASICA DE SAUDE,"RUA SAO JORGE, S/N, CASA, SAO JOAO - CEP 28942854",SAO JOAO,28942854,SAO PEDRO DA ALDEIA,330520,22 2627 6687,saudespa@hotmail.com,-22.835284754416392,-42.1380615234375,1031,M,001,06/01/2026
3305205452902,5452902,UNIDADE DE SAUDE DA FAMILIA SAO JOAO II,SECRETARIA MUNICIPAL DE SAUDE DE SAO PEDRO DA ALDEIA,UBS / Atencao basica,UNIDADE BASICA DE SAUDE,"ESTRADA DOS PASSAGEIROS, 2461, CASA, SAO JOAO - CEP 28943038",SAO JOAO,28943038,SAO PEDRO DA ALDEIA,330520,22 2627 6687,saudespa@hotmail.com,-22.8547782,-42.0390121,1031,M,001,27/12/2024
3305202280485,2280485,UNIDADE DE SAUDE DA FAMILIA SAO MATEUS,SECRETARIA MUNICIPAL DE SAUDE DE SAO PEDRO DA ALDEIA,UBS / Atencao basica,UNIDADE BASICA DE SAUDE,"RUA MANOEL ANTONIO JUNIOR, S/N, CASA, SAO MATEUS - CEP 28945160",SAO MATEUS,28945160,SAO PEDRO DA ALDEIA,330520,22 2627 6687,saudespa@hotmail.com,-22.753704471516084,-42.066993713378906,1031,M,001,09/05/2024
3305205452953,5452953,UNIDADE DE SAUDE DA FAMILIA VINHATEIRO,SECRETARIA MUNICIPAL DE SAUDE DE SAO PEDRO DA ALDEIA,UBS / Atencao basica,UNIDADE BASICA DE SAUDE,"RUA ANTONIO ARAUJO MENDONCA, 01, CASA, VINHATEIRO - CEP 28943420",VINHATEIRO,28943420,SAO PEDRO DA ALDEIA,330520,22 2627 6687,saudespa@hotmail.com,-22.855716,-42.0456795,1031,M,001,06/01/2026
3305307626029,7626029,ESF GUARANI,SECRETARIA MUNICIPAL DE SAUDE E HIGIENE,UBS / Atencao basica,UNIDADE BASICA DE SAUDE,"GUARANI, S/N, ZONA RURAL, 3 DISTRITO - CEP 28555000",3 DISTRITO,28555000,SAO SEBASTIAO DO ALTO,330530,,saudealto@yahoo.com.br,-21.75136856138541,-41.95798873901367,1244,M,001,16/07/2025
3305309249850,9249850,ESF IBIPEBA,ESF IBIPEBA,UBS / Atencao basica,UNIDADE BASICA DE SAUDE,"RODOVIA RJ 116 KM 176, S/N, IBIPEBA - CEP 28550000",IBIPEBA,28550000,SAO SEBASTIAO DO ALTO,330530,,,-21.78648075128524,-42.030322551727295,1244,M,001,02/09/2025
3305302293722,2293722,ESF IPITUNA,ESF IPITUNA,UBS / Atencao basica,UNIDADE BASICA DE SAUDE,"RUA THELDES PONTES CABRAL, S/N, 3 DISTRITO, CENTRO - CEP 28550000",CENTRO,28550000,SAO SEBASTIAO DO ALTO,330530,(22)99483461,saudealto@yahoo.com.br,-21.767094883072108,-41.99614316225052,1244,M,001,16/07/2025
3305302292327,2292327,ESF SAO SEBASTIAO DO ALTO,ESF SAO SEBASTIAO DO ALTO,UBS / Atencao basica,UNIDADE BASICA DE SAUDE,"RUA CRISTIANE DA SILVA, S/N, SANTA IRENE - CEP 28550000",SANTA IRENE,28550000,SAO SEBASTIAO DO ALTO,330530,(22)25591338,saudealto@yahoo.com.br,-21.95542975260463,-42.13500380516052,1244,M,001,16/07/2025
3305302292289,2292289,ESF VALAO DO BARRO,ESF VALAO DO BARRO,UBS / Atencao basica,UNIDADE BASICA DE SAUDE,"RUA ALDO DA ROCHA FERREIRA, S/N, 2 DISTRITO ANEXO, CENTRO - CEP 28555000",CENTRO,28555000,SAO SEBASTIAO DO ALTO,330530,(22)25561130,saudealto@yahoo.com.br,-21.8204984,-42.0940294,1244,M,001,16/07/2025
3305402274469,2274469,UNIDADE BASICA DE SAUDE BOA SORTE,MUNICIPIO DE SAPUCAIA,UBS / Atencao basica,UNIDADE BASICA DE SAUDE,"EST DE BOA SORTE, S/N, BOA SORTE - CEP 25880000",BOA SORTE,25880000,SAPUCAIA,330540,(24)22711167,,-22.018816658007264,-42.86968231201172,1244,M,001,17/07/2025
3305402274396,2274396,UNIDADE BASICA DE SAUDE QUILOMBO,MUNICIPIO DE SAPUCAIA,UBS / Atencao basica,UNIDADE BASICA DE SAUDE,"EST DO QUILOMBO, S/N, QUILOMBO - CEP 25882000",QUILOMBO,25882000,SAPUCAIA,330540,(24)22711167,,-22.07927714382792,-42.959632873535156,1244,M,001,17/07/2025
3305402274477,2274477,UNIDADE BASICA DE SAUDE SANTA CRUZ,MUNICIPIO DE SAPUCAIA,UBS / Atencao basica,UNIDADE BASICA DE SAUDE,"EST STA CRUZ, S/N, STA CRUZ - CEP 25884000",STA CRUZ,25884000,SAPUCAIA,330540,(24)22711167,,-22.085639901650318,-42.87517547607422,1244,M,001,02/06/2025
3305402274418,2274418,UNIDADE BASICA DE SAUDE SANTO ANTONIO,MUNICIPIO DE SAPUCAIA,UBS / Atencao basica,UNIDADE BASICA DE SAUDE,"EST DE STO ANTONIO, S/N, STO ANTONIO - CEP 25880000",STO ANTONIO,25880000,SAPUCAIA,330540,(24)22711167,,-22.05207312307737,-43.00649642944336,1244,M,001,17/07/2025
3305402294877,2294877,UNIDADE DE SAUDE DA FAMILIA ANTA,MUNICIPIO DE SAPUCAIA,UBS / Atencao basica,UNIDADE BASICA DE SAUDE,"RODOVIA LUCIO MEIRA BR 393, S/N, ANTA - CEP 25880000",ANTA,25880000,SAPUCAIA,330540,24 - 22710421,,-22.03611716084352,-42.98816353082657,1244,M,001,27/02/2026
3305402274442,2274442,UNIDADE DE SAUDE DA FAMILIA APARECIDA,MUNICIPIO DE SAPUCAIA,UBS / Atencao basica,UNIDADE BASICA DE SAUDE,"RUA AMERICO PEREIRA DE CARVALHO, S/N, APARECIDA - CEP 25886000",APARECIDA,25886000,SAPUCAIA,330540,,,-22.03403862634945,-42.78963714838028,1244,M,001,03/02/2026
3305406337147,6337147,UNIDADE DE SAUDE DA FAMILIA CENTRO,MUNICIPIO DE SAPUCAIA,UBS / Atencao basica,UNIDADE BASICA DE SAUDE,"RUA PAPA JOAO XXIII, 128, CENTRO - CEP 25880000",CENTRO,25880000,SAPUCAIA,330540,24-22711932,SECSAPUCAIA@YAHOO.COM.BR,-21.99505299560862,-42.91331648826599,1244,M,001,03/02/2026
3305402274345,2274345,UNIDADE DE SAUDE DA FAMILIA CLUBE DOS DUZENTOS,MUNICIPIO DE SAPUCAIA,UBS / Atencao basica,UNIDADE BASICA DE SAUDE,"RUA MAXIMO DE SOUZA MENEZES, S/N, CLUBE DOS 200 - CEP 25887000",CLUBE DOS 200,25887000,SAPUCAIA,330540,32-34629503,,-21.87802687876729,-42.67555475234985,1244,M,001,03/02/2026
3305406026672,6026672,UNIDADE DE SAUDE DA FAMILIA JAMAPARA,MUNICIPIO DE SAPUCAIA,UBS / Atencao basica,UNIDADE BASICA DE SAUDE,"AVENIDA PAULINO FERNANDES SILVA, 02, CASA, JAMAPARA - CEP 25887000",JAMAPARA,25887000,SAPUCAIA,330540,,,-21.889749748410228,-42.70384132862091,1244,M,001,03/02/2026
3305402274388,2274388,UNIDADE DE SAUDE DA FAMILIA PIAO,MUNICIPIO DE SAPUCAIA,UBS / Atencao basica,UNIDADE BASICA DE SAUDE,"RUA PASTOR MANOEL JOAQUIM CARNEIRO, S/N, POSTO DE SAUDE, VILA DO PIAO - CEP 25884000",VILA DO PIAO,25884000,SAPUCAIA,330540,(21)36417979,,-22.126250403362416,-42.761900424957275,1244,M,001,11/02/2026
3305402274450,2274450,UNIDADE DE SAUDE DA FAMILIA SAO JOAO,MUNICIPIO DE SAPUCAIA,UBS / Atencao basica,UNIDADE BASICA DE SAUDE,"RUA HEITOR MARQUES CARVALHO, S/N, SAO JOAO - CEP 25880000",SAO JOAO,25880000,SAPUCAIA,330540,24-22711056,,-22.00652251878864,-42.937992811203,1244,M,001,03/02/2026
3305504244362,4244362,CASA DA AMAMENTACAO,SMS DE SAQUAREMA,UBS / Atencao basica,UNIDADE BASICA DE SAUDE,"RUA TERTULIANA PEREIRA, 147, BARREIRA - CEP 28994546",BARREIRA,28994546,SAQUAREMA,330550,,,-22.8938397,-42.4754995,1244,M,001,12/07/2023
3305505290236,5290236,ESF AGUA BRANCA,SECRETARIA MUNICIPAL DE SAUDE DE SAQUAREMA,UBS / Atencao basica,UNIDADE BASICA DE SAUDE,"AV N SRA DE FATIMA, 06, AGUA BRANCA - CEP 28993860",AGUA BRANCA,28993860,SAQUAREMA,330550,,,-22.88443878681159,-42.42598056793213,1244,M,001,06/03/2026
3305500271152,0271152,ESF BACAXA,SECRETARIA MUNICIPAL DE SAUDE DE SAQUAREMA,UBS / Atencao basica,UNIDADE BASICA DE SAUDE,"RUA ALFREDO DE MENEZES, 980, BACAXA - CEP 28994675",BACAXA,28994675,SAQUAREMA,330550,,,-22.89303792559838,-42.457298040390015,1244,M,001,22/10/2025
3305502274167,2274167,ESF BARRA NOVA,SECRETARIA MUNICIPAL DE SAUDE DE SAQUAREMA,UBS / Atencao basica,UNIDADE BASICA DE SAUDE,"AV LITORANEA, S/N, BARRA NOVA - CEP 28990170",BARRA NOVA,28990170,SAQUAREMA,330550,,,-22.926460663983406,-42.54661560058594,1244,M,001,29/07/2025
3305505522692,5522692,ESF BARREIRA,SECRETARIA MUNICIPAL DE SAUDE DE SAQUAREMA,UBS / Atencao basica,UNIDADE BASICA DE SAUDE,"RUA CAPITAO NUNES, 2605, BARREIRA - CEP 28994500",BARREIRA,28994500,SAQUAREMA,330550,,,-22.89720880585049,-42.48782157897949,1244,M,001,06/03/2026
3305502696754,2696754,ESF BICUIBA,SECRETARIA MUNICIPAL DE SAUDE DE SAQUAREMA,UBS / Atencao basica,UNIDADE BASICA DE SAUDE,"EST DA BICUIBA, S/N, BICUIBA - CEP 28993290",BICUIBA,28993290,SAQUAREMA,330550,,,-22.8646290429334,-42.40628242492676,1244,M,001,06/03/2026
3305503405435,3405435,ESF BONSUCESSO,SECRETARIA MUNICIPAL DE SAUDE DE SAQUAREMA,UBS / Atencao basica,UNIDADE BASICA DE SAUDE,"RUA ARMANDO RODRIGUES, S/N, BONSUCESSO - CEP 28993410",BONSUCESSO,28993410,SAQUAREMA,330550,,,-22.88289681466491,-42.4416446685791,1244,M,001,27/03/2026
3305500271136,0271136,ESF JACONE,SECRETARIA MUNICIPAL DE SAUDE DE SAQUAREMA,UBS / Atencao basica,UNIDADE BASICA DE SAUDE,"RUA 97, 798, LOTE 16 QUADRA 2009, JACONE - CEP 28999025",JACONE,28999025,SAQUAREMA,330550,,,-22.92376,-42.59481,1244,M,001,06/03/2026
3305504104668,4104668,ESF JARDIM IPITANGAS,SECRETARIA MUNICIPAL DE SAUDE DE SAQUAREMA,UBS / Atencao basica,UNIDADE BASICA DE SAUDE,"RUA TERESOPOLIS, 238, JARDIM IPITANGAS - CEP 28992732",JARDIM IPITANGAS,28992732,SAQUAREMA,330550,,,-22.881789746937443,-42.39353656768799,1244,M,001,14/03/2025
3305505912563,5912563,ESF MADRESSILVA,SECRETARIA MUNICIPAL DE SAUDE DE SAQUAREMA,UBS / Atencao basica,UNIDADE BASICA DE SAUDE,"RUA ADILSON OLIVEIRA, 989, ESQUINA, MADRESSILVA - CEP 28995430",MADRESSILVA,28995430,SAQUAREMA,330550,,,-22.880751862743786,-42.49278366565704,1244,M,001,06/03/2026
3305502274221,2274221,ESF MOMBACA,SECRETARIA MUNICIPAL DE SAUDE DE SAQUAREMA,UBS / Atencao basica,UNIDADE BASICA DE SAUDE,"EST DA MOMBACA, S/N, MOMBACA - CEP 28990051",MOMBACA,28990051,SAQUAREMA,330550,,,-22.89365071698826,-42.5445556640625,1244,M,001,06/03/2026
3305502274272,2274272,ESF PALMITAL,SECRETARIA MUNICIPAL DE SAUDE DE SAQUAREMA,UBS / Atencao basica,UNIDADE BASICA DE SAUDE,"ESTRADA LATINO MELO, S/N, PREDIO, PALMITAL - CEP 28995470",PALMITAL,28995470,SAQUAREMA,330550,,,-22.83757874095283,-42.45615005493164,1244,M,001,10/07/2025
3305503211428,3211428,ESF RIO D AREIA,SECRETARIA MUNICIPAL DE SAUDE DE SAQUAREMA,UBS / Atencao basica,UNIDADE BASICA DE SAUDE,"EST LATINO MELO, S/N, RIO D AREIA - CEP 28995104",RIO D AREIA,28995104,SAQUAREMA,330550,,,-22.870164990806575,-42.46387481689453,1244,M,001,18/03/2025
3305502274213,2274213,ESF RIO MOLE,SECRETARIA MUNICIPAL DE SAUDE DE SAQUAREMA,UBS / Atencao basica,UNIDADE BASICA DE SAUDE,"ROD AMARAL PEIXOTO, S/N, KM 58, RIO MOLE - CEP 28997710",RIO MOLE,28997710,SAQUAREMA,330550,,,-22.853002818236636,-42.550392150878906,1244,M,001,06/03/2026
3305502274159,2274159,ESF RIO SECO,SECRETARIA MUNICIPAL DE SAUDE DE SAQUAREMA,UBS / Atencao basica,UNIDADE BASICA DE SAUDE,"ESTRADA DO RIO SECO, S/N, CASA, RIO SECO - CEP 28995750",RIO SECO,28995750,SAQUAREMA,330550,,,-22.8630864,-42.4972242,1244,M,001,02/03/2026
3305502696762,2696762,ESF SAMPAIO CORREA,SECRETARIA MUNICIPAL DE SAUDE DE SAQUAREMA,UBS / Atencao basica,UNIDADE BASICA DE SAUDE,"RUA MIGUEL ARCANJO SERAFIM, 14, SAMPAIO CORREA - CEP 28998290",SAMPAIO CORREA,28998290,SAQUAREMA,330550,,,-22.8665705,-42.5945181,1244,M,001,03/02/2026
3305500271179,0271179,ESF SAQUAREMA,SECRETARIA MUNICIPAL DE SAUDE DE SAQUAREMA,UBS / Atencao basica,UNIDADE BASICA DE SAUDE,"RUA FRUTUOSO DE OLIVEIRA, 121, CENTRO - CEP 28990764",CENTRO,28990764,SAQUAREMA,330550,,,-22.93282,-42.49739,1244,M,001,07/01/2026
3305504908317,4908317,ESF SERRA DO MATO GROSSO,SECRETARIA MUNICIPAL DE SAUDE DE SAQUAREMA,UBS / Atencao basica,UNIDADE BASICA DE SAUDE,"RUA EZEQUIAS TEIXEIRA DE SOUZA, S/N, CASA, SERRA DO MATO GROSSO - CEP 28998120",SERRA DO MATO GROSSO,28998120,SAQUAREMA,330550,,,-22.88025,-42.63131,1244,M,001,27/02/2026
3305502274256,2274256,ESF VILATUR,SECRETARIA MUNICIPAL DE SAUDE DE SAQUAREMA,UBS / Atencao basica,UNIDADE BASICA DE SAUDE,"RUA PRAIA DA ILHA COMPRIDA, S/N, VILATUR - CEP 28992075",VILATUR,28992075,SAQUAREMA,330550,,,-22.9245,-42.5084,1244,M,001,06/03/2026
3305504892798,4892798,IASO CENTRO DE SAUDE OCULAR,IASO CENTRO DE SAUDE OCULAR LTDA,UBS / Atencao basica,AMBULATORIO,"ADOLFO BRAVO, 12, BACAXA BACAXA - CEP 28994699",BACAXA BACAXA,28994699,SAQUAREMA,330550,22 99133462,DRACAROLINALOBO@IASOCENTRODESAUDEOCULAR.COM.BR,-22.895212334145764,-42.46838092803955,2062,M,016,23/09/2025
3305556680666,6680666,EQUIPE MULTI COMPLEMENTAR,MUNICIPIO DE SEROPEDICA,UBS / Atencao basica,UNIDADE BASICA DE SAUDE,"ESTRADA DA RETA DE PIRANEMA, 971, PIRANEMA - CEP 23898500",PIRANEMA,23898500,SEROPEDICA,330555,,,-22.835522065162017,-43.712968826293945,1244,M,001,24/07/2023
3305552293226,2293226,UNIDADE DE SAUDE DA FAMILIA ALCIDES TELLES DA CONCEICAO,MUNICIPIO DE SEROPEDICA,UBS / Atencao basica,UNIDADE BASICA DE SAUDE,"BR 465, S/N, INCRA - CEP 23890610",INCRA,23890610,SEROPEDICA,330555,,fundodesaudedeseropedica@gmail.com,-22.77277852999127,-43.660011291503906,1244,M,001,25/03/2025
3305557563361,7563361,UNIDADE DE SAUDE DA FAMILIA FAZENDA CAXIAS I,MUNICIPIO DE SEROPEDICA,UBS / Atencao basica,UNIDADE BASICA DE SAUDE,"RUA MARIA LOURENCO, S/N, FAZENDA CAXIAS - CEP 23895295",FAZENDA CAXIAS,23895295,SEROPEDICA,330555,,fundodesaudedeseropedica@gmail.com,-22.742830670473285,-43.70540499687195,1244,M,001,25/03/2025
3305552293234,2293234,UNIDADE DE SAUDE DA FAMILIA JOAQUIM RAIMUNDO FERREIRA KM 39,MUNICIPIO DE SEROPEDICA,UBS / Atencao basica,UNIDADE BASICA DE SAUDE,"RUA JOSE ELEOTERIO, S/N, KM 39, CAMPO LINDO - CEP 23898220",CAMPO LINDO,23898220,SEROPEDICA,330555,,fundodesaudedeseropedica@gmail.com,-22.823339578926372,-43.6347770690918,1244,M,001,25/03/2025
3305553020975,3020975,UNIDADE DE SAUDE DA FAMILIA JOVINO EVARISTO CARREIRO,MUNICIPIO DE SEROPEDICA,UBS / Atencao basica,UNIDADE BASICA DE SAUDE,"RUA JOAO FERREIRA, S/N, PEIXOTO - CEP 23895010",PEIXOTO,23895010,SEROPEDICA,330555,26822080,fundodesaudedeseropedica@gmail.com,-22.755050031857536,-43.70661735534668,1244,M,001,25/03/2025
3305552293102,2293102,UNIDADE DE SAUDE DA FAMILIA JULIA PEREIRA DOS SANTOS,MUNICIPIO DE SEROPEDICA,UBS / Atencao basica,UNIDADE BASICA DE SAUDE,"ESTRADA DO DIQUE, S/N, JD MARACANA - CEP 23891665",JD MARACANA,23891665,SEROPEDICA,330555,26870859,,-22.730946664757017,-43.65644931793213,1244,M,001,25/03/2025
3305552293242,2293242,UNIDADE DE SAUDE DA FAMILIA MANOEL MENDES KM 42,MUNICIPIO DE SEROPEDICA,UBS / Atencao basica,UNIDADE BASICA DE SAUDE,"RUA MANOEL MATOS, S/N, VERA CRUZ - CEP 23897470",VERA CRUZ,23897470,SEROPEDICA,330555,,fundodesaudedeseropedica@gmail.com,-22.7940963,-43.6517904,1244,M,001,25/03/2025
3305552293250,2293250,UNIDADE DE SAUDE DA FAMILIA MARIA ANTONIA DE BRITO,MUNICIPIO DE SEROPEDICA,UBS / Atencao basica,UNIDADE BASICA DE SAUDE,"EST DO CORTUME, 08, CANTO DO RIO - CEP 23899006",CANTO DO RIO,23899006,SEROPEDICA,330555,,,-22.859923309889105,-43.67398023605347,1244,M,001,15/05/2025
3305552293188,2293188,UNIDADE DE SAUDE DA FAMILIA MARIO SOARES DE OLIVEIRA,MUNICIPIO DE SEROPEDICA,UBS / Atencao basica,UNIDADE BASICA DE SAUDE,"RUA A, S/N, KM GLEBA COLETIVO, COLETIVO - CEP 23891645",COLETIVO,23891645,SEROPEDICA,330555,,fundodesaudedeseropedica@gmail.com,-22.755148969594828,-43.709728717803955,1244,M,001,25/03/2025
3305553020991,3020991,UNIDADE DE SAUDE DA FAMILIA ONOFRE FERREIRA MENDES,MUNICIPIO DE SEROPEDICA,UBS / Atencao basica,UNIDADE BASICA DE SAUDE,"AV SEBASTIAO FERREIRA DA SILVA, S/N, QD 02 LT 03, BOA ESPERANCA - CEP 23894450",BOA ESPERANCA,23894450,SEROPEDICA,330555,,fundodesaudedeseropedica@gmail.com,-22.7385565,-43.6990146,1244,M,001,25/03/2025
3305556564968,6564968,UNIDADE DE SAUDE DA FAMILIA OZA,MUNICIPIO DE SEROPEDICA,UBS / Atencao basica,UNIDADE BASICA DE SAUDE,"AVENIDA PEDRO PAULO CAMPOS, 32, JARDIM DAS ACACIAS - CEP 23890076",JARDIM DAS ACACIAS,23890076,SEROPEDICA,330555,,,-22.7982789930243,-43.63893985748291,1244,M,001,25/03/2025
3305552293218,2293218,UNIDADE DE SAUDE DA FAMILIA PEDRO DE CARVALHO,MUNICIPIO DE SEROPEDICA,UBS / Atencao basica,UNIDADE BASICA DE SAUDE,"AVENIDA BENTO RODRIGUES NOIA, S/N, MUTIRAO - CEP 23894170",MUTIRAO,23894170,SEROPEDICA,330555,,fundodesaudedeseropedica@gmail.com,-22.744601803516186,-43.68794918060303,1244,M,001,25/03/2025
3305556649203,6649203,UNIDADE DE SAUDE DA FAMILIA PIRANEMA,MUNICIPIO DE SEROPEDICA,UBS / Atencao basica,UNIDADE BASICA DE SAUDE,"ESTRADA DA RETA DA PIRANEMA, 971, B, PIRANEMA - CEP 23895500",PIRANEMA,23895500,SEROPEDICA,330555,37825017,fundodesaudedeseropedica@gmail.com,-22.83382132900612,-43.710994720458984,1244,M,001,25/03/2025
3305552293110,2293110,UNIDADE DE SAUDE DA FAMILIA SANTA SOFIA,MUNICIPIO DE SEROPEDICA,UBS / Atencao basica,UNIDADE BASICA DE SAUDE,"RUA SANTA SOFIA, S/N, STA SOFIA - CEP 23895835",STA SOFIA,23895835,SEROPEDICA,330555,,fundodesaudedeseropedica@gmail.com,-22.723396172920452,-43.7371301651001,1244,M,001,25/03/2025
3305552293129,2293129,UNIDADE DE SAUDE DA FAMILIA SAO MIGUEL,MUNICIPIO DE SEROPEDICA,UBS / Atencao basica,UNIDADE BASICA DE SAUDE,"RUA GERCY P DA SILVA, S/N, QD 16 LT 13, SAO MIGUEL - CEP 23893755",SAO MIGUEL,23893755,SEROPEDICA,330555,,fundodesaudedeseropedica@gmail.com,-22.712698104759525,-43.720951080322266,1244,M,001,25/03/2025
3305553020967,3020967,UNIDADE DE SAUDE DA FAMILIA SEBASTIAO JOSE SOARES,MUNICIPIO DE SEROPEDICA,UBS / Atencao basica,UNIDADE BASICA DE SAUDE,"RUA RITA BATISTA, S/N, KM 40, DOM BOSCO - CEP 23898081",DOM BOSCO,23898081,SEROPEDICA,330555,,fundodesaudedeseropedica@gmail.com,-22.82460534253949,-43.65310192108154,1244,M,001,25/03/2025
3305556210619,6210619,UNIDADE DE SAUDE DA FAMILIA WALDEMAR MARQUES DE MOURA,MUNICIPIO DE SEROPEDICA,UBS / Atencao basica,UNIDADE BASICA DE SAUDE,"ESTRADA DA FONTE LIMPA, 15, FONTE LIMPA - CEP 23895530",FONTE LIMPA,23895530,SEROPEDICA,330555,,fundodesaudedeseropedica@gmail.com,-22.73830865,-43.730251550000006,1244,M,001,25/03/2025
3305607167849,7167849,AMBULATORIO MUNICIPAL DE ESPECIALIDADES AGUINALDO MORAES,PREFEITURA MUNICIPAL DE SILVA JARDIM,UBS / Atencao basica,UNIDADE BASICA DE SAUDE,"AVENIDA OITO DE MAIO, 534, CENTRO - CEP 28820000",CENTRO,28820000,SILVA JARDIM,330560,,,-22.651232,-42.392656,1244,M,001,26/11/2025
3305602273950,2273950,AMBULATORIO MUNICIPAL DE SAUDE MENTAL DR ALFREDO BACKER,PREFEITURA MUNICIPAL DE SILVA JARDIM,UBS / Atencao basica,UNIDADE BASICA DE SAUDE,"RUA PADRE AVILA, 213, CENTRO - CEP 28820000",CENTRO,28820000,SILVA JARDIM,330560,(22)26681067,,-22.649106037464254,-42.39143371582031,1244,M,001,04/06/2025
3305602274043,2274043,POSTO MUNICIPAL DE SAUDE DE BANANEIRAS,PREFEITURA MUNICIPAL DE SILVA JARDIM,UBS / Atencao basica,UNIDADE BASICA DE SAUDE,"EST DE BANANEIRAS, S/N, PL01, BANANEIRAS - CEP 28820000",BANANEIRAS,28820000,SILVA JARDIM,330560,(22)26681034,,-22.49633743948858,-42.51000393753467,1244,M,001,13/10/2025
3305602274078,2274078,POSTO MUNICIPAL DE SAUDE DE COQUEIROS,PREFEITURA MUNICIPAL DE SAUDE DE SILVA JARDIM,UBS / Atencao basica,UNIDADE BASICA DE SAUDE,"RUA GONCALA SARAIVA DA SILVA, S/N, COQUEIRO - CEP 28820000",COQUEIRO,28820000,SILVA JARDIM,330560,22 2668 7402,,-22.762,-42.4,1244,M,001,30/04/2025
3305607660197,7660197,POSTO MUNICIPAL DE SAUDE DE PIRINEUS,PREFEITURA MUNICIPAL DE SILVA JARDIM,UBS / Atencao basica,UNIDADE BASICA DE SAUDE,"ESTRADA DE PIRINEUS, S/N, 22 2668 7410, PIRINEUS - CEP 28820000",PIRINEUS,28820000,SILVA JARDIM,330560,,,-22.492857274852238,-42.513032363802715,1244,M,001,07/07/2025
3305609397361,9397361,UBS AUGUSTO JOSE RODRIGUES DA SILVA,MUNICIPIO DE SILVA JARDIM,UBS / Atencao basica,UNIDADE BASICA DE SAUDE,"RUA SANTA MARIA, S/N, BIQUINHA - CEP 28820000",BIQUINHA,28820000,SILVA JARDIM,330560,22 2668 7413,,-22.6592057,-42.3932704,1244,M,001,13/10/2025
3305609402802,9402802,UBS PREFEITO GERALDO GOMES RODRIGUES,MUNICIPIO DE SILVA JARDIM,UBS / Atencao basica,UNIDADE BASICA DE SAUDE,"ESTRADA DE CAMBUCAES, S/N, ASSENTAMENTO DE CAMB - CEP 28820000",ASSENTAMENTO DE CAMB,28820000,SILVA JARDIM,330560,22 2668 7414,,-22.596213787460997,-42.37050875005348,1244,M,001,07/08/2025
3305602298716,2298716,UNIDADE BASICA DE SAUDE DE CAXITO,PREFEITURA MUNICIPAL DE SILVA JARDIM,UBS / Atencao basica,UNIDADE BASICA DE SAUDE,"ESTRADA DO CAXITO, S/N, CAXITO - CEP 28820000",CAXITO,28820000,SILVA JARDIM,330560,22 2668 7401,,-22.65,-42.5,1244,M,001,13/10/2025
3305602273969,2273969,UNIDADE BASICA DE SAUDE DE GAVIOES,PREFEITURA MUNICIPAL DE SILVA JARDIM,UBS / Atencao basica,UNIDADE BASICA DE SAUDE,"ESTRADA DE GAVIOES, S/N, PL3, GAVIOES - CEP 28820000",GAVIOES,28820000,SILVA JARDIM,330560,22 2668 7407,,-22.588654394218803,-42.55279541015625,1244,M,001,13/10/2025
3305603533891,3533891,UNIDADE BASICA DE SAUDE DE JUTURNAIBA,PREFEITURA MUNICIPAL DE SILVA JARDIM,UBS / Atencao basica,UNIDADE BASICA DE SAUDE,"EST DE JUTURNAIBA, S/N, 1 DISTRITO, JUTURNAIBA - CEP 28820000",JUTURNAIBA,28820000,SILVA JARDIM,330560,(22)26681034,,-22.6335,-42.30806,1244,M,001,30/04/2025
3305602273977,2273977,UNIDADE BASICA DE SAUDE ZAERTOM NETO,PREFEITURA MUNICIPAL DE SILVA JARDIM,UBS / Atencao basica,UNIDADE BASICA DE SAUDE,"AVENIDA ALFREDO CAMARGO DE MELLO, S/N, LOTE 1, FAZENDA BRASIL - CEP 28820000",FAZENDA BRASIL,28820000,SILVA JARDIM,330560,(22)26681034,,-22.646225665691723,-42.402716771258376,1244,M,001,30/04/2025
3305602274035,2274035,UNIDADE MUNICIPAL DE SAUDE DA FAMILIA DE ALDEIA VELHA,PREFEITURA MUNICIPAL DE SILVA JARDIM,UBS / Atencao basica,UNIDADE BASICA DE SAUDE,"RUA MACHARETH, S/N, ALDEIA VELHA - CEP 28820000",ALDEIA VELHA,28820000,SILVA JARDIM,330560,22 2668 7403,,-22.463271350585636,-42.30794117062322,1244,M,001,13/10/2025
3305602274000,2274000,UNIDADE MUNICIPAL DE SAUDE DA FAMILIA DE BOQUEIRAO,PREFEITURA MUNICIPAL DE SILVA JARDIM,UBS / Atencao basica,UNIDADE BASICA DE SAUDE,"BOQUEIRAO, S/N, LUCILANDIA, BOQUEIRAO - CEP 28820000",BOQUEIRAO,28820000,SILVA JARDIM,330560,22 2668 7404,,-22.617356551604804,-42.41439870333274,1244,M,001,28/04/2025
3305602273985,2273985,UNIDADE MUNICIPAL DE SAUDE DA FAMILIA DE CIDADE NOVA,PREFEITURA MUNICIPAL DE SILVA JARDIM,UBS / Atencao basica,UNIDADE BASICA DE SAUDE,"RUA 28 DE ABRIL, S/N, QD 14 LT 1, CIDADE NOVA - CEP 28820000",CIDADE NOVA,28820000,SILVA JARDIM,330560,22 2668 7405,,-22.650726148040608,-42.39055611965981,1244,M,001,30/04/2025
3305602274027,2274027,UNIDADE MUNICIPAL DE SAUDE DA FAMILIA DE IMBAU,PREFEITURA MUNICIPAL DE SILVA JARDIM,UBS / Atencao basica,UNIDADE BASICA DE SAUDE,"RUA ZENITA DE OLIVEIRA SOUZA, S/N, IMBAU - CEP 28820000",IMBAU,28820000,SILVA JARDIM,330560,22 2668 7423,,-22.6508,-42.3919,1244,M,001,30/04/2025
3305602273993,2273993,UNIDADE MUNICIPAL DE SAUDE DA FAMILIA DE MATO ALTO,PREFEITURA MUNICIPAL DE SILVA JARDIM,UBS / Atencao basica,UNIDADE BASICA DE SAUDE,"EST DE MATO ALTO, S/N, MATO ALTO - CEP 28820000",MATO ALTO,28820000,SILVA JARDIM,330560,22 2668 7409,,-22.6513,-42.3916,1244,M,001,30/04/2025
3305602274019,2274019,UNIDADE MUNICIPAL DE SAUDE DA FAMILIA DE VARGINHA,PREFEITURA MUNICIPAL DE SILVA JARDIM,UBS / Atencao basica,UNIDADE BASICA DE SAUDE,"AVENIDA GENECIANO LUZ, S/N, VARGINHA - CEP 28820000",VARGINHA,28820000,SILVA JARDIM,330560,22 2668 7412,,-22.6426,-42.474,1244,M,001,13/10/2025
3305603533905,3533905,UNIDADE MUNICIPAL DE SAUDE DA FAMILIA DO CENTRO,PREFEITURA MUNICIPAL DE SILVA JARDIM,UBS / Atencao basica,UNIDADE BASICA DE SAUDE,"RUA CASEMIRO DE ABREU, S/N, CENTRO - CEP 28820000",CENTRO,28820000,SILVA JARDIM,330560,22 2668 7415,,-22.3899176,-41.7788389,1244,M,001,13/10/2025
3305702268183,2268183,CENTRO DE SAUDE DR CAROLINO RIBEIRO DE MOURA,SMS SUMIDOURO,UBS / Atencao basica,AMBULATORIO,"RUA ALFREDO CHAVES, 94, CENTRO - CEP 28637000",CENTRO,28637000,SUMIDOURO,330570,(24)25311493,,-22.0486706,-42.6728371,1244,M,016,03/12/2025
3305703582566,3582566,PROGRAMA DE SAUDE DA FAMILIA CENTRO II,SMS DE SUMIDOURO,UBS / Atencao basica,UNIDADE BASICA DE SAUDE,"RUA ALFREDO CHAVES, 42, CENTRO - CEP 28637000",CENTRO,28637000,SUMIDOURO,330570,2225311975,,-22.048461,-42.673945,1244,M,001,04/11/2025
3305702292351,2292351,UNIDADE DE SAUDE DA FAMILIA CENTRO,SMS SUMIDOURO,UBS / Atencao basica,UNIDADE BASICA DE SAUDE,"RUA DEZ DE JUNHO, 80, CENTRO - CEP 28637000",CENTRO,28637000,SUMIDOURO,330570,,,-22.050394,-42.675255,1244,M,001,03/03/2026
3305702268094,2268094,UNIDADE DE SAUDE DA FAMILIA DE BALANCA,SMS SUMIDOURO,UBS / Atencao basica,UNIDADE BASICA DE SAUDE,"RUA ESTRADA DA BALANCA ZONA RURAL, S/N, CASA, BALANCA - CEP 28637000",BALANCA,28637000,SUMIDOURO,330570,,,-22.145566,-42.735488,1244,M,001,04/11/2025
3305702268086,2268086,UNIDADE DE SAUDE DA FAMILIA DE CAMPINAS,SMS SUMIDOURO,UBS / Atencao basica,UNIDADE BASICA DE SAUDE,"RUA JOAQUIM DE OLIVEIRA VEIGA, 80, CAMPINAS - CEP 28637000",CAMPINAS,28637000,SUMIDOURO,330570,,,-22.1635605,-42.6633545,1244,M,001,07/04/2026
3305702268116,2268116,UNIDADE DE SAUDE DA FAMILIA DE SOLEDADE,SMS SUMIDOURO,UBS / Atencao basica,UNIDADE BASICA DE SAUDE,"SOLEDADE II, 2, SOLEDADE - CEP 28637000",SOLEDADE,28637000,SUMIDOURO,330570,,,-22.168722,-42.732212,1244,M,001,04/11/2025
3305702268078,2268078,UNIDADE DE SAUDE DA FAMILIA LUDGERO JOSE DA SILVA,SMS SUMIDOURO,UBS / Atencao basica,UNIDADE BASICA DE SAUDE,"DONA MARIANA, 01, DONA MARIANA - CEP 28637000",DONA MARIANA,28637000,SUMIDOURO,330570,,,-22.165766,-42.663345,1244,M,001,07/04/2026
3305757574800,7574800,CENTRO DE SAUDE MENTAL DR EDSON JOSE DA SILVA,SECRETARIA MUNICIPAL DE SAUDE DE TANGUA,UBS / Atencao basica,UNIDADE DE ATENCAO PSICOSSOCIAL,"RUA MANOEL JOAO GONCALVES, 25, CENTRO - CEP 24890000",CENTRO,24890000,TANGUA,330575,,,-22.730471678866554,-42.71286964416504,1244,M,017,21/03/2019
3305755173582,5173582,UNIDADE DE SAUDE DA FAMILIA AMPLIACAO,SECRETARIA MUNICIPAL DE SAUDE DE TANGUA,UBS / Atencao basica,UNIDADE BASICA DE SAUDE,"RUA JOSE CARLOS MACEDO GOMES, 17, QD 20, AMPLIACAO - CEP 24890000",AMPLIACAO,24890000,TANGUA,330575,21 27471302,,-22.725865,-42.718385,1244,M,001,25/08/2022
3305755915147,5915147,UNIDADE DE SAUDE DA FAMILIA BANDEIRANTES I,SECRETARIA MUNICIPAL DE SAUDE DE TANGUA,UBS / Atencao basica,UNIDADE BASICA DE SAUDE,"AVENIDA DEPUTADO ALVARO VALE, S/N, QD 19 LT 15, BANDEIRANTES I - CEP 24890000",BANDEIRANTES I,24890000,TANGUA,330575,21 27474102,,-22.73077,-42.734009,1244,M,001,18/01/2021
3305758159041,8159041,UNIDADE DE SAUDE DA FAMILIA BANDEIRANTES I B,MUNICIPIO DE TANGUA,UBS / Atencao basica,UNIDADE BASICA DE SAUDE,"AVENIDA DEPUTADO ALVARO VALE, S/N, LOTE 18 QD 06, BANDEIRANTES I - CEP 24890000",BANDEIRANTES I,24890000,TANGUA,330575,,,-22.734132985785664,-42.72115230560303,1244,M,001,03/03/2026
3305752294885,2294885,UNIDADE DE SAUDE DA FAMILIA BANDEIRANTES II,SECRETARIA MUNICIPAL DE SAUDE DE TANGUA,UBS / Atencao basica,UNIDADE BASICA DE SAUDE,"AVENIDA DO AREAL, 04, QD 56, BANDEIRANTES II - CEP 24890000",BANDEIRANTES II,24890000,TANGUA,330575,,,-22.734737,-42.751206,1244,M,001,16/09/2025
3305757038372,7038372,UNIDADE DE SAUDE DA FAMILIA CENTRO I,SECRETARIA MUNICIPAL DE SAUDE DE TANGUA,UBS / Atencao basica,UNIDADE BASICA DE SAUDE,"RUA 19 DE NOVEMBRO, 88, CENTRO - CEP 24890000",CENTRO,24890000,TANGUA,330575,21 27472154,,-22.73444,-42.720431,1244,M,001,18/12/2023
3305757263538,7263538,UNIDADE DE SAUDE DA FAMILIA DO CENTRO II,SECRETARIA MUNICIPAL DE SAUDE DE TANGUA,UBS / Atencao basica,UNIDADE BASICA DE SAUDE,"RUA 15 DE NOVEMBRO, S/N, LT 40, CENTRO - CEP 24890000",CENTRO,24890000,TANGUA,330575,21 27474125,,-22.73618,-42.71899,1244,M,001,16/04/2024
3305755375797,5375797,UNIDADE DE SAUDE DA FAMILIA DUQUES,SECRETARIA MUNICIPAL DE SAUDE DE TANGUA,UBS / Atencao basica,UNIDADE BASICA DE SAUDE,"RUA FLOR DE MAIO, S/N, DUQUES - CEP 24890000",DUQUES,24890000,TANGUA,330575,21 36376630,,-22.741375,-42.781203,1244,M,001,19/12/2023
3305752294893,2294893,UNIDADE DE SAUDE DA FAMILIA PINHAO,SECRETARIA MUNICIPAL DE SAUDE DE TANGUA,UBS / Atencao basica,UNIDADE BASICA DE SAUDE,"RUA JOBEL JOSE CARDOSO, S/N, QD 14 LT 08, PINHAO - CEP 24890000",PINHAO,24890000,TANGUA,330575,21 27474125,,-22.7392144304826,-42.73131938094687,1244,M,001,16/09/2025
3305759429905,9429905,UNIDADE DE SAUDE DA FAMILIA PINHAO II,MUNICIPIO DE TANGUA,UBS / Atencao basica,UNIDADE BASICA DE SAUDE,"RUA EUCLIDES DA SILVA, 2, PINHAO - CEP 24890000",PINHAO,24890000,TANGUA,330575,,,-22.744577,-42.731239,1244,M,001,16/09/2025
3305752283743,2283743,UNIDADE DE SAUDE DA FAMILIA POSSE DOS COUTINHOS,SECRETARIA MUNICIPAL DE SAUDE DE TANGUA,UBS / Atencao basica,UNIDADE BASICA DE SAUDE,"ESTRADA DA ASSEMBLEIA, S/N, POSSE DOS COUTINHOS - CEP 24890000",POSSE DOS COUTINHOS,24890000,TANGUA,330575,21 27474135,,-22.80002,-42.71858,1244,M,001,03/08/2022
3305752283727,2283727,UNIDADE DE SAUDE DA FAMILIA VILA CORTES,SECRETARIA MUNICIPAL DE SAUDE DE TANGUA,UBS / Atencao basica,UNIDADE BASICA DE SAUDE,"RUA PREFEITO JOAO BATISTA CAFFARO, S/N, QD 06 LT 15, VL CORTES - CEP 24890000",VL CORTES,24890000,TANGUA,330575,21 27474122,,-22.727263,-42.7155,1244,M,001,22/06/2023
3305757561385,7561385,UNIDADE DE SAUDE DA FAMILIA VILA CORTES II,SECRETARIA MUNICIPAL DE SAUDE DE TANGUA,UBS / Atencao basica,UNIDADE BASICA DE SAUDE,"ALAMEDA DOIS, S/N, VILA CORTES - CEP 24890000",VILA CORTES,24890000,TANGUA,330575,21 27474122,,-22.72971961449962,-42.71404981613159,1244,M,001,03/06/2025
3305804585542,4585542,BECKMANN ODONTOLOGIA,L BECKMANN ODONTO CLINICA LTDA,UBS / Atencao basica,UNIDADE BASICA DE SAUDE,"RUA DOUTOR JOSE MENDONCA CLARK, 90, COBERTURA 005, VARZEA - CEP 25953560",VARZEA,25953560,TERESOPOLIS,330580,2127423257,drleobeckmann@gmail.com,-22.41479,-42.96908,2062,M,001,16/04/2024
3305802297655,2297655,CENTRO MUNICIPAL DE SAUDE DR ADALBERTO OTTO,SECRETARIA MUNICIPAL DE SAUDE,UBS / Atencao basica,AMBULATORIO,"RUA PALMIRA MARIA DE OLIVEIRA, 80, SAO PEDRO - CEP 25955000",SAO PEDRO,25955000,TERESOPOLIS,330580,2136432772,cemusasms@gmail.com,-22.41102,-42.96881,1244,M,016,30/10/2025
3305802292424,2292424,CENTRO MUNICIPAL DE SAUDE DR ARMANDO GOMES SA COUTO,SECRETARIA MUNICIPAL DE SAUDE,UBS / Atencao basica,AMBULATORIO,"RUA JOSE AUGUSTO DA COSTA, S/N, VARZEA - CEP 25953160",VARZEA,25953160,TERESOPOLIS,330580,021-36422657,cesvarzea@hotmail.com,-22.4109269,-42.9689073,1244,M,016,30/10/2025
3305804471512,4471512,LAR,LONGEVIDADE ASSISTIDA RESIDENCIAL LTDA,UBS / Atencao basica,UNIDADE BASICA DE SAUDE,"AVENIDA LUCIO MEIRA, 58, SALA 02 PARTE, VARZEA - CEP 25953005",VARZEA,25953005,TERESOPOLIS,330580,,,-22.41378,-42.97008,2062,M,001,07/02/2024
3305807453701,7453701,NASF,SECRETARIA MUNICIPAL DE SAUDE DE TERESOPOLIS,UBS / Atencao basica,UNIDADE BASICA DE SAUDE,"RUA JULIO ROSA, 366, TIJUCA - CEP 25975450",TIJUCA,25975450,TERESOPOLIS,330580,,,-22.416999339683365,-42.95707941055298,1244,M,001,10/02/2025
3305809932569,9932569,NASF 2,SECRETARIA MUNICIPAL DE SAUDE,UBS / Atencao basica,UNIDADE BASICA DE SAUDE,"RUA JULIO ROSA, 366, TIJUCA - CEP 25975450",TIJUCA,25975450,TERESOPOLIS,330580,2127431715,,-22.41753491547671,-42.95600652694702,1244,M,001,18/11/2025
3305804235762,4235762,UBS CALEME,MUNICIPIO DE TERESOPOLIS,UBS / Atencao basica,UNIDADE BASICA DE SAUDE,"ESTRADA DO TRIUNFO, S/N, CALEME - CEP 25970790",CALEME,25970790,TERESOPOLIS,330580,,,-22.398114014059928,-42.99924373626709,1244,M,001,12/11/2025
3305804084225,4084225,UBS CEMUSA,MUNICIPIO DE TERESOPOLIS,UBS / Atencao basica,UNIDADE BASICA DE SAUDE,"RUA PALMIRA MARIA DE OLIVEIRA, S/N, SAO PEDRO - CEP 25956270",SAO PEDRO,25956270,TERESOPOLIS,330580,,,-22.41110786966148,-42.96872019767761,1244,M,001,12/11/2025
3305803661881,3661881,UBS CENTRO MATERNO,MUNICIPIO DE TERESOPOLIS,UBS / Atencao basica,UNIDADE BASICA DE SAUDE,"AV LUCIO MEIRA, 379, VARZEA - CEP 25953002",VARZEA,25953002,TERESOPOLIS,330580,,,-22.41082519183845,-42.96863704919815,1244,M,001,12/11/2025
3305804392795,4392795,UBS CES,MUNICIPIO DE TERESOPOLIS,UBS / Atencao basica,UNIDADE BASICA DE SAUDE,"RUA JOSE AUGUSTO DA COSTA, 14, VARZEA - CEP 25953160",VARZEA,25953160,TERESOPOLIS,330580,,,-22.4109908,-42.9686782,1244,M,001,12/11/2025
3305803980480,3980480,UBS TIRO DE GUERRA,MUNICIPIO DE TERESOPOLIS,UBS / Atencao basica,UNIDADE BASICA DE SAUDE,"PRACA DOS EXPEDICIONARIOS, S/N, SAO PEDRO - CEP 25956100",SAO PEDRO,25956100,TERESOPOLIS,330580,,,-22.425131934836152,-42.96609163284302,1244,M,001,12/11/2025
3305802715945,2715945,UNIDADE BASICA DE SAUDE DA FAMILIA DE ARARAS,SECRETARIA MUNICIPAL DE SAUDE,UBS / Atencao basica,UNIDADE BASICA DE SAUDE,"RUA AMAZONAS, S/N, ARARAS - CEP 25955000",ARARAS,25955000,TERESOPOLIS,330580,,,-22.4337969,-42.9696542,1244,M,001,27/04/2023
3305802297744,2297744,UNIDADE BASICA DE SAUDE DA FAMILIA DE BARRA DO IMBUI,SECRETARIA MUNICIPAL DE SAUDE,UBS / Atencao basica,UNIDADE BASICA DE SAUDE,"AV PRESIDENTE ROOSEVELT, 1540, BARRA DO IMBUI - CEP 25955000",BARRA DO IMBUI,25955000,TERESOPOLIS,330580,(21)27423352,secsaudetere@uol.com.br,-22.400990621142537,-42.97928810119629,1244,M,001,12/11/2025
3305802297787,2297787,UNIDADE BASICA DE SAUDE DA FAMILIA DE BEIRA LINHA,SECRETARIA MUNICIPAL DE SAUDE,UBS / Atencao basica,UNIDADE BASICA DE SAUDE,"RUA GUAPORES, 175, BEIRA LINHA - CEP 25961335",BEIRA LINHA,25961335,TERESOPOLIS,330580,(21)26426828,secsaudetere@uol.com.br,-22.43056662313447,-42.977174520492554,1244,M,001,12/11/2025
3305809861874,9861874,UNIDADE BASICA DE SAUDE DA FAMILIA DE FAZENDA ALPINA,MUNICIPIO DE TERESOPOLIS,UBS / Atencao basica,UNIDADE BASICA DE SAUDE,"ESTRADA RIO BAHIA 116, S/N, KM 70, FAZENDA ALPINA - CEP 25980010",FAZENDA ALPINA,25980010,TERESOPOLIS,330580,,,-22.374920435551285,-42.95156478881836,1244,M,001,12/11/2025
3305802292408,2292408,UNIDADE BASICA DE SAUDE DA FAMILIA DE FONTE SANTA,SECRETARIA MUNICIPAL DE SAUDE,UBS / Atencao basica,UNIDADE BASICA DE SAUDE,"ESTRADA FONTE SANTA, 1448, FONTE SANTA - CEP 25953000",FONTE SANTA,25953000,TERESOPOLIS,330580,(21)27423352,secaudetere@uol.com.br,-22.395316704572945,-42.9429817199707,1244,M,001,19/05/2025
3305802297752,2297752,UNIDADE BASICA DE SAUDE DA FAMILIA DE GRANJA FLORESTAL,SECRETARIA MUNICIPAL DE SAUDE,UBS / Atencao basica,UNIDADE BASICA DE SAUDE,"RUA ALVARO ALVIM, 485, GRANJA FLORESTAL - CEP 25955000",GRANJA FLORESTAL,25955000,TERESOPOLIS,330580,(21)27423352,secsaudetere@uol.com.br,-22.37077335753853,-42.975382804870605,1244,M,001,12/11/2025
3305802292467,2292467,UNIDADE BASICA DE SAUDE DA FAMILIA DE GRANJA GUARANI,SECRETARIA MUNICIPAL DE SAUDE,UBS / Atencao basica,UNIDADE BASICA DE SAUDE,"ALAMEDA MAUES, 269, GRANJA GUARANI - CEP 25960520",GRANJA GUARANI,25960520,TERESOPOLIS,330580,(21)26427666,secsaudetere@uol.com.br,-22.443218,-42.984728,1244,M,001,19/01/2021
3305802297647,2297647,UNIDADE BASICA DE SAUDE DA FAMILIA DE MEUDON,SECRETARIA MUNICIPAL DE SAUDE,UBS / Atencao basica,UNIDADE BASICA DE SAUDE,"RUA CARAMURU, 1200, MEUDON - CEP 25955000",MEUDON,25955000,TERESOPOLIS,330580,(21)27423352,secsaudeter@uol.com.br,-22.434966,-42.946193,1244,M,001,28/04/2023
3305806051138,6051138,UNIDADE BASICA DE SAUDE DA FAMILIA DE PIMENTEIRAS,SECRETARIA MUNICIPAL DE SAUDE,UBS / Atencao basica,UNIDADE BASICA DE SAUDE,"RUA DR OLIVEIRA, 1200, PIMENTEIRAS - CEP 25963010",PIMENTEIRAS,25963010,TERESOPOLIS,330580,,,-22.405394690437163,-42.977614402770996,1244,M,001,12/11/2025
3305800467081,0467081,UNIDADE BASICA DE SAUDE DA FAMILIA DE PIMENTEL,MUNICIPIO DE TERESOPOLIS,UBS / Atencao basica,UNIDADE BASICA DE SAUDE,"RUA MANOEL CARREIRO DE MELLO, S/N, SAO PEDRO - CEP 25955000",SAO PEDRO,25955000,TERESOPOLIS,330580,,,-22.429515404404377,-42.95712232589722,1244,M,001,12/11/2025
3305802292475,2292475,UNIDADE BASICA DE SAUDE DA FAMILIA DE ROSARIO,SECRETARIA MUNICIPAL DE SAUDE,UBS / Atencao basica,UNIDADE BASICA DE SAUDE,"RUA SAO PEDRO, 575, SAO PEDRO - CEP 25956210",SAO PEDRO,25956210,TERESOPOLIS,330580,(21)27412648,secsaudeter@uol.com.br,-22.412040206474646,-42.9659628868103,1244,M,001,12/11/2025
3305802297736,2297736,UNIDADE BASICA DE SAUDE DA FAMILIA DE VARGEM GRANDE,SECRETARIA MUNICIPAL DE SAUDE,UBS / Atencao basica,UNIDADE BASICA DE SAUDE,"RUA DIOGENES PEDRO DA COSTA, 98, VARGEM GRANDE - CEP 25955000",VARGEM GRANDE,25955000,TERESOPOLIS,330580,(21)26447519,secsaudetere@uol.com.br,-22.371862,-42.871457,1244,M,001,12/11/2025
3305802297639,2297639,UNIDADE BASICA DE SAUDE DA FAMILIA DE VENDA NOVA,SECRETARIA MUNICIPAL DE SAUDE,UBS / Atencao basica,UNIDADE BASICA DE SAUDE,"ESTRADA TERESOPOLIS FRIBURGO, S/N, VENDA NOVA - CEP 25955000",VENDA NOVA,25955000,TERESOPOLIS,330580,,secsaudetere@uol.com.br,-22.343756,-42.861085,1244,M,001,12/11/2025
3305809846212,9846212,UNIDADE BASICA DE SAUDE DA FAMILIA DO ALTO,MUNICIPIO DE TERESOPOLIS,UBS / Atencao basica,UNIDADE BASICA DE SAUDE,"RUA GONCALO DE CASTRO, 342, ALTO - CEP 25960090",ALTO,25960090,TERESOPOLIS,330580,21-2642-5259,,-22.4403962,-42.978948,1244,M,001,12/11/2025
3305802715929,2715929,UNIDADE BASICA DE SAUDE DE AGUA QUENTE,SECRETARIA MUNICIPAL DE SAUDE,UBS / Atencao basica,UNIDADE BASICA DE SAUDE,"RODOVIA SANTOS DUMONT, S/N, 2 DISTRITO, AGUA QUENTE - CEP 25985000",AGUA QUENTE,25985000,TERESOPOLIS,330580,(21)36416421,secsaudetere@uol.com.br,-22.124426635813737,-42.77947425842285,1244,M,001,05/07/2024
3305806030351,6030351,UNIDADE BASICA DE SAUDE DE ALBUQUERQUE,SECRETARIA MUNICIPAL DE SAUDE,UBS / Atencao basica,UNIDADE BASICA DE SAUDE,"ESTR TERESOPOLIS FRIBURGO, S/N, KM 12, ALBUQUERQUE - CEP 25955000",ALBUQUERQUE,25955000,TERESOPOLIS,330580,,,-22.384397,-42.909945,1244,M,001,10/07/2024
3305802297663,2297663,UNIDADE BASICA DE SAUDE DE BONSUCESSO,SECRETARIA MUNICIPAL DE SAUDE,UBS / Atencao basica,UNIDADE BASICA DE SAUDE,"ESTRADA DOUTOR ROGERIO DE MOURA ESTEVAO, S/N, 3 DISTRITO, BONSUCESSO - CEP 25995290",BONSUCESSO,25995290,TERESOPOLIS,330580,(21)26411208,secsaudetere@uol.com.br,-22.273728271686505,-42.79505252838135,1244,M,001,12/11/2025
3305802292394,2292394,UNIDADE BASICA DE SAUDE DE PESSEGUEIROS,SECRETARIA MUNICIPAL DE SAUDE,UBS / Atencao basica,UNIDADE BASICA DE SAUDE,"ESTRADA RIO BAHIA, S/N, PESSEGUEIROS - CEP 25953000",PESSEGUEIROS,25953000,TERESOPOLIS,330580,(21)26436510,secsaudetere@uol.com.br,-22.304884,-42.936226,1244,M,001,12/11/2025
3305802297671,2297671,UNIDADE BASICA DE SAUDE DE VIEIRA,SECRETARIA MUNICIPAL DE SAUDE,UBS / Atencao basica,UNIDADE BASICA DE SAUDE,"ESTRADA TERESOPOLIS FRIBURGO, S/N, 3 DISTRITO, VIEIRA - CEP 25955000",VIEIRA,25955000,TERESOPOLIS,330580,(21)26410018,secsaudetere@uol.com.br,-22.260554,-42.736844,1244,M,001,12/11/2025
3305800316199,0316199,UNIDADE BASICA DE SAUDE PARQUE ERMITAGE,SECRETARIA MUNICIPAL DE SAUDE DE TERESOPOLIS,UBS / Atencao basica,UNIDADE BASICA DE SAUDE,"ESTRADA RIO BAHIA BR 116, 80, ERMITAGE - CEP 25976270",ERMITAGE,25976270,TERESOPOLIS,330580,,,-22.40952089899558,-42.948904037475586,1244,M,001,19/12/2025
3305802297760,2297760,UNIDADE MOVEL II,SECRETARIA DE SAUDE MUNICIPAL,UBS / Atencao basica,UNIDADE BASICA DE SAUDE,"RUA JULIO ROSA, 366, TIJUCA - CEP 25975450",TIJUCA,25975450,TERESOPOLIS,330580,(21)27420366,secsaudetere@bol.com.br,-22.421819447471485,-42.96325922012329,1244,M,001,04/03/2026
3305804554159,4554159,YALA,YALA SERVICOS MEDICOS LTDA,UBS / Atencao basica,UNIDADE BASICA DE SAUDE,"AVENIDA LUCIO MEIRA, 58, SALA 01 PARTE, VARZEA - CEP 25953005",VARZEA,25953005,TERESOPOLIS,330580,2136420525,yalasaude@gmail.com,-22.41378,-42.97008,2062,M,001,28/03/2024
3305902285711,2285711,ESF JALMEIR MORAIS VIANA,MUNICIPIO DE TRAJANO DE MORAES,UBS / Atencao basica,UNIDADE BASICA DE SAUDE,"RUA DO FORUM, 10, PREDIO, CENTRO - CEP 28755000",CENTRO,28755000,TRAJANO DE MORAES,330590,,,-22.064959,-42.151451,1244,M,001,06/06/2025
3305902285657,2285657,PSF DR ELIAS,SECRETARIA MUNICIPAL DE SAUDE DE TRAJANO DE MORAES,UBS / Atencao basica,UNIDADE BASICA DE SAUDE,"RUA PRINCIPAL, S/N, CENTRO, MONTE CAFE - CEP 28757000",MONTE CAFE,28757000,TRAJANO DE MORAES,330590,,,-22.063682,-42.066294,1244,M,001,16/03/2025
3305902285630,2285630,PSF MARIA MENDONCA,SECRETARIA MUNICIPAL DE SAUDE DE TRAJANO DE MORAIS,UBS / Atencao basica,UNIDADE BASICA DE SAUDE,"RUA PRINCIPAL, S/N, CENTRO, MARIA MENDONCA - CEP 28765000",MARIA MENDONCA,28765000,TRAJANO DE MORAES,330590,,,-22.063451,-42.066539,1244,M,001,16/03/2025
3305903338134,3338134,PSF REPRESA,SECRETARIA MUNICIPAL DE SAUDE DE TRAJANO DE MORAES,UBS / Atencao basica,UNIDADE BASICA DE SAUDE,"AV AMARAL PEIXOTO, S/N, REPRESA - CEP 28750000",REPRESA,28750000,TRAJANO DE MORAES,330590,,,-22.063793,-42.066971,1244,M,001,06/06/2025
3305902285703,2285703,PSF TAPERA,SECRETARIA MUNICIPAL DE TRAJANO DE MORAES,UBS / Atencao basica,UNIDADE BASICA DE SAUDE,"RUA DO HOSPITAL, S/N, CENTRO, TAPERA - CEP 28767000",TAPERA,28767000,TRAJANO DE MORAES,330590,,,-22.063417,-42.066618,1244,M,001,01/10/2025
3305906600409,6600409,SMS TRAJANO DE MORAES,FUNDO MUNICIPAL DE SAUDE DE TRAJANO DE MORAES,UBS / Atencao basica,UNIDADE BASICA DE SAUDE,"DR JOAO GUIMARAES, S/N, CENTRO, CENTRO - CEP 28750000",CENTRO,28750000,TRAJANO DE MORAES,330590,,,-22.063879,-42.066412,1244,M,001,08/05/2025
3305908066280,8066280,UNIDADE ODONTOLOGICA MOVEL,UNIDADE ODONTOLOGICA MOVEL,UBS / Atencao basica,UNIDADE BASICA DE SAUDE,"DR JOAO GUIMARAES, S/N, CENTRO - CEP 28750000",CENTRO,28750000,TRAJANO DE MORAES,330590,,,-22.062136039127502,-42.053303718566895,1244,M,001,16/12/2025
3306007577141,7577141,UBS BARROS FRANCO,PREFEITURA MUNICIPAL DE TRES RIOS,UBS / Atencao basica,UNIDADE BASICA DE SAUDE,"PRACA ARSONVAL MACEDO, 1800, VILA ISABEL - CEP 25802290",VILA ISABEL,25802290,TRES RIOS,330600,22523029,,-22.10691982559208,-43.19225073245909,1244,M,001,09/10/2025
3306002292548,2292548,UBS BEMPOSTA,PREFEITURA MUNICIPAL DE TRES RIOS,UBS / Atencao basica,UNIDADE BASICA DE SAUDE,"PRACA GUILHERMINA GUINLE, S/N, BEMPOSTA, BEMPOSTA - CEP 25840000",BEMPOSTA,25840000,TRES RIOS,330600,24 22208604,,-22.143746,-43.0965905,1244,M,001,09/10/2025
3306002696495,2696495,UBS BOA UNIAO,PREFEITURA MUNICIPAL DE TRES RIOS,UBS / Atencao basica,UNIDADE BASICA DE SAUDE,"PRACA DR ANTONIO CARLOS DE ALMEIDA, S/N, BOA UNIAO, BOA UNIAO - CEP 25809630",BOA UNIAO,25809630,TRES RIOS,330600,24 22510148,,-22.09824,-43.21819,1244,M,001,09/10/2025
3306003512029,3512029,UBS CAIXA DAGUA,PREFEITURA MUNICIPAL DE TRES RIOS,UBS / Atencao basica,UNIDADE BASICA DE SAUDE,"RUA OITO DE MAIO, 204, CAIXA DAGUA - CEP 25807145",CAIXA DAGUA,25807145,TRES RIOS,330600,024 22202503,,-22.10628471805626,-43.20708133463326,1244,M,001,09/10/2025
3306002292521,2292521,UBS CANTAGALO,PREFEITURA MUNICIPAL DE TRES RIOS,UBS / Atencao basica,UNIDADE BASICA DE SAUDE,"RUA IGLESIAS LOPES, 1549, CANTAGALO - CEP 25805340",CANTAGALO,25805340,TRES RIOS,330600,024 22556390,,-22.1149928,-43.2226466,1244,M,001,09/10/2025
3306003512037,3512037,UBS CARIRI,PREFEITURA MUNICIPAL DE TRES RIOS,UBS / Atencao basica,UNIDADE BASICA DE SAUDE,"RUA AMAZONAS, 510, CARIRI - CEP 25811000",CARIRI,25811000,TRES RIOS,330600,24 22557243,,-22.1120236,-43.1841798,1244,M,001,09/10/2025
3306007577001,7577001,UBS CENTRO,PREFEITURA MUNICIPAL DE TRES RIOS,UBS / Atencao basica,UNIDADE BASICA DE SAUDE,"RUA PRESIDENTE VARGAS, 289, CENTRO - CEP 25802200",CENTRO,25802200,TRES RIOS,330600,22554626,,-22.11663,-43.20514,1244,M,001,09/10/2025
3306002696738,2696738,UBS CIDADE NOVA,PREFEITURA MUNICIPAL DE TRES RIOS,UBS / Atencao basica,UNIDADE BASICA DE SAUDE,"RUA DOM PEDRO II, 51, CIDADE NOVA - CEP 25809450",CIDADE NOVA,25809450,TRES RIOS,330600,024 22525167,,-22.104097961152192,-43.21816187173971,1244,M,001,09/10/2025
3306007264259,7264259,UBS HABITAT,PREFEITURA MUNICIPAL DE TRES RIOS,UBS / Atencao basica,UNIDADE BASICA DE SAUDE,"RUA E, 10, HABITAT - CEP 25802336",HABITAT,25802336,TRES RIOS,330600,024 22554626,,-22.140245932426726,-43.24530164177561,1244,M,001,09/10/2025
3306007057067,7057067,UBS JAQUEIRA,PREFEITURA MUNICIPAL DE TRES RIOS,UBS / Atencao basica,UNIDADE BASICA DE SAUDE,"RUA PEDRO ASSIS DO AMARAL, 222, VILA ISABEL - CEP 25811380",VILA ISABEL,25811380,TRES RIOS,330600,024 22557159,,-22.099013670256394,-43.18827614626932,1244,M,001,09/10/2025
3306003468410,3468410,UBS JK,PREFEITURA MUNICIPAL DE TRES RIOS,UBS / Atencao basica,UNIDADE BASICA DE SAUDE,"RUA VISCONDE DE ENTRE RIOS, 568, CENTRO - CEP 25802315",CENTRO,25802315,TRES RIOS,330600,024 22554626,,-22.11514371196063,-43.213083590484075,1244,M,001,09/10/2025
3306002292564,2292564,UBS MAE PRETA,PREFEITURA MUNICIPAL DE TRES RIOS,UBS / Atencao basica,UNIDADE BASICA DE SAUDE,"TV ALFREDO SOARES AZEVEDO, 443, VL ISABEL - CEP 25815080",VL ISABEL,25815080,TRES RIOS,330600,024 22551016,,-22.110444931908308,-43.197703732806566,1244,M,001,09/10/2025
3306007577087,7577087,UBS MIRANTE SUL,PREFEITURA MUNICIPAL DE TRES RIOS,UBS / Atencao basica,UNIDADE BASICA DE SAUDE,"RUA SANTOS DUMONT, 77, BOA UNIAO - CEP 25809180",BOA UNIAO,25809180,TRES RIOS,330600,22554626,,-22.105908,-43.1913249,1244,M,001,24/03/2026
3306002293757,2293757,UBS MONTE CASTELO,PREFEITURA MUNICIPAL DE TRES RIOS,UBS / Atencao basica,UNIDADE BASICA DE SAUDE,"RUA TABAJARA, 94, MONTE CASTELO - CEP 25810200",MONTE CASTELO,25810200,TRES RIOS,330600,024 22559880,,-22.0878457019874,-43.21485936164374,1244,M,001,09/10/2025
3306002292572,2292572,UBS MORADA DO SOL,PREFEITURA MUNICIPAL DE TRES RIOS,UBS / Atencao basica,UNIDADE BASICA DE SAUDE,"RUA EVARISTO FRANCISCO MACHADO, 368, VILA ISABEL - CEP 25811084",VILA ISABEL,25811084,TRES RIOS,330600,024 22512658,,-22.1066899,-43.1843033,1244,M,001,09/10/2025
3306007104480,7104480,UBS MORRO DOS CAETANOS,PREFEITURA MUNICIPAL DE TRES RIOS,UBS / Atencao basica,UNIDADE BASICA DE SAUDE,"PRACA ARSONVAL MACEDO, 1800, VILA ISABEL - CEP 25812090",VILA ISABEL,25812090,TRES RIOS,330600,024 22554626,,-22.10712692680835,-43.19237843041148,1244,M,001,09/10/2025
3306002293803,2293803,UBS MOURA BRASIL,PREFEITURA MUNICIPAL DE TRES RIOS,UBS / Atencao basica,UNIDADE BASICA DE SAUDE,"RUA PAULO SERGIO MENDES FERREIRA, 60, MOURA BRASIL - CEP 25821470",MOURA BRASIL,25821470,TRES RIOS,330600,024 22520361,,-22.12807263167705,-43.14958856164259,1244,M,001,09/10/2025
3306005073545,5073545,UBS PALMITAL,PREFEITURA MUNICIPAL DE TRES RIOS,UBS / Atencao basica,UNIDADE BASICA DE SAUDE,"RUA ANTONIO JOSE FILHO, 43, VILA ISABEL - CEP 25815000",VILA ISABEL,25815000,TRES RIOS,330600,024 22554626,tressaude@hotmail.com,-22.1055316,-43.1897525,1244,M,001,09/10/2025
3306005073553,5073553,UBS PATIO DA ESTACAO,PREFEITURA MUNICIPAL DE TRES RIOS,UBS / Atencao basica,UNIDADE BASICA DE SAUDE,"RUA DOMINGO DOS ANJOS, 831, PATIO DA ESTACAO - CEP 25815000",PATIO DA ESTACAO,25815000,TRES RIOS,330600,024 22553418,tressaude@hotmail.com,-22.112325933564204,-43.20264916164308,1244,M,001,09/10/2025
3306002293773,2293773,UBS PILOES,PREFEITURA MUNICIPAL DE TRES RIOS,UBS / Atencao basica,UNIDADE BASICA DE SAUDE,"ESTRADA DOS PILOES, 1537, PILOES - CEP 25821160",PILOES,25821160,TRES RIOS,330600,024 22558380,,-22.135253701447017,-43.17367211931524,1244,M,001,09/10/2025
3306002292580,2292580,UBS PONTE DAS GARCAS,PREFEITURA MUNICIPAL DE TRES RIOS,UBS / Atencao basica,UNIDADE BASICA DE SAUDE,"RUA FELICIANO LIMA, 249, PONTE DAS GARCAS - CEP 25805290",PONTE DAS GARCAS,25805290,TRES RIOS,330600,024 22558396,,-22.1235405,-43.175781,1244,M,001,09/10/2025
3306002292556,2292556,UBS PONTO AZUL,PREFEITURA MUNICIPAL DE TRES RIOS,UBS / Atencao basica,UNIDADE BASICA DE SAUDE,"ESTRADA DOS PILOES, 10, LOJA 01 E 02, PONTO AZUL - CEP 25821160",PONTO AZUL,25821160,TRES RIOS,330600,024 22520363,,-22.12485991400012,-43.17118321928691,1244,M,001,09/10/2025
3306002294915,2294915,UBS PORTAO VERMELHO,PREFEITURA MUNICIPAL DE TRES RIOS,UBS / Atencao basica,UNIDADE BASICA DE SAUDE,"RUA BENJAMIM CONSTANT, 249, AO FIM 277, PORTAO VERMELHO - CEP 25808000",PORTAO VERMELHO,25808000,TRES RIOS,330600,024 22510336,,-22.107424779139965,-43.21168203463327,1244,M,001,09/10/2025
3306002293781,2293781,UBS PURYS,PREFEITURA MUNICIPAL DE TRES RIOS,UBS / Atencao basica,UNIDADE BASICA DE SAUDE,"RUA SANTO ANTONIO, 2848, PURYS - CEP 25808130",PURYS,25808130,TRES RIOS,330600,024 22525371,,-22.09632,-43.16547,1244,M,001,09/10/2025
3306009418474,9418474,UBS RUA DIREITA,PREFEITURA MUNICIPAL DE TRES RIOS,UBS / Atencao basica,UNIDADE BASICA DE SAUDE,"RUA DIREITA, 2722, TRIANGULO - CEP 25820185",TRIANGULO,25820185,TRES RIOS,330600,22551885,,-22.106503638591846,-43.17504181743259,1244,M,001,09/10/2025
3306003512045,3512045,UBS SANTA TERESINHA,PREFEITURA MUNICIPAL DE TRES RIOS,UBS / Atencao basica,UNIDADE BASICA DE SAUDE,"AV JORGE DA COSTA SOARES, 344, MONTE CASTELO - CEP 25810420",MONTE CASTELO,25810420,TRES RIOS,330600,024 22515971,,-22.089047743793714,-43.22117191931639,1244,M,001,09/10/2025
3306002293730,2293730,UBS TRIANGULO,PREFEITURA MUNICIPAL DE TRES RIOS,UBS / Atencao basica,UNIDADE BASICA DE SAUDE,"RUA SAO JOSE, 1236, TRIANGULO - CEP 25820180",TRIANGULO,25820180,TRES RIOS,330600,024 22554626,,-22.117237037450206,-43.187503627555,1244,M,001,09/10/2025
3306006791433,6791433,UBS VILA NOVA,PREFEITURA MUNICIPAL DE TRES RIOS,UBS / Atencao basica,UNIDADE BASICA DE SAUDE,"RUA JOAQUIM GOMES VEIGA, 197, VILA ISABEL - CEP 25815114",VILA ISABEL,25815114,TRES RIOS,330600,024 22554626,,-22.108918550693204,-43.19185247698873,1244,M,001,09/10/2025
3306002292610,2292610,UBS WERNECK MARINE,PREFEITURA MUNICIPAL DE TRES RIOS,UBS / Atencao basica,UNIDADE BASICA DE SAUDE,"AVENIDA ARTUR SEBASTIAO TOLEDO RIBAS, 330, CANTAGALO - CEP 25803060",CANTAGALO,25803060,TRES RIOS,330600,024 22525142,,-22.127110023892808,-43.23191586164267,1244,M,001,09/10/2025
3306102292750,2292750,ESF BAIRRO DE FATIMA,MUNICIPIO DE VALENCA,UBS / Atencao basica,UNIDADE BASICA DE SAUDE,"RUA DOM RODOLFO PENNA, 156, BAIRRO DE FATIMA - CEP 27603072",BAIRRO DE FATIMA,27603072,VALENCA,330610,(24) 3524-0083,,-22.2412782,-43.7100891,1244,M,001,02/04/2026
3306104158636,4158636,ESF BARROSO,MUNICIPIO DE VALENCA,UBS / Atencao basica,UNIDADE BASICA DE SAUDE,"TRAVESSA LARIVOUIR, 81, BARROSO - CEP 27600111",BARROSO,27600111,VALENCA,330610,(24) 3524-0086,,-22.2430954,-43.7037258,1244,M,001,11/02/2026
3306102292718,2292718,ESF BIQUINHA,MUNICIPIO DE VALENCA,UBS / Atencao basica,UNIDADE BASICA DE SAUDE,"JOAQUIM GABRIEL, 65, PERTO DA QUADRA, BIQUINHA - CEP 27601820",BIQUINHA,27601820,VALENCA,330610,(24) 3524-0075,,-22.231074808302747,-43.68408679962158,1244,M,001,24/02/2026
3306102292858,2292858,ESF CAMBOTA,MUNICIPIO DE VALENCA,UBS / Atencao basica,UNIDADE BASICA DE SAUDE,"RUA PEDRO PONCIANO, 122, CAMBOTA - CEP 27602290",CAMBOTA,27602290,VALENCA,330610,(24) 3524-0076,,-22.219,-43.686,1244,M,001,19/12/2025
3306107087101,7087101,ESF CENTRO,MUNICIPIO DE VALENCA,UBS / Atencao basica,UNIDADE BASICA DE SAUDE,"RUA DR FIGUEIREDO, 271, CENTRO - CEP 27600211",CENTRO,27600211,VALENCA,330610,(24) 3524 0065,,-22.248369123868503,-43.70136022567749,1244,M,001,19/12/2025
3306102292874,2292874,ESF CONSERVATORIA,MUNICIPIO DE VALENCA,UBS / Atencao basica,UNIDADE BASICA DE SAUDE,"RUA MONSENHOR PASCHOAL OBRELOTO, S/N, CONSERVATORIA - CEP 27655000",CONSERVATORIA,27655000,VALENCA,330610,(24) 3524-0081,,-22.2671066,-43.9774143,1244,M,001,06/02/2026
3306109895485,9895485,ESF HILDEBRANDO LOPES,MUNICIPIO DE VALENCA,UBS / Atencao basica,UNIDADE BASICA DE SAUDE,"RUA FELIPE TABET, 75, HILDEBRANDO LOPES - CEP 27603255",HILDEBRANDO LOPES,27603255,VALENCA,330610,(24) 3524-0084,,-22.2371908,-43.7121361,1244,M,001,19/12/2025
3306102292947,2292947,ESF JARDIM VALENCA,MUNICIPIO DE VALENCA,UBS / Atencao basica,UNIDADE BASICA DE SAUDE,"RUA AMERICA FARIA MACHADO, 13, JARDIM VALENCA - CEP 27603420",JARDIM VALENCA,27603420,VALENCA,330610,(24) 3524 0069,,-22.2354554,-43.7011863,1244,M,001,04/03/2026
3306102292866,2292866,ESF JOAO BONITO,MUNICIPIO DE VALENCA,UBS / Atencao basica,UNIDADE BASICA DE SAUDE,"RUA DOIS, 90, JOAO BONITO - CEP 27601000",JOAO BONITO,27601000,VALENCA,330610,(24) 3524-0070,,-22.2299543,-43.7184,1244,M,001,11/02/2026
3306102292696,2292696,ESF JOAO DIAS,MUNICIPIO DE VALENCA,UBS / Atencao basica,UNIDADE BASICA DE SAUDE,"RUA PEDRO MELLO FERREIRA, 249, JOAO DIAS - CEP 27601000",JOAO DIAS,27601000,VALENCA,330610,(24) 99283-5567,,-22.2564579,-43.7123766,1244,M,001,04/03/2026
3306102292831,2292831,ESF OSORIO,MUNICIPIO DE VALENCA,UBS / Atencao basica,UNIDADE BASICA DE SAUDE,"ESTRADA VELHA VALENCA PENTAGNA, 4995, OSORIO - CEP 27601000",OSORIO,27601000,VALENCA,330610,(24) 3524-0071,,-22.205434778400562,-43.72201323509216,1244,M,001,11/02/2026
3306102292890,2292890,ESF PARAPEUNA,MUNICIPIO DE VALENCA,UBS / Atencao basica,UNIDADE BASICA DE SAUDE,"RUA BENJAMIN IELPO, 15, PARAPEUNA - CEP 27608188",PARAPEUNA,27608188,VALENCA,330610,(24) 3524-0073,,-22.093175422080467,-43.83147954940796,1244,M,001,24/02/2026
3306102293048,2293048,ESF PARQUE PENTAGNA,MUNICIPIO DE VALENCA,UBS / Atencao basica,UNIDADE BASICA DE SAUDE,"RUA DAVID ALVES DOS SANTOS, 375, PARQUE PENTAGNA - CEP 27601676",PARQUE PENTAGNA,27601676,VALENCA,330610,(24) 3524-0074,,-22.24308621744934,-43.69320631027222,1244,M,001,11/02/2026
3306102292823,2292823,ESF PENTAGNA,MUNICIPIO DE VALENCA,UBS / Atencao basica,UNIDADE BASICA DE SAUDE,"PRACA SIMOES CORREIA, S/N, PENTAGNA - CEP 27601000",PENTAGNA,27601000,VALENCA,330610,(24) 3524-0072,smsvalenca@uol.com.br,-22.162010359171102,-43.75379204750061,1244,M,001,10/02/2026
3306102292882,2292882,ESF SANTA ISABEL,MUNICIPIO DE VALENCA,UBS / Atencao basica,UNIDADE BASICA DE SAUDE,"PRACA TOBIAS LENZI, 75, STA ISABEL - CEP 27657000",STA ISABEL,27657000,VALENCA,330610,(24) 3524-0082,smsvalenca@uol.com.br,-22.226,-44.067,1244,M,001,19/03/2026
3306102292777,2292777,ESF SAO FRANCISCO,MUNICIPIO DE VALENCA,UBS / Atencao basica,UNIDADE BASICA DE SAUDE,"RUA DORCINO COSTA DE OLIVEIRA, 167, SAO FRANCISCO - CEP 27605370",SAO FRANCISCO,27605370,VALENCA,330610,(24) 3524-0078,,-22.3377,-43.79,1244,M,001,18/03/2026
3306102293021,2293021,ESF SAO JOSE DAS PALMEIRAS,MUNICIPIO DE VALENCA,UBS / Atencao basica,UNIDADE BASICA DE SAUDE,"RUA ANTONIO AUGUSTO SIQUEIRA, S/N, PRACA ARCO IRIS, SAO JOSE DAS PALMEIR - CEP 27603470",SAO JOSE DAS PALMEIR,27603470,VALENCA,330610,(24) 3524-0085,,-22.2311622,-43.7037842,1244,M,001,04/03/2026
3306102292998,2292998,ESF SPALLA II,MUNICIPIO DE VALENCA,UBS / Atencao basica,UNIDADE BASICA DE SAUDE,"RUA DAS FLORES, S/N, SPALLA II - CEP 27600370",SPALLA II,27600370,VALENCA,330610,(24) 3524 0067,,-22.224589510490965,-43.70946317911148,1244,M,001,19/12/2025
3306108129959,8129959,ESF VADINHO FONSECA,MUNICIPIO DE VALENCA,UBS / Atencao basica,UNIDADE BASICA DE SAUDE,"RUA PEDRO PONCIANO, 122, ANEXO, CAMBOTA - CEP 27602290",CAMBOTA,27602290,VALENCA,330610,,,-22.2160829,-43.6990565,1244,M,001,06/02/2026
3306102292688,2292688,ESF VARGINHA,MUNICIPIO DE VALENCA,UBS / Atencao basica,UNIDADE BASICA DE SAUDE,"RUA G, 485, VARGINHA - CEP 27605000",VARGINHA,27605000,VALENCA,330610,(24) 3524 0077,,-22.2596132,-43.7304855,1244,M,001,24/02/2026
3306102292815,2292815,UBS CANTEIRO,MUNICIPIO DE VALENCA,UBS / Atencao basica,UNIDADE BASICA DE SAUDE,"RUA NOSSA SRA DE NAZARE, S/N, CANTEIRO - CEP 27605028",CANTEIRO,27605028,VALENCA,330610,(24) 3524 0061,,-22.27648830881763,-43.73985528945923,1244,M,001,06/03/2026
3306102295628,2295628,UBS CHACRINHA,MUNICIPIO DE VALENCA,UBS / Atencao basica,UNIDADE BASICA DE SAUDE,"RUA JOSE TABET, 177, CHACRINHA - CEP 27604725",CHACRINHA,27604725,VALENCA,330610,(24) 3524 0062,,-22.2406814,-43.7383261,1244,M,001,06/03/2026
3306106388701,6388701,UBS LARANJEIRAS,MUNICIPIO DE VALENCA,UBS / Atencao basica,UNIDADE BASICA DE SAUDE,"RUA SILVA JARDIM, 195, CENTRO - CEP 27600131",CENTRO,27600131,VALENCA,330610,(24) 3524 0063,,-22.2364286,-43.716363,1244,M,001,10/03/2026
3306102697130,2697130,UBS PASSAGEM,MUNICIPIO DE VALENCA,UBS / Atencao basica,UNIDADE BASICA DE SAUDE,"ESTRADA DA PASSAGEM, 2801, PASSAGEM - CEP 27600990",PASSAGEM,27600990,VALENCA,330610,(24) 3524 0060,smsvalenca@uol.com.br,-22.229659588963965,-43.7300705909729,1244,M,001,06/03/2026
3306106194656,6194656,UBS QUIRINO,MUNICIPIO DE VALENCA,UBS / Atencao basica,UNIDADE BASICA DE SAUDE,"RODOVIA RJ 143, 2885, QUIRINO - CEP 27606376",QUIRINO,27606376,VALENCA,330610,(24) 3524 0064,,-22.2989348,-43.6843723,1244,M,001,06/03/2026
3306152268523,2268523,CENTRO DE SAUDE DE VARRESAI,SECRETARIA MUNICIPAL DE SAUDE DE VARRESAI,UBS / Atencao basica,AMBULATORIO,"RUA OCTAVIO MONERAT, 10, CENTRO - CEP 28375000",CENTRO,28375000,VARRE-SAI,330615,2238433192,,-20.92681864911391,-41.86781700627587,1244,M,016,08/10/2025
3306152294931,2294931,UNIDADE DE PSF III,SECRETARIA MUNICIPAL DE SAUDE DE VARRESAI,UBS / Atencao basica,UNIDADE BASICA DE SAUDE,"PRACA AMELIA VARGAS DE OLIVEIRA, S/N, CENTRO - CEP 28375000",CENTRO,28375000,VARRE-SAI,330615,(22)38433566,,-20.929120431084698,-41.867654621601105,1244,M,001,03/09/2025
3306159901450,9901450,UNIDADE DE PSF IV,SECRETARIA MUNICIPAL DE SAUDE DE VARRESAI,UBS / Atencao basica,UNIDADE BASICA DE SAUDE,"PRACA AMELIA VARGAS DE OLIVEIRA, S/N, CENTRO - CEP 28375000",CENTRO,28375000,VARRE-SAI,330615,,,-20.929165525488358,-41.86772704124451,1244,M,001,03/09/2025
3306159905944,9905944,UNIDADE DE PSF V,SECRETARIA MUNICIPAL DE SAUDE DE VARRESAI,UBS / Atencao basica,UNIDADE BASICA DE SAUDE,"JOAO RAMOS PEREIRA JUNIOR, S/N, PARQUE CONFIANCA - CEP 28375000",PARQUE CONFIANCA,28375000,VARRE-SAI,330615,,,-20.931587,-41.86546,1244,M,001,03/09/2025
3306152294966,2294966,UNIDADE PSF I,SECRETARIA MUNICIPAL DE SAUDE DE VARRESAI,UBS / Atencao basica,UNIDADE BASICA DE SAUDE,"SANTA RITA DO PRATA, S/N, ZONA RURAL - CEP 28375000",ZONA RURAL,28375000,VARRE-SAI,330615,(22)38433566,,-20.857618730755984,-41.74323230981827,1244,M,001,03/09/2025
3306152294958,2294958,UNIDADE PSF II,SECRETARIA MUNICIPAL DE SAUDE DE VARRESAI,UBS / Atencao basica,UNIDADE BASICA DE SAUDE,"FAZ JACUTINGA, S/N, ZONA RURAL - CEP 28375000",ZONA RURAL,28375000,VARRE-SAI,330615,(22)38433566,,-20.9315145,-41.8695342,1244,M,001,03/09/2025
3306202296373,2296373,ESCOLA JOSE VAZ DE MIRANDA,PREFEITURA MUNICIPAL DE VASSOURAS,UBS / Atencao basica,UNIDADE BASICA DE SAUDE,"RUA DESENGANO, 112, BARAO DE VASSOURAS - CEP 27700000",BARAO DE VASSOURAS,27700000,VASSOURAS,330620,,,-22.39134879316981,-43.67563247680664,1244,M,001,06/10/2025
3306204303245,4303245,UNIDADE BASICA DE SAUDE CANANEIA,MUNICIPIO DE VASSOURAS,UBS / Atencao basica,UNIDADE BASICA DE SAUDE,"ESTRADA CANANEIA, S/N, CANANEIA - CEP 27700000",CANANEIA,27700000,VASSOURAS,330620,,,-22.348507985190675,-43.56154203414917,1244,M,001,29/11/2024
3306202273926,2273926,UNIDADE BASICA DE SAUDE DA ESQUINA DA ALEGRIA,PREFEITURA MUNICIPAL DE VASSOURAS,UBS / Atencao basica,UNIDADE BASICA DE SAUDE,"RUA MANOEL BONIFACIO, 371, LOTE 211, ESQUINA DA ALEGRIA - CEP 27700000",ESQUINA DA ALEGRIA,27700000,VASSOURAS,330620,08007487813 R 479,,-22.4203351,-43.740025,1244,M,001,06/10/2025
3306200266833,0266833,UNIDADE BASICA DE SAUDE DA GLORIA,MUNICIPIO DE VASSOURAS,UBS / Atencao basica,UNIDADE BASICA DE SAUDE,"RUA FAUSTINO DE ASSIS, 66, GLORIA - CEP 27700000",GLORIA,27700000,VASSOURAS,330620,08007487813 R473,,-22.2545133,-43.3916142,1244,M,001,16/07/2025
3306202273764,2273764,UNIDADE BASICA DE SAUDE DE ALIANCA,PREFEITURA MUNICIPAL DE VASSOURAS,UBS / Atencao basica,UNIDADE BASICA DE SAUDE,"PRACA MARIA DO CARMO, 18, ALIANCA - CEP 27700000",ALIANCA,27700000,VASSOURAS,330620,,,-22.276539,-43.529018,1244,M,001,24/10/2025
3306202273772,2273772,UNIDADE BASICA DE SAUDE DE BARAO DE VASSOURAS,PREFEITURA MUNICIPAL DE VASSOURAS,UBS / Atencao basica,UNIDADE BASICA DE SAUDE,"RUA FRANCISCO GILSON, 534, BARAO DE VASSOURAS - CEP 27700000",BARAO DE VASSOURAS,27700000,VASSOURAS,330620,08007487813 R465,,-22.3749228,-43.6881187,1244,M,001,16/07/2025
3306202273829,2273829,UNIDADE BASICA DE SAUDE DE IPIRANGA,PREFEITURA MUNICIPAL DE VASSOURAS,UBS / Atencao basica,UNIDADE BASICA DE SAUDE,"ESTRADA BARRA DO PIRAI MENDES, 6480, IPIRANGA - CEP 27700000",IPIRANGA,27700000,VASSOURAS,330620,08007487813 R478,,-22.4265055,-43.7597584,1244,M,001,06/10/2025
3306202273853,2273853,UNIDADE BASICA DE SAUDE DE PIRAUI,PREFEITURA MUNICIPAL DE VASSOURAS,UBS / Atencao basica,UNIDADE BASICA DE SAUDE,"RUA MANOEL FERREIRA DE CASTILHO, 8149, PIRAUI - CEP 27700000",PIRAUI,27700000,VASSOURAS,330620,08007487813 R481,,-22.44471847,-43.5423857,1244,M,001,06/10/2025
3306204860160,4860160,UNIDADE BASICA DE SAUDE DE POCINHOS,MUNICIPIO DE VASSOURAS,UBS / Atencao basica,UNIDADE BASICA DE SAUDE,"RJ 127, 1580, POCINHOS - CEP 27700000",POCINHOS,27700000,VASSOURAS,330620,0800748713,,-22.4655408,-43.7357274,1244,M,001,29/11/2024
3306202273934,2273934,UNIDADE BASICA DE SAUDE DE SAMAMBAIA,PREFEITURA MUNICIPAL DE VASSOURAS,UBS / Atencao basica,UNIDADE BASICA DE SAUDE,"ESTRADA ANTONIO FAUSTINO PORTO, 4795, SAMAMBAIA - CEP 27700000",SAMAMBAIA,27700000,VASSOURAS,330620,08007487813 R 461,,-22.2959068,-43.4554909,1244,M,001,05/12/2025
3306207295502,7295502,UNIDADE BASICA DE SAUDE DE TINGUA,PREFEITURA MUNICIPAL DE VASSOURAS,UBS / Atencao basica,UNIDADE BASICA DE SAUDE,"RUA MARECHAL CASTELO BRANCO, 130, TINGUA - CEP 27700000",TINGUA,27700000,VASSOURAS,330620,08007487813 R483,,-22.40449654,-43.6342495,1244,M,001,16/07/2025
3306204385322,4385322,UNIDADE BASICA DE SAUDE DO MANCUSI,MUNICIPIO DE VASSOURAS,UBS / Atencao basica,UNIDADE BASICA DE SAUDE,"RUA PROFESSOR JESSE MONTELO, 132, PARQUE JK, MANCUSI - CEP 27700000",MANCUSI,27700000,VASSOURAS,330620,08007487813 R 446,,-22.422216156710384,-43.68031024932861,1244,M,001,16/07/2025
3306200793329,0793329,UNIDADE BASICA DE SAUDE MATADOURO,MUNICPIO DE VASSOURAS,UBS / Atencao basica,UNIDADE BASICA DE SAUDE,"RUA JOSE MONTEIRO SOARES FILHO, 985, MATADOURO - CEP 27700000",MATADOURO,27700000,VASSOURAS,330620,08007487813 R464,,-22.4002806,-43.6680665,1244,M,001,16/07/2025
3306202273861,2273861,UNIDADE DE SAUDE DA FAMILIA ALBERT SABIN,PREFEITURA MUNICIPAL DE VASSOURAS,UBS / Atencao basica,UNIDADE BASICA DE SAUDE,"PRACA DA MATRIZ, 41, FERREIROS - CEP 27700000",FERREIROS,27700000,VASSOURAS,330620,08007487813 R463,smsvassouras@bol.com.br,-22.428374922250008,-43.56809735298157,1244,M,001,06/10/2025
3306202273837,2273837,UNIDADE DE SAUDE DA FAMILIA DEMETRIO RIBEIRO,PREFEITURA MUNICIPAL DE VASSOURAS,UBS / Atencao basica,UNIDADE BASICA DE SAUDE,"AV PREF CARLOS EUGENIO MEXIAS, 6266, DEMETRIO RIBEIRO - CEP 27700000",DEMETRIO RIBEIRO,27700000,VASSOURAS,330620,08007487813 R449,smsvassouras@bol.com.br,-22.39579284633253,-43.73549938201904,1244,M,001,06/10/2025
3306202273802,2273802,UNIDADE DE SAUDE DA FAMILIA DR ELOI PEREIRA SERRA,PREFEITURA MUNICIPAL DE VASSOURAS,UBS / Atencao basica,UNIDADE BASICA DE SAUDE,"RUA PIO XII, 100, RESIDENCIA - CEP 27700000",RESIDENCIA,27700000,VASSOURAS,330620,08007487813 R 429,smsvassouras@bol.com.br,-22.417197701329105,-43.67149114608765,1244,M,001,06/10/2025
3306202273888,2273888,UNIDADE DE SAUDE DA FAMILIA DR HELIO DE ALMEIDA PINTO,PREFEITURA MUNICIPAL DE VASSOURAS,UBS / Atencao basica,UNIDADE BASICA DE SAUDE,"AVENIDA MARECHAL PAULO TORRES, 477, ANEXO 2, CENTRO - CEP 27700000",CENTRO,27700000,VASSOURAS,330620,08007487813 R 417,smsvassouras@bol.com.br,-22.401367551452612,-43.660762310028076,1244,M,001,06/10/2025
3306203204014,3204014,UNIDADE DE SAUDE DA FAMILIA DR MARIO BRANCO,PREFEITURA MUNICIPAL DE VASSOURAS,UBS / Atencao basica,UNIDADE BASICA DE SAUDE,"RUA B, 36, CONJ HABITACIONAL, TOCA DOS LEOES - CEP 27700000",TOCA DOS LEOES,27700000,VASSOURAS,330620,08007487813 R445,smsvassouras@bol.com.br,-22.4410303,-43.7133169,1244,M,001,06/10/2025
3306202296365,2296365,UNIDADE DE SAUDE DA FAMILIA DR NELSON DOS SANTOS GONCALVES,PREFEITURA MUNICIPAL DE VASSOURAS,UBS / Atencao basica,UNIDADE BASICA DE SAUDE,"RUA EUPIDIO JOSE PEREIRA, 02, SANTA AMALIA - CEP 27700000",SANTA AMALIA,27700000,VASSOURAS,330620,08007487813 R441,smsvassouras@bol.com.br,-22.411380628419174,-43.67291808128357,1244,M,001,04/03/2026
3306202273896,2273896,UNIDADE DE SAUDE DA FAMILIA FLORIANO CUNHA,PREFEITURA MUNICIPAL DE VASSOURAS,UBS / Atencao basica,UNIDADE BASICA DE SAUDE,"RUA ANTONIO FRANCISCO BARBOSA, 305, ITAKAMOSI - CEP 27700000",ITAKAMOSI,27700000,VASSOURAS,330620,08007487813 R 448,smsvassouras@bol.com.br,-22.4165635,-43.7531388,1244,M,001,06/10/2025
3306202273918,2273918,UNIDADE DE SAUDE DA FAMILIA FLORIPES LAVINAS DELGADO,PREFEITURA MUNICIPAL DE VASSOURAS,UBS / Atencao basica,UNIDADE BASICA DE SAUDE,"RUA DEZ, 68, MASSAMBARA - CEP 27700000",MASSAMBARA,27700000,VASSOURAS,330620,08007487813 R 460,smsvassouras2bol.com.br,-22.324730514137414,-43.5259222984314,1244,M,001,06/10/2025
3306202273799,2273799,UNIDADE DE SAUDE DA FAMILIA GENERAL SEVERINO SOMBRA,PREFEITURA MUNICIPAL DE VASSOURAS,UBS / Atencao basica,UNIDADE BASICA DE SAUDE,"RUA DEPUTADO JOSE CARLOS VAZ DE MIRANDA, 56, CASA, MADRUGA - CEP 27700000",MADRUGA,27700000,VASSOURAS,330620,08007487813 R 430,smsvassouras2bol.com.br,-22.397300617813936,-43.650033473968506,1244,M,001,06/10/2025
3306202296357,2296357,UNIDADE DE SAUDE DA FAMILIA JOSE FERREIRA DE SOUZA,PREFEITURA MUNICIPAL DE VASSOURAS,UBS / Atencao basica,UNIDADE BASICA DE SAUDE,"AVENIDA MARECHAL PAULO TORRES, 477, ANEXO 3, CENTRO - CEP 27700000",CENTRO,27700000,VASSOURAS,330620,08007487813 R417,smsvassouras@bol.com.br,-22.40134771304073,-43.660783767700195,1244,M,001,06/10/2025
3306205460638,5460638,UNIDADE DE SAUDE DA FAMILIA NARCISO DA SILVA DIAS,PREFEITURA MUNICIPAL DE VASSOURAS,UBS / Atencao basica,UNIDADE BASICA DE SAUDE,"RUA DR FERNANDES, 69, CENTRO - CEP 27700000",CENTRO,27700000,VASSOURAS,330620,08007487813 R465,smsvassouras@bol.com.br,-22.4104334093433,-43.66395950317383,1244,M,001,06/10/2025
3306202273810,2273810,UNIDADE DE SAUDE DA FAMILIA PEDRO CASEMIRO ALVES,PREFEITURA MUNICIPAL DE VASSOURAS,UBS / Atencao basica,UNIDADE BASICA DE SAUDE,"RUA SEBASTIAO MATTOSO CAMARA, 35, GRECCO - CEP 27700000",GRECCO,27700000,VASSOURAS,330620,08007487813 R443,smsvassouras@bol.com.br,-22.42029210632049,-43.68382930755615,1244,M,001,04/03/2026
3306202273942,2273942,UNIDADE DE SAUDE DA FAMILIA SAGRADA FAMILIA DE NAZARETH,PREFEITURA MUNICIPAL DE VASSOURAS,UBS / Atencao basica,UNIDADE BASICA DE SAUDE,"RUA SAO JOSE, 118, ANDRADE COSTA - CEP 27700000",ANDRADE COSTA,27700000,VASSOURAS,330620,08007487813 R458,smsvassouras@bol.com.br,-22.4913329,-43.7165496,1244,M,001,06/10/2025
3306202273845,2273845,UNIDADE DE SAUDE DA FAMILIA SALADINA FERREIRA GOMES,PREFEITURA MUNICIPAL DE VASSOURAS,UBS / Atencao basica,UNIDADE BASICA DE SAUDE,"PRACA ARMENIO ROCHA MIRANDA, 50, ANDRADE PINTO - CEP 27700000",ANDRADE PINTO,27700000,VASSOURAS,330620,08007487813 R459,smsvassouras@bol.com.br,-22.23971967222691,-43.42199187003052,1244,M,001,06/10/2025
3306303252930,3252930,CADEIA PUBLICA FRANZ DE CASTRO HOLZWARTH,CADEIA PUBLICA FRANZ DE CASTRO HOLZWARTH,UBS / Atencao basica,UNIDADE BASICA DE SAUDE,"AV DOS METALURGICOS, S/N, ROMA - CEP 27211130",ROMA,27211130,VOLTA REDONDA,330630,,,-22.4878804,-44.0249157,1031,M,001,13/01/2026
3306307246323,7246323,CENTRO DE SAUDE CORPO E MENTE,CENTRO DE SAUDE CORPO E MENTE LTDA ME,UBS / Atencao basica,UNIDADE DE APOIO DIAGNOSTICO,"QUARENTA, 14, SL 1501 1502, VILA SANTA CECILIA - CEP 27260200",VILA SANTA CECILIA,27260200,VOLTA REDONDA,330630,24 488772,roselimelli@yahoo.com.br,-22.518285538992167,-44.10313367843628,2062,M,018,22/07/2024
3306306737668,6737668,CENTRO DE SAUDE RENASCER,CENTRO DE SAUDE RENASCER LTDA,UBS / Atencao basica,UNIDADE DE APOIO DIAGNOSTICO,"QUARENTA, 57, VILA STA CECILIA - CEP 27260200",VILA STA CECILIA,27260200,VOLTA REDONDA,330630,33481098/988551876,reginaceles@centrodesauderenascer.com.br,-22.531327590486967,-44.128689765930176,2062,M,018,04/03/2026
3306300880736,0880736,CENTRO DE SAUDE RENASCER,CENTRO DE SAUDE RENASCER LTDA,UBS / Atencao basica,AMBULATORIO,"40, 39, COMPL 1, VILA SANTA CECILIA - CEP 27260200",VILA SANTA CECILIA,27260200,VOLTA REDONDA,330630,24 33481098,reginaceles@centrodesauderenascer.com.br,-22.52252731393169,-44.104013442993164,2062,M,016,04/03/2026
3306300880744,0880744,CENTRO DE SAUDE RENASCER,CENTRO DE SAUDE RENASCER LTDA,UBS / Atencao basica,AMBULATORIO,"DEZOITO, 24, VILA SANTA CECILIA - CEP 27260370",VILA SANTA CECILIA,27260370,VOLTA REDONDA,330630,24 33481048,reginaceles@centrodesauderenascer.com.br,-22.5197325,-44.1086456,2062,M,016,04/03/2026
3306303656799,3656799,CENTRO DE SAUDE SEBASTIAO PINHEIRO BASTOS,ASS DOS APOSENTADOS E PENSIONISTAS DE VOLTA REDONDA,UBS / Atencao basica,AMBULATORIO,"RUA 535, 835, NOSSA SENHORA DAS GR - CEP 27215040",NOSSA SENHORA DAS GR,27215040,VOLTA REDONDA,330630,2421021909,,-22.5086346,-44.0955373,3999,M,016,27/03/2026
3306306141455,6141455,CESO,CENTRO DE SAUDE ORAL WJC LTDA,UBS / Atencao basica,AMBULATORIO,"RUA QUARENTA, 14, 1213 1214, VILA SANTA CECILIA - CEP 27260200",VILA SANTA CECILIA,27260200,VOLTA REDONDA,330630,2433424677,,-22.518939652964544,-44.104206562042236,2062,M,016,22/07/2024
3306302797119,2797119,UBS CAIEIRAS WILSON LEMOS COELHO,SECRETARIA MUNICIPAL DE SAUDE PMVR,UBS / Atencao basica,UNIDADE BASICA DE SAUDE,"AV IMPRENSA, 1150, CAIEIRAS - CEP 27220030",CAIEIRAS,27220030,VOLTA REDONDA,330630,2433417501,ubscaieiras@epdvr.com.br,-22.480005900000002,-44.055643179664585,1031,M,001,02/10/2025
3306302797151,2797151,UBS CANDELARIA ZARIFO FERNANDES COELHO,SECRETARIA MUNICIPAL DE SAUDE PMVR,UBS / Atencao basica,UNIDADE BASICA DE SAUDE,"RUA MAURO FRANCISCO TORRES, 850, CANDELARIA - CEP 27286390",CANDELARIA,27286390,VOLTA REDONDA,330630,2433 385391,ubscandelaria@epdvr.com.br,-22.4725958,-44.075112,1031,M,001,16/09/2025
3306302797127,2797127,UBS DOM BOSCO JOSE HENRIQUE SOBRINHO,SECRETARIA MUNICIPAL DE SAUDE PMVR,UBS / Atencao basica,UNIDADE BASICA DE SAUDE,"RUA DEODORO DA FONSECA, 43, DOM BOSCO - CEP 27286020",DOM BOSCO,27286020,VOLTA REDONDA,330630,2433411084,,-22.4753885,-44.0569018,1031,M,001,05/02/2025
3306303008258,3008258,UBS JARDIM PARAIBA SEBASTIAO DA SILVEIRA GUIMARAES,SECRETARIA MUNICIPAL DE SAUDE PMVR,UBS / Atencao basica,UNIDADE BASICA DE SAUDE,"RUA QUINHENTOS E QUARENTA E SEIS, 95, A, JARDIM PARAIBA - CEP 27215170",JARDIM PARAIBA,27215170,VOLTA REDONDA,330630,2433399217,,-22.5104143,-44.09574685,1031,M,001,06/02/2025
3306300024821,0024821,UBS MONTE CASTELO MARIA DO CARMO OLIVEIRA RIOS TIA CARMEM,SECRETARIA MUNICIPAL DE SAUDE PMVR,UBS / Atencao basica,UNIDADE BASICA DE SAUDE,"RUA TREZENTOS E DEZOITO, 98, SESSENTA - CEP 27256270",SESSENTA,27256270,VOLTA REDONDA,330630,2433378235,,-22.5238481,-44.0925638,1031,M,001,06/03/2026
3306300024791,0024791,UBS RUSTICO JOSE GASPAR ABREU GUIMARAES,SECRETARIA MUNICIPAL DE SAUDE PMVR,UBS / Atencao basica,UNIDADE BASICA DE SAUDE,"RUA SETENTA E CINCO, 80, RUSTICO - CEP 27262470",RUSTICO,27262470,VOLTA REDONDA,330630,2433378124,ubsrustico@epdvr.com.br,-22.5208424,-44.1124083,1031,M,001,16/09/2025
3306302797143,2797143,UBS SAO LUIZ FRANCISCO DE ASSIS MACIEL DA SILVEIRA,SECRETARIA MUNICIPAL DE SAUDE PMVR,UBS / Atencao basica,UNIDADE BASICA DE SAUDE,"AV FRANCISCO CRISOSTONOS TORRES, 88, SAO LUIZ - CEP 27286440",SAO LUIZ,27286440,VOLTA REDONDA,330630,,ubsfsaoluiz@epdvr.com.br,-22.47532528131408,-44.06594753265381,1031,M,001,02/10/2025
3306309719717,9719717,UBS SAO SEBASTIAO LLEONIDIA MAIA DE ABREU CORDEIRO,SECRETARIA MUNICIPAL DE SAUDE PMVR,UBS / Atencao basica,UNIDADE BASICA DE SAUDE,"RUA DOIS, S/N, SAO SEBATIAO - CEP 27286490",SAO SEBATIAO,27286490,VOLTA REDONDA,330630,,,-22.4947957,-44.086733,1031,M,001,05/02/2026
3306302797100,2797100,UBSF 249 MERCES MARIA PORTELA,SECRETARIA MUNICIPAL DE SAUDE PMVR,UBS / Atencao basica,UNIDADE BASICA DE SAUDE,"AV EUROPA, 745, 249 - CEP 27261110",249,27261110,VOLTA REDONDA,330630,2433394196,ubs.249@epdvr.com.br,-22.5281406,-44.1271889,1031,M,001,05/02/2026
3306300024635,0024635,UBSF ACUDE I CELIA MOREN NETTO,SECRETARIA MUNICIPAL DE SAUDE PMVR,UBS / Atencao basica,UNIDADE BASICA DE SAUDE,"RUA VEREADOR ACACIO DA ROCHA, 84, ACUDE I - CEP 27276385",ACUDE I,27276385,VOLTA REDONDA,330630,2433399169,ubsfacudeI@epdvr.com.br,-22.4972621,-44.1420532,1031,M,001,23/03/2026
3306300024627,0024627,UBSF ACUDE II GEORGE FURTADO VIEIRA PANDEIRINHO,SECRETARIA MUNICIPAL DE SAUDE PMVR,UBS / Atencao basica,UNIDADE BASICA DE SAUDE,"RUA QUATRO, 056, ACUDE II - CEP 27280000",ACUDE II,27280000,VOLTA REDONDA,330630,2433 391947/ 333757,,-22.4985163,-44.0403995,1031,M,001,16/09/2025
3306309555447,9555447,UBSF AGUA LIMPA II CARLOS GOMES DE FREITAS,SECRETARIA MUNICIPAL DE SAUDE PMVR,UBS / Atencao basica,UNIDADE BASICA DE SAUDE,"VIOLETAS, 214, AGUA LIMPA - CEP 27250240",AGUA LIMPA,27250240,VOLTA REDONDA,330630,33396900,,-22.506106,-44.072278,1031,M,001,16/09/2025
3306300024589,0024589,UBSF AGUA LIMPA JOSE RIBEIRO DE SOUZA JUNIOR,SECRETARIA MUNICIPAL DE SAUDE PMVR,UBS / Atencao basica,UNIDADE BASICA DE SAUDE,"RUA FELIPE DOS SANTOS, 545, 340, AGUA LIMPA - CEP 27280000",AGUA LIMPA,27280000,VOLTA REDONDA,330630,2433508746,ubsfagualimpa@epdvr.com.br,-22.4691494,-44.4616784,1031,M,001,16/09/2025
3306300024724,0024724,UBSF BELMONTE VEREADOR ADAO PEDRO ALVES,SECRETARIA MUNICIPAL DE SAUDE PMVR,UBS / Atencao basica,UNIDADE BASICA DE SAUDE,"AVENIDA PELOTAS, 149, BELMONTE - CEP 27277330",BELMONTE,27277330,VOLTA REDONDA,330630,2433 392092,ubsfbelmonte@epdvr.com.br,-22.511116729694347,-44.13591354884633,1031,M,001,02/10/2025
3306300024678,0024678,UBSF BELO HORIZONTE EDITH RODRIGUES DE SOUZA,SECRETARIA MUNICIPAL DE SAUDE PMVR,UBS / Atencao basica,UNIDADE BASICA DE SAUDE,"RUA NESTORIO, 311, BELO HORIZONTE - CEP 27281030",BELO HORIZONTE,27281030,VOLTA REDONDA,330630,2433392134,,-22.510158410262864,-44.093520641326904,1031,M,001,03/10/2025
3306302797291,2797291,UBSF CONFORTO SEBASTIAO RODRIGUES FERREIRA,SECRETARIA MUNICIPAL DE SAUDE PMVR,UBS / Atencao basica,UNIDADE BASICA DE SAUDE,"RUA NOSSA SENHORA DA CONCEICAO, 363, A, CONFORTO - CEP 27262030",CONFORTO,27262030,VOLTA REDONDA,330630,2433394195,ubsfconforto@epdvr.com.br,-22.5235431,-44.1229217,1031,M,001,16/09/2025
3306300024686,0024686,UBSF COQUEIROS FRANCISCO DE NOVAES,SECRETARIA MUNICIPAL DE SAUDE PMVR,UBS / Atencao basica,UNIDADE BASICA DE SAUDE,"RUA D, 45, COQUEIROS - CEP 27280450",COQUEIROS,27280450,VOLTA REDONDA,330630,2433392110,,-22.4912391,-44.0850181,1031,M,001,24/07/2024
3306305446376,5446376,UBSF EUCALIPTAL ADALZIRA TERTULIANO,SECRETARIA MUNICIPAL DE SAUDE PMVR,UBS / Atencao basica,UNIDADE BASICA DE SAUDE,"RUA VEREADOR RAIMUNDO DIOGO, 341, EUCALIPTAL - CEP 27263090",EUCALIPTAL,27263090,VOLTA REDONDA,330630,2433426441,,-22.4886737,-44.0819322,1031,M,001,16/09/2025
3306303553299,3553299,UBSF JARDIM BELMONTE JULIO BERTHOLDO FILHO,SECRETARIA MUNICIPAL DE SAUDE PMVR,UBS / Atencao basica,UNIDADE BASICA DE SAUDE,"RUA CONCEICAO DE MACABU, 151, SIDERLANDIA - CEP 27274265",SIDERLANDIA,27274265,VOLTA REDONDA,330630,2433371827,ubsfjardimbelmonte@epdvr.com.br,-22.512556954051437,-44.1046142578125,1031,M,001,16/09/2025
3306309093451,9093451,UBSF JARDIM BELVEDERE VEREADOR ONICIO ZAMBOTI,SECRETARIA MUNICIPAL DE SAUDE PMVR,UBS / Atencao basica,UNIDADE BASICA DE SAUDE,"AV CRISTOVAO MOREIRA DA SILVA, 240, JARDIM BELVEDERE - CEP 27258030",JARDIM BELVEDERE,27258030,VOLTA REDONDA,330630,24-33399416,,-22.5297383,-44.0687786,1031,M,001,27/05/2024
3306300024732,0024732,UBSF JARDIM CIDADE DO ACO ELIAS ALVES DE OLIVEIRA,SECRETARIA MUNICIPAL DE SAUDE PMVR,UBS / Atencao basica,UNIDADE BASICA DE SAUDE,"RUA GRANDES LOJAS, 77, RETIRO - CEP 27275420",RETIRO,27275420,VOLTA REDONDA,330630,2433456427,ubsfcidadedoaco@epdvr.com.br,-22.5012422,-44.12026295,1031,M,001,02/10/2025
3306300024694,0024694,UBSF MARIANA TORRES DURSESO JOSE RIBEIRO,SECRETARIA MUNICIPAL DE SAUDE PMVR,UBS / Atencao basica,UNIDADE BASICA DE SAUDE,"ALAMEDA 32, 111, MARIANA TORRES - CEP 27279410",MARIANA TORRES,27279410,VOLTA REDONDA,330630,2433384561,,-22.51007911884854,-44.09358501434326,1031,M,001,16/09/2025
3306305519616,5519616,UBSF NOVA PRIMAVERA IRMA TEREZINHA DE CASTRO,SECRETARIA MUNICIPAL DE SAUDE PMVR,UBS / Atencao basica,UNIDADE BASICA DE SAUDE,"RUA PONCIANO GUIMARAES, 12, NOVA PRIMAVERA - CEP 27214615",NOVA PRIMAVERA,27214615,VOLTA REDONDA,330630,2433393392,ubsf.novaprimavera@epdvr.com.br,-22.510039473124326,-44.09356355667114,1031,M,001,16/09/2025
3306304046692,4046692,UBSF PADRE JOSIMO ANTONIO CARLOS FERRARO ARAUJO,SECRETARIA MUNICIPAL DE SAUDE PMVR,UBS / Atencao basica,UNIDADE BASICA DE SAUDE,"RUA QUINZE, 501, PADRE JOSIMO - CEP 27276260",PADRE JOSIMO,27276260,VOLTA REDONDA,330630,2433477763,ubsfpadrejosimo@epdvr.com.br,-22.512993048451072,-44.14572715759277,1031,M,001,22/12/2025
3306306469418,6469418,UBSF PONTE ALTA VICTOR JOSE ROSTIROLLA CESAR,SECRETARIA MUNICIPAL DE SAUDE PMVR,UBS / Atencao basica,UNIDADE BASICA DE SAUDE,"RUA AURORA BEZERRA, 463, PONTE ALTA - CEP 27267550",PONTE ALTA,27267550,VOLTA REDONDA,330630,2433424386,ubsfpontealta@epdvr.com.br,-22.5285305,-44.1327117,1031,M,001,16/09/2025
3306306125107,6125107,UBSF RETIRO FABRICIO COSTA CURY,SECRETARIA MUNICIPAL DE SAUDE PMVR,UBS / Atencao basica,UNIDADE BASICA DE SAUDE,"AV ANTONIO DE ALMEIDA, 1938, RETIRO - CEP 27275040",RETIRO,27275040,VOLTA REDONDA,330630,33458398,ubsfretiro@epdve.com.br,-22.50064311589025,-44.12304639816284,1031,M,001,25/07/2024
3306300024651,0024651,UBSF RETIRO II DR JADER BOECHAT,SECRETARIA MUNICIPAL DE SAUDE PMVR,UBS / Atencao basica,UNIDADE BASICA DE SAUDE,"AV GRANDES LOJAS, 77, RETIRO - CEP 27250150",RETIRO,27250150,VOLTA REDONDA,330630,2433399688,,-22.510118764561383,-44.093499183654785,1031,M,001,25/07/2024
3306300029149,0029149,UBSF ROMA I SEBASTIAO ALBANO DA SILVA,SECRETARIA MUNICIPAL DE SAUDE PMVR,UBS / Atencao basica,UNIDADE BASICA DE SAUDE,"RUA BAOBA, 73, ROMA I - CEP 27257505",ROMA I,27257505,VOLTA REDONDA,330630,2433206221,,-22.5958817,-44.0780644,1031,M,001,16/09/2025
3306300029157,0029157,UBSF ROMA II ELZA FELIX DE OLIVEIRA,SECRETARIA MUNICIPAL DE SAUDE PMVR,UBS / Atencao basica,UNIDADE BASICA DE SAUDE,"RUA SETE, 139, ROMA II - CEP 27257785",ROMA II,27257785,VOLTA REDONDA,330630,24 33206082,ubsfroma2@epdvr.com.br,-22.4958697,-44.0834248,1031,M,001,16/09/2025
3306302797178,2797178,UBSF SANTA CRUZ GUANAHYRO FERREIRA NETTO,SECRETARIA MUNICIPAL DE SAUDE PMVR,UBS / Atencao basica,UNIDADE BASICA DE SAUDE,"AV ORLANDO JERONIMO TELLES, 130, SANTA CRUZ - CEP 27288070",SANTA CRUZ,27288070,VOLTA REDONDA,330630,24 33381481,,-22.510178233109333,-44.09358501434326,1031,M,001,23/03/2026
3306300024953,0024953,UBSF SANTA RITA DO ZARUR MARCILIA CANDIDA DE OLIVEIRA,SECRETARIA MUNICIPAL DE SAUDE PMVR,UBS / Atencao basica,UNIDADE BASICA DE SAUDE,"RUA LAMBARI, 215, SANTA RITA ZARUR - CEP 27288190",SANTA RITA ZARUR,27288190,VOLTA REDONDA,330630,2433399094,ubsfsantaritadozarur@epdvr.com.br,-22.4663753,-44.1058134,1031,M,001,16/09/2025
3306305987938,5987938,UBSF SANTO AGOSTINHO DRA PAULA HERICA ROCHA DE AZEVEDO,SECRETARIA MUNICIPAL DE SAUDE PMVR,UBS / Atencao basica,UNIDADE BASICA DE SAUDE,"RUA SOLDADO FRANCISCO ALVES DA ROCHA, 20, SANTO AGOSTINHO - CEP 27210070",SANTO AGOSTINHO,27210070,VOLTA REDONDA,330630,2433392078,ubsfsantoagostinho@epdvr.com.br,-22.489560937570783,-44.07491683959961,1031,M,001,30/09/2025
3306302797216,2797216,UBSF SAO CARLOS SATIRO VICENTE PEREIRA,SECRETARIA MUNICIPAL DE SAUDE PMVR,UBS / Atencao basica,UNIDADE BASICA DE SAUDE,"AV FLORESTAL, 195, SAO CARLOS - CEP 27265270",SAO CARLOS,27265270,VOLTA REDONDA,330630,2433394253,ubsfsaocarlos@epdvr.com.br,-22.5282604,-44.1266969,1031,M,001,16/09/2025
3306300024848,0024848,UBSF SAO GERALDO MARIA NILCE FAGUNDES COSTA,SECRETARIA MUNICIPAL DE SAUDE PMVR,UBS / Atencao basica,UNIDADE BASICA DE SAUDE,"RUA CAPITAO BENEDITO LOPES BRAGANCA, 796, SAO GERALDO - CEP 27253510",SAO GERALDO,27253510,VOLTA REDONDA,330630,2433399167,ubsfsaogeraldo@epdvr.com.br,-22.5159393,-44.0847568,1031,M,001,16/09/2025
3306307693524,7693524,UBSF SAO JOAO EBER GOMES,SECRETARIA MUNICIPAL DE SAUDE,UBS / Atencao basica,UNIDADE BASICA DE SAUDE,"RUA ARARIBOIA, 332, SAO JOAO - CEP 27250150",SAO JOAO,27250150,VOLTA REDONDA,330630,24033399417,,-22.5180134,-44.0925428,1031,M,001,16/09/2025
3306302797208,2797208,UBSF SAO LUCAS JOAO LOUREIRO,SECRETARIA MUNICIPAL DE SAUDE PMVR,UBS / Atencao basica,UNIDADE BASICA DE SAUDE,"RUA VEREADOR FRANCISCO EVANGELISTA DELGADO, S/N, SAO LUCAS - CEP 27265050",SAO LUCAS,27265050,VOLTA REDONDA,330630,2433426247,ubsfsaolucas@epdvr.com.br,-22.5320814,-44.1168847,1031,M,001,16/09/2025
3306300024716,0024716,UBSF SIDERLANDIA JOSE DOMINGOS MACEDO,SECRETARIA MUNICIPAL DE SAUDE PMVR,UBS / Atencao basica,UNIDADE BASICA DE SAUDE,"RUA ONZE, 20, SIDERLANDIA - CEP 27273280",SIDERLANDIA,27273280,VOLTA REDONDA,330630,2433396540,ubsfsiderlandia@epdvr.com.br,-22.5414502,-44.0659945,1031,M,001,02/10/2025
3306302797097,2797097,UBSF SIDEROPOLIS CARLOS ALBERTO LUCAS,SECRETARIA MUNICIPAL DE SAUDE PMVR,UBS / Atencao basica,UNIDADE BASICA DE SAUDE,"RUA SESSENTA, 2000, SIDEROPOLIS - CEP 27256140",SIDEROPOLIS,27256140,VOLTA REDONDA,330630,2433394243,ubsfsideropolis@epdvr.com.br,-22.5255359,-44.104989,1031,M,001,16/09/2025
3306300024597,0024597,UBSF TRES POCOS FOA PROF AMERICA ALVARENGA BRAVO,SECRETARIA MUNICIPAL DE SAUDE PMVR,UBS / Atencao basica,UNIDADE BASICA DE SAUDE,"AV PAULO ERLEI ALVES ABRANTES, 1325, TRES POCOS - CEP 27240560",TRES POCOS,27240560,VOLTA REDONDA,330630,2433392050,ubsftrespocos@epdvr.com.br,-22.4962661,-44.0462474,1031,M,001,16/09/2025
3306305015847,5015847,UBSF VERDE VALE LOURIVAL FERREIRA PEIXOTO,SECRETARIA MUNICIPAL DE SAUDE PMVR,UBS / Atencao basica,UNIDADE BASICA DE SAUDE,"RUA DAS PALMEIRAS, 154, VERDE VALE - CEP 27279740",VERDE VALE,27279740,VOLTA REDONDA,330630,2433 399740,ubsfverdevale@epdvr.com.br,-22.4866837,-44.1171972,1031,M,001,16/09/2025
3306302797186,2797186,UBSF VILA AMERICANA ROGERIO LEOPOLDO TOLEDO,SECRETARIA MUNICIPAL DE SAUDE PMVR,UBS / Atencao basica,UNIDADE BASICA DE SAUDE,"RUA ESTADOS UNIDOS, 324, VILA AMERICANA - CEP 27212160",VILA AMERICANA,27212160,VOLTA REDONDA,330630,2433508636,ubsfvilaamericana@epdvr.com.br,-22.4962971,-44.0748064,1031,M,001,06/02/2026
3306302797089,2797089,UBSF VILA BRASILIA MARIA DIAS DE ASSIS,SECRETARIA MUNICIPAL DE SAUDE PMVR,UBS / Atencao basica,UNIDADE BASICA DE SAUDE,"RUA NOVA BRASILIA, 424, VILA BRASILIA - CEP 27280000",VILA BRASILIA,27280000,VOLTA REDONDA,330630,2433392071,,-22.50999982738875,-44.093263149261475,1031,M,001,16/09/2025
3306300024554,0024554,UBSF VILA MURY FERNANDO MARIO NETTO,SECRETARIA MUNICIPAL DE SAUDE PMVR,UBS / Atencao basica,UNIDADE BASICA DE SAUDE,"AV AMAZONAS, 267, VILA MURY - CEP 27253610",VILA MURY,27253610,VOLTA REDONDA,330630,2433398156,ubsfvilamury@epdvr.com.br,-22.499949266732973,-44.10414218902588,1031,M,001,30/09/2025
3306303269892,3269892,UBSF VILA RICA JARDIM TIRADENTES DR OSWALDO RICHIERI,SECRETARIA MUNICIPAL DE SAUDE PMVR,UBS / Atencao basica,UNIDADE BASICA DE SAUDE,"RUA VINTE, 354, JARDIM TIRADENTES, CONJ HAB VILA RICA - CEP 27259480",CONJ HAB VILA RICA,27259480,VOLTA REDONDA,330630,2433451666,ubsfvilaricatiradentes@epdvr.com.br,-22.4955629,-44.0816985,1031,M,001,16/09/2025
3306300024562,0024562,UBSF VILA RICA TRES POCOS VINICIUS BOBINS S SILVA,SECRETARIA MUNICIPAL DE SAUDE PMVR,UBS / Atencao basica,UNIDADE BASICA DE SAUDE,"RUA UM, 483, TRES POCOS, VILA RICA - CEP 27280000",VILA RICA,27280000,VOLTA REDONDA,330630,2433437981,,-22.4834681,-44.1260532,1031,M,001,16/09/2025
3306302797135,2797135,UBSF VOLTA GRANDE GOTARDO FIRMINO NETTO,SECRETARIA MUNICIPAL DE SAUDE PMVR,UBS / Atencao basica,UNIDADE BASICA DE SAUDE,"RUA SARGENTO PAULO MOREIRA, 200, VOLTA GRANDE 3 - CEP 27211150",VOLTA GRANDE 3,27211150,VOLTA REDONDA,330630,2433399259,voltaredonda@epdvr.com.br,-22.4848919,-44.0805414,1031,M,001,02/10/2025
3300100060208,0060208,AQUALIFE,AQUATIVA CONSULTORIA LTDA,UPA / Pronto atendimento,PRONTO ATENDIMENTO,"RUA VEREADOR BENEDITO ADELINO, 2629, APT 1401 PARTE, PRAIA GRANDE - CEP 23909200",PRAIA GRANDE,23909200,ANGRA DOS REIS,330010,,,-23.021393623136923,-44.340175460684065,2062,M,008,15/10/2025
3300104251083,4251083,SERVICO DE PRONTO ATENDIMENTO DO FRADE,MUNICIPIO DE ANGRA DOS REIS,UPA / Pronto atendimento,PRONTO ATENDIMENTO,"RUA BOA ESPERANCA, S/N, FRADE - CEP 23946130",FRADE,23946130,ANGRA DOS REIS,330010,2433693394,,-22.96279,-44.44153,1244,M,008,21/10/2025
3300103003035,3003035,SPA CENTRO,SECRETARIA MUNICIPAL DE SAUDE,UPA / Pronto atendimento,PRONTO ATENDIMENTO,"AVENIDA JULIO MARIA, S/N, TERREO, CENTRO - CEP 23900560",CENTRO,23900560,ANGRA DOS REIS,330010,2433696138,,-23.00749,-44.3155,1244,M,008,21/10/2025
3300106559565,6559565,UPA 24 HORAS ANGRA DOS REIS,SECRETARIA MUNICIPAL DE SAUDE,UPA / Pronto atendimento,AMBULATORIO,"RUA FRANCELINO ALVES DE LIMA, S/N, ALTURA KM 487 BR101, JAPUIBA - CEP 23933005",JAPUIBA,23933005,ANGRA DOS REIS,330010,2433671667,,-22.967,-44.3,1244,M,016,14/11/2024
3300204785126,4785126,PRONTO ATENDIMENTO 24H DE PRAIA SECA,SECRETARIA MUNICIPAL DE SAUDE,UPA / Pronto atendimento,PRONTO ATENDIMENTO,"ESTRADA DE PRAIA SECA, S/N, KM 12, PRAIA SECA - CEP 28972872",PRAIA SECA,28972872,ARARUAMA,330020,,,-22.9263661,-42.3008951,1031,M,008,03/02/2026
3300204952391,4952391,UPA 24H PEDIATRICA DE ARARUAMA,SECRETARIA MUNICIPAL DE SAUDE,UPA / Pronto atendimento,PRONTO ATENDIMENTO,"RUA PEDRO LUIZ DE SOUZA, S/N, CENTRO - CEP 28979165",CENTRO,28979165,ARARUAMA,330020,,,-22.877438,-42.341096,1031,M,008,09/04/2026
3300206542891,6542891,UPA UNIDADE DE PRONTO ATENDIMENTO DE ARARUAMA,SECRETARIA MUNICIPAL DE SAUDE DE ARARUAMA,UPA / Pronto atendimento,HOSPITAL,"AV GETULIO VARGAS, S/N, CENTRO - CEP 28979129",CENTRO,28979129,ARARUAMA,330020,26657300,,-22.8739733,-42.3377426,1031,M,006,03/02/2026
3300227408293,7408293,SAMU 192,SERVICO DE ATENDIMENTO MOVEL DE URGENCIA,UPA / Pronto atendimento,PRONTO ATENDIMENTO,"RUA AFONSINA, 384, FUNDOS, CENTRO - CEP 25845000",CENTRO,25845000,AREAL,330022,2422579724,samu.areal.rj@gmail.com,-22.228002170928928,-43.09964736617977,1244,M,008,18/09/2025
3300232271540,2271540,PRONTO SOCORRO GERAL ABEL BERANGER,PREFEITURA MUNICIPAL DE ARMACAO DOS BUZIOS,UPA / Pronto atendimento,PRONTO ATENDIMENTO,"RUA DARILIO GONCALVES, 159, RASA - CEP 28950000",RASA,28950000,ARMACAO DOS BUZIOS,330023,2226232419,,-22.73980287033234,-41.978352069854736,1244,M,008,21/07/2022
3300257584458,7584458,PRONTO SOCORRO BARBARA AMARAL DE MACEDO,SECRETARIA MUNICIPAL DE SAUDE DE ARRAIAL DO CABO,UPA / Pronto atendimento,PRONTO ATENDIMENTO,"AVENIDA PEDRO SANCHES, S/N, FIGUEIRA - CEP 28930000",FIGUEIRA,28930000,ARRAIAL DO CABO,330025,(22)26222107,fatura_saude@yahoo.com.br,-22.940298742983124,-42.18167960643768,1031,M,008,11/03/2026
3300307230737,7230737,SAMU 192 SUPORTE AVANCADO DE VIDA,MUNICIPIO DE BARRA DO PIRAI,UPA / Pronto atendimento,PRONTO ATENDIMENTO,"RUA MAJOR FERRAZ, S/N, CENTRO - CEP 27135480",CENTRO,27135480,BARRA DO PIRAI,330030,,,-22.4702172,-43.8214113,1244,M,008,11/08/2025
3300307230729,7230729,SAMU 192 SUPORTE BASICO DE VIDA,MUNICIPIO DE BARRA DO PIRAI,UPA / Pronto atendimento,PRONTO ATENDIMENTO,"RUA MAJOR FERRAZ, S/N, CENTRO - CEP 27135480",CENTRO,27135480,BARRA DO PIRAI,330030,,,-22.4702172,-43.8214113,1244,M,008,11/08/2025
3300305666856,5666856,SAMU 192 USB CALIFORNIA DA BARRA,MUNICIPIO DE BARRA DO PIRAI,UPA / Pronto atendimento,PRONTO ATENDIMENTO,"AVENIDA LUIZ ROBERTO COUTINHO, 846, CALIFORNIA DA BARRA - CEP 27163440",CALIFORNIA DA BARRA,27163440,BARRA DO PIRAI,330030,,,-22.4779863,-44.0474229,1244,M,008,11/08/2025
3300300850160,0850160,UPA 24 HORAS BARRA DO PIRAI,FUNDO MUNICIPAL DE SAUDE DE BARRA DO PIRAI,UPA / Pronto atendimento,PRONTO ATENDIMENTO,"RUA FRANKLIN DE MORAES, 67, CENTRO - CEP 27140000",CENTRO,27140000,BARRA DO PIRAI,330030,,contasmedicas.sms@barradopirai.rj.gov.br,-22.470176,-43.8217774,1244,M,008,23/07/2025
3300407146256,7146256,SAMU BM USA,SAMU BASE DESCENTRALIZADA BM USA,UPA / Pronto atendimento,PRONTO ATENDIMENTO,"RUA LUIZ PONCE, 261, CENTRO - CEP 27345000",CENTRO,27345000,BARRA MANSA,330040,02433229298,,-22.5400779,-44.1768934,1244,M,008,18/01/2024
3300407143524,7143524,SAMU BM USB,SAMU BASE DESCENTRALIZADA BM USB,UPA / Pronto atendimento,PRONTO ATENDIMENTO,"RUA LUIS PONCE, 261, CENTRO - CEP 27345000",CENTRO,27345000,BARRA MANSA,330040,02433229298,,-22.54028,-44.176949,1244,M,008,18/01/2024
3300405986109,5986109,SAMU REGIAO LESTE,SAMU BASE DESCENTRALIZADA REGIAO LESTE,UPA / Pronto atendimento,PRONTO ATENDIMENTO,"RUA VINTURELLI NETO, 123, BOA VISTA I - CEP 27345030",BOA VISTA I,27345030,BARRA MANSA,330040,,,-22.545240397089586,-44.1724419593811,1244,M,008,10/10/2025
3300406544940,6544940,SETOR DE TRANSPORTE CENTRAL DE VEICULOS,SECRETARIA MUNICIPAL DE SAUDE,UPA / Pronto atendimento,PRONTO ATENDIMENTO,"RUA PINTO RIBEIRO, 65, CENTRO - CEP 27310420",CENTRO,27310420,BARRA MANSA,330040,,,-22.541613689451168,-44.172892570495605,1244,M,008,16/05/2025
3300406042619,6042619,UNIDADE DE PRONTO ATENDIMENTO EM BARRA MANSA RJ UPA,PREFEITURA MUNICIPAL DE BARRA MANSA,UPA / Pronto atendimento,PRONTO ATENDIMENTO,"RUA LUIZ PONCE, 263, CENTRO - CEP 27345030",CENTRO,27345030,BARRA MANSA,330040,02433229298,SAUDE@BARRAMANSA.RJ.GOV.BR,-22.540411,-44.176701,1244,M,008,15/09/2025
3300407357869,7357869,VIGOR REMOCOES EMPREENDIMENTOS MEDICOS,JPH REMOCOES E EMPREENDIMENTOS MEDICOS LTDA,UPA / Pronto atendimento,PRONTO ATENDIMENTO,"AMARO WENCESLAU, 411, SAO LUIS - CEP 27338040",SAO LUIS,27338040,BARRA MANSA,330040,24 33499626,vigorremocoes@hotmail.com,-22.560067,-44.153352,2062,M,008,16/08/2019
3300456989845,6989845,SAMU 192 USA,SECRETARIA MUNICIPAL DE SAUDE DE BELFORD ROXO,UPA / Pronto atendimento,PRONTO ATENDIMENTO,"AVENIDA JOSE MARIANO DOS PASSOS, 920, ST ANTONIO PRATA - CEP 26130570",ST ANTONIO PRATA,26130570,BELFORD ROXO,330045,37759555,,-22.75752345379168,-43.40796947479248,1244,M,008,20/01/2026
3300456989853,6989853,SAMU 192 USB 1,SECRETARIA MUNICIPAL DE SAUDE DE BELFORD ROXO,UPA / Pronto atendimento,PRONTO ATENDIMENTO,"AVENIDA JOSE MARIANO DOS PASSOS, 920, ST ANTONIO DA PRATA - CEP 26130570",ST ANTONIO DA PRATA,26130570,BELFORD ROXO,330045,37759555,,-22.757464092189835,-43.40822696685791,1244,M,008,20/01/2026
3300455512239,5512239,SAMU 192 USB 3,SECRETARIA MUNICIPAL DE SAUDE DE BELFORD ROXO,UPA / Pronto atendimento,PRONTO ATENDIMENTO,"AVENIDA JOSE MARIANO PASSOS, 920, SANTO ANTONIO DA PRA - CEP 26130570",SANTO ANTONIO DA PRA,26130570,BELFORD ROXO,330045,,,-22.757206858283702,-43.40927839279175,1244,M,008,15/04/2025
3300457047177,7047177,SAMU 192 USB2,SECRETARIA MUNICIPAL DE SAUDE DE BELFORD ROXO,UPA / Pronto atendimento,PRONTO ATENDIMENTO,"AVENIDA JOSE MARIANO DOS PASSOS, 920, ST ANTONIO DA PRATA - CEP 26116285",ST ANTONIO DA PRATA,26116285,BELFORD ROXO,330045,37759555,,-22.75726621999735,-43.408849239349365,1244,M,008,20/01/2026
3300456035809,6035809,UPA 24H BOM PASTOR BELFORD ROXO,SMS BELFORD ROXO,UPA / Pronto atendimento,HOSPITAL,"RUA NEIDE SIMAO, 435, BOM PASTOR - CEP 26113300",BOM PASTOR,26113300,BELFORD ROXO,330045,20709119,upa6_belfordroxo@saude.rj.gov.,-22.764171789927868,-43.39827060699463,1244,M,006,30/03/2026
3300454572211,4572211,UPA 24H PARQUE DOS FERREIRAS BELFORD ROXO,MUNICIPIO DE BELFORD ROXO,UPA / Pronto atendimento,AMBULATORIO,"AVENIDA JOAQUIM DA COSTA LIMA, 470472, PQ DOS FERREIRAS - CEP 26183604",PQ DOS FERREIRAS,26183604,BELFORD ROXO,330045,,,-22.763973927454206,-43.39876413345337,1244,M,016,30/03/2026
3300504828690,4828690,SAMU BOM JARDIM,BASE DECENTRALIZA DE SERVICO DE ATENDIMENTO MOVEL DE URGENCI,UPA / Pronto atendimento,PRONTO ATENDIMENTO,"RODOVIA 116, S/N, BEM TE VI - CEP 28660000",BEM TE VI,28660000,BOM JARDIM,330050,,,-22.153754,-42.416938,1244,M,008,06/06/2025
3300704249038,4249038,CENTRAL MUNICIPAL DE AMBULANCIAS,SECRETARIA MUNICIPAL DE SAUDE DE CABO FRIO,UPA / Pronto atendimento,PRONTO ATENDIMENTO,"RUA EXPEDICIONARIO DA PATRIA, S/N, SAO CRISTOVAO - CEP 28909480",SAO CRISTOVAO,28909480,CABO FRIO,330070,,,-22.89171349604308,-42.038733959198,1031,M,008,11/03/2025
3300706598722,6598722,UNIDADE DE PRONTO ATENDIMENTO UPA,SECRETARIA MUNICIPAL DE SAUDE DE CABO FRIO,UPA / Pronto atendimento,AMBULATORIO,"AV VITOR ROCHA, 10, PARQUE BURLE - CEP 28905000",PARQUE BURLE,28905000,CABO FRIO,330070,2226489679,ADM.UPACABOFRIO@GMAIL.COM,-22.88574351879301,-42.04375505447388,1244,M,016,26/02/2026
3300707003692,7003692,UNIDADE DE PRONTO ATENDIMENTO UPA II,SECRETARIA MUNICIPAL DE SAUDE DE CABO FRIO,UPA / Pronto atendimento,AMBULATORIO,"AV AMARAL PEIXOTO KM 136, 136, SAMBURA - CEP 28928690",SAMBURA,28928690,CABO FRIO,330070,22 26461736,UPATAMOIOS@YAHOO.COM.BR,-22.628549122861155,-42.002105712890625,1031,M,016,08/04/2025
3300809208097,9208097,UNIDADE MOVEL SAMU 192,UNIDADE MOVEL SAMU 192,UPA / Pronto atendimento,PRONTO ATENDIMENTO,"RODOVIA RJ 116, 436, CASA 01, JAPUIBA - CEP 28686560",JAPUIBA,28686560,CACHOEIRAS DE MACACU,330080,,,-22.560677610735684,-42.68792510032654,1031,M,008,25/03/2026
3300805645743,5645743,UNIDADE MOVEL SAMU 192 AMPLIADA,UNIDADE MOVEL SAMU 192 AMPLIADA,UPA / Pronto atendimento,PRONTO ATENDIMENTO,"RODOVIA RJ 116, 436, CASAS 01, JAPUIBA - CEP 28686560",JAPUIBA,28686560,CACHOEIRAS DE MACACU,330080,,,-22.565393642131585,-42.68856883049011,1031,M,008,25/03/2026
3300800974226,0974226,UPA PREFEITO RUY COELHO GOMES,SECRETARIA MUNICIPAL DE SAUDE E SANEAMENTO CM,UPA / Pronto atendimento,PRONTO ATENDIMENTO,"RUA PADRE ANTONIO COSTA DE CARVALHO, S/N, PARQUE RIBEIRA - CEP 28692456",PARQUE RIBEIRA,28692456,CACHOEIRAS DE MACACU,330080,,,-22.59565760776503,-42.731462717056274,1031,M,008,26/03/2026
3300908163227,8163227,SAMU 192 NOROESTE USB CAMBUCI,SAMU 192 NOROESTE USB CAMBUCI,UPA / Pronto atendimento,PRONTO ATENDIMENTO,"RUA MARIA JACOB, S/N, FLORESTA - CEP 28430000",FLORESTA,28430000,CAMBUCI,330090,192,,-21.57718306336324,-41.91150605678558,1244,M,008,05/03/2026
3301002287080,2287080,UNIDADE PRE HOSPITALAR DA SALDANHA MARINHO,FUNDACAO MUNICIPAL DE SAUDE,UPA / Pronto atendimento,PRONTO ATENDIMENTO,"RUA SALDANHA MARINHO, 59, CENTRO - CEP 28013021",CENTRO,28013021,CAMPOS DOS GOYTACAZES,330100,(22)27333781,,-21.764121,-41.315006,1155,M,008,29/12/2025
3301002286777,2286777,UNIDADE PRE HOSPITALAR DE FAROL DE SAO THOME,FUNDACAO MUNICIPAL DE SAUDE,UPA / Pronto atendimento,PRONTO ATENDIMENTO,"AV DEPUTADO ALAIR FERREIRA, 001, FAROL DE SAO THOME - CEP 28140000",FAROL DE SAO THOME,28140000,CAMPOS DOS GOYTACAZES,330100,22 27471616,uphfarol@fmscampos.org.br,-22.040293,-41.052827,1155,M,008,17/09/2025
3301002286912,2286912,UNIDADE PRE HOSPITALAR DE MORRO DO COCO,SECRETARIA MUNICIPAL DE SAUDE,UPA / Pronto atendimento,PRONTO ATENDIMENTO,"AV DR NILO PECANHA, S/N, MORRO DO COCO - CEP 28178000",MORRO DO COCO,28178000,CAMPOS DOS GOYTACAZES,330100,22 27215415,,-21.76482061427911,-41.33558750152588,1031,M,008,16/09/2025
3301002286920,2286920,UNIDADE PRE HOSPITALAR DE SANTO EDUARDO,FUNDACAO MUNICIPAL DE SAUDE,UPA / Pronto atendimento,PRONTO ATENDIMENTO,"RUA 13 DE OUTUBRO, 69, CENTRO - CEP 28160000",CENTRO,28160000,CAMPOS DOS GOYTACAZES,330100,22 27811110,,-21.221141166271586,-41.461780071258545,1155,M,008,17/09/2025
3301002287005,2287005,UNIDADE PRE HOSPITALAR DE TRAVESSAO,FUNDACAO MUICIPAL DE SAUDE,UPA / Pronto atendimento,PRONTO ATENDIMENTO,"AV ANTONIO LUIS DA SILVEIRA, S/N, TRAVESSAO - CEP 28140000",TRAVESSAO,28140000,CAMPOS DOS GOYTACAZES,330100,,,-21.610797,-41.312138,1155,M,008,17/09/2025
3301002287161,2287161,UNIDADE PRE HOSPITALAR DE URURAI,FUNDACAO MUNICIPAL DE SAUDE,UPA / Pronto atendimento,PRONTO ATENDIMENTO,"RUA JOAO IRINEU DA CRUZ, 15, BRASILIA, URURAI - CEP 28040000",URURAI,28040000,CAMPOS DOS GOYTACAZES,330100,(24)27244192,,-21.813436,-41.394919,1155,M,008,17/09/2025
3301107494041,7494041,UNIDADE MOVEL BASICA SAMU 192,PREFEITURA MUNICIPAL DE CANTAGALO,UPA / Pronto atendimento,PRONTO ATENDIMENTO,"PREFEITO LICINIO JOSE GONCALVES, 28, PREDIO, TRIANGULO - CEP 28500000",TRIANGULO,28500000,CANTAGALO,330110,22 25554606,samucantagalo@gmail.com,-21.981652473395997,-42.365663051605225,1244,M,008,19/06/2024
3300932294990,2294990,PRONTO ATENDIMENTO CARLITO GONCALVES DA FONSECA,MUNICIPIO DE CARAPEBUS,UPA / Pronto atendimento,PRONTO ATENDIMENTO,"RUA JOAO PEDRO SOBRINHO, 72, SAPECADO - CEP 27998000",SAPECADO,27998000,CARAPEBUS,330093,2227689527,atencaobasica@carapebus.rj.gov.br,-22.4825979,-42.6919949,1244,M,008,10/02/2026
3301152289954,2289954,PRONTO SOCORRO JOSE SALGUEIRO,FUNDO MUNICIPAL DE SAUDE DE CARDOSO MOREIRA,UPA / Pronto atendimento,PRONTO ATENDIMENTO,"MANOEL AGUIAR, S/N, PRACA TIRADENTES - CEP 28180000",PRACA TIRADENTES,28180000,CARDOSO MOREIRA,330115,,saude@cardosomoreira.rj.gov.br,-21.486775833074923,-41.61778271198273,1244,M,008,10/12/2025
3301306489508,6489508,RESGATE 24 HORAS SERVICO DE AMBULANCIA,SECRETARIA MUNICIPAL DE SAUDE DE CASIMIRO DE ABREU,UPA / Pronto atendimento,PRONTO ATENDIMENTO,"RODOVIA AMARAL AMARAL PEIXOTO, S/N, BARRA DE SAO JOAO - CEP 28880000",BARRA DE SAO JOAO,28880000,CASIMIRO DE ABREU,330130,,,-22.5929435,-41.9937484,1244,M,008,03/08/2022
3300952271052,2271052,PRONTO ATENDIMENTO FERNANDA MONTEIRO MARQUES,MUNICIPIO DE COMENDADOR LEVY GASPARIAN,UPA / Pronto atendimento,PRONTO ATENDIMENTO,"RUA EUCLIDES DANTAS WERNECK, 06, PRONTO SOCORRO, CENTRO - CEP 25870340",CENTRO,25870340,COMENDADOR LEVY GASPARIAN,330095,2422541100,saudelevygasparian@gmail.com,-22.063922685074672,-43.20580823519846,1244,M,008,18/03/2026
3301505551153,5551153,UNIDADE MOVEL BASICA SAMU 192,PREFEITURA MUNICIPAL DE CORDEIRO,UPA / Pronto atendimento,PRONTO ATENDIMENTO,"ESTRADA CORDEIRO CANTAGALO, S/N, LAVRINHAS - CEP 28540000",LAVRINHAS,28540000,CORDEIRO,330150,,,-22.026196607842625,-42.365384101867676,1244,M,008,09/10/2025
3301702277662,2277662,POSTO MEDICO SANITARIO DE CAMPOS ELISEOS,MUNICIPIO DE DUQUE DE CAXIAS,UPA / Pronto atendimento,PRONTO ATENDIMENTO,"RUA AQUITURA, 333, CAMPOS ELISEOS - CEP 25225210",CAMPOS ELISEOS,25225210,DUQUE DE CAXIAS,330170,2127763633,uphce.camposelisios.rh@gmail.com,-22.705806340223546,-43.2745641576935,1244,M,008,24/03/2026
3301702277611,2277611,POSTO MEDICO SANITARIO DE IMBARIE,MUNICIPIO DE DUQUE DE CAXIAS,UPA / Pronto atendimento,PRONTO ATENDIMENTO,"RUA SANTA CATARINA, S/N, IMBARIE - CEP 25271010",IMBARIE,25271010,DUQUE DE CAXIAS,330170,2126780014,imbarie.uph@gmail.com,-22.63611989396151,-43.216419654496015,1244,M,008,05/03/2026
3301707089430,7089430,SAMU 192 BASE PARQUE EQUITATIVA USB,MUNICIPIO DE DUQUE DE CAXIAS,UPA / Pronto atendimento,PRONTO ATENDIMENTO,"ROD WASHINGTON LUIZ, 3200, PARQUE BEIRA MAR - CEP 25085009",PARQUE BEIRA MAR,25085009,DUQUE DE CAXIAS,330170,,csamucaxias@gmail.com,-22.784291629915128,-43.28407327535184,1244,M,008,26/03/2026
3301709005943,9005943,SAMU 192 BASE PILAR USB,MUNICIPIO DE DUQUE DE CAXIAS,UPA / Pronto atendimento,PRONTO ATENDIMENTO,"ROD WASHINGTON LUIZ, 3200, BEIRA MAR - CEP 25070260",BEIRA MAR,25070260,DUQUE DE CAXIAS,330170,,csamucaxias@gmail.com,-22.78436087150297,-43.28409473302272,1244,M,008,26/03/2026
3301709006028,9006028,SAMU 192 BASE SARACURUNA USB,MUNICIPIO DE DUQUE DE CAXIAS,UPA / Pronto atendimento,PRONTO ATENDIMENTO,"ROD WASHINGTON LUIZ, 3200, PARQUE BEIRA MAR - CEP 25215450",PARQUE BEIRA MAR,25215450,DUQUE DE CAXIAS,330170,,csamucaxias@gamil.com,-22.78434108819575,-43.28379432563035,1244,M,008,26/03/2026
3301707085125,7085125,SAMU 192 BASE XEREM USB,MUNICIPIO DE DUQUE DE CAXIAS,UPA / Pronto atendimento,PRONTO ATENDIMENTO,"RODOVIA WASHINGTON LUIZ, 3200, PARQUE BEIRA MAR - CEP 25085009",PARQUE BEIRA MAR,25085009,DUQUE DE CAXIAS,330170,,csamucaxias@gmail.com,-22.78428173825686,-43.28386942747845,1244,M,008,26/03/2026
3301707246161,7246161,SAMU CAXIAS 192 USA 01,MUNICIPIO DE DUQUE DE CAXIAS,UPA / Pronto atendimento,PRONTO ATENDIMENTO,"RODOVIA WASHINGTON LUIZ, 3200, BEIRA MAR - CEP 25070260",BEIRA MAR,25070260,DUQUE DE CAXIAS,330170,,csamucaxias@gmail.com,-22.784489462929987,-43.283837240972126,1244,M,008,26/03/2026
3301707246196,7246196,SAMU CAXIAS 192 USA 02,MUNICIPIO DE DUQUE DE CAXIAS,UPA / Pronto atendimento,PRONTO ATENDIMENTO,"RODOVIA WASHINGTON LUIS, 3200, BEIRA BAR - CEP 25070260",BEIRA BAR,25070260,DUQUE DE CAXIAS,330170,,csamucaxias@gmail.com,-22.78436087150297,-43.28389088514934,1244,M,008,26/03/2026
3301709005463,9005463,SAMU CAXIAS 192 USB 01,MUNICIPIO DE DUQUE DE CAXIAS,UPA / Pronto atendimento,PRONTO ATENDIMENTO,"ROD WASHINGTON LUIZ, 3600, BEIRA MAR - CEP 25070260",BEIRA MAR,25070260,DUQUE DE CAXIAS,330170,,csamucaxias@gmail.com,-22.78422238829215,-43.28394452932654,1244,M,008,26/03/2026
3301707246188,7246188,SAMU CAXIAS 192 USB 02,MUNICIPIO DE DUQUE DE CAXIAS,UPA / Pronto atendimento,PRONTO ATENDIMENTO,"RODOVIA WASHINGTON LUIZ, 3200, BEIRA MAR - CEP 25070260",BEIRA MAR,25070260,DUQUE DE CAXIAS,330170,,csamucaxias@gmail.com,-22.784440004703168,-43.2838050544658,1244,M,008,26/03/2026
3301709005684,9005684,SAMU CAXIAS 192 USB 03,MUNICIPIO DE DUQUE DE CAXIAS,UPA / Pronto atendimento,PRONTO ATENDIMENTO,"ROD WASHINGTON LUIS, 3200, BEIRA MAR - CEP 25070260",BEIRA MAR,25070260,DUQUE DE CAXIAS,330170,,csamucaxias@gmail.com,-22.784489462929987,-43.283923071655664,1244,M,008,26/03/2026
3301709005846,9005846,SAMU CAXIAS 192 USB 04,MUNICIPIO DE DUQUE DE CAXIAS,UPA / Pronto atendimento,PRONTO ATENDIMENTO,"ROD WASHINGTON LUIS, 3200, BEIRA MAR - CEP 25070260",BEIRA MAR,25070260,DUQUE DE CAXIAS,330170,,csamucaxias@gmail.com,-22.78444989634997,-43.2841698348708,1244,M,008,26/03/2026
3301707427549,7427549,UPA INFANTIL WALTER GARCIA,MUNICIPIO DE DUQUE DE CAXIAS,UPA / Pronto atendimento,PRONTO ATENDIMENTO,"RUA DA REPUBLICA, S/N, VINTE E CINCO DE AGO - CEP 25011090",VINTE E CINCO DE AGO,25011090,DUQUE DE CAXIAS,330170,,,-22.793770358045375,-43.30597119967191,1244,M,008,17/03/2026
3301707625987,7625987,UPA PARQUE BEIRA MAR,MUNICIPIO DE DUQUE DE CAXIAS,UPA / Pronto atendimento,PRONTO ATENDIMENTO,"ROD WASHINGTON LUIS, 3200, VILA SAO LUIZ - CEP 25085009",VILA SAO LUIZ,25085009,DUQUE DE CAXIAS,330170,,direcaoadm.upaparquebeiramar.sms@gmail.com,-22.78421746312244,-43.28427711911131,1244,M,008,18/03/2026
3301705967198,5967198,UPA PARQUE LAFAIETE,MUNICIPIO DE DUQUE DE CAXIAS,UPA / Pronto atendimento,PRONTO ATENDIMENTO,"JOAQUIM PECANHA, 1532, PARQUE LAFAEITE - CEP 25025095",PARQUE LAFAEITE,25025095,DUQUE DE CAXIAS,330170,21 22992577,cnes.smsdc@gmail.com,-22.786393658331086,-43.324062999999995,1244,M,008,27/03/2026
3301706033075,6033075,UPA SARAPUI,MUNICIPIO DE DUQUE DE CAXIAS,UPA / Pronto atendimento,AMBULATORIO,"AVENIDA REPUBLICA DO PARAGUAI, S/N, VILA SARAPUI - CEP 25050100",VILA SARAPUI,25050100,DUQUE DE CAXIAS,330170,21 22992577,cnes.smsdc@gmail.com,-22.749455,-43.299603,1244,M,016,30/09/2025
3301807258666,7258666,SAMU 192 EPF I,FUNDO MUNICIPAL DE SAUDE,UPA / Pronto atendimento,PRONTO ATENDIMENTO,"RUA ATILA PORTUGAL, 593, MORRO DO SOSSEGO - CEP 26650000",MORRO DO SOSSEGO,26650000,ENGENHEIRO PAULO DE FRONTIN,330180,192,fatsmsepf@gmail.com,-22.5500474,-43.6748432,1244,M,008,04/06/2025
3301859172882,9172882,RESGAT SAUDE REMOCOES LTDA,RESGAT SAUDE REMOCOES LTDA,UPA / Pronto atendimento,PRONTO ATENDIMENTO,"ESTANISLAU BRISSON, 59, LOJA PARTE, PAIOL - CEP 25945862",PAIOL,25945862,GUAPIMIRIM,330185,21 20103259,jifreire46@gmail.com,-22.313131,-42.59,2305,M,008,07/04/2026
3301857933711,7933711,UNIDADE MOVEL 192 SAMU BASICA,MUNICIPIO DE GUAPIMIRIM,UPA / Pronto atendimento,PRONTO ATENDIMENTO,"ESTR DO BANANAL, 1919, BANANAL - CEP 25946440",BANANAL,25946440,GUAPIMIRIM,330185,,,-22.5365821,-42.9849264,1244,M,008,10/10/2025
3301850699055,0699055,UNIDADE MOVEL 192 SAMU BASICA 2,MUNICIPIO DE GUAPIMIRIM,UPA / Pronto atendimento,PRONTO ATENDIMENTO,"ESTRADA JOSE ALVAREZ MACIEL, S/N, VALE DAS PEDRINHAS - CEP 25940570",VALE DAS PEDRINHAS,25940570,GUAPIMIRIM,330185,,,-22.9848177,-43.644917,1244,M,008,10/10/2025
3301872286343,2286343,UNIDADE DE PRONTO ATENDIMENTO DR BERGAMO MESQUITA PEDROSA,PREFEITURA DE IGUABA GRANDE,UPA / Pronto atendimento,PRONTO ATENDIMENTO,"RUA MARQUES GARCIA, S/N, ESTACAO - CEP 28960370",ESTACAO,28960370,IGUABA GRANDE,330187,2226243128,,-22.835957133787332,-42.22364544868469,1244,M,008,09/03/2026
3301907289286,7289286,ATENDIMENTO MEDICO DE EMERGENCIA VERDIS PACHECO PINTO AME,PREFEITURA MUNICIPAL DE ITABORAI,UPA / Pronto atendimento,PRONTO ATENDIMENTO,"RUA CLEA DO VALE, S/N, LT 204, JOAO CAETANO - CEP 24866628",JOAO CAETANO,24866628,ITABORAI,330190,(21) 2736-0483,,-22.739343,-42.936987,1244,M,008,17/04/2023
3301907423950,7423950,SAMU ITABORAI USA04,PREFEITURA MUNICIPAL DE ITABORAI,UPA / Pronto atendimento,PRONTO ATENDIMENTO,"RUA DESEMBARGADOR FERREIRA PINTO, 09, FUNDOS, CENTRO - CEP 24800205",CENTRO,24800205,ITABORAI,330190,(21) 3639-2036,samu.base192@itaborai.rj.gov.br,-22.743259,-42.858366,1244,M,008,05/11/2024
3301905616034,5616034,SAMU ITABORAI USB14,PREFEITURA MUNICIPAL DE ITABORAI,UPA / Pronto atendimento,PRONTO ATENDIMENTO,"RUA DESEMBARGADOR FERREIRA PINTO, 09, FUNDOS, CENTRO - CEP 24800205",CENTRO,24800205,ITABORAI,330190,(21)26458070,samu.saude192@itaborai.rj.gov.br,-22.743259,-42.858366,1244,M,008,05/11/2024
3301904472314,4472314,SAMU ITABORAI USB21,PREFEITURA MUNICIPAL DE ITABORAI,UPA / Pronto atendimento,PRONTO ATENDIMENTO,"RUA DESEMBARGADOR FERREIRA PINTO, 09, FUNDOS, CENTRO - CEP 24800205",CENTRO,24800205,ITABORAI,330190,(21)26458070,samu.base192@itaborai.rj.gov.br,-22.743259,-42.858366,1244,M,008,14/10/2024
3302006994377,6994377,SERVICO DE ATENDIMENTO MOVEL DE URGENCIA BASICO 01 SAMU,MUNICIPIO DE ITAGUAI,UPA / Pronto atendimento,PRONTO ATENDIMENTO,"AVENIDA ISOLDACKSON CRUZ DE BRITO, 1096, CENTRO - CEP 23825840",CENTRO,23825840,ITAGUAI,330200,,,-22.872836499230086,-43.772554099559784,1244,M,008,18/11/2025
3302005716470,5716470,SERVICO DE ATENDIMENTO MOVEL DE URGENCIA BASICO 02 SAMU,SERVICO DE ATENDIMENTO MOVEL DE URGENCIA BASICO 02,UPA / Pronto atendimento,PRONTO ATENDIMENTO,"AVENIDA ISOLDACKSON CRUZ DE BRITO, 1096, CENTRO - CEP 23825840",CENTRO,23825840,ITAGUAI,330200,,,-22.8555,-43.7555,1244,M,008,18/11/2025
3302008030642,8030642,SERVICO DE ATENDIMENTO MOVEL DE URGENCIA BASICO 03 SAMU,SERVICO DE ATENDIMENTO MOVEL DE URGENCIA BASICO 03,UPA / Pronto atendimento,PRONTO ATENDIMENTO,"RUA ELVIRA CIUFFO CICARINO, 32, VILA MARGARIDA - CEP 23821135",VILA MARGARIDA,23821135,ITAGUAI,330200,3782-3867,samu.itaguairj@gmail.com,-22.87835,-43.775835,1244,M,008,29/12/2025
3302006930565,6930565,SERVICO DE ATENDIMENTO MOVEL DE URGENCIA SAMU 192 ITAGUAI,MUNICIPIO DE ITAGUAI,UPA / Pronto atendimento,PRONTO ATENDIMENTO,"AVENIDA ISOLDACKSON CRUZ DE BRITO, 1096, CENTRO - CEP 23825840",CENTRO,23825840,ITAGUAI,330200,,,-22.872834027923716,-43.772621154785156,1244,M,008,01/07/2025
3302006629385,6629385,UNIDADE DE PRONTO ATENDIMENTO UPA ITAGUAI,MUNICIPIO DE ITAGUAI,UPA / Pronto atendimento,PRONTO ATENDIMENTO,"AVENIDA PREFEITO ABEILARD GOULART DE SOUZA, 1498, JARDIM AMERICA - CEP 23815000",JARDIM AMERICA,23815000,ITAGUAI,330200,26879794,,-22.91911,-43.91911,1244,M,008,05/03/2026
3302052272202,2272202,PRONTO SOCORRO MUNICIPAL DE ITALVA,MUNICIPIO DE ITALVA,UPA / Pronto atendimento,PRONTO ATENDIMENTO,"AV CEL LUIS SALLES, 208, CENTRO - CEP 28250000",CENTRO,28250000,ITALVA,330205,(22) 27832574,italvasaude@gmail.com,-21.419253760551936,-41.693732142448425,1244,M,008,06/06/2025
3302105955181,5955181,SAMU 192 ITAOCARA USB,MUNICIPIO DE ITAOCARA,UPA / Pronto atendimento,PRONTO ATENDIMENTO,"PRACA TOLEDO PIZA, 151, CENTRO - CEP 28570000",CENTRO,28570000,ITAOCARA,330210,,,-21.665296561351887,-42.07736332189917,1244,M,008,24/10/2025
3302202279274,2279274,POSTO DE URGENCIA DR MUNIR BUSSAD,SECRETARIA DE SAUDE DE ITAPERUNA,UPA / Pronto atendimento,PRONTO ATENDIMENTO,"AVENIDA CARDOSO MOREIRA, 897, ANEXO, CENTRO - CEP 28300000",CENTRO,28300000,ITAPERUNA,330220,(22)38220192,,-21.203332,-41.892122,1244,M,008,11/08/2025
3302205002567,5002567,SAMU 192 NOROESTE USA 1 ITAPERUNA,SAMU 192 NOROESTE USA 1 ITAPERUNA,UPA / Pronto atendimento,PRONTO ATENDIMENTO,"AVENIDA CARDOSO MOREIRA, 294, 3 ANDAR, CENTRO - CEP 28300000",CENTRO,28300000,ITAPERUNA,330220,,,-21.20705295,-41.88817008365814,1244,M,008,02/03/2026
3302205002605,5002605,SAMU 192 NOROESTE USB 7 ITAPERUNA,SAMU 192 NOROESTE USB 7 ITAPERUNA,UPA / Pronto atendimento,PRONTO ATENDIMENTO,"AVENIDA CARDOSO MOREIRA, 114, CENTRO - CEP 28300000",CENTRO,28300000,ITAPERUNA,330220,,,-21.20520392181288,-41.890017647852474,1244,M,008,06/03/2026
3302206855334,6855334,UPA ITAPERUNA,UNIDADE DE PRONTO ATENDIMENTO DE ITAPERUNA,UPA / Pronto atendimento,PRONTO ATENDIMENTO,"R DR ITAGIBA F NOGUEIRA, 01, CIDADE NOVA - CEP 28300000",CIDADE NOVA,28300000,ITAPERUNA,330220,22 38224657,,-21.201385,-41.906538,1244,M,008,01/08/2025
3302255676851,5676851,BASE SAMU PENEDO,BASE SAMU PENEDO,UPA / Pronto atendimento,PRONTO ATENDIMENTO,"RUA TUPI, S/N, JARDIM MARTINELI - CEP 27580000",JARDIM MARTINELI,27580000,ITATIAIA,330225,,,-22.4444536,-44.5201114,1244,M,008,10/04/2026
3302257766688,7766688,MED VIP,MED VIP CENTRO DE SAUDE OCUPACIONAL,UPA / Pronto atendimento,AMBULATORIO,"RUA JUVENAL MARINS FREIRE, 43, CENTRO - CEP 27580000",CENTRO,27580000,ITATIAIA,330225,2433524909,,-22.49485432489161,-44.56198453903198,2062,M,016,06/04/2026
3302252288168,2288168,SERVICO DE PRONTO ATENDIMENTO 24 HORAS PENEDO,SECRETARIA MUNICIPAL DE SAUDE DE ITATIAIA,UPA / Pronto atendimento,PRONTO ATENDIMENTO,"AVENIDA BRASIL, 206, COMERCIAL PENEDO - CEP 27580000",COMERCIAL PENEDO,27580000,ITATIAIA,330225,(24) 3381-4940,penedo24h@itatiaia.rj.gov.br,-22.4446003,-44.5203499,1244,M,008,10/04/2026
3302257145918,7145918,UNIDADE DE SUPORTE BASICO DE ITATIAIA,BASE DE ITATIAIA,UPA / Pronto atendimento,PRONTO ATENDIMENTO,"AVENIDA DOIS, 800, JARDIM ITATIAIA - CEP 27580000",JARDIM ITATIAIA,27580000,ITATIAIA,330225,,,-22.4901104,-44.5647825,1244,M,008,10/04/2026
3302276968287,6968287,SAMU 192 AVANCADA,MUNICIPIO DE JAPERI,UPA / Pronto atendimento,PRONTO ATENDIMENTO,"AVENIDA 30 DE JUNHO, 1991, ENGENHEIRO PEDREIRA - CEP 26440400",ENGENHEIRO PEDREIRA,26440400,JAPERI,330227,,,-22.647096031706575,-43.606141805648804,1244,M,008,18/08/2025
3302276968600,6968600,SAMU 192 BASICA,MUNICIPIO DE JAPERI,UPA / Pronto atendimento,PRONTO ATENDIMENTO,"AVENIDA 30 DE JUNHO, 1991, ENGENHEIRO PEDREIRA - CEP 26440400",ENGENHEIRO PEDREIRA,26440400,JAPERI,330227,,,-22.647303964701038,-43.60595941543579,1244,M,008,18/08/2025
3302274302761,4302761,SAMU 192 BASICA II,MUNICIPIO DE JAPERI,UPA / Pronto atendimento,PRONTO ATENDIMENTO,"RUA VEREADOR FRANCISCO DA COSTA FILHO, 1993, SANTA INES - CEP 26450000",SANTA INES,26450000,JAPERI,330227,,,-22.651548,-43.6059594,1244,M,008,18/08/2025
3302308176329,8176329,SAMU 192 LAJE DO MURIAE,MUNICIPIO DE LAJE DO MURIAE,UPA / Pronto atendimento,PRONTO ATENDIMENTO,"GERONCIO FERREIRA, 270, CENTRO - CEP 28350200",CENTRO,28350200,LAJE DO MURIAE,330230,,,-21.20573,-42.131175,1244,M,008,17/03/2026
3302402276712,2276712,UMS SANA,MUNICIPIO DE MACAE,UPA / Pronto atendimento,PRONTO ATENDIMENTO,"RUA JOSE DE JESUS JUNIOR, S/N, SANA - CEP 27995000",SANA,27995000,MACAE,330240,(22) 2793-2548,UBSSANA@GMAIL.COM,-22.3244999,-42.1866132,1244,M,008,09/04/2026
3302409442995,9442995,UNIDADE MOVEL AVANCADA SERVICO DE RESGATE E REMOCAO,MUNICIPIO DE MACAE,UPA / Pronto atendimento,PRONTO ATENDIMENTO,"RODOVIA RJ 168, S/N, KM 04, VIRGEM SANTA - CEP 27910000",VIRGEM SANTA,27910000,MACAE,330240,(22) 2796-1168,emergencia192macae@gmail.com,-22.356356835879172,-41.80752754211426,1244,M,008,25/06/2024
3302409442960,9442960,UNIDADE MOVEL BASICA 01 SERVICO DE RESGATE E REMOCAO,MUNICIPIO DE MACAE,UPA / Pronto atendimento,PRONTO ATENDIMENTO,"RODOVIA RJ 168, S/N, KM 04, VIRGEM SANTA - CEP 27910000",VIRGEM SANTA,27910000,MACAE,330240,(22) 2796-1168,emergencia192macae@gmail.com,-22.356426292761125,-41.80744171142578,1244,M,008,20/02/2024
3302409442987,9442987,UNIDADE MOVEL BASICA 02 SERVICO DE RESGATE E REMOCAO,MUNICIPIO DE MACAE,UPA / Pronto atendimento,PRONTO ATENDIMENTO,"RODOVIA RJ 168, S/N, KM 04, VIRGEM SANTA - CEP 27910000",VIRGEM SANTA,27910000,MACAE,330240,(22) 2796-1168,emergencia192macae@gmail.com,-22.35618815473597,-41.80778503417969,1244,M,008,23/02/2024
3302409351698,9351698,UNIDADE MOVEL BASICA 03 SERVICO DE RESGATE E REMOCAO,MUNICIPIO DE MACAE,UPA / Pronto atendimento,PRONTO ATENDIMENTO,"RODOVIA RJ 168, S/N, KM 04, VIRGEM SANTA - CEP 27910000",VIRGEM SANTA,27910000,MACAE,330240,(22) 2796-1168,emergencia192macae@gmail.com,-22.356505672012382,-41.80778503417969,1244,M,008,23/02/2024
3302409443002,9443002,UNIDADE MOVEL BASICA 04 SERVICO DE RESGATE E REMOCAO,MUNICIPIO DE MACAE,UPA / Pronto atendimento,PRONTO ATENDIMENTO,"RODOVIA RJ 168, S/N, KM 04, VIRGEM SANTA - CEP 27910000",VIRGEM SANTA,27910000,MACAE,330240,(22) 2796-1168,emergencia192macae@gmail.com,-22.35658505121842,-41.80769920349121,1244,M,008,26/02/2024
3302409350683,9350683,UNIDADE MOVEL DE RESGATE DO HPM,MUNICIPIO DE MACAE,UPA / Pronto atendimento,PRONTO ATENDIMENTO,"RODOVIA RJ 168, S/N, KM 04, VIRGEM SANTA - CEP 27910000",VIRGEM SANTA,27910000,MACAE,330240,(22) 2796-1168,emergencia192macae@gmail.com,-22.35626753412292,-41.807098388671875,1244,M,008,19/07/2022
3302406635903,6635903,UPA UNIDADE DE PRONTO ATENDIMENTO BARRA,MUNICIPIO DE MACAE,UPA / Pronto atendimento,PRONTO ATENDIMENTO,"AVENIDA AMARAL PEIXOTO, S/N, BARRA DE MACAE - CEP 27910000",BARRA DE MACAE,27910000,MACAE,330240,22 27623260,upa24hbarra@gmail.com,-22.355989706070712,-41.769890785217285,1244,M,008,22/01/2026
3302407266650,7266650,UPA UNIDADE DE PRONTO ATENDIMENTO LAGOMAR,MUNICIPIO DE MACAE,UPA / Pronto atendimento,PRONTO ATENDIMENTO,"AVENIDA DOS BANDEIRANTES, 725, LAGOMAR - CEP 27966540",LAGOMAR,27966540,MACAE,330240,(22) 2796-1279,upalagomar@gmail.com,-22.308155338971538,-41.71032428741455,1244,M,008,22/01/2026
3302459540563,9540563,PRONTO ATENDIMENTO MUNICIPAL DE MACUCO,MUNICIPIO DE MACUCO,UPA / Pronto atendimento,PRONTO ATENDIMENTO,"RUA ADILVA FIGUEIREDO COSTA, 140, SANTOS REIS - CEP 28545000",SANTOS REIS,28545000,MACUCO,330245,2225541409,,-21.989600872723635,-42.2578451772503,1244,M,008,31/03/2026
3302502278391,2278391,UNIDADE DE SAUDE 24 HORAS DE SURUI VEREADOR ADENOR MOREIRA,MUNICIPIO DE MAGE,UPA / Pronto atendimento,PRONTO ATENDIMENTO,"RUA CEL SERGIO JOSE DO AMARAL, S/N, SURUI CENTRO - CEP 25900073",SURUI CENTRO,25900073,MAGE,330250,(21)26475216,,-22.6567784,-43.0384967,1244,M,008,17/03/2026
3302507449135,7449135,UPA 24H MAGE,MUNICIPIO DE MAGE,UPA / Pronto atendimento,AMBULATORIO,"RUA A, S/N, PARQ SANTANA, PIABETA - CEP 25937180",PIABETA,25937180,MAGE,330250,,filipe.martins@idabsocial.org.br,-22.6925074,-43.1677953,1244,M,016,17/03/2026
3302602266687,2266687,C S MUN CONCEICAO DE JACAREI LIDIA DA COSTA FERNANDES,SECRETARIA MUNICIPAL DE SAUDE,UPA / Pronto atendimento,PRONTO ATENDIMENTO,"ALAMEDA WALDOMIRO JOSE NOGUEIRA, 16, CONCEICAO DE JACAREI - CEP 23885000",CONCEICAO DE JACAREI,23885000,MANGARATIBA,330260,2127891364,INFORMACAO.SAUDE@MANGARATIBA.RJ.GOV.BR,-23.029204746018692,-44.163742942577585,1244,M,008,01/04/2026
3302602266717,2266717,C S MUN DE ITACURUCA OSMAR MATHIAS DOS SANTOS,SECRETARIA MUNICIPAL DE SAUDE,UPA / Pronto atendimento,PRONTO ATENDIMENTO,"RUA DA IGUALDADE, S/N, CENTRO, ITACURUCA - CEP 23880000",ITACURUCA,23880000,MANGARATIBA,330260,2780-1103,saudemang@bol.com.br,-22.9289266,-43.9096534,1244,M,008,03/11/2025
3302600794317,0794317,SALA LILAS ARTE VIVA MANGARATIBA,SECRETARIA MUNICIPAL DE SAUDE,UPA / Pronto atendimento,PRONTO ATENDIMENTO,"RUA NILO PECANHA, 85, CENTRO - CEP 23860000",CENTRO,23860000,MANGARATIBA,330260,21 27891364,saude@mangaratiba.rj.gov.br,-22.961436,-44.039516,1244,M,008,22/09/2025
3302606956955,6956955,SAMU UNIDADE MOVEL AVANCADA 192,SECRETARIA MUNICIPAL DE SAUDE DE MANGARATIBA,UPA / Pronto atendimento,PRONTO ATENDIMENTO,"RUA SARGENTO BEZERRA, 00, PRAIA DO SACO - CEP 23860000",PRAIA DO SACO,23860000,MANGARATIBA,330260,,,-22.9391397,-44.0408368,1244,M,008,22/09/2025
3302606686982,6686982,SAMU UNIDADE MOVEL DE URGENCIA BASICA 01,SECRETARIA MUNICIPAL DE SAUDE DE MANGARATIBA,UPA / Pronto atendimento,PRONTO ATENDIMENTO,"RUA SARGENTO BEZERRA, 00, PRAIA DO SACO - CEP 23860000",PRAIA DO SACO,23860000,MANGARATIBA,330260,,,-22.9391397,-44.0408368,1244,M,008,22/09/2025
3302604385616,4385616,SAMU UNIDADE MOVEL DE URGENCIA BASICA 03,SECRETARIA MUNICIPAL DE SAUDE DE MANGARATIBA,UPA / Pronto atendimento,PRONTO ATENDIMENTO,"RUA SARGENTO BEZERRA, 00, PRAIA DO SACO - CEP 23860000",PRAIA DO SACO,23860000,MANGARATIBA,330260,,,-22.9391397,-44.0408368,1244,M,008,22/09/2025
3302606956947,6956947,SAMU UNIDADE MOVEL DE URGENCIA BASICO 02,SECRETARIA MUNICIPAL DE SAUDE DE MANGARATIBA,UPA / Pronto atendimento,PRONTO ATENDIMENTO,"RUA SARGENTO BEZERRA, 00, PRAIA DO SACO - CEP 23860000",PRAIA DO SACO,23860000,MANGARATIBA,330260,,,-22.9391397,-44.0408368,1244,M,008,22/09/2025
3302700507601,0507601,SAMU 192 BASE ITAIPUACU USB 19,MUNICIPIO DE MARICA,UPA / Pronto atendimento,PRONTO ATENDIMENTO,"AV CARLOS MARIGUELLA DPO BARROCO, S/N, BARROCO - CEP 24936435",BARROCO,24936435,MARICA,330270,21-26374083,,-22.9567,-42.97853,1244,M,008,28/04/2025
3302707321724,7321724,SAMU 192 BASE MARICA HMCML MOTOLANCIA 07,MUNICIPIO DE MARICA,UPA / Pronto atendimento,PRONTO ATENDIMENTO,"RUA ALVARES DE CASTRO, 346, CENTRO - CEP 24900880",CENTRO,24900880,MARICA,330270,2126374083,samumarica.metro2@gmail.com,-22.91983145,-42.8210792187425,1244,M,008,27/09/2022
3302707321759,7321759,SAMU 192 BASE MARICA HMCML USA 07,MUNICIPIO DE MARICA,UPA / Pronto atendimento,PRONTO ATENDIMENTO,"RUA ALVARES DE CASTRO, 346, CENTRO - CEP 24900880",CENTRO,24900880,MARICA,330270,21-26374083,,-22.91983145,-42.8210792187425,1244,M,008,04/03/2026
3302707321740,7321740,SAMU 192 BASE MARICA HMCML USB 10,MUNICIPIO DE MARICA,UPA / Pronto atendimento,PRONTO ATENDIMENTO,"RUA ALVARES DE CASTRO, 346, CENTRO - CEP 24900880",CENTRO,24900880,MARICA,330270,21-26374083,,-22.91983145,-42.8210792187425,1244,M,008,04/03/2026
3302704694325,4694325,SAMU 192 BASE PONTA NEGRA USB 22,MUNICIPIO DE MARICA,UPA / Pronto atendimento,PRONTO ATENDIMENTO,"RUA ALCEBIADES TEODORO LUIZ PEREIRA, S/N, PONTA NEGRA - CEP 24922280",PONTA NEGRA,24922280,MARICA,330270,,,-22.953098077277144,-42.69767761230469,1244,M,008,22/06/2024
3302704694341,4694341,SAMU 192 BASE PONTA NEGRA USB 23,MUNICIPAIO DE MARICA,UPA / Pronto atendimento,PRONTO ATENDIMENTO,"ALCEBIADES TEODORO LUIZ PEREIRA, S/N, PONTA NEGRA - CEP 24922280",PONTA NEGRA,24922280,MARICA,330270,,,-22.95305855977549,-42.69784927368164,1244,M,008,22/06/2024
3302707164440,7164440,UPA MARICA 24H,MUNICIPIO DE MARICA,UPA / Pronto atendimento,PRONTO ATENDIMENTO,"RUA EUCLIDES DE PAULO DA SILVA, S/N, LOTE 11 C, INOA - CEP 24943195",INOA,24943195,MARICA,330270,21-39502201,upa.marica@hotmail.com,-22.913594576976436,-42.93038606643677,1244,M,008,24/09/2025
3302702266792,2266792,UPAM SANTA RITA 24H,MUNICIPIO DE MARICA,UPA / Pronto atendimento,PRONTO ATENDIMENTO,"RUA ANTONIO MARQUES MATHIAS, S/N, QD 433, JARDIM ATLANTICO - CEP 24933385",JARDIM ATLANTICO,24933385,MARICA,330270,(21)39502206,saude@marica.rj.gov.br,-22.970813104438808,-42.927293479442596,1244,M,008,24/09/2025
3302804146727,4146727,BASE DESCENTRALIZADA SAMU 192 MENDES RJ,MUNICIPIO DE MENDES,UPA / Pronto atendimento,PRONTO ATENDIMENTO,"PRACA CARLOS GOMES, 23, CENTRO - CEP 26700000",CENTRO,26700000,MENDES,330280,,,-22.527304110185405,-43.72434139251709,1244,M,008,06/04/2026
3302857540795,7540795,UNIDADE MOVEL AVANCADA 1 SAMU 192,UNIDADE MOVEL AVANCADA 1 SAMU 192,UPA / Pronto atendimento,PRONTO ATENDIMENTO,"AVENIDA UNIAO, 626, SANTA TEREZINHA - CEP 26553295",SANTA TEREZINHA,26553295,MESQUITA,330285,,,-22.7848562,-43.4333614,1031,M,008,23/05/2024
3302857540914,7540914,UNIDADE MOVEL BASICA 1 SAMU 192,UNIDADE MOVEL BASICA 1 SAMU 192,UPA / Pronto atendimento,PRONTO ATENDIMENTO,"AVENIDA UNIAO, 626, SANTA TEREZINHA - CEP 26553295",SANTA TEREZINHA,26553295,MESQUITA,330285,,,-22.790282173221293,-43.43539774417877,1031,M,008,07/08/2025
3302857540949,7540949,UNIDADE MOVEL BASICA 2 SAMU 192,UNIDADE MOVEL BASICA 2 SAMU 192,UPA / Pronto atendimento,PRONTO ATENDIMENTO,"AVENIDA UNIAO, 626, SANTA TEREZINHA - CEP 26553295",SANTA TEREZINHA,26553295,MESQUITA,330285,,,-22.7774458,-43.4328611,1031,M,008,23/05/2024
3302907062664,7062664,SAMU DE MIGUEL PEREIRA,SECRETARIA DE SAUDE DE MIGUEL PEREIRA,UPA / Pronto atendimento,PRONTO ATENDIMENTO,"AVENIDA CESAR LATES, S/N, GUARARAPES - CEP 26900000",GUARARAPES,26900000,MIGUEL PEREIRA,330290,24 2484 5474,,-22.45878787689113,-43.47287893295288,1244,M,008,26/09/2025
3303003282430,3282430,PRONTO SOCORRO DE MIRACEMA DR SEBASTIAO BRUNO,MUNICIPIO DE MIRACEMA,UPA / Pronto atendimento,PRONTO ATENDIMENTO,"RUA JOSE MONTEIRO DE BARROS, 500, ANEXO, HOSPITAL - CEP 28460000",HOSPITAL,28460000,MIRACEMA,330300,2238521037,miracema@saude.rj.gov.br,-21.40601,-42.20668,1244,M,008,15/10/2025
3303108163847,8163847,SAMU 192 NOROESTE USB NATIVIDADE,SAMU 192 NOROESTE USB NATIVIDADE,UPA / Pronto atendimento,PRONTO ATENDIMENTO,"RJ214, 446, PROXIMO AO PORTAL, PORTAL - CEP 28380000",PORTAL,28380000,NATIVIDADE,330310,,,-21.044928119849416,-41.98692440986633,1244,M,008,06/03/2026
3303202290677,2290677,POSTO CENTRAL DO SUS,MUNICIPIO DE NILOPOLIS,UPA / Pronto atendimento,PRONTO ATENDIMENTO,"RUA JOAO PESSOA, 1530, 1 ANDAR, CENTRO - CEP 26520020",CENTRO,26520020,NILOPOLIS,330320,(21)27913313,,-22.8099268,-43.4193154,1244,M,008,05/12/2025
3303206899919,6899919,UPA NILOPOLIS,NILOPOLIS PREFEITURA,UPA / Pronto atendimento,PRONTO ATENDIMENTO,"RUA ANTONIO PEREIRA DE CARVALHO, S/N, CENTRO - CEP 26540001",CENTRO,26540001,NILOPOLIS,330320,2137629182,,-22.8094332,-43.4185034,1244,M,008,05/12/2025
3303300012602,0012602,POLICLINICA COMUNITARIA CARLOS ANTONIO DA SILVA,FUNDACAO MUNICIPAL DE SAUDE,UPA / Pronto atendimento,PRONTO ATENDIMENTO,"JANSEN DE MELLO, S/N, SAO LOURENCO - CEP 24030221",SAO LOURENCO,24030221,NITEROI,330330,,prcas14@gmail.com,-22.887367,-43.115271,1155,M,008,01/10/2025
3303300012637,0012637,POLICLINICA COMUNITARIA DA ENGENHOCA,FUNDACAO MUNICIPAL DE SAUDE DE NITEROI,UPA / Pronto atendimento,PRONTO ATENDIMENTO,"JOAO BRASIL, S/N, ENGENHOCA - CEP 24130082",ENGENHOCA,24130082,NITEROI,330330,,,-22.8808332,-43.1014896,1155,M,008,23/10/2025
3303307382197,7382197,POLICLINICA NAVAL DE NITEROI,COMANDO DA MARINHA,UPA / Pronto atendimento,PRONTO ATENDIMENTO,"BARAO DE JACEGUAI, S/N, PONTA DE ARMACAO, PONTA D AREIA - CEP 24040000",PONTA D AREIA,24040000,NITEROI,330330,21 21893192,andrea.martins@marinha.mil.br,-22.8845819,-43.1348044,1015,M,008,10/11/2025
3303300012734,0012734,POLICLINICA REGIONAL DO LARGO DA BATALHA,FUNDACAO MUNICIPAL DE SAUDE DE NITEROI,UPA / Pronto atendimento,PRONTO ATENDIMENTO,"RUA REVERENDO ARMANDO FERREIRA, S/N, LARGO DA BATALHA - CEP 24310400",LARGO DA BATALHA,24310400,NITEROI,330330,(21)27101053,adm.prlb@gmail.com,-22.90757120791454,-43.06726187467575,1155,M,008,28/03/2026
3303306961851,6961851,SAMU 192 METROPOLITANA II RJ,FUNDACAO MUNICIPAL DE SAUDE DE NITEROI,UPA / Pronto atendimento,PRONTO ATENDIMENTO,"R DES ATHAYDE PARREIRAS, 266, BAIRRO DE FATIMA - CEP 24220000",BAIRRO DE FATIMA,24220000,NITEROI,330330,21-27222873,samumetropolitana2@gmail.com,-22.895,-43.11034,1155,M,008,11/08/2025
3303306986781,6986781,SAMU BASE NITEROI ALAMEDA MOTOLANCIA 01,FUNDACAO MUNICIPAL DE SAUDE DE NITEROI,UPA / Pronto atendimento,PRONTO ATENDIMENTO,"ALAMEDA SAO BOAVENTURA, 144, FONSECA - CEP 24120196",FONSECA,24120196,NITEROI,330330,21-2621-3944,samu.baseniteroi@gmail.com,-22.8814419,-43.0850387,1155,M,008,05/05/2022
3303306989624,6989624,SAMU BASE NITEROI ALAMEDA MOTOLANCIA 06,FUNDACAO MUNICIPAL DE SAUDE DE NITEROI,UPA / Pronto atendimento,PRONTO ATENDIMENTO,"ALAMEDA SAO BOA VENTURA, 144, NITEROI - CEP 24120196",NITEROI,24120196,NITEROI,330330,21-2619-2613,samu.baseniteroi@gmail.com,-22.8814419,-43.0850387,1155,M,008,05/05/2022
3303306978223,6978223,SAMU BASE NITEROI ALAMEDA USA 1,FUNDACAO MUNICIPAL DE SAUDE DE NITEROI,UPA / Pronto atendimento,PRONTO ATENDIMENTO,"ALAMEDA SAO BOAVENTURA, 144, FONSECA - CEP 24120196",FONSECA,24120196,NITEROI,330330,21-2621-3944,samu.baseniteroi@gmail.com,-22.8814419,-43.0850387,1155,M,008,09/03/2023
3303306989586,6989586,SAMU BASE NITEROI ALAMEDA USA 6,FUNDACAO MUNICIPAL DE SAUDE DE NITEROI,UPA / Pronto atendimento,PRONTO ATENDIMENTO,"ALAMEDA SAO BOAVENTURA, 144, NITEROI - CEP 24120196",NITEROI,24120196,NITEROI,330330,21-2619-2613,samumetropolitana2@gmail.com,-22.8814419,-43.0850387,1155,M,008,01/03/2023
3303306986749,6986749,SAMU BASE NITEROI ALAMEDA USB 1,FUNDACAO MUNICIPAL DE SAUDE DE NITEROI,UPA / Pronto atendimento,PRONTO ATENDIMENTO,"ALAMEDA SAO BOAVENTURA, 144, FONSECA - CEP 24120196",FONSECA,24120196,NITEROI,330330,21-2621-3944,samu.baseniteroi@gmail.com,-22.8814419,-43.0850387,1155,M,008,05/09/2022
3303306986765,6986765,SAMU BASE NITEROI ALAMEDA USB 2,FUNDACAO MUNIICPAL DE SAUDE DE NITEROI,UPA / Pronto atendimento,PRONTO ATENDIMENTO,"ALAMEDA SAO BOAVENTURA, 144, FONSECA - CEP 24120196",FONSECA,24120196,NITEROI,330330,21-2621-3944,samu.baseniteroi@gmail.com,-22.8814419,-43.0850387,1155,M,008,05/05/2022
3303306986773,6986773,SAMU BASE NITEROI ALAMEDA USB 3,FUNDACAO MUNICIPAL DE SAUDE DE NITEROI,UPA / Pronto atendimento,PRONTO ATENDIMENTO,"ALAMEDA SAO BOAVENTURA, 144, FONSECA - CEP 24120196",FONSECA,24120196,NITEROI,330330,21-2621-3944,samu.baseniteroi@gmail.com,-22.8814419,-43.0850387,1155,M,008,05/05/2022
3303306989616,6989616,SAMU BASE NITEROI ALAMEDA USB13,FUNDACAO MUNICIPAL DE SAUDE DE NITEROI,UPA / Pronto atendimento,PRONTO ATENDIMENTO,"ALAMEDA SAO BOAVENTURA, 144, NITEROI - CEP 24120196",NITEROI,24120196,NITEROI,330330,26192613,samu.baseniteroi@gmail.com,-22.8814419,-43.0850387,1155,M,008,05/05/2022
3303305935377,5935377,UNIDADE MUNICIPAL DE URGENCIA DOUTOR MARIO MONTEIRO,FUNDACAO MUNICIPAL DE SAUDE DE NITEROI,UPA / Pronto atendimento,PRONTO ATENDIMENTO,"ESTRADA FRANCISCO DA CRUZ NUNES, S/N, CAFUBA - CEP 24350210",CAFUBA,24350210,NITEROI,330330,21-2619-2613,umam.fms@gmail.com,-22.929069306840738,-43.06386351585388,1155,M,008,03/12/2025
3303404410939,4410939,SAMU AVANCADO 192 USA 04,MUNICIPIO DE NOVA FRIBURGO,UPA / Pronto atendimento,PRONTO ATENDIMENTO,"RUA GENERAL OSORIO, 324, CENTRO - CEP 28625630",CENTRO,28625630,NOVA FRIBURGO,330340,22 25242300,hmrs.samu@hotmail.com,-22.2725,-42.5342,1244,M,008,19/11/2025
3303404505042,4505042,SAMU BASICO 192 USB 09,MUNICIPIO DE NOVA FRIBURGO,UPA / Pronto atendimento,PRONTO ATENDIMENTO,"RUA RODRIGUES ALVES, S/N, SAO PEDRO DA SERRA - CEP 28616155",SAO PEDRO DA SERRA,28616155,NOVA FRIBURGO,330340,22 25423330,,-22.3145,-42.33248,1244,M,008,18/02/2025
3303404899474,4899474,SAMU BASICO 192 USB 10,MUNICIPIO DE NOVA FRIBURGO,UPA / Pronto atendimento,PRONTO ATENDIMENTO,"RUA GENERAL OSORIO, 324, CENTRO - CEP 28625630",CENTRO,28625630,NOVA FRIBURGO,330340,22 2524-2300,,-22.27247,-42.53423,1244,M,008,18/02/2025
3303406588425,6588425,UPA 24 HORAS NOVA FRIBURGO,UPA 24 HORAS NOVA FRIBURGO,UPA / Pronto atendimento,PRONTO ATENDIMENTO,"AVENIDA GOVERNADOR ROBERTO SILVEIRA, 3456, CONSELHEIRO PAULINO - CEP 28635000",CONSELHEIRO PAULINO,28635000,NOVA FRIBURGO,330340,25803662,sistemasdeinformacao@vivario.org.br,-22.2372631,-42.5204466,1244,M,008,24/03/2026
3303506726143,6726143,UNIDADE DE SUPORTE AVANCADO USA 01 SAMU 192,SECRETARIA MUNICIPAL DE SAUDE DE NOVA IGUACU,UPA / Pronto atendimento,PRONTO ATENDIMENTO,"AV ABILIO AUGUSTO TAVORA, 670, LUZ - CEP 26265090",LUZ,26265090,NOVA IGUACU,330350,,samunovaiguacu192@gmail.com,-22.76080808599843,-43.46128927628224,1244,M,008,25/07/2025
3303506978029,6978029,UNIDADE DE SUPORTE AVANCADO USA 02 SAMU 192,SECRETARIA MUNICIPAL DE SAUDE DE NOVA IGUACU,UPA / Pronto atendimento,PRONTO ATENDIMENTO,"AV ABILIO AUGUSTO TAVORA, 670, LUZ - CEP 26265090",LUZ,26265090,NOVA IGUACU,330350,,samunovaiguacu192@gmail.com,-22.76080808599843,-43.46128927628224,1244,M,008,25/07/2025
3303509259031,9259031,UNIDADE DE SUPORTE AVANCADO USA 03 SAMU 192,SECRETARIA MUNICIPAL DE SAUDE,UPA / Pronto atendimento,PRONTO ATENDIMENTO,"AV ABILIO AUGUSTO TAVORA, 670, LUZ - CEP 26265090",LUZ,26265090,NOVA IGUACU,330350,,samunovaiguacu192@gmail.com,-22.76080808599843,-43.46128927628224,1244,M,008,25/07/2025
3303506978037,6978037,UNIDADE DE SUPORTE BASICO USB 01 SAMU 192,SECRETARIA MUNICIPAL DE SAUED DE NOVA IGUACU,UPA / Pronto atendimento,PRONTO ATENDIMENTO,"AV ABILIO AUGUSTO TAVORA, 670, LUZ - CEP 26265090",LUZ,26265090,NOVA IGUACU,330350,,samunovaiguacu192@gmail.com,-22.76080808599843,-43.46128927628224,1244,M,008,06/09/2024
3303506978045,6978045,UNIDADE DE SUPORTE BASICO USB 02 SAMU 192,SECRETARIA MUNICIPAL DE SAUDE DE NOVA IGUACU,UPA / Pronto atendimento,PRONTO ATENDIMENTO,"AV ABILIO AUGUSTO TAVORA, 670, LUZ - CEP 26265090",LUZ,26265090,NOVA IGUACU,330350,,samunovaiguacu192@gmail.com,-22.76080808599843,-43.46128927628224,1244,M,008,06/09/2024
3303506978061,6978061,UNIDADE DE SUPORTE BASICO USB 03 SAMU 192,SECRETARIA MUNICIPAL DE SAUDE DE NOVA IGUACU,UPA / Pronto atendimento,PRONTO ATENDIMENTO,"AV ABILIO AUGUSTO TAVORA, 670, LUZ - CEP 26265090",LUZ,26265090,NOVA IGUACU,330350,,samunovaiguacu192@gmail.com,-22.76080808599843,-43.46128927628224,1244,M,008,11/09/2024
3303506978053,6978053,UNIDADE DE SUPORTE BASICO USB 04 SAMU 192,SECRETARIA DE SAUDE DE NOVA IGUACU,UPA / Pronto atendimento,PRONTO ATENDIMENTO,"AV ABILIO AUGUSTO TAVORA, 670, LUZ - CEP 26265090",LUZ,26265090,NOVA IGUACU,330350,,samunovaiguacu192@gmail.com,-22.76080808599843,-43.46128927628224,1244,M,008,11/09/2024
3303507878125,7878125,UNIDADE DE SUPORTE BASICO USB 05 SAMU 192,SECRETARIA MUNICIPAL DE SAUDE DE NOVA IGUACU,UPA / Pronto atendimento,PRONTO ATENDIMENTO,"AV ABILIO AUGUSTO TAVORA, 670, LUZ - CEP 26265090",LUZ,26265090,NOVA IGUACU,330350,37733016,samunovaiguacu192@gmail.com,-22.76080808599843,-43.46128927628224,1244,M,008,11/09/2024
3303507775105,7775105,UNIDADE DE SUPORTE BASICO USB 06 SAMU 192,MUNICIPIO DE NOVA IGUACU,UPA / Pronto atendimento,PRONTO ATENDIMENTO,"AV ABILIO AUGUSTO TAVORA, 670, LUZ - CEP 26265090",LUZ,26265090,NOVA IGUACU,330350,,samunovaiguacu192@gmail.com,-22.76080808599843,-43.46128927628224,1244,M,008,11/09/2024
3303507878095,7878095,UNIDADE DE SUPORTE BASICO USB 07 SAMU 192,SECRETARIA MUNICIPAL DE SAUDE DE NOVA IGUACU,UPA / Pronto atendimento,PRONTO ATENDIMENTO,"AV ABILIO AUGUSTO TAVORA, 670, LUZ - CEP 26265090",LUZ,26265090,NOVA IGUACU,330350,2137733016,samunovaiguacu192@gmail.com,-22.76080808599843,-43.46128927628224,1244,M,008,25/07/2025
3303507623852,7623852,UNIDADE DE SUPORTE BASICO USB 08 SAMU 192,SECRETARIA MUNICIPAL DE SAUDE DE NOVAIGUACU,UPA / Pronto atendimento,PRONTO ATENDIMENTO,"AV ABILIO AUGUSTO TAVORA, 670, LUZ - CEP 26265090",LUZ,26265090,NOVA IGUACU,330350,,samunovaiguacu192@gmail.com,-22.76080808599843,-43.46128927628224,1244,M,008,11/09/2024
3303504610458,4610458,UNIDADE DE SUPORTE BASICO USB 09 SAMU 192,SECRETARIA MUNICIPAL DE SAUDE DE NOVA IGUACU,UPA / Pronto atendimento,PRONTO ATENDIMENTO,"AV ABILIO AUGUSTO TAVORA, 670, LUZ - CEP 26265090",LUZ,26265090,NOVA IGUACU,330350,,samunovaiguacu192@gmail.com,-22.7610378,-43.4612823,1244,M,008,11/09/2024
3303504812166,4812166,UNIDADE DE SUPORTE BASICO USB 10 SAMU 192,SECRETARIA MUNICIPAL DE SAUDE DE NOVA IGUACU,UPA / Pronto atendimento,PRONTO ATENDIMENTO,"AV ABILIO AUGUSTO TAVORA, 670, LUZ - CEP 26265090",LUZ,26265090,NOVA IGUACU,330350,192,samunovaiguacu192@gmail.com,-22.7608078,-43.4612785,1244,M,008,25/07/2025
3303505405661,5405661,UNIDADE MOVEL MEDICO,SECRETARIA MUNICIPAL DE SAUDE DE NOVA IGUACU,UPA / Pronto atendimento,PRONTO ATENDIMENTO,"RUA ANTONIO WILMAN, 230, MOQUETA - CEP 26215020",MOQUETA,26215020,NOVA IGUACU,330350,3773-3037,,-22.750653,-43.451134,1244,M,008,09/08/2024
3303502284510,2284510,UPA 24H AUSTIN DR MOACYR A DE CARVALHO,SECRETARIA MUNICIPAL DE SAUDE DE NOVA IGUACU,UPA / Pronto atendimento,PRONTO ATENDIMENTO,"RUA MIRIM, S/N, AUSTIN - CEP 26250100",AUSTIN,26250100,NOVA IGUACU,330350,(21)27631004,,-22.7524127,-43.4417693,1244,M,008,18/06/2025
3303502284103,2284103,UPA 24H DR GISELE PALHARES GOUVEA,SECRETARIA MUNICIPAL DE SAUDE DE NOVA IGUACU,UPA / Pronto atendimento,PRONTO ATENDIMENTO,"RUA ALVARO GONCALVES, 103, VILA DE CAVA - CEP 26055000",VILA DE CAVA,26055000,NOVA IGUACU,330350,(21)26587554,,-22.681918,-43.441593,1244,M,008,01/07/2025
3303502284189,2284189,UPA 24H MIGUEL COUTO CARLINHOS DA TINGUA,SECRETARIA MUNICIPAL DE SAUDE DE NOVA IGUACU,UPA / Pronto atendimento,PRONTO ATENDIMENTO,"RUA DIGOMAR SIMOES E SOUZA, 50, MIGUEL COUTO - CEP 26250100",MIGUEL COUTO,26250100,NOVA IGUACU,330350,(21)37795450,,-22.7078,-43.42601,1244,M,008,08/04/2026
3303502284200,2284200,UPA 24H MUNICIPAL ARQUITETA PATRICIA MARINHO,SECRETARIA MUNICIPAL DE SAUDE DE NOVA IGUACU,UPA / Pronto atendimento,PRONTO ATENDIMENTO,"RUA CAMELIAS, 222, JARDIM GUANDU - CEP 26298282",JARDIM GUANDU,26298282,NOVA IGUACU,330350,(21)26861345,,-22.827455419096886,-43.60563839969407,1244,M,008,08/04/2026
3303507595905,7595905,UPA 24H MUNICIPAL DE COMENDADOR SOARES,SECRETARIA MUNICIPAL DE SAUDE DE NOVA IGUACU,UPA / Pronto atendimento,PRONTO ATENDIMENTO,"RUA DOS QUARTEIS, 221, COMENDADOR SOARES - CEP 26275320",COMENDADOR SOARES,26275320,NOVA IGUACU,330350,,,-22.7438645,-43.4959691,1244,M,008,06/03/2025
3303607030185,7030185,SAMU 192 PARACAMBI II,MUNICIPIO DE PARACAMBI,UPA / Pronto atendimento,PRONTO ATENDIMENTO,"ESTRADA RJ 127, 11081, AMAPA - CEP 26600000",AMAPA,26600000,PARACAMBI,330360,,,-22.6260004,-43.7063618,1244,M,008,18/08/2025
3303700456683,0456683,UBS CURUPATI DR JOSEMAR BARTOLOMEU DE LIMA,MUNICIPIO DE PARAIBA DO SUL,UPA / Pronto atendimento,UNIDADE BASICA DE SAUDE,"LUIS RAMOS, 61, PALHAS - CEP 25850000",PALHAS,25850000,PARAIBA DO SUL,330370,,,-22.161981,-43.289544,1244,M,001,07/10/2025
3303809354239,9354239,AMBULANCHA SAMU PARATY,AMBULANCHA SAMU PARATY,UPA / Pronto atendimento,PRONTO ATENDIMENTO,"RUA D, S/N, PORTAO DE FERRO II - CEP 23970000",PORTAO DE FERRO II,23970000,PARATY,330380,,,-23.2230968,-44.7287297,1244,M,008,10/10/2024
3303807428553,7428553,SAMU PARATY,SAMU 192 UNIDADE MOVEL DE SAUDE BASICA 02 DE PARATY,UPA / Pronto atendimento,PRONTO ATENDIMENTO,"RUA NOSSA SENHORA DOS REMEDIOS, S/N, PONTAL - CEP 23970000",PONTAL,23970000,PARATY,330380,2433711399,,-23.21602784403079,-44.71253156661987,1244,M,008,06/11/2025
3303807428561,7428561,SAMU PARATY 01,SAMU 192 UNIDADE MOVEL DE SAUDE BASICA 01 DE PARATY,UPA / Pronto atendimento,PRONTO ATENDIMENTO,"RUA NOSSA SENHORA DOS REMEDIOS, S/N, FATIMA - CEP 23970000",FATIMA,23970000,PARATY,330380,2433711399,,-23.214972812410846,-44.71785306930542,1244,M,008,06/11/2025
3303858100640,8100640,SAMU DE AVELAR,SECRETARIA MUNICIPAL DE SAUDE DE PATY DO ALFERES,UPA / Pronto atendimento,PRONTO ATENDIMENTO,"RUA ANTONIO DE MATTOS, 254, AVELAR - CEP 26950000",AVELAR,26950000,PATY DO ALFERES,330385,,,-22.3190491,-43.4046297,1031,M,008,19/01/2026
3303859785523,9785523,SAMU DE PATY DO ALFERES,SECRETARIA MUNICIPAL DE SAUDE DE PATY DO ALFERES,UPA / Pronto atendimento,PRONTO ATENDIMENTO,"RUA DEPUTADO BERNARDES NETO, 122, CENTRO - CEP 26950000",CENTRO,26950000,PATY DO ALFERES,330385,,,-22.431061,-43.422304,1031,M,008,14/09/2022
3303904106091,4106091,MIKE 01 BASE DESCENTRALIZADA SAMU PETROPOLIS,MUNICIPIO DE PETROPOLIS,UPA / Pronto atendimento,PRONTO ATENDIMENTO,"AV BARAO DO RIO BRANCO, 1875, CENTRO - CEP 25680120",CENTRO,25680120,PETROPOLIS,330390,,,-22.48902355,-43.177728082585645,1244,M,008,03/02/2025
3303904106474,4106474,MIKE 02 BASE DESCENTRALIZADA SAMU PETROPOLIS,MUNICIPIO DE PETROPOLIS,UPA / Pronto atendimento,PRONTO ATENDIMENTO,"AV BARAO DO RIO BRANCO, 1875, CENTRO - CEP 25680120",CENTRO,25680120,PETROPOLIS,330390,,,-22.48902355,-43.177728082585645,1244,M,008,03/02/2025
3303900959227,0959227,PETRO CARE REMOCOES,M E SERVICOS MEDICOS E REMOCOES LTDA,UPA / Pronto atendimento,PRONTO ATENDIMENTO,"AVENIDA DOS AMORES, 49, NOGUEIRA - CEP 25730320",NOGUEIRA,25730320,PETROPOLIS,330390,,,-22.4127791,-43.1275821,2062,M,008,12/12/2025
3303902275554,2275554,PRONTO SOCORRO LEONIDAS SAMPAIO,MUNICIPIO DE PETROPOLIS,UPA / Pronto atendimento,PRONTO ATENDIMENTO,"RUA TERESA, 1839, ALTO DA SERRA - CEP 25635530",ALTO DA SERRA,25635530,PETROPOLIS,330390,(24)22315566,,-22.52624867045652,-43.171640038490295,1244,M,008,11/07/2025
3303906922597,6922597,UPA CASCATINHA PRONTO ATENDIMENTO 24H PETROPOLIS II,MUNICIPIO DE PETROPOLIS,UPA / Pronto atendimento,PRONTO ATENDIMENTO,"RUA BERNARDO PROENCA, 500, ITAMARATI - CEP 25710082",ITAMARATI,25710082,PETROPOLIS,330390,2246-8932,upacascatinha@gmail.com,-22.48450774458773,-43.1521537899971,1244,M,008,26/09/2025
3303906909663,6909663,UPA CENTRO UNIDADE DE PRONTO ATENDIMENTO,MUNICIPIO DE PETROPOLIS,UPA / Pronto atendimento,PRONTO ATENDIMENTO,"RUA WASHINGTON LUIZ, 600, CENTRO - CEP 25655006",CENTRO,25655006,PETROPOLIS,330390,2243-6706,upacentropetropolis@alcidescarneiro.com,-22.514313,-43.1815616,1244,M,008,26/09/2025
3303900068519,0068519,UPA ITAIPAVA UNIDADE DE PRONTO ATENDIMENTO,UPA ITAIPAVA,UPA / Pronto atendimento,PRONTO ATENDIMENTO,"ESTRADA UNIAO E INDUSTRIA, 11755, ITAIPAVA - CEP 25730740",ITAIPAVA,25730740,PETROPOLIS,330390,(24)22494334,upaitaipavapetropolis@alcidescarneiro.com,-22.38824382353954,-43.13249856233597,1244,M,008,26/09/2025
3303904751140,4751140,UPH PEDRO DO RIO,UPH PEDRO DO RIO,UPA / Pronto atendimento,PRONTO ATENDIMENTO,"ESTRADA UNIAO INDUSTRIA, S/N, PEDRO DO RIO - CEP 25750971",PEDRO DO RIO,25750971,PETROPOLIS,330390,2422232035,uph.pedrodorio@alcidescarneiro.com,-22.33181,-43.13151,1244,M,008,26/09/2025
3303905605334,5605334,UPH POSSE,UPH POSSE,UPA / Pronto atendimento,PRONTO ATENDIMENTO,"ESTRADA UNIAO E INDUSTRIA, 33530, POSSE - CEP 25770480",POSSE,25770480,PETROPOLIS,330390,2422469056,adm-uph@alcidescarneiro.com,-22.254526681848304,-43.07490655419652,1244,M,008,26/09/2025
3303907869339,7869339,USA02 BASE DESCENTRALIZADA SAMU PETROPOLIS,MUNICIPIO DE PETROPOLIS,UPA / Pronto atendimento,PRONTO ATENDIMENTO,"AVENIDA BARAO DO RIO BRANCO, 1875, CENTRO - CEP 25680275",CENTRO,25680275,PETROPOLIS,330390,2422444150,,-22.4767816,-43.1721729,1244,M,008,23/07/2025
3303900158577,0158577,USB 015 BASE DESCENTRALIZADA SAMU PETROPOLIS,USR 015 BASE DESCENTRALIZADA SAMU PETROPOLIS,UPA / Pronto atendimento,PRONTO ATENDIMENTO,"AVENIDA BARAO DO RIO BRANCO, 1875, CENTRO - CEP 25680120",CENTRO,25680120,PETROPOLIS,330390,,,-22.476643826302123,-43.172122836112976,1244,M,008,13/08/2025
3303900447153,0447153,USB 019 BASE DESCENTRALIZADA SAMU PETROPOLIS,MUNICIPIO DE PETROPOLIS,UPA / Pronto atendimento,PRONTO ATENDIMENTO,"AVENIDA BARAO DO RIO BRANCO, 1875, CENTRO - CEP 25680276",CENTRO,25680276,PETROPOLIS,330390,,,-22.504845784964875,-43.17905366420746,1244,M,008,23/07/2025
3303900447188,0447188,USB 020 BASE DESCENTRALIZADA SAMU PETROPOLIS,MUNICIPIO DE PETROPOLIS,UPA / Pronto atendimento,PRONTO ATENDIMENTO,"AVENIDA BARAO DO RIO BRANCO, 1875, CENTRO - CEP 25680120",CENTRO,25680120,PETROPOLIS,330390,,,-22.4921562,-43.178485,1244,M,008,23/07/2025
3303909564217,9564217,USB 13 BASE DESCENTRALIZADA SAMU PETROPOLIS,USB 13 BASE DESCENTRALIZADA SAMU PETROPOLIS,UPA / Pronto atendimento,PRONTO ATENDIMENTO,"AVENIDA BARAO DO RIO BRANCO, 1875, CENTRO - CEP 25680276",CENTRO,25680276,PETROPOLIS,330390,,,-22.47653477418534,-43.17225694656372,1244,M,008,13/08/2025
3303907837054,7837054,USB11 BASE DESCENTRALIZADA SAMU PETROPOLIS,MUNICIPIO DE PETROPOLIS,UPA / Pronto atendimento,PRONTO ATENDIMENTO,"AVENIDA BARAO DO RIO BRANCO, 1875, CENTRO - CEP 25680120",CENTRO,25680120,PETROPOLIS,330390,2422444150,,-22.476703309238722,-43.17229986190796,1244,M,008,23/07/2025
3303907874359,7874359,USB12 BASE DESCENTRALIZADA SAMU PETROPOLIS,MUNICIPIO DE PETROPOLIS,UPA / Pronto atendimento,PRONTO ATENDIMENTO,"AVENIDA BARAO DO RIO BRANCO, 1875, CENTRO - CEP 25680275",CENTRO,25680275,PETROPOLIS,330390,2422444150,,-22.4767816,-43.1721729,1244,M,008,23/07/2025
3303955925975,5925975,INTENSIVE SERVICOS MEDICOS,MAXIMIANO LARCHER SERVICOS MEDICOS LTDA,UPA / Pronto atendimento,PRONTO ATENDIMENTO,"AVENIDA NILTON PENNA BOTELHO, 396, SALA 20, SAO JORGE - CEP 27197520",SAO JORGE,27197520,PINHEIRAL,330395,24 33230842,CAIOLARCHER@HOTMAIL.COM,-22.504191604303156,-44.010071754455566,2062,M,008,13/01/2026
3304007314612,7314612,PRONTO SOCORRO DE ARROZAL,SECRETARIA MUNICIPAL DE SAUDE DE PIRAI,UPA / Pronto atendimento,PRONTO ATENDIMENTO,"RUA ISAURA ROSA, 59, ARROZAL - CEP 27185000",ARROZAL,27185000,PIRAI,330400,(24)3333.1935,centralmarc@gmail.com,-22.601333218221185,-44.03423309326172,1031,M,008,05/02/2026
3304004625358,4625358,SAMU ARROZAL USB,SAMU BASE DESCENTRALIZADA PIRAI ARROZAL USB,UPA / Pronto atendimento,PRONTO ATENDIMENTO,"ISAURA ROSA, 90, ARROZAL - CEP 27175000",ARROZAL,27175000,PIRAI,330400,,,-22.6152377,-44.0580525,1031,M,008,14/05/2024
3304007235445,7235445,SAMU PIRAI USA,SAMU BASE DESCENTRALIZADA PIRAI USA,UPA / Pronto atendimento,PRONTO ATENDIMENTO,"RUA HELIO DINNE DE SENNA, 60, CENTRO - CEP 27175000",CENTRO,27175000,PIRAI,330400,(24) 24119315,CENTRALMARC@GMAIL.COM,-22.628153005673386,-43.903963565826416,1031,M,008,17/09/2024
3304105552400,5552400,SAMU192 NOROESTE USB 11 PORCIUNCULA,SAMU192 NOROESTE USB 11 PORCIUNCULA,UPA / Pronto atendimento,PRONTO ATENDIMENTO,"RUA SCHUWARTZ VIEIRA, 365, CENTRO - CEP 28390000",CENTRO,28390000,PORCIUNCULA,330410,2299204496,,-20.96204074189052,-42.04048812389374,1244,M,008,06/05/2025
3304117231148,7231148,SAMU PORTO REAL,SAMU BASE DESCENTRALIZADA PORTO REAL,UPA / Pronto atendimento,PRONTO ATENDIMENTO,"AVENIDA RENATO MONTEIRO, 1235, NOVO HORIZONTE - CEP 27570000",NOVO HORIZONTE,27570000,PORTO REAL,330411,,,-22.417217537478102,-44.30365562438965,1244,M,008,08/11/2023
3304125793564,5793564,CAPE CENTRO DE ATENDIMENTO DE PEQUENAS EMERGENCIAS,SECRETARIA MUNICIPAL DE SAUDE DE QUATIS,UPA / Pronto atendimento,PRONTO ATENDIMENTO,"AV AFONSO DE FREITAS LUSTOSA, 200, NOSSA SENHORA DO ROS - CEP 27430040",NOSSA SENHORA DO ROS,27430040,QUATIS,330412,2433532624,,-22.403518,-44.255421,1244,M,008,09/03/2026
3304146970680,6970680,SERVICO DE ATENDIMENTO MOVEL EM URGENCIA 01 SAMU192,MUNICIPIO DE QUEIMADOS,UPA / Pronto atendimento,PRONTO ATENDIMENTO,"R MAGUARI, 15, VILA DO CAMARIM - CEP 26383463",VILA DO CAMARIM,26383463,QUEIMADOS,330414,,samuqueimados@gmail.com,-22.70478,-43.5656,1244,M,008,08/01/2026
3304146975127,6975127,SERVICO DE ATENDIMENTO MOVEL EM URGENCIA 02 SAMU192,MUNICIPIO DE QUEIMADOS,UPA / Pronto atendimento,PRONTO ATENDIMENTO,"R MAGUARI, 15, VILA DO CAMARIM - CEP 26383463",VILA DO CAMARIM,26383463,QUEIMADOS,330414,,,-22.70478,-43.5656,1244,M,008,08/01/2026
3304149974121,9974121,SERVICO DE ATENDIMENTO MOVEL EM URGENCIA 03 SAMU192,MUNICIPIO DE QUEIMADOS,UPA / Pronto atendimento,PRONTO ATENDIMENTO,"R MAGUARI, 15, VILA DO CAMARIM - CEP 26383463",VILA DO CAMARIM,26383463,QUEIMADOS,330414,,,-22.70478,-43.5656,1244,M,008,07/04/2025
3304152267217,2267217,UNIDADE DE PRONTO ATENDIMENTO MARIO BARROS WAGNER,SECRETARIA MUNICIPAL DE SAUDE DE QUISSAMA,UPA / Pronto atendimento,PRONTO ATENDIMENTO,"AV FRANCISCO MANHAES DA BOA MORTE, 319, BARRA DO FURADO - CEP 28736736",BARRA DO FURADO,28736736,QUISSAMA,330415,2227681236,semsa@quissama.rj.gov.br,-22.109537449160566,-41.4723801612854,1031,M,008,22/12/2025
3304207420625,7420625,NEWMED CENTRO DE SAUDE OCUPACIONAL,NEWMED CENTRO DE SAUDE OCUPACIONAL,UPA / Pronto atendimento,AMBULATORIO,"RUA 29 DE SETEMBRO, 174, COMERCIAL - CEP 27542030",COMERCIAL,27542030,RESENDE,330420,(24) 2109-3661,malunascimento@newmedsaudeocupacional.com.br,-22.46518792790098,-44.446070194244385,2062,M,016,02/08/2022
3304207035144,7035144,PRONTO ATENDIMENTO DO PARAISO VEREADOR JOEL PACHECO,SECRETARIA DE SAUDE DE RESENDE,UPA / Pronto atendimento,PRONTO ATENDIMENTO,"RUA SAO JUDAS TADEU, 49, PARAISO - CEP 27535170",PARAISO,27535170,RESENDE,330420,(24) 3360-9571,pajoelpacheco@gmail.com,-22.454360712842483,-44.43369448184967,1244,M,008,09/04/2026
3304200556424,0556424,SAMU RESENDE BASE ENGENHEIRO PASSOS,MUNICIPIO DE RESENDE,UPA / Pronto atendimento,PRONTO ATENDIMENTO,"AVENIDA DAS CAMELIAS, S/N, COHAB, ENGENHEIRO PASSOS - CEP 27555971",ENGENHEIRO PASSOS,27555971,RESENDE,330420,192,,-22.499035123059834,-44.67465878900029,1244,M,008,08/10/2025
3304207241763,7241763,SAMU RESENDE UNIDADE DE SUPORTE AVANCADO,SECRETARIA MUNICIPAL DE SAUDE DE RESENDE,UPA / Pronto atendimento,PRONTO ATENDIMENTO,"RUA SAO JUDAS TADEU, 49, PARAISO - CEP 27535170",PARAISO,27535170,RESENDE,330420,192,resendesamu@gmail.com,-22.453740997747712,-44.434306025505066,1244,M,008,08/10/2025
3304207241739,7241739,SAMU RESENDE UNIDADE DE SUPORTE BASICO,SECRETARIA MUNICIPAL DE SAUDE DE RESENDE,UPA / Pronto atendimento,PRONTO ATENDIMENTO,"RUA SAO JUDAS TADEU, 49, PARAISO - CEP 27535170",PARAISO,27535170,RESENDE,330420,,resendesamu@gmail.com,-22.45439045909738,-44.433587193489075,1244,M,008,08/10/2025
3304206870066,6870066,UPA 24 HS RESENDE,SECRETARIA MUNICIPAL DE SAUDE DE RESENDE,UPA / Pronto atendimento,PRONTO ATENDIMENTO,"AVENIDA ADAUTO EMILIANO SOARES, S/N, QUADRA H, COMERCIAL NOVA RESEN - CEP 27521750",COMERCIAL NOVA RESEN,27521750,RESENDE,330420,(24) 3354-5075,resende.upa@gmail.com,-22.485764244823002,-44.49416756629944,1244,M,008,03/12/2025
3304307273495,7273495,SAMU 192 MOTOLANCIA,SECRETARIA MUNICIPAL DE SAUDE DE RIO BONITO,UPA / Pronto atendimento,PRONTO ATENDIMENTO,"AVENIDA MARTINHO ALMEIDA, 222, BLOCO C, MANGUEIRINHA - CEP 28800000",MANGUEIRINHA,28800000,RIO BONITO,330430,2127348231,samuriobonito192@gmail.com,-22.7151506237737,-42.63705649876372,1244,M,008,17/07/2025
3304305316324,5316324,SAMU 192 USA,SECRETARIA MUNICIPAL DE SAUDE DE RIO BONITO,UPA / Pronto atendimento,PRONTO ATENDIMENTO,"AVENIDA MARTINHO ALMEIDA, 222, BLOCO C, CENTRO - CEP 28800000",CENTRO,28800000,RIO BONITO,330430,2127348231,samuriobonito@hotmail.com,-22.715135778776038,-42.6370464404806,1244,M,008,17/07/2025
3304307273487,7273487,SAMU 192 USB,SECRETARIA MUNICIPAL DE SAUDE DE RIO BONITO,UPA / Pronto atendimento,PRONTO ATENDIMENTO,"AVENIDA MARTINHO ALMEIDA, 222, BLOCO C, MANGUEIRINHA - CEP 28800000",MANGUEIRINHA,28800000,RIO BONITO,330430,2127348231,samuriobonito192gmail.com,-22.715118459610082,-42.63702699446659,1244,M,008,17/07/2025
3304309176624,9176624,SAMU 192 USB 20,SECRETARIA MUNICIPAL DE SAUDE DE RIO BONITO,UPA / Pronto atendimento,PRONTO ATENDIMENTO,"AVENIDA MARTINHO ALMEIDA, 222, BLOCO C, MANGUEIRINHA - CEP 28800000",MANGUEIRINHA,28800000,RIO BONITO,330430,21 2734-8231,,-22.715101140441924,-42.63700285458713,1244,M,008,17/07/2025
3304306635172,6635172,UNIDADE DE PRONTO ATENDIMENTO UPA RIO BONITO,SECRETARIA MUNCIPAL DE SAUDE DE SRIO BONITO,UPA / Pronto atendimento,PRONTO ATENDIMENTO,"RODOVIA BR 101, S/N, KM 265, PRACA CRUZEIRO - CEP 28800000",PRACA CRUZEIRO,28800000,RIO BONITO,330430,2127349818,uparb40@gmail.com,-22.7084,-42.626,1244,M,008,02/10/2025
3304407205554,7205554,SAMU RC UBS,SAMU BASE DESCENTRALIZADA RC USB,UPA / Pronto atendimento,PRONTO ATENDIMENTO,"RODOVIA FRANCISCO SATURNINO BRAGA, 9831, GUARITA - CEP 27460000",GUARITA,27460000,RIO CLARO,330440,33321611,fusarc.infdados@rioclaro.rj.gov.br,-22.725820688203164,-44.12811040878296,1244,M,008,21/06/2024
3304407205597,7205597,SAMU RC USA,SAMU BASE DESCENTRALIZADA RC USA,UPA / Pronto atendimento,PRONTO ATENDIMENTO,"RODOVIA FRANCISCO SATURNINO BRAGA, 9831, GUARITA - CEP 27460000",GUARITA,27460000,RIO CLARO,330440,24 33321611,fusarc.infdados@rio claro.rj.gov.br,-22.72586027176966,-44.1281533241272,1244,M,008,21/06/2024
3304406231659,6231659,UNIDADE MEDICO HOSPITALAR PADRE ALFREDO OELKERS,SECRETARIA MUNICIPAL DE SAUDE DE RIO CLARO,UPA / Pronto atendimento,PRONTO ATENDIMENTO,"RODOVIA SATURNINO BRAGA, 651, RJ 155, LIDICE - CEP 27475000",LIDICE,27475000,RIO CLARO,330440,(24)33342830,gab.sms@rioclaro.rj.gov.br,-22.5633463,-44.1695129,1244,M,008,20/03/2026
3304507233833,7233833,SAMU RIO DAS FLORES,PREFEITURA MUNICIPAL DE RIO DAS FLORES,UPA / Pronto atendimento,PRONTO ATENDIMENTO,"RUA MARCELINO DO VALLE, 195, INGLESES - CEP 27660322",INGLESES,27660322,RIO DAS FLORES,330450,24581300,faturamentorf@gmail.com,-22.168181,-43.576885,1244,M,008,28/01/2026
3304520106453,0106453,UPA 24H VALMIR HESPANHOL,MUNICIPIO DE RIO DAS OSTRAS,UPA / Pronto atendimento,PRONTO ATENDIMENTO,"RUA DAS ACACIAS, S/N, ANCORA - CEP 28899422",ANCORA,28899422,RIO DAS OSTRAS,330452,22 27716372,upa.riodasostras@gmail.com,-22.48807399459362,-41.91357135772705,1244,M,008,16/12/2025
3304559971041,9971041,ABC REMOCOR,ABC REMOCOR LTDA,UPA / Pronto atendimento,PRONTO ATENDIMENTO,"RUA BARAO DE MESQUITA, 927, TIJUCA - CEP 20540002",TIJUCA,20540002,RIO DE JANEIRO,330455,,remocor@remocor.com.br,-22.9035,-42.2096,2240,M,008,24/11/2025
3304554561244,4561244,ADMAR HORN FILHO CLINICA DE PSICANALISE,ADMAR HORN FILHO CLINICA DE PSICANALISE LTDA,UPA / Pronto atendimento,PRONTO ATENDIMENTO,"RUA VISCONDE DE PIRAJA, 407, SALA 604, IPANEMA - CEP 22410003",IPANEMA,22410003,RIO DE JANEIRO,330455,2127560603,ascontec@ascontec.com.br,-22.984112,-43.207414,2240,M,008,02/04/2024
3304559993576,9993576,AMIL RESGATE,CEMED CARE EMPRESA DE ATENDIMENTO CLINICO GERAL LTDA,UPA / Pronto atendimento,PRONTO ATENDIMENTO,"AV JORGE CURI, 550, BL E TERREO, BARRA DA TIJUCA - CEP 22775001",BARRA DA TIJUCA,22775001,RIO DE JANEIRO,330455,2131422760,almeida.camila@amil.com.br,-22.99179,-43.37045,2062,M,008,27/10/2025
3304557223005,7223005,CLINICA TOTAL KIDS,SERVICOS MEDICOS GERAIS SERMEG LTDA,UPA / Pronto atendimento,PRONTO ATENDIMENTO,"RUA ANGELICA MOTA, 51, OLARIA - CEP 21021490",OLARIA,21021490,RIO DE JANEIRO,330455,(21) 2323 - 0303,FATURAMENTO@CLINICATOTALKIDS.COM.BR,-22.084,-43.026,2062,M,008,07/01/2026
3304559213759,9213759,CLINICA TOTAL KIDS,SERVICOS MEDICOS GERAIS SERMEG LTDA,UPA / Pronto atendimento,PRONTO ATENDIMENTO,"RUA BATURITE, 19, BONSUCESSO - CEP 21040310",BONSUCESSO,21040310,RIO DE JANEIRO,330455,(21) 2323 - 0505,FATURAMENTO@CLINICATOTALKIDS.COM.BR,-22.08635,-43.025341,2062,M,008,25/03/2026
3304557886853,7886853,CTI COR,CTI COR CENTRO DE TRATAMENTO INTENSIVO LTDA,UPA / Pronto atendimento,PRONTO ATENDIMENTO,"R 08 DE DEZEMBRO, 353, E 361, VILA ISABEL - CEP 20550200",VILA ISABEL,20550200,RIO DE JANEIRO,330455,(21) 2507-6754,lucio@cticor.com.br,-22.910007,-43.240343,2062,M,008,08/12/2025
3304554162706,4162706,EQUILIBRIO ISH,EQUILIBRIO INSTITUTO DE SAUDE HUMANIZADA OCUPACIONAL LTDA,UPA / Pronto atendimento,UNIDADE BASICA DE SAUDE,"AV DAS AMERICAS, 16325, SL 304, RECREIO DOS BANDEIRA - CEP 22790703",RECREIO DOS BANDEIRA,22790703,RIO DE JANEIRO,330455,,,-23.015458,-43.4694401,2062,M,001,24/04/2023
3304554717015,4717015,EQUIPE BEM NASCIDO,EQUIPE BEM NASCIDO ENFERMAGEM OBSTETRICA LTDA,UPA / Pronto atendimento,PRONTO ATENDIMENTO,"RUA LEITE LEAL, 135, APTO 802 BLC 1, LARANJEIRAS - CEP 22240100",LARANJEIRAS,22240100,RIO DE JANEIRO,330455,,,-22.9366147,-43.18779976646602,2062,M,008,19/02/2025
3304556670504,6670504,LLAK MEDICINA NEONATAL BANGU,LLAK MEDICINA NEONATAL LTDA,UPA / Pronto atendimento,PRONTO ATENDIMENTO,"SILVA CARDOSO, 689, 3 ANDAR, BANGU - CEP 21810031",BANGU,21810031,RIO DE JANEIRO,330455,21 24132003,llak@neonatal.com.br,-22.463,-43.463,2062,M,008,13/01/2026
3304554985133,4985133,MARIA EMYLLIA POLESHUCK,MARIA EMYLLIA POLESHUCK TERAPEUTA OCUPACIONAL LTDA,UPA / Pronto atendimento,UNIDADE BASICA DE SAUDE,"LRG DO MACHADO, 29, SAL 1118, CATETE - CEP 22221901",CATETE,22221901,RIO DE JANEIRO,330455,(21)7278-8745,MARY.POLESHUCKESTUDOS@GMAIL.COM,-22.876,-43.22,2062,M,001,13/01/2026
3304555750520,5750520,NUCLEO DE MEDICINA AVANCADA HAVAI,PREVENT SENIOR ATENDIMENTO A SAUDE LTDA,UPA / Pronto atendimento,PRONTO ATENDIMENTO,"RUA GENERAL POLIDORO, 99, BOTAFOGO - CEP 22280004",BOTAFOGO,22280004,RIO DE JANEIRO,330455,(11)40859057,luciana.tamaoki@preventsenior.com.br,-22.9544359,-43.1864473,2062,M,008,06/10/2025
3304554552717,4552717,RAFAELA PAES TERAPIA OCUPACIONAL,RAFAELA PAES TERAPIA OCUPACIONAL LTDA,UPA / Pronto atendimento,UNIDADE BASICA DE SAUDE,"EST CORONEL VIEIRA, 205, BLOCO 2 APT 1404, IRAJA - CEP 21220310",IRAJA,21220310,RIO DE JANEIRO,330455,,,-22.849087182620103,-43.3191687,2062,M,001,27/03/2024
3304550765384,0765384,REMOVIP,REMOVIP SERVICO MEDICO LTDA,UPA / Pronto atendimento,PRONTO ATENDIMENTO,"RUA JOAQUIM MARTINS, 400, PIEDADE - CEP 20745230",PIEDADE,20745230,RIO DE JANEIRO,330455,,,-22.898792,-43.311735,2062,M,008,27/02/2026
3304555788234,5788234,SISTEMA DE EMERGENCIA MOVEL DE BRASILIA FILIAL R EMANCIPACAO,SISTEMA DE EMERGENCIA MOVEL DE BRASILIA LTDA,UPA / Pronto atendimento,PRONTO ATENDIMENTO,"R EMANCIPACAO, 29, SAO CRISTOVAO - CEP 20910080",SAO CRISTOVAO,20910080,RIO DE JANEIRO,330455,,,-22.9464448,-43.6826637,2062,M,008,01/08/2025
3304556716938,6716938,SMS CENTRO DE EMERGENCIA REGIONAL CER BARRA AP 40,SMS RIO CENTRO DE EMERGENCIA REGIONAL CER BARRA AP 40,UPA / Pronto atendimento,PRONTO ATENDIMENTO,"AVENIDA AYRTON SENNA, 2000, BARRA DA TIJUCA - CEP 22793000",BARRA DA TIJUCA,22793000,RIO DE JANEIRO,330455,35507060,coord.emerg.barra.riosaude@gmail.com,-22.594,-43.2715093,1031,M,008,25/03/2026
3304559160876,9160876,SMS CENTRO DE EMERGENCIA REGIONAL CER CAMPO GRANDE AP 52,EMPRESA PUBLICA DE SAUDE DO RIO DE JANEIRO S A RIOSAUDE,UPA / Pronto atendimento,PRONTO ATENDIMENTO,"AVENIDA CESARIO DE MELO, 3215, CAMPO GRANDE - CEP 23050101",CAMPO GRANDE,23050101,RIO DE JANEIRO,330455,2333-6797,direcao.hmrf@igedes.org.br,-22.908061044663658,-43.56238079119834,2011,M,008,25/03/2026
3304556716911,6716911,SMS CENTRO DE EMERGENCIA REGIONAL CER CENTRO AP 10,SMS RIO CENTRO DE EMERGENCIA REGIONAL CER CENTRO AP 10,UPA / Pronto atendimento,PRONTO ATENDIMENTO,"RUA FREI CANECA, 50, PROXIMO AO NRO 52, CENTRO - CEP 20211030",CENTRO,20211030,RIO DE JANEIRO,330455,2131112607,cercentro.faturamento@gmail.com,-22.9030885,-43.20800335,1031,M,008,10/04/2026
3304556716849,6716849,SMS CENTRO DE EMERGENCIA REGIONAL CER LEBLON AP 21,SMS RIO CENTRO DE EMERGENCIA REGIONAL CER LEBLON AP 21,UPA / Pronto atendimento,PRONTO ATENDIMENTO,"RUA MARIO RIBEIRO, 1080, LEBLON - CEP 22430160",LEBLON,22430160,RIO DE JANEIRO,330455,2529-9227,coord.adm.cerleblon@fas.org.br,-22.9766497,-43.2190085,1031,M,008,24/03/2026
3304559654151,9654151,SMS CENTRO DE EMERGENCIA REGIONAL CER REALENGO AP 51,SMS RIO CENTRO DE EMERGENCIA REGIONAL CER REALENGO AP 51,UPA / Pronto atendimento,PRONTO ATENDIMENTO,"RUA NILOPOLIS, 329, REALENGO - CEP 21725090",REALENGO,21725090,RIO DE JANEIRO,330455,(21) 2042-2096,faturamento.hmas@vivario.org.br,-22.86607,-43.43868,1031,M,008,24/03/2026
3304556995446,6995446,SMS CENTRO DE EMERGENCIA REGIONAL CER SANTA CRUZ AP 53,SMS RIO CENTRO DE EMERGENCIA REGIONAL CER SANTA CRUZ AP 53,UPA / Pronto atendimento,PRONTO ATENDIMENTO,"RUA DO PRADO, 325, SANTA CRUZ - CEP 23555012",SANTA CRUZ,23555012,RIO DE JANEIRO,330455,3365 5201,cnes.hmp2@spdm-pais.org.br,-22.9035,-43.2085,1031,M,008,27/03/2026
3304557107366,7107366,SMS RIO COORD DE EMERGENCIA REGIONAL CER ILHA DO GOV AP 31,SMS RIO COORD DE EMERGENCIA REGIONAL CER ILHA DO GOV AP 31,UPA / Pronto atendimento,PRONTO ATENDIMENTO,"ESTRADA DO GALEAO, 2920, PORTUGUESA - CEP 21931582",PORTUGUESA,21931582,RIO DE JANEIRO,330455,21 38122400,faturamento.cerilha@cejam.org.br,-22.8052174,-43.2110472,1031,M,008,07/04/2026
3304556575900,6575900,SMS UPA 24H CIDADE DE DEUS AP 40,SMS UPA 24H CIDADE DE DEUS AP 40,UPA / Pronto atendimento,PRONTO ATENDIMENTO,"RUA EDGAR WERNECK, S/N, SEM, CIDADES DE DEUS - CEP 22763010",CIDADES DE DEUS,22763010,RIO DE JANEIRO,330455,21 22323173,gestaoupacdd.riosaude@gmail.com,-22.95728,-43.35958,1031,M,008,25/03/2026
3304556512925,6512925,SMS UPA 24H COMPLEXO DO ALEMAO AP 31,SMS RIO UPA 24H COMPLEXO DO ALEMAO AP 31,UPA / Pronto atendimento,PRONTO ATENDIMENTO,"ESTRADA DO ITARARE, 951, RAMOS - CEP 21061240",RAMOS,21061240,RIO DE JANEIRO,330455,,suporte.upa@vivario.org.br,-22.8655623,-43.2685842,1031,M,008,24/03/2026
3304556680704,6680704,SMS UPA 24H COSTA BARROS AP 33,SMS RIO UPA 24H COSTA BARROS AP 33,UPA / Pronto atendimento,PRONTO ATENDIMENTO,"EST DE BOTAFOGO, S/N, COSTA BARROS - CEP 21532200",COSTA BARROS,21532200,RIO DE JANEIRO,330455,25086990,dpupacostabarros.riosaude@gmail.com,-22.821782080206773,-43.36872339248657,1031,M,008,25/03/2026
3304550932280,0932280,SMS UPA 24H DEL CASTILHO AP 32,SMS RIO UPA 24H DEL CASTILHO AP 32,UPA / Pronto atendimento,PRONTO ATENDIMENTO,"RUA LAGO VERDE, S/N, INHAUMA - CEP 21051360",INHAUMA,21051360,RIO DE JANEIRO,330455,(21) 96523-0902,dpupadc2.riosaude@gmail.com,-22.872884419228335,-43.271459308523966,1031,M,008,25/03/2026
3304556631169,6631169,SMS UPA 24H ENGENHO DE DENTRO AP 32,SMS RIO UPA 24H ENGENHO DE DENTRO AP 32,UPA / Pronto atendimento,PRONTO ATENDIMENTO,"RUA BERNARDO, S/N, ENGENHO DE DENTRO - CEP 20745270",ENGENHO DE DENTRO,20745270,RIO DE JANEIRO,330455,25920-502,dp.upaengenhodedentro@cvbsaude.org,-22.876652,-43.2278,1031,M,008,08/04/2026
3304556598544,6598544,SMS UPA 24H JOAO XXIII AP 53,SMS RIO UPA 24H JOAO XXIII AP 53,UPA / Pronto atendimento,PRONTO ATENDIMENTO,"AV JOAO XXIII, S/N, SANTA CRUZ - CEP 23570000",SANTA CRUZ,23570000,RIO DE JANEIRO,330455,24165719/31575411,dpupajoao23.riosaude@gmail.com,-22.8962961,-43.736719,1031,M,008,25/03/2026
3304556661904,6661904,SMS UPA 24H MADUREIRA AP 33,SMS RIO UPA 24H MADUREIRA AP 33,UPA / Pronto atendimento,PRONTO ATENDIMENTO,"PRACA DOS LAVRADORES, S/N, MADUREIRA - CEP 21310190",MADUREIRA,21310190,RIO DE JANEIRO,330455,33582994,faturamento.riosaude@gmail.com,-22.88262004857943,-43.34477663040161,1031,M,008,25/03/2026
3304557101856,7101856,SMS UPA 24H MAGALHAES BASTOS AP 51,SMS RIO UPA 24H MAGALHAES BASTOS AP 51,UPA / Pronto atendimento,PRONTO ATENDIMENTO,"ESTRADA MANUEL NOGUEIRA DE SA, S/N, UPA, MAGALHAES BASTOS - CEP 21745290",MAGALHAES BASTOS,21745290,RIO DE JANEIRO,330455,35507080,rejanec174.riosaude@gmail.com,-22.90355,-43.20877,1031,M,008,25/03/2026
3304556421482,6421482,SMS UPA 24H MANGUINHOS AP 31,SMS RIO UPA 24H MANGUINHOS AP 31,UPA / Pronto atendimento,PRONTO ATENDIMENTO,"AV DOM HELDER CAMARA, 1390, BENFICA - CEP 20973011",BENFICA,20973011,RIO DE JANEIRO,330455,2332-2407,suporte.upa@vivario.org.br,-22.88349685,-43.32355672509527,1031,M,008,24/03/2026
3304556938124,6938124,SMS UPA 24H PACIENCIA AP 53,SMS RIO UPA 24H PACIENCIA AP 53,UPA / Pronto atendimento,PRONTO ATENDIMENTO,"ESTRADA SANTA EUGENIA, S/N, PRACA 7 DE ABRIL, PACIENCIA - CEP 23585430",PACIENCIA,23585430,RIO DE JANEIRO,330455,,dpupapaciencia.riosaude@gmail.com,-22.927330217184508,-43.63499164581299,1031,M,008,25/03/2026
3304557110162,7110162,SMS UPA 24H ROCHA MIRANDA AP 33,SMS RIO UPA 24H ROCHA MIRANDA AP 33,UPA / Pronto atendimento,PRONTO ATENDIMENTO,"ESTRADA DO BARRO VERMELHO, S/N, ROCHA MIRANDA - CEP 21540500",ROCHA MIRANDA,21540500,RIO DE JANEIRO,330455,35141487,upa24hrochamiranda.riosaude@gmail.com,-22.8514,-43.34656,1031,M,008,25/03/2026
3304556507409,6507409,SMS UPA 24H ROCINHA AP 21,SMS RIO UPA 24H ROCINHA AP 21,UPA / Pronto atendimento,PRONTO ATENDIMENTO,"ESTRADA DA GAVEA, 522, ROCINHA, ROCINHA - CEP 22451265",ROCINHA,22451265,RIO DE JANEIRO,330455,(21)3613-8280,coord.med.uparocinha@institutognosis.org.br,-22.98933076582788,-43.251800537109375,1031,M,008,30/03/2026
3304556742831,6742831,SMS UPA 24H SENADOR CAMARA AP 51,SMS RIO UPA 24H SENADOR CAMARA AP 51,UPA / Pronto atendimento,PRONTO ATENDIMENTO,"AVENIDA SANTA CRUZ, 6486, SENADOR CAMARA - CEP 21830264",SENADOR CAMARA,21830264,RIO DE JANEIRO,330455,21292949653,upa24hsenadorcamara.riosaude@gmail.com,-22.88253108793212,-43.483275175094604,1031,M,008,25/03/2026
3304556926177,6926177,SMS UPA 24H SEPETIBA AP 53,SMS RIO UPA 24H SEPETIBA AP 53,UPA / Pronto atendimento,PRONTO ATENDIMENTO,"RUA JOSE FERNANDES, S/N, SEPETIBA - CEP 23535050",SEPETIBA,23535050,RIO DE JANEIRO,330455,,dpupasepetiba.riosaude@gmail.com,-22.97471242021949,-43.69395732879639,1031,M,008,25/03/2026
3304556487815,6487815,SMS UPA 24H VILA KENNEDY AP 51,SMS RIO UPA 24H VILA KENNEDY AP 51,UPA / Pronto atendimento,PRONTO ATENDIMENTO,"PRACA DOLOMITAS, S/N, VILA KENNEDY - CEP 20211901",VILA KENNEDY,20211901,RIO DE JANEIRO,330455,965233998,faturamento.riosaude@gmail.com,-22.85476016217078,-43.49258780479431,1031,M,008,25/03/2026
3304555155738,5155738,VIDA EMERGENCIAS MEDICAS,SISTEMA DE EMERGENCIA MEDICA MOVEL FLUMINENSE LTDA,UPA / Pronto atendimento,PRONTO ATENDIMENTO,"R SAO LUIZ GONZAGA, 630, SAO CRISTOVAO - CEP 20910060",SAO CRISTOVAO,20910060,RIO DE JANEIRO,330455,,,-22.81396530999071,-43.61390492709422,2062,M,008,24/02/2025
3304705600502,5600502,SAMU 192 PADUA USA,SAMU 192 PADUA USA,UPA / Pronto atendimento,PRONTO ATENDIMENTO,"RODOVIA RENATO DE ALVIM PADILHA, 3034, PARQUE DE EXPOSICAO, DIVINEIA - CEP 28470000",DIVINEIA,28470000,SANTO ANTONIO DE PADUA,330470,,,-21.538,-42.16076,1031,M,008,02/06/2025
3304705606845,5606845,SAMU 192 PADUA USB,SAMU 192 PADUA USB,UPA / Pronto atendimento,PRONTO ATENDIMENTO,"RODOVIA RENATO DE ALVIM PADILHA, 3034, PARQUE DE EXPOSICAO, DIVINEIA - CEP 28470000",DIVINEIA,28470000,SANTO ANTONIO DE PADUA,330470,2238549200,,-21.538,-42.16076,1031,M,008,02/06/2025
3304809846042,9846042,CENTRAL DE AMBULANCIAS,SECRETARIA MUNICIPAL DE SAUDE E PROMOCAO SOCIAL,UPA / Pronto atendimento,PRONTO ATENDIMENTO,"RUA DO SACRAMENTO, 291, FUNDOS, CENTRO - CEP 28400000",CENTRO,28400000,SAO FIDELIS,330480,22 27581056,,-21.648393775626204,-41.749634742736816,1244,M,008,25/02/2026
3304759949828,9949828,BASE SAMU NORTE CENTRO SFI,MUNICIPIO DE SAO FRANCISCO DE ITABAPOANA,UPA / Pronto atendimento,PRONTO ATENDIMENTO,"RODOVIA AFONSO CELSO, S/N, FUNDOS, CENTRO - CEP 28230000",CENTRO,28230000,SAO FRANCISCO DE ITABAPOANA,330475,,,-21.47431962318342,-41.11772237541607,1244,M,008,06/04/2026
3304752293706,2293706,POSTO DE SAUDE DOMIRES MACHADO,MUNICIPIO DE SAO FRANCISCO DE ITABAPOANA,UPA / Pronto atendimento,PRONTO ATENDIMENTO,"PRACA SAO JOAQUIM, S/N, BARRA DO ITABAPOANA - CEP 28230000",BARRA DO ITABAPOANA,28230000,SAO FRANCISCO DE ITABAPOANA,330475,,,-21.30244268783698,-40.96262071959764,1244,M,008,18/11/2025
3304754139690,4139690,RR REFERENCE REMOCOES,DILNEA FONSECA CUSTODIO,UPA / Pronto atendimento,PRONTO ATENDIMENTO,"SIMAO MANSUR, 71, PONTO CACIMBAS - CEP 28230000",PONTO CACIMBAS,28230000,SAO FRANCISCO DE ITABAPOANA,330475,22 98269455,REFERENCEREMOCOES@GMAIL.COM,-21.4678327,-41.113455,2062,M,008,10/04/2023
3304759911340,9911340,UBS FRANCISCO RIBEIRO DA SILVA FILHO,MUNICIPIO DE SAO FRANCISCO DE ITABAPOANA,UPA / Pronto atendimento,PRONTO ATENDIMENTO,"RODOVIA AFONSO CELSO, S/N, CENTRO - CEP 28230000",CENTRO,28230000,SAO FRANCISCO DE ITABAPOANA,330475,,,-21.474394,-41.117232,1244,M,008,13/10/2025
3304759949801,9949801,UNIDADE MOVEL DE RESGATE I BARRA DO ITABAPOANA,MUNICIPIO DE SAO FRANCISCO DE ITABAPOANA,UPA / Pronto atendimento,PRONTO ATENDIMENTO,"PRACA SAO JOAQUIM, S/N, LADO E, BARRA DO ITABAPOANA - CEP 28230000",BARRA DO ITABAPOANA,28230000,SAO FRANCISCO DE ITABAPOANA,330475,,,-21.3018221,-40.9623003,1244,M,008,01/07/2024
3304759949836,9949836,UNIDADE MOVEL DE RESGATE III GARGAU,MUNICIPIO DE SAO FRANCISCO DE ITABAPOANA,UPA / Pronto atendimento,PRONTO ATENDIMENTO,"RUA ARISTIDES LINHARES DE MENEZES, 136, LADO E, GARGAU - CEP 28230000",GARGAU,28230000,SAO FRANCISCO DE ITABAPOANA,330475,22997805274,,-21.5699409,-41.0663118,1244,M,008,06/04/2026
3304754085906,4085906,UNIDADE MOVEL DE RESGATE IV IMBURI,MUNICIPIO DE SAO FRANCISCO DE ITABAPOANA,UPA / Pronto atendimento,PRONTO ATENDIMENTO,"RODOVIA AFONSO CELSO, 1171, FUNDOS, IMBURI DE CACIMBAS - CEP 28230000",IMBURI DE CACIMBAS,28230000,SAO FRANCISCO DE ITABAPOANA,330475,,,-21.4750663,-41.1134174,1244,M,008,21/02/2025
3304754311590,4311590,UNIDADE MOVEL DE RESGATE V PRACA JOAO PESSOA,MUNICIPIO DE SAO FRANCISCO DE ITABAPOANA,UPA / Pronto atendimento,PRONTO ATENDIMENTO,"RUA JOAQUIM GOMES CRESPO, S/N, LADO D, PRACA JOAO PESSOA - CEP 28230000",PRACA JOAO PESSOA,28230000,SAO FRANCISCO DE ITABAPOANA,330475,,,-21.3143465,-41.1091903,1244,M,008,19/08/2025
3304900111538,0111538,DMC REMOCOES,DMC REMOCOES EIRELI,UPA / Pronto atendimento,PRONTO ATENDIMENTO,"RUA TAUBATE, 273, TRINDADE - CEP 24456060",TRINDADE,24456060,SAO GONCALO,330490,(21) 3758-1616,,-22.813788,-43.0179563,2062,M,008,09/04/2025
3304906590519,6590519,ODONTOMOVEL I,SECRETARIA MUNICIPAL DE SAUDE DE SAO GONCALO,UPA / Pronto atendimento,PRONTO ATENDIMENTO,"RUA SA CARVALHO, 686, VILA IARA - CEP 24440710",VILA IARA,24440710,SAO GONCALO,330490,2199-6800,,-22.823528,-43.053654,1244,M,008,17/04/2025
3304906608434,6608434,ODONTOMOVEL II,SECRETARIA MUNICIPAL DE SAUDE DE SAO GONCALO,UPA / Pronto atendimento,PRONTO ATENDIMENTO,"RUA SA CARVALHO, 686, VILA IARA - CEP 24440710",VILA IARA,24440710,SAO GONCALO,330490,,,-22.823899,-43.053652,1244,M,008,17/04/2025
3304902696746,2696746,PRONTO SOCORRO CENTRAL DR ARMANDO GOMES DE SA COUTO,SECRETARIA MUNICIPAL DE SAUDE DE SAO GONCALO,UPA / Pronto atendimento,PRONTO ATENDIMENTO,"PRACA ESTEPHANIA DE CARVALHO, 26, PARTE, ZE GAROTO - CEP 24440195",ZE GAROTO,24440195,SAO GONCALO,330490,,,-22.8288482,-43.0727111,1244,M,008,12/03/2026
3304906369367,6369367,S I A S UNIMED LESTE FLUMINENSE,UNIMED SAO GONCALO NITEROI SOC COOP SERV MED HOSP LTDA,UPA / Pronto atendimento,PRONTO ATENDIMENTO,"RUA DR NILO PECANHA, 232, CENTRO - CEP 24445360",CENTRO,24445360,SAO GONCALO,330490,27281432,,-22.123456,-43.123456,2143,M,008,09/04/2026
3304907415141,7415141,SAMU BASE SAO GONCALO 01 CENTRO USA 02,FUNDACAO MUNICIPAL DE SAUDE DE SAO GONCALO,UPA / Pronto atendimento,PRONTO ATENDIMENTO,"RUA PRESIDENTE KENNEDY, 207, CENTRO - CEP 24445000",CENTRO,24445000,SAO GONCALO,330490,27128906,samu192.saogoncalo@gmail.com,-22.8261564,-43.0544291,1155,M,008,17/04/2025
3304907427743,7427743,SAMU BASE SAO GONCALO 01 CENTRO USA 03,FUNDACAO MUNICIPAL DE SAUDE DE SAO GONCALO,UPA / Pronto atendimento,PRONTO ATENDIMENTO,"RUA PRESIDENTE KENNEDY, 207, CENTRO - CEP 24445000",CENTRO,24445000,SAO GONCALO,330490,27128906,samu192.saogoncalo@gmail.com,-22.8261563,-43.0544291,1155,M,008,06/06/2025
3304907428049,7428049,SAMU BASE SAO GONCALO 01 CENTRO USB 04,FUNDACAO MUNICIPAL DE SAUDE DE SAO GONCALO,UPA / Pronto atendimento,PRONTO ATENDIMENTO,"RUIA PRESIDENTE KENNEDY, 207, CENTRO - CEP 24445000",CENTRO,24445000,SAO GONCALO,330490,27128906,samu192.saogoncalo@gmail.com,-22.8261562,-43.0544291,1155,M,008,06/06/2025
3304907428057,7428057,SAMU BASE SAO GONCALO 01 CENTRO USB 05,FUNDACAO MUNICIPAL DE SAUDE DE SAO GONCALO,UPA / Pronto atendimento,PRONTO ATENDIMENTO,"RUA PRESIDENTE KENNEDY, 207, CENTRO - CEP 24445000",CENTRO,24445000,SAO GONCALO,330490,27128906,samu192.saogoncalo@gmail.com,-22.8261561,-43.0544291,1155,M,008,17/04/2025
3304907428677,7428677,SAMU BASE SAO GONCALO 02 PAM NEVES USB 06,FUNDACAO MUNICIPAL DE SAUDE DE SAO GONCALO,UPA / Pronto atendimento,PRONTO ATENDIMENTO,"RUA JOSE AUGUSTO PEREIRA DOS SANTOS, 1301, NEVES - CEP 24425004",NEVES,24425004,SAO GONCALO,330490,27128906,samu192.saogoncalo@gmail.com,-22.8535434,-43.1009275,1155,M,008,06/06/2025
3304907428685,7428685,SAMU BASE SAO GONCALO 03 ZERBINI USB 07,FUNDACAO MUNICIPAL DE SAUDE DE SAO GONCALO,UPA / Pronto atendimento,PRONTO ATENDIMENTO,"AV DR EUGENIO BORGES, 58, ARSENAL - CEP 24751710",ARSENAL,24751710,SAO GONCALO,330490,27128906,samu192.saogoncalo@gmail.com,-22.8586485,-43.0140566,1155,M,008,17/07/2025
3304907428693,7428693,SAMU BASE SAO GONCALO 04 UPA PACHECO USB 08,FUNDACAO MUNICIPAL DE SAUDE DE SAO GONCALO,UPA / Pronto atendimento,PRONTO ATENDIMENTO,"ESTRADA DO PACHECO, 1051, PACHECO - CEP 24732570",PACHECO,24732570,SAO GONCALO,330490,37101706,samu192.saogoncalo@gmail.com,-22.82458954,-42.9713407,1155,M,008,06/06/2025
3304907429002,7429002,SAMU BASE SAO GONCALO 04 UPA PACHECO USB 09,FUNDACAO MUNICIPAL DE SAUDE DE SAO GONCALO,UPA / Pronto atendimento,PRONTO ATENDIMENTO,"ESTRADA DO PACHECO, 1051, PACHECO - CEP 24732570",PACHECO,24732570,SAO GONCALO,330490,37101706,samu192.saogoncalo@gmail.com,-22.8245893,-42.9713407,1155,M,008,06/06/2025
3304907858191,7858191,SESC CENTRO DE ATIVIDADE DE SAO GONCALO,SERVICO SOCIAL DO COMERCIO,UPA / Pronto atendimento,PRONTO ATENDIMENTO,"AVENIDA PRESIDENTE KENNEDY, 755, ESTRELA DO NORTE - CEP 24440000",ESTRELA DO NORTE,24440000,SAO GONCALO,330490,,,-22.8258716,-43.0512682,3077,M,008,07/01/2020
3304909126597,9126597,UNIDADE MUNICIPAL DE PRONTO ATENDIMENTO NOVA CIDADE,MUNICIPIO DE SAO GONCALO,UPA / Pronto atendimento,PRONTO ATENDIMENTO,"RUA VICENTE DE LIMA CLETO, S/N, NOVA CIDADE - CEP 24455000",NOVA CIDADE,24455000,SAO GONCALO,330490,,,-22.8092455,-43.0424082,1244,M,008,28/11/2025
3304907992122,7992122,UNIDADE MUNICIPAL DE PRONTO ATENDIMENTO PACHECO,UNIDADE DE PRONTO ATENDIMENTO PACHECO,UPA / Pronto atendimento,PRONTO ATENDIMENTO,"ESTRADA DO PACHECO, 1051, PACHECO - CEP 24732570",PACHECO,24732570,SAO GONCALO,330490,21 23919673,admumpapacheco@gmail.com,-22.8245895,-42.9713407,1244,M,008,25/03/2026
3305000132810,0132810,BASE AVANCADA SAMU I,MUNICIPIO DE SAO JOAO DA BARRA,UPA / Pronto atendimento,PRONTO ATENDIMENTO,"ROD, S/N, CAJUEIRO - CEP 28200000",CAJUEIRO,28200000,SAO JOAO DA BARRA,330500,,,-21.6404593,-41.050352,1244,M,008,20/05/2025
3305006656951,6656951,CENTRO MUNICIPAL DE EMERGENCIA,MUNICIPIO DE SAO JOAO DA BARRA,UPA / Pronto atendimento,PRONTO ATENDIMENTO,"BR 356, S/N, FUNDOS, CENTRO - CEP 28200000",CENTRO,28200000,SAO JOAO DA BARRA,330500,,,-21.7289821,-41.1862537,1244,M,008,26/03/2026
3305002296020,2296020,POSTO DE URGENCIA ACU LANDA MENDONCA,MUNICIPIO DE SAO JOAO DA BARRA,UPA / Pronto atendimento,PRONTO ATENDIMENTO,"RUA MANOEL FRANCISCO DE ALMEIDA, S/N, ACU - CEP 28200000",ACU,28200000,SAO JOAO DA BARRA,330500,2227417878,saude@sjb.rj.gov.br,-21.9002856,-40.9893316,1244,M,008,07/07/2025
3305002296039,2296039,POSTO DE URGENCIA DE BARCELOS,MUNICIPIO DE SAO JOAO DA BARRA,UPA / Pronto atendimento,PRONTO ATENDIMENTO,"RUA RICARDO COLARES QUITETE, S/N, BARCELOS - CEP 28200000",BARCELOS,28200000,SAO JOAO DA BARRA,330500,2227415432,saude@sjb.rj.gov.br,-21.7287787,-41.1828773,1244,M,008,18/09/2025
3305002295997,2295997,POSTO DE URGENCIA DE GRUSSAI,MUNICIPIO DE SAO JOAO DA BARRA,UPA / Pronto atendimento,PRONTO ATENDIMENTO,"RUA SAO VICENTE TELE SANTANA, S/N, GRUSSAI - CEP 28200000",GRUSSAI,28200000,SAO JOAO DA BARRA,330500,2227413504,saude@sjb.rj.gov.br,-21.648653049473396,-41.0520412022832,1244,M,008,12/05/2025
3305002296055,2296055,POSTO DE URGENCIA DE MATO ESCURO,MUNICIPIO DE SAO JOAO DA BARRA,UPA / Pronto atendimento,PRONTO ATENDIMENTO,"RUA PRINCIPAL, S/N, MATO ESCURO - CEP 28200000",MATO ESCURO,28200000,SAO JOAO DA BARRA,330500,2227417878,cnessjb@gmail.com,-21.640157,-41.050048,1244,M,008,18/09/2025
3305004678419,4678419,SAMU BASE DESCENTRALIZADA ATAFONA,MUNICIPIO DE SAO JOAO DA BARRA,UPA / Pronto atendimento,PRONTO ATENDIMENTO,"AV NOSSA SENHORA DA PENHA, S/N, ATAFONA - CEP 28200000",ATAFONA,28200000,SAO JOAO DA BARRA,330500,,,-21.6233579,-41.0136178,1244,M,008,27/12/2024
3305004616804,4616804,UNIMED DE CAMPOS COOPERATIVA DE TRABALHO MEDICO,UNIMED DE CAMPOS COOPERATIVA DE TRABALHO MEDICO,UPA / Pronto atendimento,PRONTO ATENDIMENTO,"FAZENDA SACO DANTAS, S/N, FAZENDA SACO DANTAS - CEP 28200000",FAZENDA SACO DANTAS,28200000,SAO JOAO DA BARRA,330500,22 35140012,CONTABILIDADE@CMPOS.UNIMED.COM.BR,-21.64044521,-41.05034522,2143,M,008,15/07/2025
3305106274196,6274196,SAMU BASE DESCENTRALIZADA SAO JOAO DE MERITI USA 1,SECRETARIA MUNICIPAL DE SAUDE DE SAO JOAO DE MERITI,UPA / Pronto atendimento,PRONTO ATENDIMENTO,"AV PRESIDENTE LINCOLN, 1050, VILAR DOS TELES - CEP 25570250",VILAR DOS TELES,25570250,SAO JOAO DE MERITI,330510,27515167,cleiy@ig.com.br,-22.780375752981094,-43.372628688812256,1244,M,008,19/03/2026
3305105795478,5795478,SAMU BASE DESCENTRALIZADA SAO JOAO DE MERITI USA 2,MUNICIPIO DE SAO JOAO DE MERITI,UPA / Pronto atendimento,PRONTO ATENDIMENTO,"AV PRESIDENTE LINCOLN, 1050, VILAR DOS TELES - CEP 25570250",VILAR DOS TELES,25570250,SAO JOAO DE MERITI,330510,27515167,cleiy@ig.com.br,-22.78049,-43.3727812,1244,M,008,19/03/2026
3305107011342,7011342,SAMU BASE DESCENTRALIZADA SAO JOAO DE MERITI USB 1,SECRETARIA MUNICIPAL DE SAUDE DE SAO JOAO DE MERITI,UPA / Pronto atendimento,PRONTO ATENDIMENTO,"AVENIDA PRESIDENTE LINCONL, 1050, VILAR DOS TELES - CEP 25570250",VILAR DOS TELES,25570250,SAO JOAO DE MERITI,330510,21 27515167,cleiy@ig.com.br,-22.80423303036337,-43.37254285812378,1244,M,008,16/06/2025
3305107011504,7011504,SAMU BASE DESCENTRALIZADA SAO JOAO DE MERITI USB 2,SECRETARIA MUNICIPAL DE SAUDE DE SAO JOAO DE MERITI,UPA / Pronto atendimento,PRONTO ATENDIMENTO,"AV PRESIDENTE LINCOLN, 1050, VILAR DOS TELES - CEP 25570250",VILAR DOS TELES,25570250,SAO JOAO DE MERITI,330510,21 27515167,cleiy@ig.com.br,-22.8041934695119,-43.37234973907471,1244,M,008,15/07/2025
3305107011717,7011717,SAMU BASE DESCENTRALIZADA SAO JOAO DE MERITI USB 3,SECRETARIA MUNICIPAL DE SAUDE DE SAO JOAO DE MERITI,UPA / Pronto atendimento,PRONTO ATENDIMENTO,"AV PRESIDENTE LINCOLN, 1050, VILAR DOS TELES - CEP 25570250",VILAR DOS TELES,25570250,SAO JOAO DE MERITI,330510,21 27515167,cleiy@ig.com.br,-22.780514240099517,-43.37295055389404,1244,M,008,13/08/2025
3305107244703,7244703,SAMU BASE DESCENTRALIZADA SAO JOAO DE MERITI USB4,SECRETARIA MUNICIPAL DE SAUDE DE SAO JOAO DE MERITI,UPA / Pronto atendimento,PRONTO ATENDIMENTO,"AVENIDA PRESIDENTE LINCONL, 1050, VILAR DOS TELES - CEP 25570250",VILAR DOS TELES,25570250,SAO JOAO DE MERITI,330510,21 27515167,cleiy@ig.com.br,-22.804173689081857,-43.372392654418945,1244,M,008,16/06/2025
3305107244754,7244754,SAMU BASE DESCENTRALIZADA SAO JOAO DE MERITI USB5,SAMU BASE DESCENTRALIZADA SAO JOAO DE MERITI USB5,UPA / Pronto atendimento,PRONTO ATENDIMENTO,"AVENIDA PRESIDENTE LINCONL, 1050, VILAR DOS TELES - CEP 25570250",VILAR DOS TELES,25570250,SAO JOAO DE MERITI,330510,21 27515167,cleiy@ig.com.br,-22.80423303036337,-43.37258577346802,1244,M,008,15/07/2025
3305105834236,5834236,SAMU BASE DESCENTRALIZADA SAO JOAO DE MERTI USB 6,SAMU BASE DESCENTRALIZADA SAO JOAO DE MERTI USB 6,UPA / Pronto atendimento,PRONTO ATENDIMENTO,"AVENIDA PRESIDENTE LINCONL, 1050, VILAR DOS TELES - CEP 25570250",VILAR DOS TELES,25570250,SAO JOAO DE MERITI,330510,21 27515167,cleiy@ig.com.br,-22.802215412295773,-43.37174892425537,1244,M,008,19/03/2026
3305102274884,2274884,UPA 24H DE EDEN,SECRETARIA MUNICIPAL DE SAUDE DE SAO JOAO DE MERITI,UPA / Pronto atendimento,PRONTO ATENDIMENTO,"AV DOUTOR ROBERTO SILVEIRA, S/N, EDEN - CEP 25545120",EDEN,25545120,SAO JOAO DE MERITI,330510,21 27569044,edeninfantil.saude@meriti.rj.gov.br,-22.7930065,-43.3945266,1244,M,008,09/04/2026
3305135545846,5545846,SAMU 192 USB,SECRETARIA MUNICIPAL DE SAUDE DE SAO JOSE DE UBA,UPA / Pronto atendimento,PRONTO ATENDIMENTO,"AVENIDA DEIVID VIEIRA NEY, 149, CENTRO - CEP 28455130",CENTRO,28455130,SAO JOSE DE UBA,330513,,,-21.359407,-41.939984,1244,M,008,13/11/2025
3305157509057,7509057,SAMU 192 REGIAO SERRANA USB 14,SECRETARIA MUNICIPAL DE SAUDE DE SAO JOSE VALE DO RIO PRETO,UPA / Pronto atendimento,PRONTO ATENDIMENTO,"ESTRADA SILVEIRA DA MOTTA, S/N, KM23, AGUAS CLARAS - CEP 25780000",AGUAS CLARAS,25780000,SAO JOSE DO VALE DO RIO PRETO,330515,22247056,samu.saojose@hotmail.com,-22.167681330639624,-42.9511034488678,1244,M,008,18/09/2025
3305209637036,9637036,OS GERACAO DE SEMELHANTES PARA EDUCACAO E SAUDE,0RGANIZACAO SOCIAL GERACAO DE SEMELHANTES PARA EDUCACAO E SA,UPA / Pronto atendimento,PRONTO ATENDIMENTO,"RUA PREFEITO WALDIR DA SILVA LOBO, 02, MORRO DO MILAGRE - CEP 28941620",MORRO DO MILAGRE,28941620,SAO PEDRO DA ALDEIA,330520,(21) 22858105,escritorio@espindolaerodrigues.cnt.br,-22.828956315198194,-42.08785057067871,3999,M,008,18/07/2022
3305302292319,2292319,CENTRO DE SAUDE DE VALAO DO BARRO,SECRETARIA MUNICIPAL DE SAUDE E HIGIENE S SEBASTIAO DO ALTO,UPA / Pronto atendimento,PRONTO ATENDIMENTO,"RUA JANUARIO TOLEDO PIZZA, 104, 2 DISTRITO, CENTRO - CEP 28555000",CENTRO,28555000,SAO SEBASTIAO DO ALTO,330530,(22)25561130,saudealto@yahoo.com.br,-21.820946896832485,-42.093214988708496,1244,M,008,16/07/2025
3305402940779,2940779,SAMU 192 BASE DESCENTRALIZADA DE SAPUCAIA 3 DISTRITO,MUNICIPIO DE SAPUCAIA,UPA / Pronto atendimento,PRONTO ATENDIMENTO,"RUA JOSE FERNANDES DE SOUZA, 39, TERCEIRO DISTRITO, APARECIDA - CEP 25886000",APARECIDA,25886000,SAPUCAIA,330540,24981208483,,-22.031457819759854,-42.79092997312546,1244,M,008,02/02/2023
3305404459199,4459199,SAMU 192 BASE DESCENTRALIZADA DE SAPUCAIA 5 DISTRITO,MUNICIPIO DE SAPUCAIA,UPA / Pronto atendimento,PRONTO ATENDIMENTO,"RUA PASTOR MANOEL JOAQUIM CARNEIRO, 60, PIAO - CEP 25887000",PIAO,25887000,SAPUCAIA,330540,,,-22.128205833627376,-42.76332199573517,1244,M,008,01/03/2024
3305407056346,7056346,SAMU 192 BASE DESCENTRALIZADA DE SAPUCAIA RJ,MUNICIPIO DE SAPUCAIA,UPA / Pronto atendimento,PRONTO ATENDIMENTO,"PAPA JOAO XXIII, S/N, CASA, CENTRO - CEP 25880000",CENTRO,25880000,SAPUCAIA,330540,24-22711167,,-21.99511765727245,-42.913691997528076,1244,M,008,02/02/2023
3305502274175,2274175,POSTO DE URGENCIA DE JACONE,SECRETARIA MUNICIPAL DE SAUDE DE SAQUAREMA,UPA / Pronto atendimento,PRONTO ATENDIMENTO,"RUA NOVENTA E SETE, 1008, CASA, JACONE - CEP 28999025",JACONE,28999025,SAQUAREMA,330550,,pudejacones@gmail.com,-22.924859880994628,-42.594401836395264,1244,M,008,25/03/2025
3305502274124,2274124,POSTO DE URGENCIA DE SAMPAIO CORREA,SECRETARIA MUNICIPAL DE SAUDE DE SAQUAREMA,UPA / Pronto atendimento,PRONTO ATENDIMENTO,"ROD AMARAL PEIXOTO, S/N, SAMPAIO CORREA - CEP 28997710",SAMPAIO CORREA,28997710,SAQUAREMA,330550,,,-22.86237505668292,-42.598886489868164,1244,M,008,08/04/2026
3305502274280,2274280,POSTO DE URGENCIA DE SAQUAREMA,SECRETARIA MUNICIPAL DE SAUDE DE SAQUAREMA,UPA / Pronto atendimento,PRONTO ATENDIMENTO,"RUA CEL MADUREIRA, 26, CASA, SAQUAREMA - CEP 28990756",SAQUAREMA,28990756,SAQUAREMA,330550,,,-22.93159885193468,-42.49861478805542,1244,M,008,25/03/2025
3305552297817,2297817,SAMU 192 BASICA I,MUNICIPIO DE SEROPEDICA,UPA / Pronto atendimento,PRONTO ATENDIMENTO,"RODOVIA BR 465, S/N, KM 47, ECOLOGIA - CEP 23891000",ECOLOGIA,23891000,SEROPEDICA,330555,,,-22.767715952918437,-43.677137196063995,1244,M,008,27/03/2023
3305556969313,6969313,SAMU 192 BASICA II,MUNICIPIO DE SEROPEDICA,UPA / Pronto atendimento,PRONTO ATENDIMENTO,"RODOVIA BR 465, S/N, KM 47, ECOLOGIA - CEP 23891000",ECOLOGIA,23891000,SEROPEDICA,330555,,,-22.766249328589858,-43.67769241333008,1244,M,008,27/03/2023
3305552704269,2704269,UNIDADE PRE HOSPITALAR DR JOSE BUENO LOPES,MUNICIPIO DE SEROPEDICA,UPA / Pronto atendimento,PRONTO ATENDIMENTO,"RUA MARIA LOURENCO, 18, FAZ CAXIAS - CEP 23895295",FAZ CAXIAS,23895295,SEROPEDICA,330555,2126281263,,-22.74278115,-43.70521264724219,1244,M,008,27/08/2025
3305559960538,9960538,UPA 24H SEROPEDICA,MUNICIPIO DE SEROPEDICA,UPA / Pronto atendimento,PRONTO ATENDIMENTO,"AV DO CONTORNO, S/N, LADO ESQUERDO, INCRA - CEP 23893745",INCRA,23893745,SEROPEDICA,330555,,,-22.773589711989864,-43.66649150848389,1244,M,008,19/11/2025
3305703582582,3582582,PRONTO ATENDIMENTO DE CAMPINAS,SMS DE SUMIDOURO,UPA / Pronto atendimento,PRONTO ATENDIMENTO,"RUA JOAQUIM DE OLIVEIRA VEIGA, 80, ZONA RURAL, CAMPINAS ZONA RURA - CEP 28637000",CAMPINAS ZONA RURA,28637000,SUMIDOURO,330570,,,-22.050669,-42.678625,1244,M,008,04/11/2025
3305757038852,7038852,SAMU 192 TANGUA RJ,SECRETARIA MUNICIPAL DE SAUDE,UPA / Pronto atendimento,PRONTO ATENDIMENTO,"RUA 1 DE MAIO, 34, CENTRO - CEP 24890000",CENTRO,24890000,TANGUA,330575,21 27471711,,-22.735241253957795,-42.72411346435547,1244,M,008,03/08/2022
3305800151327,0151327,AMBULANCIA BASICA 01,SECRETARIA MUNICIPAL DE SAUDE,UPA / Pronto atendimento,PRONTO ATENDIMENTO,"TENENTE LUIZ MEIRELLES, S/N, CENTRO - CEP 25955000",CENTRO,25955000,TERESOPOLIS,330580,,,-22.41202036958631,-42.96602725982666,1244,M,008,04/08/2022
3305800151335,0151335,AMBULANCIA BASICA 02,SECRETARIA MUNICIPAL DE SAUDE DE TERESOPOLIS,UPA / Pronto atendimento,PRONTO ATENDIMENTO,"TENENTE LUIZ MEIRELLES, S/N, VARZEA - CEP 25955000",VARZEA,25955000,TERESOPOLIS,330580,,,-22.41749,-42.95628,1244,M,008,06/08/2025
3305800151386,0151386,AMBULANCIA BASICA 03,SECRETARIA MUNICIPAL DE SAUDE,UPA / Pronto atendimento,PRONTO ATENDIMENTO,"RUA JULIO ROSA, 366, TIJUCA - CEP 25975450",TIJUCA,25975450,TERESOPOLIS,330580,,,-22.417415,-42.9574441,1244,M,008,03/09/2025
3305800151440,0151440,AMBULANCIA BASICA 05,SECRETARIA MUNICIPAL DE SAUDE,UPA / Pronto atendimento,PRONTO ATENDIMENTO,"RUA JULIO ROSA, 366, TIJUCA - CEP 25975450",TIJUCA,25975450,TERESOPOLIS,330580,,,-22.41701,-42.95866,1244,M,008,05/06/2025
3305802826275,2826275,SAMU TERESOPOLIS USA 03,SAMU TERESOPOLIS USA 03,UPA / Pronto atendimento,PRONTO ATENDIMENTO,"RUA JULIO ROSA, 342, TIJUCA - CEP 25975450",TIJUCA,25975450,TERESOPOLIS,330580,2127411329,samu@teresopolis.rj.gov.br,-22.417217,-42.958517,1244,M,008,09/03/2026
3305802826283,2826283,SAMU TERESOPOLIS USB 17,SAMU TERESOPOLIS USB 17,UPA / Pronto atendimento,PRONTO ATENDIMENTO,"RUA JULIO ROSA, 342, TIJUCA - CEP 25975450",TIJUCA,25975450,TERESOPOLIS,330580,2127411329,,-22.41719,-42.95639,1244,M,008,07/07/2025
3305804833198,4833198,SAMU TERESOPOLIS USB 18,MUNICIPIO DE TERESOPOLIS,UPA / Pronto atendimento,PRONTO ATENDIMENTO,"RUA JULIO ROSA, 342, TIJUCA - CEP 25975450",TIJUCA,25975450,TERESOPOLIS,330580,2127411329,,-22.41691999494573,-42.956650257110596,1244,M,008,17/10/2024
3305805179874,5179874,SPA DE BONSUCESSO,SECRETARIA MUNICIPAL DE SAUDE,UPA / Pronto atendimento,PRONTO ATENDIMENTO,"ESTRADA TERESOPOLIS FRIBURGO, S/N, 3 DISTRITO, BONSUCESSO - CEP 25955000",BONSUCESSO,25955000,TERESOPOLIS,330580,26411208,,-22.2097361,-42.7477096,1244,M,008,01/04/2026
3305806311601,6311601,UCI 24HS DR EITEL ABDALLAH HAJE ATUE NEME,SECRETARIA MUNICIPAL DE SAUDE,UPA / Pronto atendimento,PRONTO ATENDIMENTO,"PRACA DOS EXPEDICIONARIOS, S/N, SAO PEDRO - CEP 25956100",SAO PEDRO,25956100,TERESOPOLIS,330580,21 36432763,,-22.42514515,-42.9660623617895,1244,M,008,07/07/2025
3305806488714,6488714,UPA 24HS UNIDADE DE PRONTO ATENDIMENTO NATHAN GARCIA LEITAO,SECRETARIA MUNICIPAL DE SAUDE,UPA / Pronto atendimento,PRONTO ATENDIMENTO,"RUA TENENTE LUIZ MEIRELLES, S/N, VARZEA - CEP 25955000",VARZEA,25955000,TERESOPOLIS,330580,,coordenaupatere@hotmail.com,-22.421759940987908,-42.96326994895935,1244,M,008,04/06/2025
3305800151084,0151084,UTI MOVEL 01,SECRETARIA MUNICIPAL DE SAUDE,UPA / Pronto atendimento,PRONTO ATENDIMENTO,"RUA JULIO ROSA, 366, TIJUCA - CEP 25975450",TIJUCA,25975450,TERESOPOLIS,330580,2127427520,,-22.41686,-42.956328,1244,M,008,06/08/2025
3306007039743,7039743,SAMU 192 AMBULANCIA SUPORTE DE VIDA AVANCADO,PREFEITURA MUNICIPAL DE TRES RIOS,UPA / Pronto atendimento,PRONTO ATENDIMENTO,"AV ZOELO SOLA, 471, TRIANGULO - CEP 25820180",TRIANGULO,25820180,TRES RIOS,330600,024 22524159,,-22.1157124,-43.1987888,1244,M,008,09/10/2025
3306007039751,7039751,SAMU 192 AMBULANCIA SUPORTE DE VIDA BASICO,PREFEITURA MUNICIPAL DE TRES RIOS,UPA / Pronto atendimento,PRONTO ATENDIMENTO,"AV ZOELO SOLA, 471, TRIANGULO - CEP 25804020",TRIANGULO,25804020,TRES RIOS,330600,024 22524159,,-22.1162087,-43.1936198,1244,M,008,09/10/2025
3306000810673,0810673,SAMU 192 AMBULANCIA SUPORTE DE VIDA BASICO 02,PREFEITURA MUNICIPAL DE TRES RIOS,UPA / Pronto atendimento,PRONTO ATENDIMENTO,"AVENIDA ZOELO SOLA, 471, TRIANGULO - CEP 25820180",TRIANGULO,25820180,TRES RIOS,330600,,,-22.115712401798877,-43.19253773313048,1244,M,008,09/10/2025
3306006426174,6426174,UPA 24 HS,PREFEITURA MUNICIPAL DE TRES RIOS,UPA / Pronto atendimento,PRONTO ATENDIMENTO,"AV ZOELLO SOLA, 2100, TRIANGULO - CEP 25820180",TRIANGULO,25820180,TRES RIOS,330600,024 22551998,,-22.114076207026283,-43.19427336346943,1244,M,008,16/12/2025
3306109387013,9387013,CENTRAL MUNICIPAL DE AMBULANCIAS,MUNICIPIO DE VALENCA,UPA / Pronto atendimento,PRONTO ATENDIMENTO,"RUA CEL LEITE PINTO, 105, CENTRO - CEP 27600126",CENTRO,27600126,VALENCA,330610,(24) 3524-0091,,-22.245687974457105,-43.69805574417114,1244,M,008,29/01/2026
3306102292793,2292793,ESF JUPARANA,MUNICIPIO DE VALENCA,UPA / Pronto atendimento,UNIDADE BASICA DE SAUDE,"RUA BERNARDINO SOUZA ROCHA, 338, JUPARANA - CEP 27606255",JUPARANA,27606255,VALENCA,330610,(24) 3524-0079,,-22.3427,-43.683,1244,M,001,11/02/2026
3306102292742,2292742,ESF JUPARANA CENTRO,MUNICIPIO DE VALENCA,UPA / Pronto atendimento,UNIDADE BASICA DE SAUDE,"RUA TREZE DE MAIO, 01, BARAO DE JUPARANA - CEP 27606205",BARAO DE JUPARANA,27606205,VALENCA,330610,(24) 3524-0080,smsvalenca@uol.com.br,-22.347613,-43.6867118,1244,M,001,18/03/2026
3306107954476,7954476,SAMU SANTA ISABEL USB,MUNICIPIO DE VALENCA,UPA / Pronto atendimento,PRONTO ATENDIMENTO,"RUA OLIMPIA JUNQUEIRA, 279, SANTA ISABEL - CEP 27657000",SANTA ISABEL,27657000,VALENCA,330610,,,-22.2331477,-44.2179502,1244,M,008,29/01/2026
3306107241844,7241844,SAMU VALENCA USA,MUNICIPIO DE VALENCA,UPA / Pronto atendimento,PRONTO ATENDIMENTO,"RUA CEL LEITE PINTO, 105, CENTRO - CEP 27600000",CENTRO,27600000,VALENCA,330610,,,-22.245608532210245,-43.698248863220215,1244,M,008,08/11/2023
3306107237871,7237871,SAMU VALENCA USB,MUNICIPIO DE VALENCA,UPA / Pronto atendimento,PRONTO ATENDIMENTO,"RUA CEL LEITE PINTO, 105, CENTRO - CEP 27600000",CENTRO,27600000,VALENCA,330610,,,-22.245668113899615,-43.698232769966125,1244,M,008,08/11/2023
3306155382793,5382793,SAMU192 NOROESTE USB 14 VARRE SAI,SAMU192 NOROESTE USB 14 VARRE SAI,UPA / Pronto atendimento,PRONTO ATENDIMENTO,"RUA OCTAVIO MONERAT, 10, CENTRO - CEP 28375000",CENTRO,28375000,VARRE-SAI,330615,,,-20.9271998,-41.8678995,1244,M,008,28/03/2025
3306207146957,7146957,SERVICO DE ATENDIMENTO MOVEL DE URGENCIA E EMERGENCIA,PREFEITURA MUNICIPAL DE VASSOURAS,UPA / Pronto atendimento,PRONTO ATENDIMENTO,"AV OTAVIO GOMES, 251, CENTRO - CEP 27700000",CENTRO,27700000,VASSOURAS,330620,08007487813 R 444,vassouras-samu192@gmail.com,-22.4053205,-43.659075,1244,M,008,24/10/2025
3306207255713,7255713,SERVICO DE ATENDIMENTO MOVEL DE URGENCIA E EMERGENCIA 1,PREFEITURA MUNICIPAL DE VASSOURAS,UPA / Pronto atendimento,PRONTO ATENDIMENTO,"AV OTAVIO GOMES, 251, CENTRO - CEP 27700000",CENTRO,27700000,VASSOURAS,330620,08007487813 R 444,,-22.4053205,-43.659075,1244,M,008,24/10/2025
3306307119356,7119356,CRMU MP,CENTRAL DE REGULACAO MEDICA DAS URGENCIAS,UPA / Pronto atendimento,PRONTO ATENDIMENTO,"RUA VINTE E DOIS, 349, VILA RICA - CEP 27259240",VILA RICA,27259240,VOLTA REDONDA,330630,24 33425527,cg.samu-mp@hotmail.com,-22.544984,-44.0701023,1031,M,008,25/03/2026
3306307790333,7790333,MASTER REMOCOES,MASTER REMOCOES LTDA,UPA / Pronto atendimento,PRONTO ATENDIMENTO,"DOUTOR PAULO MONTEIRO MENDES, 163, MONTE CASTELO - CEP 27253050",MONTE CASTELO,27253050,VOLTA REDONDA,330630,24 33483869,contato@masterliferj.com.br,-22.5190494,-44.0934049,2062,M,008,26/07/2024
3306300135658,0135658,PROTEGER SERVICOS LTDA,PROTEGER SERVICOS LTDA,UPA / Pronto atendimento,PRONTO ATENDIMENTO,"RUA CARLOS CHAGAS, 748, SAO LUCAS - CEP 27264420",SAO LUCAS,27264420,VOLTA REDONDA,330630,24 32121448,central2@protegervr.com.br,-22.5264457,-44.1155787,2062,M,008,22/09/2025
3306304779452,4779452,SAMU USB 3,SAMU USB 3,UPA / Pronto atendimento,PRONTO ATENDIMENTO,"RUA 33, 152, VILA SANTA CECILIA - CEP 27260010",VILA SANTA CECILIA,27260010,VOLTA REDONDA,330630,,,-22.516858370487842,-44.10457134246826,1031,M,008,24/09/2025
3306307123183,7123183,SAMU VR USA,SAMU BASE DESCENTRALIZADA VR USA,UPA / Pronto atendimento,PRONTO ATENDIMENTO,"RUA DEZESSEIS, S/N, VILA SANTA CECILIA - CEP 27260110",VILA SANTA CECILIA,27260110,VOLTA REDONDA,330630,2433425527,cismepa@gmail.com,-22.496281,-44.082899,1031,M,008,21/10/2025
3306307123191,7123191,SAMU VR USB 2,SAMU BASE DESCENTRALIZADA VR USB 2,UPA / Pronto atendimento,PRONTO ATENDIMENTO,"AV ANTONIO DE ALMEIDA, S/N, RETIRO - CEP 27275040",RETIRO,27275040,VOLTA REDONDA,330630,24 33425527,cismepa@gmail.com,-22.5041941,-44.1398652,1031,M,008,19/09/2025
3306307123205,7123205,SAMU VR USB I,SAMU BASE DESCENTRALIZADA VR VR USA I,UPA / Pronto atendimento,PRONTO ATENDIMENTO,"DEZESSEIS, S/N, VILA SANTA CECILIA - CEP 27260110",VILA SANTA CECILIA,27260110,VOLTA REDONDA,330630,2433425527,cismepa@gmail.com,-22.4960153,-44.0829581,1031,M,008,21/10/2025
3306306272320,6272320,UPA 24 HS VOLTA REDONDA,SECRETARIA MUNICIPAL DE SAUDE PMVR,UPA / Pronto atendimento,PRONTO ATENDIMENTO,"RUA MIL E DEZESSETE, 660, STO AGOSTINHO - CEP 27210240",STO AGOSTINHO,27210240,VOLTA REDONDA,330630,2433384501,upa24vr@gmail.com,-22.4882741,-44.0716486,1031,M,008,19/11/2025
